Código do Paciente;Nome do RCBP;Sexo;Data de Nascimento;Idade;Raca/Cor;Nacionalidade;Naturalidade Estado;Naturalidade;Grau de Instrução;Estado Civil;Código Profissão;Nome Profissão;Estado Endereço;Cidade Endereço;Descrição da Topografia;Código da Topografia;Descrição da Morfologia;Código da Morfologia;Descrição da Doenca;Código da Doenca;Descrição da Doenca Infantil;Código da Doenca Infantil;Descrição da Doenca Adulto Jovem;Código da Doenca Adulto Jovem;Indicador de Caso Raro;Meio de Diagnostico;Extensão;Lateralidade;Estadiamento;TNM;Status Vital;Tipo do Obito;Data do Óbito;Data de Último Contato;Data de Diagnostico;Metástase à distância;
964107;RCBP PALMAS;FEMININO;14/03/1935;78;PRETA;BRASIL;TOCANTINS;;SEM ESCOLARIDADE;VIÚVO;0;SEM INFORMAÇÃO	;TOCANTINS;PALMAS;MEDULA OSSEA;C421;LEUCEMIA MIELOIDE CRONICA, SOE;98633;LEUCEMIA MIELOIDE CRONICA;C921;;;;;false;HISTOLOGIA DO TUMOR PRIMÁRIO;NÃO SE APLICA;;;;;;;;17/12/2013;;
964111;RCBP PALMAS;FEMININO;06/06/1966;47;PARDA;BRASIL;TOCANTINS;;SUPERIOR COMPLETO;SEPARADO JUDICIALMENTE;141;GERENTES DE PRODUÇÃO E OPERAÇÕES  	;TOCANTINS;PALMAS;COLON ASCENDENTE;C182;ADENOCARCINOMA TUBULAR;82113;COLON ASCENDENTE;C182;;;;;false;HISTOLOGIA DO TUMOR PRIMÁRIO;METÁSTASE;;;;;;;;12/06/2013;;
974724;RCBP PALMAS;FEMININO;13/03/1990;23;PARDA;BRASIL;TOCANTINS;;MÉDIO (ANTIGO SEGUNDO GRAU);SOLTEIRO;376;ARTISTAS DE ARTES POPULARES E MODELOS	;TOCANTINS;PALMAS;MEDULA OSSEA;C421;LINFOMA DE HODGKIN, ESCLEROSE NODULAR, FASE CEL.;96643;ESCLEROSE NODULAR;C811;;;LINFOMA DE HODGKIN;2.2;false;HISTOLOGIA DO TUMOR PRIMÁRIO;NÃO SE APLICA;;;;;;;;22/04/2013;;
997991;RCBP PALMAS;MASCULINO;13/04/1965;48;SEM INFORMAÇÃO;BRASIL;MATO GROSSO DO SUL;;FUNDAMENTAL I (1ª A 4ª SÉRIE);SEM INFORMAÇÃO;0;SEM INFORMAÇÃO	;TOCANTINS;PALMAS;BORDO DA LINGUA;C021;CARCINOMA ESCAMOCELULAR, SOE;80703;BORDA DA LINGUA;C021;;;;;false;HISTOLOGIA DO TUMOR PRIMÁRIO;SEM INFORMAÇÃO;;;;;;;;18/06/2013;;
971936;RCBP PALMAS;MASCULINO;25/07/1972;40;PARDA;BRASIL;TOCANTINS;MIRACEMA DO TOCANTINS;FUNDAMENTAL II (5ª A 8ª SÉRIE);CASADO;782;CONDUTORES DE VEÍCULOS E OPERADORES DE EQUIPAMENTOS DE ELEVAÇÃO E DE MOVIMENTAÇÃO DE CARGAS   	;TOCANTINS;PALMAS;COLON DESCENDENTE;C186;ADENOCARCINOMA, SOE;81403;COLON DESCENDENTE;C186;;;;;false;HISTOLOGIA DO TUMOR PRIMÁRIO;METÁSTASE;;;;;CÂNCER;15/11/2013;;17/07/2013;;
977866;RCBP PALMAS;FEMININO;12/03/1982;31;PARDA;BRASIL;TOCANTINS;;SUPERIOR INCOMPLETO;SOLTEIRO;0;SEM INFORMAÇÃO	;TOCANTINS;PALMAS;OVARIO, SOE;C569;CISTADENOCARCINOMA, SOE;84403;OVARIO;C56;;;;;false;HISTOLOGIA DO TUMOR PRIMÁRIO;SEM INFORMAÇÃO;;;;;;;;25/07/2013;;
1001990;RCBP PALMAS;MASCULINO;16/10/1948;64;PARDA;BRASIL;TOCANTINS;;FUNDAMENTAL I (1ª A 4ª SÉRIE);CASADO;621;TRABALHADORES NA EXPLORAÇÃO AGROPECUÁRIA EM GERAL	;TOCANTINS;PALMAS;PROSTATA, SOE;C619;ADENOCARCINOMA, SOE;81403;PROSTATA;C61;;;;;false;HISTOLOGIA DO TUMOR PRIMÁRIO;SEM INFORMAÇÃO;;;;;;;;23/03/2013;;
975464;RCBP PALMAS;MASCULINO;04/06/1969;44;PARDA;BRASIL;GOIAS;;FUNDAMENTAL I (1ª A 4ª SÉRIE);CASADO;782;CONDUTORES DE VEÍCULOS E OPERADORES DE EQUIPAMENTOS DE ELEVAÇÃO E DE MOVIMENTAÇÃO DE CARGAS   	;TOCANTINS;PALMAS;OUVIDO EXTERNO;C442;CARCINOMA BASOCELULAR, SOE;80903;PELE DA ORELHA E CONDUTO AUDITIVO EXTERNO;C442;;;;;false;HISTOLOGIA DO TUMOR PRIMÁRIO;SEM INFORMAÇÃO;;;;;;;;25/10/2013;;
1002015;RCBP PALMAS;FEMININO;25/07/1957;56;PRETA;BRASIL;MARANHÃO;COROATÁ;FUNDAMENTAL I (1ª A 4ª SÉRIE);CASADO;204;PROFISSIONAIS DE INVESTIGAÇÃO CRIMINAL	;TOCANTINS;PALMAS;VESICULA BILIAR, SOE;C239;ADENOCARCINOMA, SOE;81403;VESICULA BILIAR;C23;;;;;false;HISTOLOGIA DO TUMOR PRIMÁRIO;SEM INFORMAÇÃO;;;;;;;;12/12/2013;;
975465;RCBP PALMAS;MASCULINO;10/08/1957;55;PARDA;BRASIL;GOIAS;;SEM ESCOLARIDADE;SOLTEIRO;0;SEM INFORMAÇÃO	;TOCANTINS;PALMAS;AMPOLA DE VATER;C241;ADENOCARCINOMA, SOE;81403;AMPOLA DE VATER;C241;;;;;false;HISTOLOGIA DO TUMOR PRIMÁRIO;SEM INFORMAÇÃO;;;;;;;;20/04/2013;;
972053;RCBP PALMAS;MASCULINO;25/09/1940;72;PARDA;BRASIL;MARANHÃO;TASSO FRAGOSO;FUNDAMENTAL II (5ª A 8ª SÉRIE);CASADO;621;TRABALHADORES NA EXPLORAÇÃO AGROPECUÁRIA EM GERAL	;TOCANTINS;PALMAS;PROSTATA, SOE;C619;ADENOCARCINOMA, SOE;81403;PROSTATA;C61;;;;;false;HISTOLOGIA DO TUMOR PRIMÁRIO;LOCALIZADO;;;;;;;;30/01/2013;;
1009441;RCBP PALMAS;FEMININO;13/08/1975;37;PARDA;BRASIL;TOCANTINS;;FUNDAMENTAL I (1ª A 4ª SÉRIE);SOLTEIRO;621;TRABALHADORES NA EXPLORAÇÃO AGROPECUÁRIA EM GERAL	;TOCANTINS;PALMAS;ENDOCERVIX;C530;CARCINOMA ESCAMOCELULAR, SOE;80703;ENDOCERVIX;C530;;;;;false;HISTOLOGIA DO TUMOR PRIMÁRIO;LOCALIZADO;;;;;;;;18/03/2013;;
974723;RCBP PALMAS;MASCULINO;30/05/1925;87;PARDA;BRASIL;CEARÁ;;SEM ESCOLARIDADE;CASADO;621;TRABALHADORES NA EXPLORAÇÃO AGROPECUÁRIA EM GERAL	;TOCANTINS;PALMAS;LARINGE, SOE;C329;CARCINOMA ESCAMOCELULAR, SOE;80703;LARINGE, SOE;C329;;;;;false;HISTOLOGIA DO TUMOR PRIMÁRIO;SEM INFORMAÇÃO;;;;;;;;25/02/2013;;
985323;RCBP PALMAS;MASCULINO;05/10/1942;71;PARDA;BRASIL;MARANHÃO;BALSAS;MÉDIO (ANTIGO SEGUNDO GRAU);SEPARADO JUDICIALMENTE;621;TRABALHADORES NA EXPLORAÇÃO AGROPECUÁRIA EM GERAL	;TOCANTINS;PALMAS;APENDICE CECAL (VERMIFORME);C181;ADENOCARCINOMA MUCINOSO;84803;APENDICE (VERMIFORME);C181;;;;;false;HISTOLOGIA DO TUMOR PRIMÁRIO;METÁSTASE;;;;;;;;30/10/2013;;
977862;RCBP PALMAS;FEMININO;14/12/1964;48;PARDA;BRASIL;TOCANTINS;;FUNDAMENTAL I (1ª A 4ª SÉRIE);CASADO;621;TRABALHADORES NA EXPLORAÇÃO AGROPECUÁRIA EM GERAL	;TOCANTINS;PALMAS;COLO DO UTERO, SOE;C539;CARCINOMA ESCAMOCELULAR, SOE;80703;COLO DO UTERO, SOE;C539;;;;;false;HISTOLOGIA DO TUMOR PRIMÁRIO;SEM INFORMAÇÃO;;;;;;;;26/06/2013;;
974721;RCBP PALMAS;FEMININO;02/02/1966;47;PARDA;BRASIL;MARANHÃO;;MÉDIO (ANTIGO SEGUNDO GRAU);UNIÃO CONSENSUAL;0;SEM INFORMAÇÃO	;TOCANTINS;PALMAS;ENDOCERVIX;C530;LEIOMIOSSARCOMA, SOE;88903;ENDOCERVIX;C530;;;;;false;HISTOLOGIA DO TUMOR PRIMÁRIO;SEM INFORMAÇÃO;;;;;;;;22/03/2013;;
975469;RCBP PALMAS;FEMININO;29/10/1952;60;BRANCO;BRASIL;GOIAS;;FUNDAMENTAL II (5ª A 8ª SÉRIE);SEPARADO JUDICIALMENTE;0;SEM INFORMAÇÃO	;TOCANTINS;PALMAS;ESTOMAGO, SOE;C169;NEOPLASIA MALIGNA;80003;ESTOMAGO, SOE;C169;;;;;false;HISTOLOGIA DO TUMOR PRIMÁRIO;LOCALIZADO;;;;;;;;25/06/2013;;
1009442;RCBP PALMAS;FEMININO;13/08/1975;37;PARDA;BRASIL;TOCANTINS;;FUNDAMENTAL II (5ª A 8ª SÉRIE);SOLTEIRO;514;TRABALHADORES NOS SERVIÇOS DE ADMINISTRAÇÃO, CONSERVAÇÃO E MANUTENÇÃO DE EDIFÍCIOS E LOGRADOUROS  	;TOCANTINS;PALMAS;ENDOCERVIX;C530;CARCINOMA ESCAMOCELULAR, SOE;80703;ENDOCERVIX;C530;;;;;false;HISTOLOGIA DO TUMOR PRIMÁRIO;METÁSTASE;;;;;;;;18/03/2013;;
977854;RCBP PALMAS;MASCULINO;26/07/1965;47;PARDA;BRASIL;MINAS GERAIS;;SEM INFORMAÇÃO;SOLTEIRO;0;SEM INFORMAÇÃO	;TOCANTINS;PALMAS;PELE DE OUTRAS PARTES DA FACE;C443;CARCINOMA BASOCELULAR, SOE;80903;PELE DE OUTRAS PARTES DA FACE;C443;;;;;false;HISTOLOGIA DO TUMOR PRIMÁRIO;SEM INFORMAÇÃO;;;;;;;;10/01/2013;;
972052;RCBP PALMAS;FEMININO;08/11/1956;56;PARDA;BRASIL;TOCANTINS;ARAGUACEMA;SEM ESCOLARIDADE;SOLTEIRO;621;TRABALHADORES NA EXPLORAÇÃO AGROPECUÁRIA EM GERAL	;TOCANTINS;PALMAS;GLOTE;C320;CARCINOMA ESCAMOCELULAR, SOE;80703;GLOTE;C320;;;;;false;HISTOLOGIA DO TUMOR PRIMÁRIO;METÁSTASE;;;;;;;;08/05/2013;;
991318;RCBP PALMAS;FEMININO;22/03/1970;43;PARDA;BRASIL;PARANÁ;LARANJEIRAS DO SUL;MÉDIO (ANTIGO SEGUNDO GRAU);SOLTEIRO;262;PROFISSIONAIS DE ESPETÁCULOS E DAS ARTES  	;TOCANTINS;PALMAS;PELE DE OUTRAS PARTES DA FACE;C443;CARCINOMA BASOCELULAR, SOE;80903;PELE DE OUTRAS PARTES DA FACE;C443;;;;;false;HISTOLOGIA DO TUMOR PRIMÁRIO;SEM INFORMAÇÃO;;;;;;;;03/05/2013;;
1027058;RCBP PALMAS;MASCULINO;07/11/1934;78;PARDA;BRASIL;TOCANTINS;;SEM ESCOLARIDADE;SOLTEIRO;621;TRABALHADORES NA EXPLORAÇÃO AGROPECUÁRIA EM GERAL	;TOCANTINS;PALMAS;PELE DO MEMBRO INFERIOR E DO QUADRIL;C447;MELANOMA MALIGNO, SOE;87203;MELANOMA MALIGNO DO MEMBRO INFERIOR E QUADRIL;C437;;;;;false;HISTOLOGIA DO TUMOR PRIMÁRIO;SEM INFORMAÇÃO;;;;;;;;08/03/2013;;
1027527;RCBP PALMAS;MASCULINO;03/12/1941;71;PARDA;BRASIL;CEARÁ;;SEM INFORMAÇÃO;CASADO;621;TRABALHADORES NA EXPLORAÇÃO AGROPECUÁRIA EM GERAL	;TOCANTINS;PALMAS;PROSTATA, SOE;C619;ADENOCARCINOMA, SOE;81403;PROSTATA;C61;;;;;false;HISTOLOGIA DO TUMOR PRIMÁRIO;SEM INFORMAÇÃO;;;;;;;;01/05/2013;;
1027528;RCBP PALMAS;FEMININO;28/06/1950;62;PARDA;BRASIL;MARANHÃO;;FUNDAMENTAL I (1ª A 4ª SÉRIE);CASADO;621;TRABALHADORES NA EXPLORAÇÃO AGROPECUÁRIA EM GERAL	;TOCANTINS;PALMAS;ECTOCERVIX;C531;NEOPLASIA INTRA-EPITELIAL ESCAMOSA,GRAU IIII;80772;COLO DO UTERO, SOE;D069;;;;;false;HISTOLOGIA DO TUMOR PRIMÁRIO;"IN SITU";;;;;SEM INFORMAÇÃO;29/09/2013;;21/02/2013;;
1027529;RCBP PALMAS;MASCULINO;02/07/1984;29;PARDA;BRASIL;TOCANTINS;;FUNDAMENTAL II (5ª A 8ª SÉRIE);CASADO;622;TRABALHADORES AGRÍCOLAS   	;TOCANTINS;PALMAS;PENIS, SOE;C609;CARCINOMA ESCAMOCELULAR, SOE;80703;PENIS, SOE;C609;;;CARCINOMAS MAL DEFINIDOS E DE OUTROS SÍTIOS NO TRATO GENITOURINÁRIO;8.5.5;false;HISTOLOGIA DO TUMOR PRIMÁRIO;METÁSTASE;;;;;SEM INFORMAÇÃO;14/06/2015;;16/09/2013;;
1027530;RCBP PALMAS;FEMININO;15/02/1986;27;PARDA;BRASIL;MARANHÃO;;MÉDIO (ANTIGO SEGUNDO GRAU);SOLTEIRO;0;SEM INFORMAÇÃO	;TOCANTINS;PALMAS;MAMA , SOE;C509;CARCINOMA DUCTAL INFILTRANTE;85003;MAMA , SOE;C509;;;CARCINOMA DE MAMA;8.4;false;HISTOLOGIA DO TUMOR PRIMÁRIO;METÁSTASE;;;;;;;;07/08/2013;;
1027372;RCBP PALMAS;MASCULINO;06/05/1953;59;PARDA;BRASIL;RIO GRANDE DO SUL;;SUPERIOR COMPLETO;CASADO;225;PROFISSIONAIS DA MEDICINA	;TOCANTINS;PALMAS;PULMAO, SOE;C349;TUMOR CARCINOIDE, SOE;82403;BRONQUIOS OU PULMOES, SOE;C349;;;;;false;HISTOLOGIA DO TUMOR PRIMÁRIO;SEM INFORMAÇÃO;;;;;;;;21/02/2013;;
1027600;RCBP PALMAS;FEMININO;21/10/1966;46;SEM INFORMAÇÃO;BRASIL;GOIAS;;FUNDAMENTAL II (5ª A 8ª SÉRIE);SEM INFORMAÇÃO;0;SEM INFORMAÇÃO	;TOCANTINS;PALMAS;COLO DO UTERO, SOE;C539;CARCINOMA ESCAMOCELULAR, SOE;80703;COLO DO UTERO, SOE;C539;;;;;false;HISTOLOGIA DO TUMOR PRIMÁRIO;SEM INFORMAÇÃO;;;;;SEM INFORMAÇÃO;05/09/2015;;13/03/2013;;
1027601;RCBP PALMAS;FEMININO;13/05/1972;41;BRANCO;BRASIL;TOCANTINS;;SUPERIOR COMPLETO;SOLTEIRO;223;PROFISSIONAIS DA MEDICINA, SAÚDE E AFINS  	;TOCANTINS;PALMAS;MAMA , SOE;C509;CARCINOMA DUCTAL INFILTRANTE;85003;MAMA , SOE;C509;;;;;false;HISTOLOGIA DO TUMOR PRIMÁRIO;METÁSTASE;;;;;;;;20/12/2013;;
844701;RCBP PALMAS;FEMININO;30/09/1964;48;PARDA;BRASIL;GOIAS;ITAPIRAPUÃ;FUNDAMENTAL II (5ª A 8ª SÉRIE);SEPARADO JUDICIALMENTE;0;SEM INFORMAÇÃO	;TOCANTINS;PALMAS;PELE DE OUTRAS PARTES DA FACE;C443;CARCINOMA BASOCELULAR, SOE;80903;PELE DE OUTRAS PARTES DA FACE;C443;;;;;false;HISTOLOGIA DO TUMOR PRIMÁRIO;METÁSTASE;;;;;;;;22/05/2013;;
772036;RCBP PALMAS;FEMININO;02/07/1944;69;BRANCO;BRASIL;TOCANTINS;MIRACEMA DO TOCANTINS;SEM INFORMAÇÃO;VIÚVO;;;TOCANTINS;PALMAS;MAMA , SOE;C509;CARCINOMA, SOE;80103;MAMA , SOE;C509;;;;;false;HISTOLOGIA DO TUMOR PRIMÁRIO;LOCALIZADO;;;;;;;;07/10/2013;;
1466487;RCBP PALMAS;FEMININO;30/03/1972;41;BRANCO;BRASIL;PIAUÍ;BERTOLÍNIA;SUPERIOR INCOMPLETO;SEPARADO JUDICIALMENTE;222;AGRÔNOMOS E AFINS 	;TOCANTINS;PALMAS;MAMA , SOE;C509;CARCINOMA, SOE;80103;MAMA , SOE;C509;;;;;false;HISTOLOGIA DO TUMOR PRIMÁRIO;LOCALIZADO;;;;;CÂNCER;24/07/2015;;17/10/2013;;
1009627;RCBP PALMAS;FEMININO;23/02/1952;61;BRANCO;BRASIL;SÃO PAULO;SÃO PAULO;SUPERIOR COMPLETO;CASADO;251;CIENTISTAS SOCIAIS, PSICÓLOGOS E AFINS	;TOCANTINS;PALMAS;MAMA , SOE;C509;CARCINOMA DUCTAL INFILTRANTE;85003;MAMA , SOE;C509;;;;;false;HISTOLOGIA DO TUMOR PRIMÁRIO;LOCALIZADO;;;;;;;;24/04/2013;;
964110;RCBP PALMAS;MASCULINO;17/03/1933;80;BRANCO;BRASIL;MINAS GERAIS;;FUNDAMENTAL II (5ª A 8ª SÉRIE);CASADO;621;TRABALHADORES NA EXPLORAÇÃO AGROPECUÁRIA EM GERAL	;TOCANTINS;PALMAS;PROSTATA, SOE;C619;ADENOCARCINOMA, SOE;81403;PROSTATA;C61;;;;;false;HISTOLOGIA DO TUMOR PRIMÁRIO;LOCALIZADO;;;;;CÂNCER;28/12/2015;;21/12/2013;;
971945;RCBP PALMAS;MASCULINO;16/11/1951;61;PARDA;BRASIL;PARANÁ;MARINGÁ;MÉDIO (ANTIGO SEGUNDO GRAU);CASADO;715;TRABALHADORES DA CONSTRUÇÃO CIVIL E OBRAS PÚBLICAS	;TOCANTINS;PALMAS;LOCALIZACAO PRIMARIA DESCONHECIDA, SOE;C809;NEOPLASIA MALIGNA;80003;LOCALIZACAO PRIMARIA DESCONHECIDA;C80;;;;;false;SDO;LOCALIZADO;;;;;CÂNCER;06/10/2013;;04/10/2013;;
559558;RCBP PALMAS;FEMININO;12/08/1942;71;PARDA;BRASIL;CEARÁ;CAMPOS SALES;FUNDAMENTAL I (1ª A 4ª SÉRIE);VIÚVO;0;SEM INFORMAÇÃO	;TOCANTINS;PALMAS;PELE DE OUTRAS PARTES DA FACE;C443;CARCINOMA BASOCELULAR, SOE;80903;PELE DE OUTRAS PARTES DA FACE;C443;;;;;false;HISTOLOGIA DO TUMOR PRIMÁRIO;LOCALIZADO;;;;;;;;17/12/2013;;
529536;RCBP PALMAS;FEMININO;24/10/1935;77;SEM INFORMAÇÃO;BRASIL;Não informado;Não Informado;SEM INFORMAÇÃO;SEM INFORMAÇÃO;0;SEM INFORMAÇÃO	;TOCANTINS;PALMAS;PELE DE OUTRAS PARTES DA FACE;C443;CARCINOMA BASOCELULAR, SOE;80903;PELE DE OUTRAS PARTES DA FACE;C443;;;;;false;HISTOLOGIA DO TUMOR PRIMÁRIO;LOCALIZADO;;;;;SEM INFORMAÇÃO;06/03/2015;;28/08/2013;;
964105;RCBP PALMAS;MASCULINO;05/12/1946;66;PARDA;BRASIL;MARANHÃO;;FUNDAMENTAL I (1ª A 4ª SÉRIE);CASADO;621;TRABALHADORES NA EXPLORAÇÃO AGROPECUÁRIA EM GERAL	;TOCANTINS;PALMAS;PROSTATA, SOE;C619;ADENOCARCINOMA, SOE;81403;PROSTATA;C61;;;;;false;HISTOLOGIA DO TUMOR PRIMÁRIO;METÁSTASE;;;;;;;;07/06/2013;;
964108;RCBP PALMAS;MASCULINO;17/06/1953;60;BRANCO;BRASIL;Não informado;;SEM INFORMAÇÃO;SEPARADO JUDICIALMENTE;0;SEM INFORMAÇÃO	;TOCANTINS;PALMAS;PULMAO, SOE;C349;NEOPLASIA MALIGNA;80003;BRONQUIOS OU PULMOES, SOE;C349;;;;;false;SDO;METÁSTASE;;;;;CÂNCER;02/10/2013;;02/10/2013;;
964109;RCBP PALMAS;MASCULINO;04/09/1964;48;PARDA;BRASIL;TOCANTINS;;FUNDAMENTAL I (1ª A 4ª SÉRIE);SOLTEIRO;0;SEM INFORMAÇÃO	;TOCANTINS;PALMAS;PROSTATA, SOE;C619;ADENOCARCINOMA, SOE;81403;PROSTATA;C61;;;;;false;HISTOLOGIA DO TUMOR PRIMÁRIO;METÁSTASE;;;;;;;;11/06/2013;;
964127;RCBP PALMAS;MASCULINO;25/05/1931;82;PARDA;BRASIL;Não informado;;SUPERIOR COMPLETO;VIÚVO;0;SEM INFORMAÇÃO	;TOCANTINS;PALMAS;PROSTATA, SOE;C619;ADENOCARCINOMA, SOE;81403;PROSTATA;C61;;;;;false;HISTOLOGIA DO TUMOR PRIMÁRIO;METÁSTASE;;;;;;;;07/06/2013;;
964128;RCBP PALMAS;FEMININO;17/11/1989;24;BRANCO;BRASIL;MARANHÃO;;MÉDIO (ANTIGO SEGUNDO GRAU);SOLTEIRO;0;SEM INFORMAÇÃO	;TOCANTINS;PALMAS;OVARIO, SOE;C569;TERATOMA MALIGNO, SOE;90803;OVARIO;C56;;;NEOPLASIAS TROFOBLÁSTICAS E DE CÉLULAS GERMINATIVAS DAS GÔNADAS;6.1;false;HISTOLOGIA DA METÁSTASE;METÁSTASE;;;;;;;;23/12/2013;;
964130;RCBP PALMAS;MASCULINO;13/07/1947;66;PARDA;BRASIL;PIAUÍ;PICOS;SEM ESCOLARIDADE;SOLTEIRO;0;SEM INFORMAÇÃO	;TOCANTINS;PALMAS;PROSTATA, SOE;C619;ADENOCARCINOMA, SOE;81403;PROSTATA;C61;;;;;false;HISTOLOGIA DO TUMOR PRIMÁRIO;METÁSTASE;;;;;;;;26/09/2013;;
964129;RCBP PALMAS;FEMININO;02/02/1941;72;SEM INFORMAÇÃO;BRASIL;Não informado;Não Informado;SEM INFORMAÇÃO;SEM INFORMAÇÃO;;;TOCANTINS;PALMAS;URETER, SOE;C669;CARCINOMA DE CELULAS TRANSICIONAIS, SOE;81203;URETERES;C66;;;;;false;HISTOLOGIA DO TUMOR PRIMÁRIO;LOCALIZADO;;;;;;;;19/07/2013;;
964126;RCBP PALMAS;FEMININO;01/01/1950;63;BRANCO;BRASIL;Não informado;;SUPERIOR COMPLETO;SEPARADO JUDICIALMENTE;141;GERENTES DE PRODUÇÃO E OPERAÇÕES  	;TOCANTINS;PALMAS;OVARIO, SOE;C569;NEOPLASIA MALIGNA;80003;OVARIO;C56;;;;;false;SDO;SEM INFORMAÇÃO;;;;;CÂNCER;02/02/2013;;02/02/2013;;
971873;RCBP PALMAS;MASCULINO;26/03/2008;5;PARDA;BRASIL;MATO GROSSO ;;SEM ESCOLARIDADE;SOLTEIRO;0;SEM INFORMAÇÃO	;TOCANTINS;PALMAS;CEREBELO, SOE;C716;MEDULOBLASTOMA DE CELULAS GRANDES;94743;CEREBELO;C716;Tumores neuroectodérmicos primitivos;III-C;;;false;HISTOLOGIA DO TUMOR PRIMÁRIO;METÁSTASE;;;;;CÂNCER;02/07/2013;;08/04/2013;;
971935;RCBP PALMAS;MASCULINO;06/01/1952;61;PARDA;BRASIL;RIO GRANDE DO SUL;;FUNDAMENTAL I (1ª A 4ª SÉRIE);CASADO;0;SEM INFORMAÇÃO	;TOCANTINS;PALMAS;ESOFAGO, SOE;C159;CARCINOMA ESCAMOSO MICRO-INVASOR;80763;ESOFAGO, SOE;C159;;;;;false;HISTOLOGIA DO TUMOR PRIMÁRIO;METÁSTASE;;;;;CÂNCER;27/08/2013;;15/02/2013;;
971947;RCBP PALMAS;MASCULINO;08/10/1928;84;PARDA;BRASIL;CEARÁ;;FUNDAMENTAL II (5ª A 8ª SÉRIE);CASADO;0;SEM INFORMAÇÃO	;TOCANTINS;PALMAS;MEDULA OSSEA;C421;LEUCEMIA MIELOIDE AGUDA, SOE;98613;LEUCEMIA MIELOIDE AGUDA;C920;;;;;false;HISTOLOGIA DO TUMOR PRIMÁRIO;NÃO SE APLICA;;;;;CÂNCER;05/12/2013;;09/04/2013;;
971964;RCBP PALMAS;FEMININO;17/12/1944;68;PARDA;BRASIL;MINAS GERAIS;CARMO DO PARANAÍBA;FUNDAMENTAL I (1ª A 4ª SÉRIE);VIÚVO;519;OUTROS TRABALHADORES DE SERVIÇOS DIVERSOS 	;TOCANTINS;PALMAS;MEDULA OSSEA;C421;MIELOMA MULTIPLO;97323;MIELOMA MULTIPLO;C900;;;;;false;HISTOLOGIA DO TUMOR PRIMÁRIO;NÃO SE APLICA;;;;;CÂNCER;15/02/2014;;29/08/2013;;
972062;RCBP PALMAS;MASCULINO;29/09/1951;61;PARDA;BRASIL;RIO GRANDE DO SUL;;FUNDAMENTAL I (1ª A 4ª SÉRIE);CASADO;141;GERENTES DE PRODUÇÃO E OPERAÇÕES  	;TOCANTINS;PALMAS;COLON, SOE;C189;ADENOCARCINOMA, SOE;81403;COLON, SOE;C189;;;;;false;HISTOLOGIA DO TUMOR PRIMÁRIO;METÁSTASE;;;;;CÂNCER;01/04/2013;;06/02/2013;;
972063;RCBP PALMAS;FEMININO;05/11/1965;47;PARDA;BRASIL;GOIAS;TURVÂNIA;MÉDIO (ANTIGO SEGUNDO GRAU);SEPARADO JUDICIALMENTE;322;TÉCNICOS DA CIÊNCIA DA SAÚDE HUMANA 	;TOCANTINS;PALMAS;ENCEFALO, SOE;C719;ASTROCITOMA, SOE;94003;ENCEFALO, SOE;C719;;;;;false;HISTOLOGIA DO TUMOR PRIMÁRIO;METÁSTASE;;;;;;;;15/04/2013;;
972055;RCBP PALMAS;FEMININO;23/07/1954;58;PARDA;BRASIL;MARANHÃO;SÃO RAIMUNDO DAS MANGABEIRAS;FUNDAMENTAL I (1ª A 4ª SÉRIE);CASADO;0;SEM INFORMAÇÃO	;TOCANTINS;PALMAS;CABECA DO PANCREAS;C250;ADENOCARCINOMA, SOE;81403;CABECA DO PANCREAS;C250;;;;;false;HISTOLOGIA DO TUMOR PRIMÁRIO;METÁSTASE;;;;;;;;20/05/2013;;
972057;RCBP PALMAS;FEMININO;31/08/1948;64;BRANCO;BRASIL;PERNAMBUCO;RECIFE;FUNDAMENTAL II (5ª A 8ª SÉRIE);CASADO;0;SEM INFORMAÇÃO	;TOCANTINS;PALMAS;GLOTE;C320;CARCINOMA ESCAMOCELULAR, SOE;80703;GLOTE;C320;;;;;false;HISTOLOGIA DO TUMOR PRIMÁRIO;METÁSTASE;;;;;;;;07/06/2013;;
973314;RCBP PALMAS;FEMININO;08/02/1952;61;PARDA;BRASIL;MARANHÃO;CAXIAS;FUNDAMENTAL I (1ª A 4ª SÉRIE);CASADO;;;TOCANTINS;PALMAS;ENDOMETRIO;C541;CARCINOMA ENDOMETRIOIDE, SOE;83803;ENDOMETRIO;C541;;;;;false;HISTOLOGIA DO TUMOR PRIMÁRIO;LOCALIZADO;;;;;;;;01/03/2013;;
973318;RCBP PALMAS;MASCULINO;02/02/1960;53;PARDA;BRASIL;GOIAS;HIDROLINA;FUNDAMENTAL I (1ª A 4ª SÉRIE);CASADO;0;SEM INFORMAÇÃO	;TOCANTINS;PALMAS;PELE DO TRONCO;C445;CARCINOMA BASOCELULAR, SOE;80903;PELE DO TRONCO;C445;;;;;false;HISTOLOGIA DO TUMOR PRIMÁRIO;LOCALIZADO;;;;;;;;03/05/2013;;
973317;RCBP PALMAS;FEMININO;10/01/1960;53;PARDA;BRASIL;MARANHÃO;TIMBIRAS;FUNDAMENTAL II (5ª A 8ª SÉRIE);SEPARADO JUDICIALMENTE;524;VENDEDORES A DOMICÍLIO, AMBULANTES E EM BANCAS	;TOCANTINS;PALMAS;CABECA DO PANCREAS;C250;ADENOCARCINOMA, SOE;81403;CABECA DO PANCREAS;C250;;;;;false;HISTOLOGIA DO TUMOR PRIMÁRIO;METÁSTASE;;;;;SEM INFORMAÇÃO;28/10/2013;;08/10/2013;;
973312;RCBP PALMAS;FEMININO;11/02/1956;57;PARDA;BRASIL;MARANHÃO;BALSAS;FUNDAMENTAL I (1ª A 4ª SÉRIE);SOLTEIRO;0;SEM INFORMAÇÃO	;TOCANTINS;PALMAS;MAMILO;C500;CARCINOMA DUCTAL INFILTRANTE;85003;MAMILO E AREOLA;C500;;;;;false;HISTOLOGIA DO TUMOR PRIMÁRIO;METÁSTASE;;;;;CÂNCER;04/06/2015;;25/06/2013;;
973316;RCBP PALMAS;FEMININO;16/12/1930;82;PARDA;BRASIL;MARANHÃO;MATA ROMA;SUPERIOR COMPLETO;VIÚVO;763;TRABALHADORES DA CONFECÇÃO DE ROUPAS 	;TOCANTINS;PALMAS;SANGUE;C420;LINFOMA MALIGNO, TIPO NAO HODGKIN, SOE;95913;LINFOMA NAO-HODGKIN, SOE;C859;;;;;false;HISTOLOGIA DO TUMOR PRIMÁRIO;NÃO SE APLICA;;;;;;;;09/04/2013;;
1009133;RCBP PALMAS;FEMININO;04/06/1960;53;SEM INFORMAÇÃO;BRASIL;PARAÍBA;SÃO JOÃO DO RIO DO PEIXE;SEM INFORMAÇÃO;SEM INFORMAÇÃO;;;TOCANTINS;PALMAS;PELE DE OUTRAS PARTES DA FACE;C443;CARCINOMA BASOCELULAR, SOE;80903;PELE DE OUTRAS PARTES DA FACE;C443;;;;;false;HISTOLOGIA DO TUMOR PRIMÁRIO;LOCALIZADO;;;;;;;;28/08/2013;;
771632;RCBP PALMAS;MASCULINO;26/08/1943;69;PARDA;BRASIL;TOCANTINS;PEDRO AFONSO;FUNDAMENTAL II (5ª A 8ª SÉRIE);CASADO;782;CONDUTORES DE VEÍCULOS E OPERADORES DE EQUIPAMENTOS DE ELEVAÇÃO E DE MOVIMENTAÇÃO DE CARGAS   	;TOCANTINS;PALMAS;PENIS, SOE;C609;CARCINOMA ESCAMOCELULAR, SOE;80703;PENIS, SOE;C609;;;;;false;HISTOLOGIA DO TUMOR PRIMÁRIO;SEM INFORMAÇÃO;;;;;;;;25/02/2013;;
974722;RCBP PALMAS;MASCULINO;05/10/1950;62;PARDA;BRASIL;MARANHÃO;COLINAS;FUNDAMENTAL I (1ª A 4ª SÉRIE);CASADO;0;SEM INFORMAÇÃO	;TOCANTINS;PALMAS;SISTEMA HEMATOPOETICO, SOE;C424;LINFOMA DE HODGKIN, SOE;96503;DOENCA DE HODGKIN, SOE;C819;;;;;false;HISTOLOGIA DO TUMOR PRIMÁRIO;NÃO SE APLICA;;;;;CÂNCER;23/05/2013;;09/04/2013;;
974726;RCBP PALMAS;FEMININO;22/09/1968;44;PARDA;BRASIL;CEARÁ;;FUNDAMENTAL I (1ª A 4ª SÉRIE);CASADO;0;SEM INFORMAÇÃO	;TOCANTINS;PALMAS;MEDULA OSSEA;C421;LINFOMA DE ZONA MARGINAL TIPO CELULAS B, SOE;96993;GRANDES CELULAS (DIFUSO);C833;;;;;false;HISTOLOGIA DO TUMOR PRIMÁRIO;NÃO SE APLICA;;;;;;;;24/04/2013;;
974728;RCBP PALMAS;MASCULINO;20/05/1951;62;PARDA;BRASIL;TOCANTINS;ITAGUATINS;FUNDAMENTAL I (1ª A 4ª SÉRIE);CASADO;715;TRABALHADORES DA CONSTRUÇÃO CIVIL E OBRAS PÚBLICAS	;TOCANTINS;PALMAS;PROSTATA, SOE;C619;ADENOCARCINOMA, SOE;81403;PROSTATA;C61;;;;;false;HISTOLOGIA DO TUMOR PRIMÁRIO;LOCALIZADO;;;;;;;;05/09/2013;;
974727;RCBP PALMAS;FEMININO;05/12/1980;33;PARDA;BRASIL;TOCANTINS;;SUPERIOR COMPLETO;SOLTEIRO;223;PROFISSIONAIS DA MEDICINA, SAÚDE E AFINS  	;TOCANTINS;PALMAS;SISTEMA HEMATOPOETICO, SOE;C424;LINFOMA MALIGNO, TIPO NAO HODGKIN, SOE;95913;LINFOMA NAO-HODGKIN, SOE;C859;;;;;false;HISTOLOGIA DO TUMOR PRIMÁRIO;NÃO SE APLICA;;;;;;;;14/12/2013;;
974725;RCBP PALMAS;FEMININO;24/06/1936;76;PARDA;BRASIL;MARANHÃO;;FUNDAMENTAL I (1ª A 4ª SÉRIE);VIÚVO;0;SEM INFORMAÇÃO	;TOCANTINS;PALMAS;PELE DO MEMBRO INFERIOR E DO QUADRIL;C447;CARCINOMA ESCAMOCELULAR, SOE;80703;PELE DO MEMBRO INFERIOR E DO QUADRIL;C447;;;;;false;HISTOLOGIA DO TUMOR PRIMÁRIO;METÁSTASE;;;;;;;;24/02/2013;;
974815;RCBP PALMAS;FEMININO;19/05/1955;57;BRANCO;BRASIL;SÃO PAULO;;SUPERIOR COMPLETO;SEPARADO JUDICIALMENTE;223;PROFISSIONAIS DA MEDICINA, SAÚDE E AFINS  	;TOCANTINS;PALMAS;RETROPERITONIO;C480;SARCOMA FUSOCELULAR;88013;RETROPERITONIO;C480;;;;;false;HISTOLOGIA DO TUMOR PRIMÁRIO;SEM INFORMAÇÃO;;;;;;;;01/05/2013;;
975385;RCBP PALMAS;FEMININO;20/01/1916;97;PARDA;BRASIL;TOCANTINS;;SEM ESCOLARIDADE;VIÚVO;0;SEM INFORMAÇÃO	;TOCANTINS;PALMAS;PELE DO MEMBRO SUPERIOR E DO OMBRO;C446;CARCINOMA ESCAMOCELULAR, SOE;80703;PELE DO MEMBRO SUPERIOR E DO OMBRO;C446;;;;;false;HISTOLOGIA DO TUMOR PRIMÁRIO;SEM INFORMAÇÃO;;;;;;;;13/09/2013;;
975384;RCBP PALMAS;MASCULINO;29/09/1948;64;PARDA;BRASIL;TOCANTINS;;FUNDAMENTAL II (5ª A 8ª SÉRIE);CASADO;141;GERENTES DE PRODUÇÃO E OPERAÇÕES  	;TOCANTINS;PALMAS;RETROPERITONIO;C480;LIPOSSARCOMA, TIPO BEM DIFERENCIADO;88513;RETROPERITONIO;C480;;;;;false;HISTOLOGIA DO TUMOR PRIMÁRIO;SEM INFORMAÇÃO;;;;;;;;03/04/2013;;
975412;RCBP PALMAS;MASCULINO;15/04/1936;77;BRANCO;BRASIL;Não informado;Não Informado;FUNDAMENTAL I (1ª A 4ª SÉRIE);VIÚVO;621;TRABALHADORES NA EXPLORAÇÃO AGROPECUÁRIA EM GERAL	;TOCANTINS;PALMAS;CORPO DO ESTOMAGO;C162;ADENOCARCINOMA, SOE;81403;CORPO DO ESTOMAGO;C162;;;;;false;HISTOLOGIA DO TUMOR PRIMÁRIO;SEM INFORMAÇÃO;;;;;;;;29/08/2013;;
975463;RCBP PALMAS;FEMININO;02/03/1972;40;PARDA;BRASIL;BAHIA;JUSSARA;SEM ESCOLARIDADE;SOLTEIRO;0;SEM INFORMAÇÃO	;TOCANTINS;PALMAS;COLON SIGMOIDE;C187;ADENOCARCINOMA, SOE;81403;COLON SIGMOIDE;C187;;;;;false;HISTOLOGIA DO TUMOR PRIMÁRIO;METÁSTASE;;;;;CÂNCER;16/06/2013;;21/02/2013;;
975467;RCBP PALMAS;FEMININO;28/08/1957;55;PARDA;BRASIL;TOCANTINS;;MÉDIO (ANTIGO SEGUNDO GRAU);CASADO;0;SEM INFORMAÇÃO	;TOCANTINS;PALMAS;ENDOMETRIO;C541;ADENOCARCINOMA, SOE;81403;ENDOMETRIO;C541;;;;;false;HISTOLOGIA DO TUMOR PRIMÁRIO;METÁSTASE;;;;;SEM INFORMAÇÃO;14/12/2013;;23/05/2013;;
976651;RCBP PALMAS;FEMININO;24/11/1949;63;PRETA;BRASIL;MARANHÃO;VARGEM GRANDE;SEM ESCOLARIDADE;CASADO;621;TRABALHADORES NA EXPLORAÇÃO AGROPECUÁRIA EM GERAL	;TOCANTINS;PALMAS;ECTOCERVIX;C531;CARCINOMA ESCAMOCELULAR, SOE;80703;ECTOCERVIX;C531;;;;;false;HISTOLOGIA DO TUMOR PRIMÁRIO;SEM INFORMAÇÃO;;;;;;;;26/06/2013;;
976679;RCBP PALMAS;FEMININO;09/11/1972;40;PARDA;BRASIL;TOCANTINS;;MÉDIO (ANTIGO SEGUNDO GRAU);SOLTEIRO;252;PROFISSIONAIS DE ORGANIZAÇÃO E ADMINISTRAÇÃO DE EMPRESAS E AFINS  	;TOCANTINS;PALMAS;MAMA , SOE;C509;CARCINOMA DUCTAL INFILTRANTE;85003;MAMA , SOE;C509;;;;;false;HISTOLOGIA DO TUMOR PRIMÁRIO;LOCALIZADO;;;;;;;;22/06/2013;;
977860;RCBP PALMAS;FEMININO;07/07/1981;31;PARDA;BRASIL;TOCANTINS;;MÉDIO (ANTIGO SEGUNDO GRAU);CASADO;413;ESCRITURÁRIOS CONTÁBEIS E DE FINANÇAS	;TOCANTINS;PALMAS;QUADRANTE INFERIOR INTERNO DA MAMA;C503;CARCINOMA DUCTAL "IN SITU", TIPO SOLIDO;82302;CARCINOMA "IN SITU" DA MAMA, SOE;D059;;;;;false;HISTOLOGIA DO TUMOR PRIMÁRIO;"IN SITU";;;;;;;;13/05/2013;;
977859;RCBP PALMAS;FEMININO;20/02/1939;74;PARDA;BRASIL;TOCANTINS;;FUNDAMENTAL I (1ª A 4ª SÉRIE);CASADO;621;TRABALHADORES NA EXPLORAÇÃO AGROPECUÁRIA EM GERAL	;TOCANTINS;PALMAS;MEDULA OSSEA;C421;LEUCEMIA LINFOBLASTICA DE CELULAS PRECURSORAS,SOE;98353;LEUCEMIA LINFOBLASTICA AGUDA;C910;;;;;false;HISTOLOGIA DO TUMOR PRIMÁRIO;NÃO SE APLICA;;;;;CÂNCER;02/07/2013;;27/06/2013;;
977861;RCBP PALMAS;FEMININO;15/04/1984;29;PARDA;BRASIL;TOCANTINS;;FUNDAMENTAL I (1ª A 4ª SÉRIE);SOLTEIRO;621;TRABALHADORES NA EXPLORAÇÃO AGROPECUÁRIA EM GERAL	;TOCANTINS;PALMAS;QUADRANTE INFERIOR INTERNO DA MAMA;C503;CARCINOMA DUCTAL INFILTRANTE;85003;QUADRANTE INFERIOR INTERNO DA MAMA;C503;;;CARCINOMA DE MAMA;8.4;false;HISTOLOGIA DO TUMOR PRIMÁRIO;SEM INFORMAÇÃO;;;;;;;;17/06/2013;;
977863;RCBP PALMAS;MASCULINO;01/01/1953;60;PARDA;BRASIL;SÃO PAULO;;SUPERIOR COMPLETO;SEPARADO JUDICIALMENTE;225;PROFISSIONAIS DA MEDICINA	;TOCANTINS;PALMAS;PROSTATA, SOE;C619;ADENOCARCINOMA, SOE;81403;PROSTATA;C61;;;;;false;HISTOLOGIA DO TUMOR PRIMÁRIO;METÁSTASE;;;;;;;;09/07/2013;;
977864;RCBP PALMAS;MASCULINO;18/07/1971;42;BRANCO;BRASIL;MARANHÃO;;FUNDAMENTAL I (1ª A 4ª SÉRIE);CASADO;0;SEM INFORMAÇÃO	;TOCANTINS;PALMAS;LINFONODOS DA CABECA, FACE E PESCOCO;C770;LINFOMA MALIGNO, TIPO NAO HODGKIN, SOE;95913;LINFOMA NAO-HODGKIN, SOE;C859;;;;;false;HISTOLOGIA DO TUMOR PRIMÁRIO;NÃO SE APLICA;;;;;SEM INFORMAÇÃO;13/11/2014;;02/10/2013;;
977865;RCBP PALMAS;MASCULINO;17/12/1941;71;PARDA;BRASIL;MARANHÃO;;FUNDAMENTAL I (1ª A 4ª SÉRIE);CASADO;641;TRABALHADORES DA MECANIZAÇÃO AGROPECUÁRIA 	;TOCANTINS;PALMAS;PROSTATA, SOE;C619;ADENOCARCINOMA, SOE;81403;PROSTATA;C61;;;;;false;HISTOLOGIA DO TUMOR PRIMÁRIO;SEM INFORMAÇÃO;;;;;;;;29/04/2013;;
978502;RCBP PALMAS;FEMININO;04/10/1979;33;PARDA;BRASIL;DISTRITO FEDERAL;BRASÍLIA;MÉDIO (ANTIGO SEGUNDO GRAU);SOLTEIRO;516;TRABALHADORES NOS SERVIÇOS DE EMBELEZAMENTO E CUIDADOS PESSOAIS   	;TOCANTINS;PALMAS;ENDOCERVIX;C530;CARCINOMA ESCAMOCELULAR, SOE;80703;ENDOCERVIX;C530;;;;;false;HISTOLOGIA DO TUMOR PRIMÁRIO;SEM INFORMAÇÃO;;;;;;;;22/07/2013;;
978500;RCBP PALMAS;FEMININO;23/11/1935;77;PARDA;BRASIL;PARAÍBA;;FUNDAMENTAL I (1ª A 4ª SÉRIE);VIÚVO;0;SEM INFORMAÇÃO	;TOCANTINS;PALMAS;JUNCAO RETOSSIGMOIDIANA, SOE;C199;ADENOCARCINOMA TUBULAR;82113;JUNCAO RETOSSIGMOIDE;C19;;;;;false;HISTOLOGIA DO TUMOR PRIMÁRIO;SEM INFORMAÇÃO;;;;;;;;20/05/2013;;
978501;RCBP PALMAS;MASCULINO;20/06/1937;76;PARDA;BRASIL;MARANHÃO;;FUNDAMENTAL I (1ª A 4ª SÉRIE);SOLTEIRO;0;SEM INFORMAÇÃO	;TOCANTINS;PALMAS;SISTEMA HEMATOPOETICO, SOE;C424;LINFOMA DE CELULAS T, MADURAS, SOE;97023;LINFOMA DE CELULAS T, PERIFERICO;C844;;;;;false;HISTOLOGIA DO TUMOR PRIMÁRIO;NÃO SE APLICA;;;;;;;;09/08/2013;;
978625;RCBP PALMAS;FEMININO;10/12/1941;71;PARDA;BRASIL;TOCANTINS;;SEM ESCOLARIDADE;SOLTEIRO;0;SEM INFORMAÇÃO	;TOCANTINS;PALMAS;ENDOCERVIX;C530;CARCINOMA ESCAMOCELULAR, SOE;80703;ENDOCERVIX;C530;;;;;false;HISTOLOGIA DO TUMOR PRIMÁRIO;LOCALIZADO;;;;;;;;08/08/2013;;
979538;RCBP PALMAS;FEMININO;20/03/1963;50;AMARELA;BRASIL;TOCANTINS;;FUNDAMENTAL II (5ª A 8ª SÉRIE);SEPARADO JUDICIALMENTE;0;SEM INFORMAÇÃO	;TOCANTINS;PALMAS;OVARIO, SOE;C569;ADENOCARCINOMA, SOE;81403;OVARIO;C56;;;;;false;HISTOLOGIA DO TUMOR PRIMÁRIO;METÁSTASE;;;;;SEM INFORMAÇÃO;06/08/2015;;27/08/2013;;
979554;RCBP PALMAS;FEMININO;11/10/1943;69;PARDA;BRASIL;MARANHÃO;;FUNDAMENTAL I (1ª A 4ª SÉRIE);VIÚVO;0;SEM INFORMAÇÃO	;TOCANTINS;PALMAS;VIAS BILIARES INTRA-HEPATICAS;C221;ADENOCARCINOMA, SOE;81403;FIGADO E VIAS BILIARES INTRA-HEPATICAS;C22;;;;;false;HISTOLOGIA DO TUMOR PRIMÁRIO;SEM INFORMAÇÃO;;;;;SEM INFORMAÇÃO;16/03/2015;;24/09/2013;;
979553;RCBP PALMAS;MASCULINO;22/04/1946;67;BRANCO;BRASIL;GOIAS;;SEM ESCOLARIDADE;VIÚVO;621;TRABALHADORES NA EXPLORAÇÃO AGROPECUÁRIA EM GERAL	;TOCANTINS;PALMAS;ESTOMAGO, SOE;C169;SARCOMA ESTROMAL GASTROINTESTINAL;89363;ESTOMAGO, SOE;C169;;;;;false;HISTOLOGIA DO TUMOR PRIMÁRIO;METÁSTASE;;;;;SEM INFORMAÇÃO;06/10/2016;;20/08/2013;;
981146;RCBP PALMAS;MASCULINO;12/03/1947;66;PARDA;BRASIL;SÃO PAULO;;FUNDAMENTAL I (1ª A 4ª SÉRIE);SOLTEIRO;621;TRABALHADORES NA EXPLORAÇÃO AGROPECUÁRIA EM GERAL	;TOCANTINS;PALMAS;PROSTATA, SOE;C619;ADENOCARCINOMA, SOE;81403;PROSTATA;C61;;;;;false;HISTOLOGIA DO TUMOR PRIMÁRIO;SEM INFORMAÇÃO;;;;;;;;17/06/2013;;
972060;RCBP PALMAS;FEMININO;19/09/1973;39;PARDA;BRASIL;TOCANTINS;PORTO NACIONAL;MÉDIO (ANTIGO SEGUNDO GRAU);SEPARADO JUDICIALMENTE;111;MEMBROS SUPERIORES DO PODER LEGISLATIVO, EXECUTIVO E JUDICIÁRIO   	;TOCANTINS;PALMAS;COLO DO UTERO, SOE;C539;CARCINOMA ESCAMOCELULAR, SOE;80703;COLO DO UTERO, SOE;C539;;;;;false;HISTOLOGIA DO TUMOR PRIMÁRIO;METÁSTASE;;;;;;;;17/01/2013;;
981690;RCBP PALMAS;MASCULINO;12/09/1940;72;BRANCO;BRASIL;MINAS GERAIS;CÁSSIA;FUNDAMENTAL I (1ª A 4ª SÉRIE);SOLTEIRO;621;TRABALHADORES NA EXPLORAÇÃO AGROPECUÁRIA EM GERAL	;TOCANTINS;PALMAS;PROSTATA, SOE;C619;ADENOCARCINOMA, SOE;81403;PROSTATA;C61;;;;;false;HISTOLOGIA DO TUMOR PRIMÁRIO;SEM INFORMAÇÃO;;;;;;;;25/06/2013;;
981732;RCBP PALMAS;MASCULINO;26/06/1953;60;PARDA;BRASIL;MINAS GERAIS;;SUPERIOR INCOMPLETO;UNIÃO CONSENSUAL;234;PROFESSORES DO ENSINO SUPERIOR	;TOCANTINS;PALMAS;PANCREAS, SOE;C259;ADENOCARCINOMA TUBULAR;82113;PANCREAS, SOE;C259;;;;;false;HISTOLOGIA DO TUMOR PRIMÁRIO;METÁSTASE;;;;;CÂNCER;20/11/2013;;09/09/2013;;
981796;RCBP PALMAS;FEMININO;30/09/1975;37;PARDA;BRASIL;MARANHÃO;;FUNDAMENTAL I (1ª A 4ª SÉRIE);UNIÃO CONSENSUAL;0;SEM INFORMAÇÃO	;TOCANTINS;PALMAS;ENDOCERVIX;C530;CARCINOMA ESCAMOCELULAR, SOE;80703;ENDOCERVIX;C530;;;;;false;HISTOLOGIA DO TUMOR PRIMÁRIO;METÁSTASE;;;;;CÂNCER;25/03/2014;;11/07/2013;;
794487;RCBP PALMAS;FEMININO;23/11/1947;65;BRANCO;BRASIL;PERNAMBUCO;CANHOTINHO;FUNDAMENTAL I (1ª A 4ª SÉRIE);CASADO;621;TRABALHADORES NA EXPLORAÇÃO AGROPECUÁRIA EM GERAL	;TOCANTINS;PALMAS;COLON, SOE;C189;NEOPLASIA MALIGNA;80003;COLON, SOE;C189;;;;;false;SDO;SEM INFORMAÇÃO;;;;;CÂNCER;12/03/2013;;12/03/2013;;
972058;RCBP PALMAS;FEMININO;09/04/1927;85;PARDA;BRASIL;PIAUÍ;UNIÃO;FUNDAMENTAL I (1ª A 4ª SÉRIE);CASADO;0;SEM INFORMAÇÃO	;TOCANTINS;PALMAS;MEDULA OSSEA;C421;MIELOMA MULTIPLO;97323;MIELOMA MULTIPLO;C900;;;;;false;HISTOLOGIA DO TUMOR PRIMÁRIO;NÃO SE APLICA;;;;;SEM INFORMAÇÃO;03/12/2014;;10/02/2013;;
436046;RCBP PALMAS;FEMININO;08/10/1932;80;BRANCO;BRASIL;MARANHÃO;MONTES ALTOS;FUNDAMENTAL I (1ª A 4ª SÉRIE);VIÚVO;;;TOCANTINS;PALMAS;TRATO INTESTINAL, SOE;C260;NEOPLASIA MALIGNA;80003;TRATO INTESTINAL, SOE;C260;;;;;false;SDO;SEM INFORMAÇÃO;;;;;CÂNCER;13/01/2013;;13/01/2013;;
772485;RCBP PALMAS;FEMININO;14/06/1942;71;PRETA;BRASIL;MARANHÃO;MATINHA;FUNDAMENTAL I (1ª A 4ª SÉRIE);VIÚVO;0;SEM INFORMAÇÃO	;TOCANTINS;PALMAS;VAGINA, SOE;C529;CARCINOMA ESCAMOCELULAR, SOE;80703;VAGINA;C52;;;;;false;HISTOLOGIA DO TUMOR PRIMÁRIO;METÁSTASE;;;;;;;;05/07/2013;;
985105;RCBP PALMAS;MASCULINO;23/12/1944;68;PARDA;BRASIL;MINAS GERAIS;ITAÚNA;FUNDAMENTAL I (1ª A 4ª SÉRIE);CASADO;621;TRABALHADORES NA EXPLORAÇÃO AGROPECUÁRIA EM GERAL	;TOCANTINS;PALMAS;PROSTATA, SOE;C619;ADENOCARCINOMA, SOE;81403;PROSTATA;C61;;;;;false;HISTOLOGIA DO TUMOR PRIMÁRIO;SEM INFORMAÇÃO;;;;;;;;13/08/2013;;
985326;RCBP PALMAS;FEMININO;30/08/1966;47;BRANCO;BRASIL;MARANHÃO;CAROLINA;MÉDIO (ANTIGO SEGUNDO GRAU);SOLTEIRO;524;VENDEDORES A DOMICÍLIO, AMBULANTES E EM BANCAS	;TOCANTINS;PALMAS;COLON ASCENDENTE;C182;ADENOCARCINOMA, SOE;81403;COLON ASCENDENTE;C182;;;;;false;HISTOLOGIA DO TUMOR PRIMÁRIO;METÁSTASE;;;;;;;;30/09/2013;;
981690;RCBP PALMAS;MASCULINO;12/09/1940;73;BRANCO;BRASIL;MINAS GERAIS;CÁSSIA;FUNDAMENTAL I (1ª A 4ª SÉRIE);SOLTEIRO;621;TRABALHADORES NA EXPLORAÇÃO AGROPECUÁRIA EM GERAL	;TOCANTINS;PALMAS;OUVIDO EXTERNO;C442;CARCINOMA BASOCELULAR, SOE;80903;PELE DA ORELHA E CONDUTO AUDITIVO EXTERNO;C442;;;;;false;HISTOLOGIA DO TUMOR PRIMÁRIO;LOCALIZADO;;;;;;;;06/11/2013;;
777033;RCBP PALMAS;MASCULINO;12/08/1980;33;PARDA;BRASIL;GOIAS;PONTALINA;MÉDIO (ANTIGO SEGUNDO GRAU);UNIÃO CONSENSUAL;204;PROFISSIONAIS DE INVESTIGAÇÃO CRIMINAL	;TOCANTINS;PALMAS;ESTOMAGO, SOE;C169;NEOPLASIA MALIGNA;80003;ESTOMAGO, SOE;C169;;;;;false;SDO;METÁSTASE;;;;;CÂNCER;20/09/2013;;20/09/2013;;
972001;RCBP PALMAS;FEMININO;12/11/1947;65;PARDA;BRASIL;TOCANTINS;PARAÍSO DO TOCANTINS;MÉDIO (ANTIGO SEGUNDO GRAU);SOLTEIRO;0;SEM INFORMAÇÃO	;TOCANTINS;PALMAS;LESAO SOBREPOSTA DO ESOFAGO;C158;CARCINOMA ESCAMOCELULAR, SOE;80703;LESAO INVASIVA DO ESOFAGO;C158;;;;;false;HISTOLOGIA DO TUMOR PRIMÁRIO;LOCALIZADO;;;;;;;;15/04/2013;;
975413;RCBP PALMAS;FEMININO;14/03/1972;41;PARDA;BRASIL;GOIAS;HIDROLINA;MÉDIO (ANTIGO SEGUNDO GRAU);CASADO;0;SEM INFORMAÇÃO	;TOCANTINS;PALMAS;PELE DE OUTRAS PARTES DA FACE;C443;CARCINOMA BASOCELULAR, SOE;80903;PELE DE OUTRAS PARTES DA FACE;C443;;;;;false;HISTOLOGIA DO TUMOR PRIMÁRIO;LOCALIZADO;;;;;;;;03/04/2013;;
964112;RCBP PALMAS;FEMININO;19/08/1967;46;PARDA;BRASIL;TOCANTINS;MIRACEMA DO TOCANTINS;FUNDAMENTAL II (5ª A 8ª SÉRIE);CASADO;514;TRABALHADORES NOS SERVIÇOS DE ADMINISTRAÇÃO, CONSERVAÇÃO E MANUTENÇÃO DE EDIFÍCIOS E LOGRADOUROS  	;TOCANTINS;PALMAS;PULMAO, SOE;C349;CARCINOMA ESC. DE CEL. GDES., NAO CERAT., SOE;80723;BRONQUIOS OU PULMOES, SOE;C349;;;;;false;HISTOLOGIA DO TUMOR PRIMÁRIO;METÁSTASE;;;;;CÂNCER;20/09/2014;;14/10/2013;;
987367;RCBP PALMAS;FEMININO;29/11/1966;46;PARDA;BRASIL;TOCANTINS;NOVO ACORDO;MÉDIO (ANTIGO SEGUNDO GRAU);SOLTEIRO;514;TRABALHADORES NOS SERVIÇOS DE ADMINISTRAÇÃO, CONSERVAÇÃO E MANUTENÇÃO DE EDIFÍCIOS E LOGRADOUROS  	;TOCANTINS;PALMAS;PULMAO, SOE;C349;SARCOMA, SOE;88003;BRONQUIOS OU PULMOES, SOE;C349;;;;;false;HISTOLOGIA DO TUMOR PRIMÁRIO;SEM INFORMAÇÃO;;;;;CÂNCER;01/12/2013;;10/10/2013;;
987404;RCBP PALMAS;FEMININO;12/01/1954;59;PARDA;BRASIL;MARANHÃO;IMPERATRIZ;SEM ESCOLARIDADE;VIÚVO;0;SEM INFORMAÇÃO	;TOCANTINS;PALMAS;PULMAO, SOE;C349;CARCINOMA, SOE;80103;BRONQUIOS OU PULMOES, SOE;C349;;;;;false;HISTOLOGIA DO TUMOR PRIMÁRIO;SEM INFORMAÇÃO;;;;;CÂNCER;11/02/2014;;19/11/2013;;
987459;RCBP PALMAS;FEMININO;04/02/1977;36;PARDA;BRASIL;PIAUÍ;BERTOLÍNIA;SUPERIOR INCOMPLETO;SEPARADO JUDICIALMENTE;519;OUTROS TRABALHADORES DE SERVIÇOS DIVERSOS 	;TOCANTINS;PALMAS;QUADRANTE INFERIOR INTERNO DA MAMA;C503;CARCINOMA DUCTAL INFILTRANTE;85003;QUADRANTE INFERIOR INTERNO DA MAMA;C503;;;;;false;HISTOLOGIA DO TUMOR PRIMÁRIO;METÁSTASE;;;;;CÂNCER;24/07/2015;;12/09/2013;;
987517;RCBP PALMAS;MASCULINO;15/09/1947;66;PARDA;BRASIL;PERNAMBUCO;;MÉDIO (ANTIGO SEGUNDO GRAU);VIÚVO;524;VENDEDORES A DOMICÍLIO, AMBULANTES E EM BANCAS	;TOCANTINS;PALMAS;CORPO DO ESTOMAGO;C162;ADENOCARCINOMA, SOE;81403;CORPO DO ESTOMAGO;C162;;;;;false;HISTOLOGIA DO TUMOR PRIMÁRIO;LOCALIZADO;;;;;;;;26/09/2013;;
987516;RCBP PALMAS;MASCULINO;09/05/1940;73;PARDA;BRASIL;MINAS GERAIS;ITAPECERICA;FUNDAMENTAL II (5ª A 8ª SÉRIE);VIÚVO;0;SEM INFORMAÇÃO	;TOCANTINS;PALMAS;PROSTATA, SOE;C619;ADENOCARCINOMA, SOE;81403;PROSTATA;C61;;;;;false;HISTOLOGIA DO TUMOR PRIMÁRIO;SEM INFORMAÇÃO;;;;;;;;25/09/2013;;
987518;RCBP PALMAS;MASCULINO;08/02/1939;74;AMARELA;BRASIL;TOCANTINS;ARAGUAÍNA;FUNDAMENTAL I (1ª A 4ª SÉRIE);CASADO;0;SEM INFORMAÇÃO	;TOCANTINS;PALMAS;MEDULA OSSEA;C421;LEUCEMIA, SOE;98003;LEUCEMIA NAO ESPECIFICADA;C959;;;;;false;HISTOLOGIA DO TUMOR PRIMÁRIO;NÃO SE APLICA;;;;;SEM INFORMAÇÃO;24/08/2014;;30/11/2013;;
987615;RCBP PALMAS;FEMININO;06/04/1937;76;PARDA;BRASIL;TOCANTINS;ITACAJÁ;MÉDIO (ANTIGO SEGUNDO GRAU);CASADO;0;SEM INFORMAÇÃO	;TOCANTINS;PALMAS;OVARIO, SOE;C569;ADENOCARCINOMA, SOE;81403;OVARIO;C56;;;;;false;HISTOLOGIA DO TUMOR PRIMÁRIO;METÁSTASE;;;;;;;;20/12/2013;;
987565;RCBP PALMAS;MASCULINO;28/02/1952;61;PARDA;BRASIL;GOIAS;ESTRELA DO NORTE;FUNDAMENTAL I (1ª A 4ª SÉRIE);VIÚVO;715;TRABALHADORES DA CONSTRUÇÃO CIVIL E OBRAS PÚBLICAS	;TOCANTINS;PALMAS;SISTEMA HEMATOPOETICO, SOE;C424;LINFOMA DE HODGKIN, ESCLEROSE NODULAR, SOE;96633;ESCLEROSE NODULAR;C811;;;;;false;HISTOLOGIA DO TUMOR PRIMÁRIO;NÃO SE APLICA;;;;;SEM INFORMAÇÃO;26/03/2016;;13/12/2013;;
990562;RCBP PALMAS;FEMININO;04/10/1998;14;PRETA;BRASIL;TOCANTINS;PALMAS;FUNDAMENTAL I (1ª A 4ª SÉRIE);SOLTEIRO;0;SEM INFORMAÇÃO	;TOCANTINS;PALMAS;LOBO TEMPORAL;C712;EPENDIMOMA, SOE;93913;LOBO TEMPORAL;C712;Ependimomas e tumor do plexo coróide;III-A;;;false;HISTOLOGIA DO TUMOR PRIMÁRIO;SEM INFORMAÇÃO;;;;;;;;15/05/2013;;
990595;RCBP PALMAS;FEMININO;12/04/1955;57;PARDA;BRASIL;TOCANTINS;PALMAS;FUNDAMENTAL II (5ª A 8ª SÉRIE);CASADO;621;TRABALHADORES NA EXPLORAÇÃO AGROPECUÁRIA EM GERAL	;TOCANTINS;PALMAS;ENDOCERVIX;C530;CARCINOMA ESCAMOCELULAR, SOE;80703;ENDOCERVIX;C530;;;;;false;HISTOLOGIA DO TUMOR PRIMÁRIO;METÁSTASE;;;;;;;;01/02/2013;;
991239;RCBP PALMAS;FEMININO;30/11/1991;21;PARDA;BRASIL;PARÁ;CAMETÁ;FUNDAMENTAL II (5ª A 8ª SÉRIE);CASADO;0;SEM INFORMAÇÃO	;TOCANTINS;PALMAS;TIREOIDE, SOE;C739;ADENOCARCINOMA PAPILAR, SOE;82603;GLANDULA TIREOIDE;C73;;;CARCINOMA DE TIREÓIDE;8.1;false;HISTOLOGIA DO TUMOR PRIMÁRIO;SEM INFORMAÇÃO;;;;;;;;02/09/2013;;
991303;RCBP PALMAS;FEMININO;12/06/1953;60;SEM INFORMAÇÃO;BRASIL;TOCANTINS;MIRACEMA DO TOCANTINS;SEM INFORMAÇÃO;VIÚVO;0;SEM INFORMAÇÃO	;TOCANTINS;PALMAS;MAMA , SOE;C509;CARCINOMA DUCTAL INFILTRANTE;85003;MAMA , SOE;C509;;;;;false;HISTOLOGIA DO TUMOR PRIMÁRIO;LOCALIZADO;;;;;;;;29/07/2013;;
991226;RCBP PALMAS;MASCULINO;24/08/1961;51;PARDA;BRASIL;BAHIA;ITAMBÉ;MÉDIO (ANTIGO SEGUNDO GRAU);SOLTEIRO;514;TRABALHADORES NOS SERVIÇOS DE ADMINISTRAÇÃO, CONSERVAÇÃO E MANUTENÇÃO DE EDIFÍCIOS E LOGRADOUROS  	;TOCANTINS;PALMAS;PELE DO TRONCO;C445;CARCINOMA BASOCELULAR, SOE;80903;PELE DO TRONCO;C445;;;;;false;HISTOLOGIA DO TUMOR PRIMÁRIO;SEM INFORMAÇÃO;;;;;;;;07/03/2013;;
991240;RCBP PALMAS;FEMININO;01/11/1968;44;BRANCO;BRASIL;MARANHÃO;;FUNDAMENTAL I (1ª A 4ª SÉRIE);SEPARADO JUDICIALMENTE;514;TRABALHADORES NOS SERVIÇOS DE ADMINISTRAÇÃO, CONSERVAÇÃO E MANUTENÇÃO DE EDIFÍCIOS E LOGRADOUROS  	;TOCANTINS;PALMAS;ENDOCERVIX;C530;CARCINOMA ESCAMOCELULAR, SOE;80703;ENDOCERVIX;C530;;;;;false;HISTOLOGIA DO TUMOR PRIMÁRIO;SEM INFORMAÇÃO;;;;;;;;03/05/2013;;
964118;RCBP PALMAS;FEMININO;29/10/1982;30;PARDA;BRASIL;TOCANTINS;PORTO NACIONAL;MÉDIO (ANTIGO SEGUNDO GRAU);UNIÃO CONSENSUAL;0;SEM INFORMAÇÃO	;TOCANTINS;PALMAS;ENDOCERVIX;C530;CARCINOMA ESCAMOCELULAR, SOE;80703;ENDOCERVIX;C530;;;;;false;HISTOLOGIA DO TUMOR PRIMÁRIO;METÁSTASE;;;;;;;;28/06/2013;;
991314;RCBP PALMAS;MASCULINO;03/05/1912;100;PARDA;BRASIL;TOCANTINS;ALMAS;SEM ESCOLARIDADE;VIÚVO;0;SEM INFORMAÇÃO	;TOCANTINS;PALMAS;PELE DO MEMBRO INFERIOR E DO QUADRIL;C447;CARCINOMA ESCAMOCELULAR, SOE;80703;PELE DO MEMBRO INFERIOR E DO QUADRIL;C447;;;;;false;HISTOLOGIA DO TUMOR PRIMÁRIO;SEM INFORMAÇÃO;;;;;NÃO CÂNCER;17/03/2013;;05/03/2013;;
991371;RCBP PALMAS;FEMININO;30/05/1951;61;SEM INFORMAÇÃO;BRASIL;PIAUÍ;BERTOLÍNIA;SEM INFORMAÇÃO;SEM INFORMAÇÃO;;;TOCANTINS;PALMAS;OVARIO, SOE;C569;CISTADENOCARCINOMA PAPILAR SEROSO;84603;OVARIO;C56;;;;;false;HISTOLOGIA DO TUMOR PRIMÁRIO;METÁSTASE;;;;;;;;05/04/2013;;
991731;RCBP PALMAS;MASCULINO;25/05/1957;55;PARDA;BRASIL;TOCANTINS;PONTE ALTA DO TOCANTINS;FUNDAMENTAL I (1ª A 4ª SÉRIE);SOLTEIRO;0;SEM INFORMAÇÃO	;TOCANTINS;PALMAS;PELE DO LABIO, SOE;C440;CARCINOMA BASOCELULAR, SOE;80903;PELE DO LABIO;C440;;;;;false;HISTOLOGIA DO TUMOR PRIMÁRIO;SEM INFORMAÇÃO;;;;;;;;11/03/2013;;
991877;RCBP PALMAS;FEMININO;24/12/1971;41;PARDA;BRASIL;TOCANTINS;ALMAS;FUNDAMENTAL II (5ª A 8ª SÉRIE);SOLTEIRO;0;SEM INFORMAÇÃO	;TOCANTINS;PALMAS;ENDOCERVIX;C530;CARCINOMA ESCAMOCELULAR, SOE;80703;ENDOCERVIX;C530;;;;;false;HISTOLOGIA DO TUMOR PRIMÁRIO;LOCALIZADO;;;;;;;;02/01/2013;;
991878;RCBP PALMAS;FEMININO;01/05/1974;38;PARDA;BRASIL;TOCANTINS;TOCANTÍNIA;SEM INFORMAÇÃO;CASADO;0;SEM INFORMAÇÃO	;TOCANTINS;PALMAS;ENDOCERVIX;C530;CARCINOMA ESCAMOCELULAR, SOE;80703;ENDOCERVIX;C530;;;;;false;HISTOLOGIA DO TUMOR PRIMÁRIO;SEM INFORMAÇÃO;;;;;;;;25/02/2013;;
991980;RCBP PALMAS;FEMININO;29/01/1976;37;PRETA;BRASIL;TOCANTINS;PIUM;FUNDAMENTAL I (1ª A 4ª SÉRIE);SOLTEIRO;0;SEM INFORMAÇÃO	;TOCANTINS;PALMAS;MAMA , SOE;C509;CARCINOMA DUCTAL INFILTRANTE;85003;MAMA , SOE;C509;;;;;false;HISTOLOGIA DO TUMOR PRIMÁRIO;SEM INFORMAÇÃO;;;;;;;;30/07/2013;;
991979;RCBP PALMAS;MASCULINO;02/08/1936;76;BRANCO;BRASIL;GOIAS;CATALÃO;FUNDAMENTAL I (1ª A 4ª SÉRIE);CASADO;0;SEM INFORMAÇÃO	;TOCANTINS;PALMAS;PELE DE OUTRAS PARTES DA FACE;C443;CARCINOMA ESCAMOCELULAR, SOE;80703;PELE DE OUTRAS PARTES DA FACE;C443;;;;;false;HISTOLOGIA DO TUMOR PRIMÁRIO;SEM INFORMAÇÃO;;;;;NÃO CÂNCER;09/10/2013;;22/05/2013;;
991897;RCBP PALMAS;FEMININO;31/08/1992;20;PARDA;BRASIL;TOCANTINS;PARAÍSO DO TOCANTINS;FUNDAMENTAL I (1ª A 4ª SÉRIE);SOLTEIRO;0;SEM INFORMAÇÃO	;TOCANTINS;PALMAS;PELE DE OUTRAS PARTES DA FACE;C443;CARCINOMA BASOCELULAR, SOE;80903;PELE DE OUTRAS PARTES DA FACE;C443;;;CARCINOMA DE PELE;7.2;false;HISTOLOGIA DO TUMOR PRIMÁRIO;SEM INFORMAÇÃO;;;;;;;;24/05/2013;;
991898;RCBP PALMAS;FEMININO;10/05/1953;60;PARDA;BRASIL;RIO GRANDE DO NORTE;MACAÍBA;MÉDIO (ANTIGO SEGUNDO GRAU);SOLTEIRO;0;SEM INFORMAÇÃO	;TOCANTINS;PALMAS;MAMILO;C500;CARCINOMA DUCTAL INFILTRANTE;85003;MAMILO E AREOLA;C500;;;;;false;HISTOLOGIA DO TUMOR PRIMÁRIO;METÁSTASE;;;;;;;;04/12/2013;;
991896;RCBP PALMAS;FEMININO;21/10/1957;55;PARDA;BRASIL;MARANHÃO;SANTA LUZIA;SEM INFORMAÇÃO;SOLTEIRO;0;SEM INFORMAÇÃO	;TOCANTINS;PALMAS;BASE DA LINGUA, SOE;C019;CARCINOMA ESCAMOCELULAR, SOE;80703;BASE DA LINGUA;C01;;;;;false;HISTOLOGIA DO TUMOR PRIMÁRIO;SEM INFORMAÇÃO;;;;;;;;01/05/2013;;
991880;RCBP PALMAS;MASCULINO;15/09/1934;78;PARDA;BRASIL;MINAS GERAIS;PATOS DE MINAS;FUNDAMENTAL I (1ª A 4ª SÉRIE);SEPARADO JUDICIALMENTE;621;TRABALHADORES NA EXPLORAÇÃO AGROPECUÁRIA EM GERAL	;TOCANTINS;PALMAS;GLANDULA PAROTIDA, SOE;C079;CARCINOMA ESCAMOCELULAR, SOE;80703;GLANDULA PAROTIDA;C07;;;;;false;HISTOLOGIA DO TUMOR PRIMÁRIO;METÁSTASE;;;;;CÂNCER;30/08/2013;;30/04/2013;;
992523;RCBP PALMAS;FEMININO;02/02/1981;32;PARDA;BRASIL;PARÁ;MARABÁ;SEM INFORMAÇÃO;SEM INFORMAÇÃO;0;SEM INFORMAÇÃO	;TOCANTINS;PALMAS;UTERO, SOE;C559;CARCINOMA ESCAMOCELULAR "IN SITU", SOE;80702;OUTROS ORGAOS GENITAIS FEMININOS, SOE;D073;;;;;false;HISTOLOGIA DO TUMOR PRIMÁRIO;"IN SITU";;;;;;;;12/12/2013;;
992519;RCBP PALMAS;MASCULINO;30/07/1958;55;SEM INFORMAÇÃO;BRASIL;TOCANTINS;PONTE ALTA DO BOM JESUS;SEM INFORMAÇÃO;SEM INFORMAÇÃO;0;SEM INFORMAÇÃO	;TOCANTINS;PALMAS;PILORO;C164;ADENOCARCINOMA, SOE;81403;PILORO;C164;;;;;false;HISTOLOGIA DO TUMOR PRIMÁRIO;METÁSTASE;;;;;;;;26/11/2013;;
992520;RCBP PALMAS;MASCULINO;26/01/1931;82;BRANCO;BRASIL;Não informado;;FUNDAMENTAL II (5ª A 8ª SÉRIE);CASADO;0;SEM INFORMAÇÃO	;TOCANTINS;PALMAS;RIM, SOE;C649;NEOPLASIA MALIGNA;80003;RIM;C64;;;;;false;SDO;METÁSTASE;;;;;CÂNCER;29/11/2013;;29/11/2013;;
772005;RCBP PALMAS;FEMININO;25/08/1956;56;BRANCO;BRASIL;RIO DE JANEIRO;RIO DE JANEIRO;SEM INFORMAÇÃO;CASADO;0;SEM INFORMAÇÃO	;TOCANTINS;PALMAS;PELE DO MEMBRO SUPERIOR E DO OMBRO;C446;CARCINOMA BASOCELULAR, SOE;80903;PELE DO MEMBRO SUPERIOR E DO OMBRO;C446;;;;;false;HISTOLOGIA DO TUMOR PRIMÁRIO;LOCALIZADO;;;;;;;;10/07/2013;;
993134;RCBP PALMAS;MASCULINO;03/01/1943;70;PARDA;BRASIL;TOCANTINS;NOVO ACORDO;FUNDAMENTAL I (1ª A 4ª SÉRIE);CASADO;621;TRABALHADORES NA EXPLORAÇÃO AGROPECUÁRIA EM GERAL	;TOCANTINS;PALMAS;FIGADO, SOE;C220;NEOPLASIA MALIGNA;80003;FIGADO E VIAS BILIARES INTRA-HEPATICAS;C22;;;;;false;SEM INFORMAÇÃO;SEM INFORMAÇÃO;;;;;CÂNCER;24/06/2013;;10/06/2013;;
993177;RCBP PALMAS;FEMININO;11/05/1955;58;BRANCO;BRASIL;MATO GROSSO DO SUL;RIO BRILHANTE;SEM INFORMAÇÃO;SEM INFORMAÇÃO;0;SEM INFORMAÇÃO	;TOCANTINS;PALMAS;CONJUNTIVA;C690;CARCINOMA "IN SITU", SOE;80102;OLHO;D092;;;;;false;HISTOLOGIA DO TUMOR PRIMÁRIO;"IN SITU";;;;;;;;11/06/2013;;
993178;RCBP PALMAS;FEMININO;24/03/1957;56;PARDA;BRASIL;TOCANTINS;NATIVIDADE;SEM INFORMAÇÃO;SEM INFORMAÇÃO;0;SEM INFORMAÇÃO	;TOCANTINS;PALMAS;MAMA , SOE;C509;CARCINOMA DUCTAL INFILTRANTE;85003;MAMA , SOE;C509;;;;;false;HISTOLOGIA DO TUMOR PRIMÁRIO;SEM INFORMAÇÃO;;;;;;;;21/10/2013;;
993179;RCBP PALMAS;FEMININO;10/02/1965;48;SEM INFORMAÇÃO;BRASIL;TOCANTINS;ARAGUACEMA;SEM INFORMAÇÃO;SOLTEIRO;0;SEM INFORMAÇÃO	;TOCANTINS;PALMAS;MAMA , SOE;C509;CARCINOMA DUCTAL INFILTRANTE;85003;MAMA , SOE;C509;;;;;false;HISTOLOGIA DO TUMOR PRIMÁRIO;LOCALIZADO;;;;;;;;21/10/2013;;
794492;RCBP PALMAS;FEMININO;11/07/1978;34;PARDA;BRASIL;MATO GROSSO ;LUCIARA;FUNDAMENTAL I (1ª A 4ª SÉRIE);SOLTEIRO;622;TRABALHADORES AGRÍCOLAS   	;TOCANTINS;PALMAS;PELE, SOE;C449;CARCINOMA ESC. DE CEL. GDES., NAO CERAT., SOE;80723;NEOPLASIA MALIGNA DA PELE;C449;;;;;false;HISTOLOGIA DO TUMOR PRIMÁRIO;LOCALIZADO;;;;;;;;05/02/2013;;
993258;RCBP PALMAS;FEMININO;28/07/1975;38;BRANCO;BRASIL;TOCANTINS;PORTO NACIONAL;SEM INFORMAÇÃO;CASADO;;;TOCANTINS;PALMAS;MAMA , SOE;C509;CARCINOMA DUCTAL INFILTRANTE;85003;MAMA , SOE;C509;;;;;false;HISTOLOGIA DO TUMOR PRIMÁRIO;LOCALIZADO;;;;;;;;13/12/2013;;
993262;RCBP PALMAS;MASCULINO;09/08/1961;51;PARDA;BRASIL;GOIAS;PORANGATU;SEM ESCOLARIDADE;SEM INFORMAÇÃO;;;TOCANTINS;PALMAS;PELE, SOE;C449;MELANOMA NODULAR;87213;MELANOMA MALIGNO DA PELE, SOE;C439;;;;;false;HISTOLOGIA DO TUMOR PRIMÁRIO;METÁSTASE;;;;;;;;25/04/2013;;
993261;RCBP PALMAS;MASCULINO;15/08/1935;78;BRANCO;BRASIL;GOIAS;VIANÓPOLIS;SEM ESCOLARIDADE;SEM INFORMAÇÃO;;;TOCANTINS;PALMAS;LINFONODOS DA AXILA E DOS MEMBROS SUPERIORES;C773;LINFOMA MAL., CELS. GDES B, DIFUSO, IMUNOBL., SOE;96843;IMUNOBLASTICO (DIFUSO);C834;;;;;false;HISTOLOGIA DO TUMOR PRIMÁRIO;LOCALIZADO;;;;;CÂNCER;23/12/2013;;16/12/2013;;
993373;RCBP PALMAS;MASCULINO;18/07/1966;47;SEM INFORMAÇÃO;BRASIL;TOCANTINS;MIRANORTE;SEM INFORMAÇÃO;SEM INFORMAÇÃO;0;SEM INFORMAÇÃO	;TOCANTINS;PALMAS;PELE, SOE;C449;EPITELIOMA MALIGNO;80113;NEOPLASIA MALIGNA DA PELE;C449;;;;;false;HISTOLOGIA DO TUMOR PRIMÁRIO;LOCALIZADO;;;;;;;;30/08/2013;;
993375;RCBP PALMAS;FEMININO;01/07/1950;63;SEM INFORMAÇÃO;BRASIL;RIO GRANDE DO SUL;PASSO FUNDO;SEM ESCOLARIDADE;SEM INFORMAÇÃO;0;SEM INFORMAÇÃO	;TOCANTINS;PALMAS;PELE, SOE;C449;EPITELIOMA MALIGNO;80113;NEOPLASIA MALIGNA DA PELE;C449;;;;;false;HISTOLOGIA DO TUMOR PRIMÁRIO;LOCALIZADO;;;;;;;;26/08/2013;;
993377;RCBP PALMAS;FEMININO;17/10/1947;65;BRANCO;BRASIL;CEARÁ;CRATO;FUNDAMENTAL I (1ª A 4ª SÉRIE);SEPARADO JUDICIALMENTE;514;TRABALHADORES NOS SERVIÇOS DE ADMINISTRAÇÃO, CONSERVAÇÃO E MANUTENÇÃO DE EDIFÍCIOS E LOGRADOUROS  	;TOCANTINS;PALMAS;RIM, SOE;C649;CARCINOMA DE CELULAS RENAIS, SOE;83123;RIM;C64;;;;;false;HISTOLOGIA DO TUMOR PRIMÁRIO;METÁSTASE;;;;;SEM INFORMAÇÃO;25/12/2014;;01/06/2013;;
555659;RCBP PALMAS;MASCULINO;13/11/1946;66;PARDA;BRASIL;PIAUÍ;MONTE ALEGRE DO PIAUÍ;FUNDAMENTAL II (5ª A 8ª SÉRIE);CASADO;621;TRABALHADORES NA EXPLORAÇÃO AGROPECUÁRIA EM GERAL	;TOCANTINS;PALMAS;OSSOS LONGOS M. INFERIOR E ARTICUL. ASSOCIADAS;C402;NEOPLASIA MALIGNA;80003;OSSOS LONGOS DOS M. INFERIORES;C402;;;;;false;SDO;METÁSTASE;;;;;CÂNCER;13/01/2013;;13/01/2013;;
993742;RCBP PALMAS;FEMININO;06/11/1964;49;SEM INFORMAÇÃO;BRASIL;Não informado;Não Informado;SEM INFORMAÇÃO;SEM INFORMAÇÃO;;;TOCANTINS;PALMAS;PELE DE OUTRAS PARTES DA FACE;C443;CARCINOMA BASOCELULAR, SOE;80903;PELE DE OUTRAS PARTES DA FACE;C443;;;;;false;HISTOLOGIA DO TUMOR PRIMÁRIO;LOCALIZADO;;;;;;;;28/11/2013;;
993743;RCBP PALMAS;MASCULINO;05/12/1935;77;BRANCO;BRASIL;TOCANTINS;PORTO NACIONAL;SEM ESCOLARIDADE;VIÚVO;611;PRODUTORES AGROPECUÁRIOS EM GERAL 	;TOCANTINS;PALMAS;ESTOMAGO, SOE;C169;CARCINOMA DE CELULAS EM ANEL DE SINETE;84903;ESTOMAGO, SOE;C169;;;;;false;HISTOLOGIA DO TUMOR PRIMÁRIO;METÁSTASE;;;;;CÂNCER;21/08/2013;;14/06/2013;;
993733;RCBP PALMAS;MASCULINO;20/06/1949;64;BRANCO;BRASIL;Não informado;;FUNDAMENTAL I (1ª A 4ª SÉRIE);VIÚVO;611;PRODUTORES AGROPECUÁRIOS EM GERAL 	;TOCANTINS;PALMAS;FIGADO, SOE;C220;NEOPLASIA MALIGNA;80003;FIGADO E VIAS BILIARES INTRA-HEPATICAS;C22;;;;;false;SDO;SEM INFORMAÇÃO;;;;;CÂNCER;12/07/2013;;12/07/2013;;
993734;RCBP PALMAS;MASCULINO;20/03/1949;64;PARDA;BRASIL;Não informado;;FUNDAMENTAL I (1ª A 4ª SÉRIE);CASADO;0;SEM INFORMAÇÃO	;TOCANTINS;PALMAS;CEREBRO;C710;NEOPLASIA MALIGNA;80003;CEREBRO;C710;;;;;false;SDO;SEM INFORMAÇÃO;;;;;NÃO CÂNCER;23/04/2013;;23/04/2013;;
993735;RCBP PALMAS;MASCULINO;13/09/1935;77;PARDA;BRASIL;Não informado;;SEM ESCOLARIDADE;CASADO;621;TRABALHADORES NA EXPLORAÇÃO AGROPECUÁRIA EM GERAL	;TOCANTINS;PALMAS;PROSTATA, SOE;C619;NEOPLASIA MALIGNA;80003;PROSTATA;C61;;;;;false;SDO;SEM INFORMAÇÃO;;;;;CÂNCER;17/04/2013;;17/04/2013;;
993736;RCBP PALMAS;MASCULINO;01/10/1934;78;BRANCO;BRASIL;SÃO PAULO;PIRACICABA;SEM INFORMAÇÃO;SEM INFORMAÇÃO;;;TOCANTINS;PALMAS;ESTOMAGO, SOE;C169;ADENOCARCINOMA, SOE;81403;ESTOMAGO, SOE;C169;;;;;false;HISTOLOGIA DO TUMOR PRIMÁRIO;LOCALIZADO;;;;;;;;22/03/2013;;
993737;RCBP PALMAS;MASCULINO;01/03/1956;56;BRANCO;BRASIL;Não informado;;FUNDAMENTAL II (5ª A 8ª SÉRIE);VIÚVO;621;TRABALHADORES NA EXPLORAÇÃO AGROPECUÁRIA EM GERAL	;TOCANTINS;PALMAS;LESAO SOBREPOSTA DO ASSOALHO DA BOCA;C048;NEOPLASIA MALIGNA;80003;LESAO INVASIVA DO ASSOALHO DA BOCA;C048;;;;;false;SDO;SEM INFORMAÇÃO;;;;;CÂNCER;17/01/2013;;17/01/2013;;
993738;RCBP PALMAS;MASCULINO;13/07/1935;77;PARDA;BRASIL;Não informado;;SEM INFORMAÇÃO;CASADO;621;TRABALHADORES NA EXPLORAÇÃO AGROPECUÁRIA EM GERAL	;TOCANTINS;PALMAS;LARINGE, SOE;C329;NEOPLASIA MALIGNA;80003;LARINGE, SOE;C329;;;;;false;SDO;SEM INFORMAÇÃO;;;;;CÂNCER;02/07/2013;;02/07/2013;;
993739;RCBP PALMAS;MASCULINO;04/06/1953;59;BRANCO;BRASIL;PARANÁ;RIO NEGRO;SEM INFORMAÇÃO;SEM INFORMAÇÃO;0;SEM INFORMAÇÃO	;TOCANTINS;PALMAS;PELE, SOE;C449;CARCINOMA BASOCELULAR, SOE;80903;NEOPLASIA MALIGNA DA PELE;C449;;;;;false;HISTOLOGIA DO TUMOR PRIMÁRIO;LOCALIZADO;;;;;;;;18/01/2013;;
993744;RCBP PALMAS;MASCULINO;22/12/1963;49;SEM INFORMAÇÃO;BRASIL;TOCANTINS;;FUNDAMENTAL I (1ª A 4ª SÉRIE);SEM INFORMAÇÃO;0;SEM INFORMAÇÃO	;TOCANTINS;PALMAS;ENCEFALO, SOE;C719;GLIOBLASTOMA, SOE;94403;ENCEFALO, SOE;C719;;;;;false;HISTOLOGIA DO TUMOR PRIMÁRIO;SEM INFORMAÇÃO;;;;;SEM INFORMAÇÃO;20/04/2014;;24/05/2013;;
993746;RCBP PALMAS;MASCULINO;01/02/1961;51;SEM INFORMAÇÃO;BRASIL;SÃO PAULO;;FUNDAMENTAL I (1ª A 4ª SÉRIE);SEM INFORMAÇÃO;0;SEM INFORMAÇÃO	;TOCANTINS;PALMAS;ENCEFALO, SOE;C719;GLIOMA MALIGNO;93803;ENCEFALO, SOE;C719;;;;;false;PESQUISA;SEM INFORMAÇÃO;;;;;SEM INFORMAÇÃO;10/03/2013;;03/01/2013;;
993752;RCBP PALMAS;FEMININO;25/03/1929;84;SEM INFORMAÇÃO;BRASIL;SÃO PAULO;SÃO PAULO;SEM INFORMAÇÃO;SEM INFORMAÇÃO;0;SEM INFORMAÇÃO	;TOCANTINS;PALMAS;PELE, SOE;C449;CARCINOMA BASOCELULAR, SOE;80903;NEOPLASIA MALIGNA DA PELE;C449;;;;;false;HISTOLOGIA DO TUMOR PRIMÁRIO;LOCALIZADO;;;;;;;;05/04/2013;;
993747;RCBP PALMAS;MASCULINO;09/01/1984;29;BRANCO;BRASIL;TOCANTINS;;SUPERIOR COMPLETO;CASADO;0;SEM INFORMAÇÃO	;TOCANTINS;PALMAS;MEDIASTINO, SOE;C383;GERMINOMA;90643;MEDIASTINO, PORCAO NAO ESPECIFICADA;C383;;;OUTROS SÍTIOS NÃO-GONADAIS;6.2.2;true;HISTOLOGIA DO TUMOR PRIMÁRIO;SEM INFORMAÇÃO;;;;;CÂNCER;06/03/2014;;02/04/2013;;
993762;RCBP PALMAS;MASCULINO;02/05/1930;83;PARDA;BRASIL;Não informado;;FUNDAMENTAL I (1ª A 4ª SÉRIE);SOLTEIRO;0;SEM INFORMAÇÃO	;TOCANTINS;PALMAS;BEXIGA, SOE;C679;NEOPLASIA MALIGNA;80003;BEXIGA, SOE;C679;;;;;false;SDO;SEM INFORMAÇÃO;;;;;CÂNCER;19/10/2013;;19/10/2013;;
993766;RCBP PALMAS;FEMININO;25/07/1948;65;BRANCO;BRASIL;MINAS GERAIS;;FUNDAMENTAL II (5ª A 8ª SÉRIE);SOLTEIRO;0;SEM INFORMAÇÃO	;TOCANTINS;PALMAS;COLO DO UTERO, SOE;C539;CARCINOMA ESCAMOCELULAR, SOE;80703;COLO DO UTERO, SOE;C539;;;;;false;HISTOLOGIA DO TUMOR PRIMÁRIO;SEM INFORMAÇÃO;;;;;SEM INFORMAÇÃO;09/03/2015;;10/11/2013;;
993768;RCBP PALMAS;FEMININO;07/01/1969;44;PARDA;BRASIL;RIO GRANDE DO NORTE;MOSSORÓ;MÉDIO (ANTIGO SEGUNDO GRAU);CASADO;0;SEM INFORMAÇÃO	;TOCANTINS;PALMAS;MAMILO;C500;CARCINOMA INTRADUCTAL, NAO INFILTRANTE, SOE;85002;CARCINOMA "IN SITU" DA MAMA, SOE;D059;;;;;false;HISTOLOGIA DO TUMOR PRIMÁRIO;"IN SITU";;;;;;;;19/12/2013;;
993763;RCBP PALMAS;FEMININO;01/08/1976;36;PARDA;BRASIL;MARANHÃO;LORETO;SEM INFORMAÇÃO;SEM INFORMAÇÃO;;;TOCANTINS;PALMAS;UTERO, SOE;C559;ADENOCARCINOMA, SOE;81403;UTERO, SOE;C55;;;;;false;HISTOLOGIA DO TUMOR PRIMÁRIO;LOCALIZADO;;;;;;;;05/01/2013;;
993764;RCBP PALMAS;FEMININO;12/02/1979;34;SEM INFORMAÇÃO;BRASIL;MATO GROSSO DO SUL;CASSILÂNDIA;SEM INFORMAÇÃO;SEM INFORMAÇÃO;;;TOCANTINS;PALMAS;PELE DE OUTRAS PARTES DA FACE;C443;CARCINOMA BASOCELULAR, SOE;80903;PELE DE OUTRAS PARTES DA FACE;C443;;;;;false;HISTOLOGIA DO TUMOR PRIMÁRIO;LOCALIZADO;;;;;;;;06/12/2013;;
993767;RCBP PALMAS;MASCULINO;09/02/1946;67;BRANCO;BRASIL;Não informado;;SEM INFORMAÇÃO;SEPARADO JUDICIALMENTE;;;TOCANTINS;PALMAS;LINFONODO, SOE;C779;LINFOMA MALIGNO, SOE;95903;LINFOMA NAO-HODGKIN, SOE;C859;;;;;false;SDO;NÃO SE APLICA;;;;;CÂNCER;05/12/2013;;05/12/2013;;
993769;RCBP PALMAS;FEMININO;03/07/1988;25;SEM INFORMAÇÃO;BRASIL;SANTA CATARINA;FLORIANÓPOLIS;SEM INFORMAÇÃO;SEM INFORMAÇÃO;;;TOCANTINS;PALMAS;PELE, SOE;C449;CARCINOMA BASOCELULAR, SOE;80903;NEOPLASIA MALIGNA DA PELE;C449;;;CARCINOMA DE PELE;7.2;false;HISTOLOGIA DO TUMOR PRIMÁRIO;LOCALIZADO;;;;;;;;27/11/2013;;
993770;RCBP PALMAS;MASCULINO;01/09/1979;33;SEM INFORMAÇÃO;BRASIL;TOCANTINS;COLMÉIA;SEM INFORMAÇÃO;SEM INFORMAÇÃO;;;TOCANTINS;PALMAS;PELE DE OUTRAS PARTES DA FACE;C443;CARCINOMA BASOCELULAR, SOE;80903;PELE DE OUTRAS PARTES DA FACE;C443;;;;;false;HISTOLOGIA DO TUMOR PRIMÁRIO;LOCALIZADO;;;;;;;;30/08/2013;;
993771;RCBP PALMAS;MASCULINO;15/03/1970;43;BRANCO;BRASIL;Não informado;;FUNDAMENTAL II (5ª A 8ª SÉRIE);CASADO;842;OPERADORES NA PREPARAÇÃO DE FUMO E NA FABRICAÇÃO DE CHARUTOS E CIGARROS   	;TOCANTINS;PALMAS;ENCEFALO, SOE;C719;NEOPLASIA MALIGNA;80003;ENCEFALO, SOE;C719;;;;;false;SDO;SEM INFORMAÇÃO;;;;;CÂNCER;30/07/2013;;30/07/2013;;
994421;RCBP PALMAS;FEMININO;18/08/1994;18;PRETA;BRASIL;TOCANTINS;ARAGUAÍNA;MÉDIO (ANTIGO SEGUNDO GRAU);SOLTEIRO;0;SEM INFORMAÇÃO	;TOCANTINS;PALMAS;CEREBRO;C710;NEOPLASIA MALIGNA;80003;CEREBRO;C710;Neoplasias intracranianas e intra-espinhais não especificadas;III-F;NEOPLASIAS INTRACRANIANAS E INTRAESPINAIS NÃO-ESPECÍFICAS;3.6;false;SDO;SEM INFORMAÇÃO;;;;;CÂNCER;18/02/2013;;18/02/2013;;
994420;RCBP PALMAS;MASCULINO;22/03/1943;70;PARDA;BRASIL;GOIAS;;FUNDAMENTAL I (1ª A 4ª SÉRIE);CASADO;621;TRABALHADORES NA EXPLORAÇÃO AGROPECUÁRIA EM GERAL	;TOCANTINS;PALMAS;GLOTE;C320;CARCINOMA ESCAMOCELULAR, SOE;80703;GLOTE;C320;;;;;false;HISTOLOGIA DO TUMOR PRIMÁRIO;METÁSTASE;;;;;;;;07/10/2013;;
972001;RCBP PALMAS;FEMININO;12/11/1947;65;PARDA;BRASIL;TOCANTINS;PARAÍSO DO TOCANTINS;MÉDIO (ANTIGO SEGUNDO GRAU);SOLTEIRO;0;SEM INFORMAÇÃO	;TOCANTINS;PALMAS;TERCO SUPERIOR DO ESOFAGO;C153;CARCINOMA ESCAMOCELULAR, SOE;80703;TERCO SUPERIOR DO ESOFAGO;C153;;;;;false;HISTOLOGIA DO TUMOR PRIMÁRIO;SEM INFORMAÇÃO;;;;;;;;15/04/2013;;
995689;RCBP PALMAS;FEMININO;17/10/1959;54;BRANCO;BRASIL;SÃO PAULO;SÃO JOSÉ DO RIO PRETO;SEM INFORMAÇÃO;SEM INFORMAÇÃO;;;TOCANTINS;PALMAS;OVARIO, SOE;C569;TUMOR CISTICO MUCINOSO DE MALIGNIDADE LIMITROFE;84721;OVARIO;C56;;;;;false;HISTOLOGIA DO TUMOR PRIMÁRIO;LOCALIZADO;;;;;;;;07/11/2013;;
972001;RCBP PALMAS;FEMININO;12/11/1947;65;PARDA;BRASIL;TOCANTINS;PARAÍSO DO TOCANTINS;MÉDIO (ANTIGO SEGUNDO GRAU);SOLTEIRO;0;SEM INFORMAÇÃO	;TOCANTINS;PALMAS;SEIO PIRIFORME, SOE;C129;CARCINOMA ESCAMOCELULAR "IN SITU", SOE;80702;LABIOS,  CAVIDADE ORAL E FARINGE;D000;;;;;false;HISTOLOGIA DO TUMOR PRIMÁRIO;"IN SITU";;;;;;;;21/03/2013;;
995686;RCBP PALMAS;MASCULINO;20/09/1970;42;BRANCO;BRASIL;TOCANTINS;PORTO NACIONAL;SEM INFORMAÇÃO;SEM INFORMAÇÃO;0;SEM INFORMAÇÃO	;TOCANTINS;PALMAS;PELE DE OUTRAS PARTES DA FACE;C443;CARCINOMA BASOCELULAR, SOE;80903;PELE DE OUTRAS PARTES DA FACE;C443;;;;;false;HISTOLOGIA DO TUMOR PRIMÁRIO;LOCALIZADO;;;;;;;;04/02/2013;;
995687;RCBP PALMAS;MASCULINO;17/10/1962;50;BRANCO;BRASIL;GOIAS;GUAPÓ;SEM INFORMAÇÃO;CASADO;;;TOCANTINS;PALMAS;INTESTINO DELGADO, SOE;C179;NEOPLASIA MALIGNA;80003;INTESTINO DELGADO, SOE;C179;;;;;false;SDO;SEM INFORMAÇÃO;;;;;CÂNCER;22/07/2013;;22/07/2013;;
995690;RCBP PALMAS;FEMININO;26/06/1967;45;SEM INFORMAÇÃO;BRASIL;Não informado;Não Informado;SEM INFORMAÇÃO;SEM INFORMAÇÃO;0;SEM INFORMAÇÃO	;TOCANTINS;PALMAS;PELE DE OUTRAS PARTES DA FACE;C443;CARCINOMA BASOCELULAR, SOE;80903;PELE DE OUTRAS PARTES DA FACE;C443;;;;;false;HISTOLOGIA DO TUMOR PRIMÁRIO;LOCALIZADO;;;;;;;;03/04/2013;;
995771;RCBP PALMAS;MASCULINO;26/08/1959;53;PARDA;BRASIL;TOCANTINS;PEDRO AFONSO;MÉDIO (ANTIGO SEGUNDO GRAU);CASADO;524;VENDEDORES A DOMICÍLIO, AMBULANTES E EM BANCAS	;TOCANTINS;PALMAS;PULMAO, SOE;C349;ADENOCARCINOMA, SOE;81403;BRONQUIOS OU PULMOES, SOE;C349;;;;;false;HISTOLOGIA DO TUMOR PRIMÁRIO;METÁSTASE;;;;;CÂNCER;28/05/2015;;02/06/2013;;
995761;RCBP PALMAS;MASCULINO;16/01/1945;68;SEM INFORMAÇÃO;BRASIL;SÃO PAULO;SÃO PAULO;SEM INFORMAÇÃO;SEM INFORMAÇÃO;;;TOCANTINS;PALMAS;BEXIGA, SOE;C679;CARCINOMA DE CELULAS TRANSICIONAIS, SOE;81203;BEXIGA, SOE;C679;;;;;false;HISTOLOGIA DO TUMOR PRIMÁRIO;LOCALIZADO;;;;;;;;31/01/2013;;
995762;RCBP PALMAS;MASCULINO;27/06/1947;66;PARDA;BRASIL;MINAS GERAIS;DORES DE CAMPOS;SEM INFORMAÇÃO;SEM INFORMAÇÃO;0;SEM INFORMAÇÃO	;TOCANTINS;PALMAS;PROSTATA, SOE;C619;ADENOCARCINOMA, SOE;81403;PROSTATA;C61;;;;;false;HISTOLOGIA DO TUMOR PRIMÁRIO;LOCALIZADO;;;;;;;;29/07/2013;;
995768;RCBP PALMAS;FEMININO;15/05/1928;85;PARDA;BRASIL;ALAGOAS;MACEIÓ;FUNDAMENTAL I (1ª A 4ª SÉRIE);CASADO;0;SEM INFORMAÇÃO	;TOCANTINS;PALMAS;PELE DO TRONCO;C445;CARCINOMA BASOCELULAR, SOE;80903;PELE DO TRONCO;C445;;;;;false;HISTOLOGIA DO TUMOR PRIMÁRIO;SEM INFORMAÇÃO;;;;;;;;11/06/2013;;
995769;RCBP PALMAS;MASCULINO;04/08/1953;59;PARDA;BRASIL;Não informado;;SEM ESCOLARIDADE;CASADO;611;PRODUTORES AGROPECUÁRIOS EM GERAL 	;TOCANTINS;PALMAS;FIGADO, SOE;C220;CARCINOMA HEPATOCELULAR, SOE;81703;CARCINOMA DE CELULAS HEPATICAS;C220;;;;;false;SDO;SEM INFORMAÇÃO;;;;;CÂNCER;30/06/2013;;30/06/2013;;
995765;RCBP PALMAS;FEMININO;16/12/1944;68;PARDA;BRASIL;Não informado;;FUNDAMENTAL I (1ª A 4ª SÉRIE);SEM INFORMAÇÃO;0;SEM INFORMAÇÃO	;TOCANTINS;PALMAS;LOCALIZACAO PRIMARIA DESCONHECIDA, SOE;C809;NEOPLASIA MALIGNA;80003;LOCALIZACAO PRIMARIA DESCONHECIDA;C80;;;;;false;SDO;METÁSTASE;;;;;CÂNCER;15/12/2013;;15/12/2013;;
995763;RCBP PALMAS;FEMININO;17/10/1965;47;PARDA;BRASIL;MARANHÃO;SÃO FRANCISCO DO MARANHÃO;FUNDAMENTAL I (1ª A 4ª SÉRIE);CASADO;0;SEM INFORMAÇÃO	;TOCANTINS;PALMAS;ENDOCERVIX;C530;CARCINOMA ESCAMOCELULAR, SOE;80703;ENDOCERVIX;C530;;;;;false;HISTOLOGIA DO TUMOR PRIMÁRIO;SEM INFORMAÇÃO;;;;;CÂNCER;22/02/2015;;11/06/2013;;
435971;RCBP PALMAS;FEMININO;18/12/1948;64;BRANCO;BRASIL;Não informado;Não Informado;SEM INFORMAÇÃO;SEM INFORMAÇÃO;611;PRODUTORES AGROPECUÁRIOS EM GERAL 	;TOCANTINS;PALMAS;ESTOMAGO, SOE;C169;TUMOR CARCINOIDE, SOE;82403;ESTOMAGO, SOE;C169;;;;;false;HISTOLOGIA DO TUMOR PRIMÁRIO;LOCALIZADO;;;;;;;;04/12/2013;;
995772;RCBP PALMAS;MASCULINO;21/03/1948;65;SEM INFORMAÇÃO;BRASIL;SÃO PAULO;SÃO PAULO;SEM ESCOLARIDADE;SEM INFORMAÇÃO;0;SEM INFORMAÇÃO	;TOCANTINS;PALMAS;PELE DE OUTRAS PARTES DA FACE;C443;CARCINOMA BASOCELULAR, SOE;80903;PELE DE OUTRAS PARTES DA FACE;C443;;;;;false;HISTOLOGIA DO TUMOR PRIMÁRIO;LOCALIZADO;;;;;;;;18/10/2013;;
995773;RCBP PALMAS;MASCULINO;18/07/1945;68;PARDA;BRASIL;Não informado;;FUNDAMENTAL I (1ª A 4ª SÉRIE);CASADO;0;SEM INFORMAÇÃO	;TOCANTINS;PALMAS;PANCREAS, SOE;C259;NEOPLASIA MALIGNA;80003;PANCREAS, SOE;C259;;;;;false;SDO;SEM INFORMAÇÃO;;;;;CÂNCER;14/08/2013;;14/08/2013;;
995775;RCBP PALMAS;FEMININO;07/05/1958;55;SEM INFORMAÇÃO;BRASIL;GOIAS;FORMOSA;SEM INFORMAÇÃO;SEM INFORMAÇÃO;0;SEM INFORMAÇÃO	;TOCANTINS;PALMAS;PELE DE OUTRAS PARTES DA FACE;C443;CARCINOMA BASOCELULAR, SOE;80903;PELE DE OUTRAS PARTES DA FACE;C443;;;;;false;HISTOLOGIA DO TUMOR PRIMÁRIO;LOCALIZADO;;;;;;;;14/10/2013;;
995776;RCBP PALMAS;MASCULINO;05/10/1950;62;PARDA;BRASIL;Não informado;;MÉDIO (ANTIGO SEGUNDO GRAU);UNIÃO CONSENSUAL;711;TRABALHADORES DA EXTRAÇÃO MINERAL 	;TOCANTINS;PALMAS;PULMAO, SOE;C349;NEOPLASIA MALIGNA;80003;BRONQUIOS OU PULMOES, SOE;C349;;;;;false;SDO;METÁSTASE;;;;;CÂNCER;10/02/2013;;10/02/2013;;
995968;RCBP PALMAS;FEMININO;01/03/1950;62;PARDA;BRASIL;RIO GRANDE DO SUL;SANTA ROSA;FUNDAMENTAL I (1ª A 4ª SÉRIE);VIÚVO;0;SEM INFORMAÇÃO	;TOCANTINS;PALMAS;COLON ASCENDENTE;C182;ADENOCARCINOMA, SOE;81403;COLON ASCENDENTE;C182;;;;;false;HISTOLOGIA DO TUMOR PRIMÁRIO;METÁSTASE;;;;;SEM INFORMAÇÃO;28/02/2015;;22/02/2013;;
995963;RCBP PALMAS;FEMININO;15/04/1962;51;BRANCO;BRASIL;MINAS GERAIS;SÃO JOÃO EVANGELISTA;SEM INFORMAÇÃO;SEM INFORMAÇÃO;0;SEM INFORMAÇÃO	;TOCANTINS;PALMAS;PELE DE OUTRAS PARTES DA FACE;C443;CARCINOMA BASOCELULAR, SOE;80903;PELE DE OUTRAS PARTES DA FACE;C443;;;;;false;HISTOLOGIA DO TUMOR PRIMÁRIO;LOCALIZADO;;;;;;;;11/09/2013;;
995965;RCBP PALMAS;FEMININO;09/10/1937;76;PARDA;BRASIL;BAHIA;IBIPITANGA;SEM INFORMAÇÃO;SEM INFORMAÇÃO;0;SEM INFORMAÇÃO	;TOCANTINS;PALMAS;PELE DE OUTRAS PARTES DA FACE;C443;CARCINOMA BASOCELULAR, SOE;80903;PELE DE OUTRAS PARTES DA FACE;C443;;;;;false;HISTOLOGIA DO TUMOR PRIMÁRIO;LOCALIZADO;;;;;;;;11/11/2013;;
995966;RCBP PALMAS;MASCULINO;02/07/1965;48;SEM INFORMAÇÃO;BRASIL;Não informado;Não Informado;SEM INFORMAÇÃO;SEM INFORMAÇÃO;0;SEM INFORMAÇÃO	;TOCANTINS;PALMAS;OUVIDO EXTERNO;C442;CARCINOMA BASOCELULAR, SOE;80903;PELE DA ORELHA E CONDUTO AUDITIVO EXTERNO;C442;;;;;false;HISTOLOGIA DO TUMOR PRIMÁRIO;LOCALIZADO;;;;;;;;11/11/2013;;
995964;RCBP PALMAS;FEMININO;10/08/1969;44;SEM INFORMAÇÃO;BRASIL;MARANHÃO;CAROLINA;SEM INFORMAÇÃO;SEM INFORMAÇÃO;;;TOCANTINS;PALMAS;PELE DE OUTRAS PARTES DA FACE;C443;CARCINOMA BASOCELULAR, SOE;80903;PELE DE OUTRAS PARTES DA FACE;C443;;;;;false;HISTOLOGIA DO TUMOR PRIMÁRIO;LOCALIZADO;;;;;;;;03/12/2013;;
995961;RCBP PALMAS;FEMININO;14/10/1922;90;BRANCO;BRASIL;MARANHÃO;RIACHÃO;SEM ESCOLARIDADE;VIÚVO;0;SEM INFORMAÇÃO	;TOCANTINS;PALMAS;ENCEFALO, SOE;C719;NEOPLASIA MALIGNA;80003;ENCEFALO, SOE;C719;;;;;false;SDO;METÁSTASE;;;;;CÂNCER;08/04/2013;;08/04/2013;;
995962;RCBP PALMAS;MASCULINO;11/09/1951;61;SEM INFORMAÇÃO;BRASIL;TOCANTINS;PONTE ALTA DO TOCANTINS;SEM INFORMAÇÃO;SEM INFORMAÇÃO;0;SEM INFORMAÇÃO	;TOCANTINS;PALMAS;PROSTATA, SOE;C619;ADENOCARCINOMA, SOE;81403;PROSTATA;C61;;;;;false;HISTOLOGIA DO TUMOR PRIMÁRIO;LOCALIZADO;;;;;;;;03/05/2013;;
995969;RCBP PALMAS;FEMININO;03/01/1932;81;PARDA;BRASIL;Não informado;;SEM ESCOLARIDADE;VIÚVO;0;SEM INFORMAÇÃO	;TOCANTINS;PALMAS;COLON SIGMOIDE;C187;NEOPLASIA MALIGNA;80003;COLON SIGMOIDE;C187;;;;;false;SDO;SEM INFORMAÇÃO;;;;;CÂNCER;16/04/2013;;16/04/2013;;
995970;RCBP PALMAS;FEMININO;02/10/1935;77;AMARELA;BRASIL;PIAUÍ;CORRENTE;SEM INFORMAÇÃO;SEM INFORMAÇÃO;;;TOCANTINS;PALMAS;VULVA, SOE;C519;CARCINOMA ESCAMOCELULAR, SOE;80703;VULVA, SOE;C519;;;;;false;HISTOLOGIA DO TUMOR PRIMÁRIO;LOCALIZADO;;;;;;;;13/03/2013;;
997392;RCBP PALMAS;FEMININO;02/09/1956;56;PARDA;BRASIL;PARÁ;SANTA LUZIA DO PARÁ;SEM INFORMAÇÃO;CASADO;0;SEM INFORMAÇÃO	;TOCANTINS;PALMAS;ECTOCERVIX;C531;CARCINOMA ESCAMOCELULAR, SOE;80703;ECTOCERVIX;C531;;;;;false;HISTOLOGIA DO TUMOR PRIMÁRIO;LOCALIZADO;;;;;;;;20/08/2013;;
997394;RCBP PALMAS;MASCULINO;02/06/1958;55;SEM INFORMAÇÃO;BRASIL;PARAÍBA;BOA VISTA;SEM INFORMAÇÃO;SEM INFORMAÇÃO;0;SEM INFORMAÇÃO	;TOCANTINS;PALMAS;PELE, SOE;C449;CARCINOMA BASOCELULAR, SOE;80903;NEOPLASIA MALIGNA DA PELE;C449;;;;;false;HISTOLOGIA DO TUMOR PRIMÁRIO;LOCALIZADO;;;;;;;;06/11/2013;;
997395;RCBP PALMAS;MASCULINO;15/10/1946;66;SEM INFORMAÇÃO;BRASIL;MARANHÃO;SAMBAÍBA;SEM INFORMAÇÃO;SEM INFORMAÇÃO;0;SEM INFORMAÇÃO	;TOCANTINS;PALMAS;PROSTATA, SOE;C619;ADENOCARCINOMA, SOE;81403;PROSTATA;C61;;;;;false;HISTOLOGIA DO TUMOR PRIMÁRIO;LOCALIZADO;;;;;;;;11/09/2013;;
997988;RCBP PALMAS;MASCULINO;15/12/1947;65;SEM INFORMAÇÃO;BRASIL;TOCANTINS;ARRAIAS;SEM INFORMAÇÃO;SEM INFORMAÇÃO;;;TOCANTINS;PALMAS;PELE DE OUTRAS PARTES DA FACE;C443;CARCINOMA BASOCELULAR, SOE;80903;PELE DE OUTRAS PARTES DA FACE;C443;;;;;false;HISTOLOGIA DO TUMOR PRIMÁRIO;LOCALIZADO;;;;;;;;02/12/2013;;
997952;RCBP PALMAS;MASCULINO;30/09/1942;70;BRANCO;BRASIL;GOIAS;GOIÂNIA;SEM INFORMAÇÃO;SEM INFORMAÇÃO;;;TOCANTINS;PALMAS;LESAO SOBREPOSTA DA PELE;C448;CARCINOMA BASOCELULAR, SOE;80903;LESAO INVASIVA DA PELE;C448;;;;;false;HISTOLOGIA DO TUMOR PRIMÁRIO;LOCALIZADO;;;;;;;;08/05/2013;;
997989;RCBP PALMAS;MASCULINO;02/03/1943;69;SEM INFORMAÇÃO;BRASIL;SÃO PAULO;PRESIDENTE EPITÁCIO;SEM INFORMAÇÃO;SEM INFORMAÇÃO;0;SEM INFORMAÇÃO	;TOCANTINS;PALMAS;PELE, SOE;C449;CARCINOMA BASOCELULAR, SOE;80903;NEOPLASIA MALIGNA DA PELE;C449;;;;;false;HISTOLOGIA DO TUMOR PRIMÁRIO;LOCALIZADO;;;;;;;;07/01/2013;;
997987;RCBP PALMAS;MASCULINO;25/08/1951;62;PARDA;BRASIL;TOCANTINS;PIUM;SEM INFORMAÇÃO;CASADO;;;TOCANTINS;PALMAS;MEDULA OSSEA;C421;MIELOMA MULTIPLO;97323;MIELOMA MULTIPLO;C900;;;;;false;SDO;NÃO SE APLICA;;;;;CÂNCER;10/11/2013;;10/11/2013;;
555737;RCBP PALMAS;MASCULINO;10/11/1930;82;BRANCO;BRASIL;RIO GRANDE DO SUL;MARCELINO RAMOS;FUNDAMENTAL I (1ª A 4ª SÉRIE);CASADO;141;GERENTES DE PRODUÇÃO E OPERAÇÕES  	;TOCANTINS;PALMAS;URETRA;C680;CARCINOMA DE CELULAS TRANSICIONAIS, SOE;81203;URETRA;C680;;;;;false;HISTOLOGIA DO TUMOR PRIMÁRIO;LOCALIZADO;;;;;;;;16/09/2013;;
1001757;RCBP PALMAS;MASCULINO;04/12/1978;35;SEM INFORMAÇÃO;BRASIL;Não informado;Não Informado;SEM INFORMAÇÃO;SEM INFORMAÇÃO;;;TOCANTINS;PALMAS;PELE DE OUTRAS PARTES DA FACE;C443;CARCINOMA BASOCELULAR, SOE;80903;PELE DE OUTRAS PARTES DA FACE;C443;;;;;false;HISTOLOGIA DO TUMOR PRIMÁRIO;LOCALIZADO;;;;;;;;16/12/2013;;
1001762;RCBP PALMAS;FEMININO;20/12/1970;42;PARDA;BRASIL;TOCANTINS;;MÉDIO (ANTIGO SEGUNDO GRAU);CASADO;0;SEM INFORMAÇÃO	;TOCANTINS;PALMAS;QUADRANTE SUPERIOR EXTERNO DA MAMA;C504;CARCINOMA DUCTAL INFILTRANTE;85003;QUADRANTE SUPERIOR EXTERNO DA MAMA;C504;;;;;false;HISTOLOGIA DO TUMOR PRIMÁRIO;METÁSTASE;;;;;;;;14/06/2013;;
1001758;RCBP PALMAS;FEMININO;31/07/1905;107;BRANCO;BRASIL;Não informado;;FUNDAMENTAL I (1ª A 4ª SÉRIE);VIÚVO;0;SEM INFORMAÇÃO	;TOCANTINS;PALMAS;GLANDULA PAROTIDA, SOE;C079;NEOPLASIA MALIGNA;80003;GLANDULA PAROTIDA;C07;;;;;false;SDO;SEM INFORMAÇÃO;;;;;CÂNCER;04/03/2013;;04/03/2013;;
1001760;RCBP PALMAS;FEMININO;27/10/1932;80;BRANCO;BRASIL;Não informado;;MÉDIO (ANTIGO SEGUNDO GRAU);VIÚVO;;;TOCANTINS;PALMAS;PULMAO, SOE;C349;NEOPLASIA MALIGNA;80003;BRONQUIOS OU PULMOES, SOE;C349;;;;;false;SDO;SEM INFORMAÇÃO;;;;;NÃO CÂNCER;04/06/2013;;04/06/2013;;
1001987;RCBP PALMAS;MASCULINO;04/02/1976;37;SEM INFORMAÇÃO;BRASIL;Não informado;Não Informado;SEM INFORMAÇÃO;SEM INFORMAÇÃO;;;TOCANTINS;PALMAS;PELE DE OUTRAS PARTES DA FACE;C443;CARCINOMA BASOCELULAR, SOE;80903;PELE DE OUTRAS PARTES DA FACE;C443;;;;;false;HISTOLOGIA DO TUMOR PRIMÁRIO;LOCALIZADO;;;;;;;;29/04/2013;;
1001992;RCBP PALMAS;MASCULINO;20/03/1951;61;PARDA;BRASIL;Não informado;;FUNDAMENTAL I (1ª A 4ª SÉRIE);SOLTEIRO;621;TRABALHADORES NA EXPLORAÇÃO AGROPECUÁRIA EM GERAL	;TOCANTINS;PALMAS;PULMAO, SOE;C349;NEOPLASIA MALIGNA;80003;BRONQUIOS OU PULMOES, SOE;C349;;;;;false;SDO;SEM INFORMAÇÃO;;;;;CÂNCER;10/02/2013;;10/02/2013;;
1001994;RCBP PALMAS;MASCULINO;20/03/1934;79;PARDA;BRASIL;Não informado;;SEM ESCOLARIDADE;CASADO;621;TRABALHADORES NA EXPLORAÇÃO AGROPECUÁRIA EM GERAL	;TOCANTINS;PALMAS;PULMAO, SOE;C349;NEOPLASIA MALIGNA;80003;BRONQUIOS OU PULMOES, SOE;C349;;;;;false;SDO;SEM INFORMAÇÃO;;;;;CÂNCER;23/11/2013;;23/11/2013;;
1001995;RCBP PALMAS;MASCULINO;23/06/1942;71;PARDA;BRASIL;Não informado;;FUNDAMENTAL I (1ª A 4ª SÉRIE);CASADO;;;TOCANTINS;PALMAS;CEREBRO;C710;NEOPLASIA MALIGNA;80003;CEREBRO;C710;;;;;false;SDO;SEM INFORMAÇÃO;;;;;CÂNCER;05/08/2013;;05/08/2013;;
1002004;RCBP PALMAS;MASCULINO;19/05/1928;85;PRETA;BRASIL;MARANHÃO;BARÃO DE GRAJAÚ;FUNDAMENTAL I (1ª A 4ª SÉRIE);CASADO;;;TOCANTINS;PALMAS;PROSTATA, SOE;C619;NEOPLASIA MALIGNA;80003;PROSTATA;C61;;;;;false;SDO;SEM INFORMAÇÃO;;;;;CÂNCER;08/07/2013;;08/07/2013;;
1002005;RCBP PALMAS;MASCULINO;08/12/1946;66;SEM INFORMAÇÃO;BRASIL;PIAUÍ;FLORIANO;SEM INFORMAÇÃO;SEM INFORMAÇÃO;0;SEM INFORMAÇÃO	;TOCANTINS;PALMAS;PROSTATA, SOE;C619;ADENOCARCINOMA, SOE;81403;PROSTATA;C61;;;;;false;HISTOLOGIA DO TUMOR PRIMÁRIO;LOCALIZADO;;;;;;;;22/02/2013;;
1002006;RCBP PALMAS;MASCULINO;24/03/1924;89;PARDA;BRASIL;MARANHÃO;GRAJAÚ;FUNDAMENTAL I (1ª A 4ª SÉRIE);CASADO;0;SEM INFORMAÇÃO	;TOCANTINS;PALMAS;LOCALIZACAO PRIMARIA DESCONHECIDA, SOE;C809;CARCINOMA "IN SITU", SOE;80102;CARCINOMA "IN SITU", SOE;D099;;;;;false;SDO;"IN SITU";;;;;CÂNCER;13/10/2013;;13/10/2013;;
1002010;RCBP PALMAS;MASCULINO;12/04/1937;75;PARDA;BRASIL;MARANHÃO;BACABAL;FUNDAMENTAL I (1ª A 4ª SÉRIE);CASADO;763;TRABALHADORES DA CONFECÇÃO DE ROUPAS 	;TOCANTINS;PALMAS;PULMAO, SOE;C349;NEOPLASIA MALIGNA;80003;BRONQUIOS OU PULMOES, SOE;C349;;;;;false;SDO;SEM INFORMAÇÃO;;;;;CÂNCER;11/01/2013;;11/01/2013;;
1002011;RCBP PALMAS;MASCULINO;23/01/1952;61;SEM INFORMAÇÃO;BRASIL;SANTA CATARINA;PIRATUBA;SEM INFORMAÇÃO;SEM INFORMAÇÃO;;;TOCANTINS;PALMAS;PELE DE OUTRAS PARTES DA FACE;C443;CARCINOMA BASOCELULAR, SOE;80903;PELE DE OUTRAS PARTES DA FACE;C443;;;;;false;HISTOLOGIA DO TUMOR PRIMÁRIO;LOCALIZADO;;;;;;;;06/12/2013;;
1002012;RCBP PALMAS;MASCULINO;04/02/1940;73;BRANCO;BRASIL;TOCANTINS;CRISTALÂNDIA;SEM INFORMAÇÃO;SEM INFORMAÇÃO;0;SEM INFORMAÇÃO	;TOCANTINS;PALMAS;PROSTATA, SOE;C619;ADENOCARCINOMA, SOE;81403;PROSTATA;C61;;;;;false;HISTOLOGIA DO TUMOR PRIMÁRIO;LOCALIZADO;;;;;;;;06/05/2013;;
1002014;RCBP PALMAS;MASCULINO;06/09/1967;45;PARDA;BRASIL;TOCANTINS;;FUNDAMENTAL I (1ª A 4ª SÉRIE);CASADO;721;TRABALHADORES DE USINAGEM DE METAIS E DE COMPÓSITOS   	;TOCANTINS;PALMAS;GLOTE;C320;CARCINOMA ESCAMOCELULAR, SOE;80703;GLOTE;C320;;;;;false;HISTOLOGIA DO TUMOR PRIMÁRIO;METÁSTASE;;;;;SEM INFORMAÇÃO;05/08/2014;;04/02/2013;;
1001997;RCBP PALMAS;MASCULINO;17/07/1942;70;SEM INFORMAÇÃO;BRASIL;MATO GROSSO DO SUL;PARANAÍBA;SEM INFORMAÇÃO;SEM INFORMAÇÃO;0;SEM INFORMAÇÃO	;TOCANTINS;PALMAS;PELE, SOE;C449;CARCINOMA BASOCELULAR, SOE;80903;NEOPLASIA MALIGNA DA PELE;C449;;;;;false;HISTOLOGIA DO TUMOR PRIMÁRIO;LOCALIZADO;;;;;;;;15/04/2013;;
1001999;RCBP PALMAS;MASCULINO;05/05/1940;72;PARDA;BRASIL;Não informado;;FUNDAMENTAL I (1ª A 4ª SÉRIE);SOLTEIRO;0;SEM INFORMAÇÃO	;TOCANTINS;PALMAS;MEDIASTINO, SOE;C383;NEOPLASIA MALIGNA;80003;MEDIASTINO, PORCAO NAO ESPECIFICADA;C383;;;;;false;SDO;SEM INFORMAÇÃO;;;;;CÂNCER;18/04/2013;;18/04/2013;;
1002020;RCBP PALMAS;MASCULINO;06/09/1967;45;PARDA;BRASIL;TOCANTINS;GURUPI;MÉDIO (ANTIGO SEGUNDO GRAU);SOLTEIRO;721;TRABALHADORES DE USINAGEM DE METAIS E DE COMPÓSITOS   	;TOCANTINS;PALMAS;CARTILAGEM LARINGEA;C323;CARCINOMA ESCAMOCELULAR, SOE;80703;CARTILAGENS DA LARINGE;C323;;;;;false;HISTOLOGIA DO TUMOR PRIMÁRIO;METÁSTASE;;;;;SEM INFORMAÇÃO;05/08/2014;;21/01/2013;;
1002019;RCBP PALMAS;MASCULINO;11/08/1948;64;PARDA;BRASIL;TOCANTINS;PEIXE;FUNDAMENTAL I (1ª A 4ª SÉRIE);CASADO;622;TRABALHADORES AGRÍCOLAS   	;TOCANTINS;PALMAS;MEDULA OSSEA;C421;MIELOMA MULTIPLO;97323;MIELOMA MULTIPLO;C900;;;;;false;CLÍNICO;NÃO SE APLICA;;;;;;;;06/06/2013;;
1002008;RCBP PALMAS;MASCULINO;10/03/1950;63;PARDA;BRASIL;SÃO PAULO;;SUPERIOR COMPLETO;SEPARADO JUDICIALMENTE;0;SEM INFORMAÇÃO	;TOCANTINS;PALMAS;LOBO SUPERIOR DO PULMAO;C341;CARCINOMA INDIFERENCIADO, SOE;80203;LOBO SUPERIOR, BRONQUIO OU PULMAO;C341;;;;;false;HISTOLOGIA DO TUMOR PRIMÁRIO;METÁSTASE;;;;;SEM INFORMAÇÃO;26/10/2014;;19/12/2013;;
1001986;RCBP PALMAS;MASCULINO;01/05/1957;56;SEM INFORMAÇÃO;BRASIL;PARÁ;CAPANEMA;SEM INFORMAÇÃO;SEM INFORMAÇÃO;0;SEM INFORMAÇÃO	;TOCANTINS;PALMAS;PROSTATA, SOE;C619;ADENOCARCINOMA, SOE;81403;PROSTATA;C61;;;;;false;HISTOLOGIA DO TUMOR PRIMÁRIO;LOCALIZADO;;;;;;;;06/12/2013;;
1002000;RCBP PALMAS;MASCULINO;27/08/1941;71;PARDA;BRASIL;MINAS GERAIS;TUMIRITINGA;SEM INFORMAÇÃO;SEM INFORMAÇÃO;0;SEM INFORMAÇÃO	;TOCANTINS;PALMAS;PROSTATA, SOE;C619;ADENOCARCINOMA, SOE;81403;PROSTATA;C61;;;;;false;HISTOLOGIA DO TUMOR PRIMÁRIO;LOCALIZADO;;;;;;;;15/04/2013;;
1002001;RCBP PALMAS;MASCULINO;27/08/1941;72;SEM INFORMAÇÃO;BRASIL;PIAUÍ;JERUMENHA;SEM INFORMAÇÃO;SEM INFORMAÇÃO;0;SEM INFORMAÇÃO	;TOCANTINS;PALMAS;PROSTATA, SOE;C619;ADENOCARCINOMA, SOE;81403;PROSTATA;C61;;;;;false;HISTOLOGIA DO TUMOR PRIMÁRIO;SEM INFORMAÇÃO;;;;;;;;23/09/2013;;
1002013;RCBP PALMAS;MASCULINO;03/07/1956;57;PRETA;BRASIL;MARANHÃO;SÃO LUÍS GONZAGA DO MARANHÃO;SEM INFORMAÇÃO;SEM INFORMAÇÃO;0;SEM INFORMAÇÃO	;TOCANTINS;PALMAS;PROSTATA, SOE;C619;ADENOCARCINOMA, SOE;81403;PROSTATA;C61;;;;;false;HISTOLOGIA DO TUMOR PRIMÁRIO;LOCALIZADO;;;;;;;;23/07/2013;;
1002262;RCBP PALMAS;FEMININO;11/07/1963;49;BRANCO;BRASIL;GOIAS;ANÁPOLIS;FUNDAMENTAL I (1ª A 4ª SÉRIE);CASADO;519;OUTROS TRABALHADORES DE SERVIÇOS DIVERSOS 	;TOCANTINS;PALMAS;MAMA , SOE;C509;CARCINOMA DUCTAL INFILTRANTE;85003;MAMA , SOE;C509;;;;;false;HISTOLOGIA DO TUMOR PRIMÁRIO;LOCALIZADO;;;;;;;;11/02/2013;;
1002265;RCBP PALMAS;FEMININO;17/09/1973;40;SEM INFORMAÇÃO;BRASIL;DISTRITO FEDERAL;BRASÍLIA;SEM ESCOLARIDADE;SOLTEIRO;351;TÉCNICOS DAS CIÊNCIAS ADMINISTRATIVAS 	;TOCANTINS;PALMAS;JUNCAO RETOSSIGMOIDIANA, SOE;C199;ADENOCARCINOMA TUBULAR;82113;JUNCAO RETOSSIGMOIDE;C19;;;;;false;HISTOLOGIA DO TUMOR PRIMÁRIO;LOCALIZADO;;;;;;;;23/12/2013;;
772226;RCBP PALMAS;MASCULINO;21/03/1932;81;PARDA;BRASIL;PIAUÍ;CRISTINO CASTRO;FUNDAMENTAL I (1ª A 4ª SÉRIE);VIÚVO;0;SEM INFORMAÇÃO	;TOCANTINS;PALMAS;PELE, SOE;C449;CARCINOMA BASOCELULAR, SOE;80903;NEOPLASIA MALIGNA DA PELE;C449;;;;;false;HISTOLOGIA DO TUMOR PRIMÁRIO;LOCALIZADO;;;;;;;;05/04/2013;;
1002882;RCBP PALMAS;MASCULINO;30/09/1953;59;BRANCO;BRASIL;TOCANTINS;MIRACEMA DO TOCANTINS;SEM INFORMAÇÃO;SEM INFORMAÇÃO;;;TOCANTINS;PALMAS;ESTOMAGO, SOE;C169;ADENOCARCINOMA, SOE;81403;ESTOMAGO, SOE;C169;;;;;false;HISTOLOGIA DO TUMOR PRIMÁRIO;LOCALIZADO;;;;;;;;26/06/2013;;
794455;RCBP PALMAS;MASCULINO;07/10/1952;60;PARDA;BRASIL;PIAUÍ;GILBUÉS;MÉDIO (ANTIGO SEGUNDO GRAU);CASADO;517;TRABALHADORES NOS SERVIÇOS DE PROTEÇÃO E SEGURANÇA	;TOCANTINS;PALMAS;PANCREAS, SOE;C259;NEOPLASIA MALIGNA;80003;PANCREAS, SOE;C259;;;;;false;SDO;SEM INFORMAÇÃO;;;;;CÂNCER;09/02/2013;;09/02/2013;;
1002883;RCBP PALMAS;MASCULINO;30/09/1953;59;PARDA;BRASIL;TOCANTINS;MIRACEMA DO TOCANTINS;FUNDAMENTAL I (1ª A 4ª SÉRIE);CASADO;0;SEM INFORMAÇÃO	;TOCANTINS;PALMAS;ESTOMAGO, SOE;C169;NEOPLASIA MALIGNA;80003;ESTOMAGO, SOE;C169;;;;;false;HISTOLOGIA DO TUMOR PRIMÁRIO;LOCALIZADO;;;;;;;;26/06/2013;;
1003291;RCBP PALMAS;FEMININO;07/01/1956;57;PRETA;BRASIL;MARANHÃO;CODÓ;FUNDAMENTAL I (1ª A 4ª SÉRIE);SOLTEIRO;0;SEM INFORMAÇÃO	;TOCANTINS;PALMAS;ENDOCERVIX;C530;CARCINOMA, SOE;80103;ENDOCERVIX;C530;;;;;false;HISTOLOGIA DO TUMOR PRIMÁRIO;LOCALIZADO;;;;;SEM INFORMAÇÃO;14/02/2016;;22/10/2013;;
1003289;RCBP PALMAS;FEMININO;26/11/1964;48;SEM INFORMAÇÃO;BRASIL;Não informado;Não Informado;SEM INFORMAÇÃO;SEM INFORMAÇÃO;;;TOCANTINS;PALMAS;PELE DO MEMBRO SUPERIOR E DO OMBRO;C446;CARCINOMA BASOCELULAR, SOE;80903;PELE DO MEMBRO SUPERIOR E DO OMBRO;C446;;;;;false;HISTOLOGIA DO TUMOR PRIMÁRIO;LOCALIZADO;;;;;;;;04/04/2013;;
1003295;RCBP PALMAS;MASCULINO;27/07/1961;51;SEM INFORMAÇÃO;BRASIL;Não informado;Não Informado;SEM INFORMAÇÃO;SEM INFORMAÇÃO;;;TOCANTINS;PALMAS;LESAO SOBREPOSTA DA PELE;C448;CARCINOMA ESCAMOCELULAR "IN SITU", SOE;80702;PELE DE OUTRAS LOCALIZACOES;D048;;;;;false;HISTOLOGIA DO TUMOR PRIMÁRIO;"IN SITU";;;;;;;;24/06/2013;;
1008300;RCBP PALMAS;FEMININO;25/09/1987;25;PARDA;BRASIL;MATO GROSSO DO SUL;;SUPERIOR COMPLETO;SEPARADO JUDICIALMENTE;239;OUTROS PROFISSIONAIS DO ENSINO NÃO CLASSIFICADOS ANTERIORMENTE	;TOCANTINS;PALMAS;TIREOIDE, SOE;C739;ADENOCARCINOMA PAPILAR, SOE;82603;GLANDULA TIREOIDE;C73;;;CARCINOMA DE TIREÓIDE;8.1;false;HISTOLOGIA DO TUMOR PRIMÁRIO;SEM INFORMAÇÃO;;;;;;;;15/01/2013;;
1008305;RCBP PALMAS;FEMININO;08/02/1950;63;PARDA;BRASIL;Não informado;;FUNDAMENTAL I (1ª A 4ª SÉRIE);VIÚVO;0;SEM INFORMAÇÃO	;TOCANTINS;PALMAS;LINFONODO, SOE;C779;LINFOMA MALIGNO, SOE;95903;LINFOMA NAO-HODGKIN, SOE;C859;;;;;false;SDO;NÃO SE APLICA;;;;;CÂNCER;04/08/2013;;04/08/2013;;
1008307;RCBP PALMAS;FEMININO;14/12/1960;52;SEM INFORMAÇÃO;BRASIL;RIO DE JANEIRO;RIO DE JANEIRO;SEM INFORMAÇÃO;SEM INFORMAÇÃO;;;TOCANTINS;PALMAS;PELE DE OUTRAS PARTES DA FACE;C443;CARCINOMA BASOCELULAR, SOE;80903;PELE DE OUTRAS PARTES DA FACE;C443;;;;;false;HISTOLOGIA DO TUMOR PRIMÁRIO;LOCALIZADO;;;;;;;;30/08/2013;;
1009115;RCBP PALMAS;MASCULINO;28/12/1932;80;BRANCO;BRASIL;Não informado;;SEM ESCOLARIDADE;CASADO;621;TRABALHADORES NA EXPLORAÇÃO AGROPECUÁRIA EM GERAL	;TOCANTINS;PALMAS;PROSTATA, SOE;C619;NEOPLASIA MALIGNA;80003;PROSTATA;C61;;;;;false;SDO;SEM INFORMAÇÃO;;;;;CÂNCER;08/04/2013;;08/04/2013;;
1009118;RCBP PALMAS;MASCULINO;16/04/1951;62;PARDA;BRASIL;GOIAS;PADRE BERNARDO;SEM INFORMAÇÃO;SEM INFORMAÇÃO;0;SEM INFORMAÇÃO	;TOCANTINS;PALMAS;PROSTATA, SOE;C619;ADENOCARCINOMA, SOE;81403;PROSTATA;C61;;;;;false;HISTOLOGIA DO TUMOR PRIMÁRIO;LOCALIZADO;;;;;;;;15/08/2013;;
1009119;RCBP PALMAS;MASCULINO;30/12/1965;47;BRANCO;BRASIL;SÃO PAULO;BARRETOS;SEM INFORMAÇÃO;SEM INFORMAÇÃO;;;TOCANTINS;PALMAS;BASE DA LINGUA, SOE;C019;CARCINOMA ESCAMOCELULAR, SOE;80703;BASE DA LINGUA;C01;;;;;false;HISTOLOGIA DO TUMOR PRIMÁRIO;LOCALIZADO;;;;;;;;19/08/2013;;
1009121;RCBP PALMAS;FEMININO;15/08/1960;52;PARDA;BRASIL;TOCANTINS;TOCANTINÓPOLIS;SEM INFORMAÇÃO;SEM INFORMAÇÃO;;;TOCANTINS;PALMAS;PELE DO MEMBRO INFERIOR E DO QUADRIL;C447;CARCINOMA "IN SITU", SOE;80102;PELE DOS MEMBROS INFERIORES, INCLUINDO QUADRIL;D047;;;;;false;HISTOLOGIA DO TUMOR PRIMÁRIO;"IN SITU";;;;;;;;17/07/2013;;
1009143;RCBP PALMAS;FEMININO;16/02/1948;65;BRANCO;BRASIL;Não informado;;FUNDAMENTAL I (1ª A 4ª SÉRIE);CASADO;512;TRABALHADORES DOS SERVIÇOS DOMÉSTICOS EM GERAL	;TOCANTINS;PALMAS;GLANDULA PAROTIDA, SOE;C079;NEOPLASIA MALIGNA;80003;GLANDULA PAROTIDA;C07;;;;;false;SDO;SEM INFORMAÇÃO;;;;;CÂNCER;03/12/2013;;03/12/2013;;
1009144;RCBP PALMAS;FEMININO;02/06/1962;50;SEM INFORMAÇÃO;BRASIL;Não informado;Não Informado;SEM INFORMAÇÃO;SEM INFORMAÇÃO;0;SEM INFORMAÇÃO	;TOCANTINS;PALMAS;PELE DE OUTRAS PARTES DA FACE;C443;CARCINOMA BASOCELULAR, SOE;80903;PELE DE OUTRAS PARTES DA FACE;C443;;;;;false;HISTOLOGIA DO TUMOR PRIMÁRIO;LOCALIZADO;;;;;;;;03/05/2013;;
1009145;RCBP PALMAS;MASCULINO;23/03/1932;81;SEM INFORMAÇÃO;BRASIL;TOCANTINS;PONTE ALTA DO TOCANTINS;SEM INFORMAÇÃO;SEM INFORMAÇÃO;0;SEM INFORMAÇÃO	;TOCANTINS;PALMAS;PROSTATA, SOE;C619;ADENOCARCINOMA, SOE;81403;PROSTATA;C61;;;;;false;HISTOLOGIA DO TUMOR PRIMÁRIO;LOCALIZADO;;;;;;;;04/06/2013;;
1009146;RCBP PALMAS;MASCULINO;07/04/1942;71;SEM INFORMAÇÃO;BRASIL;Não informado;;FUNDAMENTAL I (1ª A 4ª SÉRIE);CASADO;0;SEM INFORMAÇÃO	;TOCANTINS;PALMAS;PROSTATA, SOE;C619;NEOPLASIA MALIGNA;80003;PROSTATA;C61;;;;;false;SDO;SEM INFORMAÇÃO;;;;;CÂNCER;02/06/2013;;02/06/2013;;
1009137;RCBP PALMAS;FEMININO;21/08/1940;73;PARDA;BRASIL;MARANHÃO;;FUNDAMENTAL I (1ª A 4ª SÉRIE);CASADO;0;SEM INFORMAÇÃO	;TOCANTINS;PALMAS;GLOTE;C320;CARCINOMA ESCAMOCELULAR, SOE;80703;GLOTE;C320;;;;;false;HISTOLOGIA DO TUMOR PRIMÁRIO;LOCALIZADO;;;;;;;;11/11/2013;;
1009123;RCBP PALMAS;FEMININO;15/08/1954;58;PARDA;BRASIL;Não informado;;MÉDIO (ANTIGO SEGUNDO GRAU);CASADO;;;TOCANTINS;PALMAS;ENCEFALO, SOE;C719;NEOPLASIA MALIGNA;80003;ENCEFALO, SOE;C719;;;;;false;SDO;SEM INFORMAÇÃO;;;;;CÂNCER;22/02/2013;;22/02/2013;;
1009124;RCBP PALMAS;FEMININO;03/08/1962;50;PARDA;BRASIL;PERNAMBUCO;OURICURI;SEM INFORMAÇÃO;SEM INFORMAÇÃO;0;SEM INFORMAÇÃO	;TOCANTINS;PALMAS;PELE DO TRONCO;C445;CARCINOMA BASOCELULAR, SOE;80903;PELE DO TRONCO;C445;;;;;false;HISTOLOGIA DO TUMOR PRIMÁRIO;LOCALIZADO;;;;;;;;28/02/2013;;
1009125;RCBP PALMAS;FEMININO;25/05/1975;37;PARDA;BRASIL;TOCANTINS;;FUNDAMENTAL II (5ª A 8ª SÉRIE);CASADO;0;SEM INFORMAÇÃO	;TOCANTINS;PALMAS;OVARIO, SOE;C569;CISTADENOCARCINOMA PAPILAR SEROSO;84603;OVARIO;C56;;;;;false;HISTOLOGIA DO TUMOR PRIMÁRIO;SEM INFORMAÇÃO;;;;;;;;27/01/2013;;
1009128;RCBP PALMAS;FEMININO;22/11/1959;53;PARDA;BRASIL;PARÁ;CAMETÁ;SUPERIOR COMPLETO;CASADO;211;MATEMÁTICOS, ESTATÍSTICOS E AFINS 	;TOCANTINS;PALMAS;MAMA , SOE;C509;CARCINOMA DUCTAL INFILTRANTE;85003;MAMA , SOE;C509;;;;;false;HISTOLOGIA DO TUMOR PRIMÁRIO;LOCALIZADO;;;;;;;;22/03/2013;;
1009129;RCBP PALMAS;FEMININO;04/05/1951;61;SEM INFORMAÇÃO;BRASIL;Não informado;Não Informado;SEM INFORMAÇÃO;SEM INFORMAÇÃO;0;SEM INFORMAÇÃO	;TOCANTINS;PALMAS;PELE DO TRONCO;C445;CARCINOMA BASOCELULAR, SOE;80903;PELE DO TRONCO;C445;;;;;false;HISTOLOGIA DO TUMOR PRIMÁRIO;LOCALIZADO;;;;;;;;24/04/2013;;
1009147;RCBP PALMAS;MASCULINO;26/05/1963;50;BRANCO;BRASIL;PIAUÍ;;SEM INFORMAÇÃO;SEPARADO JUDICIALMENTE;514;TRABALHADORES NOS SERVIÇOS DE ADMINISTRAÇÃO, CONSERVAÇÃO E MANUTENÇÃO DE EDIFÍCIOS E LOGRADOUROS  	;TOCANTINS;PALMAS;ESTOMAGO, SOE;C169;ADENOCARCINOMA, TIPO INTESTINAL;81443;ESTOMAGO, SOE;C169;;;;;false;HISTOLOGIA DO TUMOR PRIMÁRIO;LOCALIZADO;;;;;CÂNCER;20/07/2013;;17/07/2013;;
1009135;RCBP PALMAS;FEMININO;27/07/1945;68;BRANCO;BRASIL;Não informado;;FUNDAMENTAL I (1ª A 4ª SÉRIE);SOLTEIRO;512;TRABALHADORES DOS SERVIÇOS DOMÉSTICOS EM GERAL	;TOCANTINS;PALMAS;LOCALIZACAO PRIMARIA DESCONHECIDA, SOE;C809;NEOPLASIA MALIGNA;80003;LOCALIZACAO PRIMARIA DESCONHECIDA;C80;;;;;false;SDO;SEM INFORMAÇÃO;;;;;CÂNCER;20/08/2013;;20/08/2013;;
1009138;RCBP PALMAS;FEMININO;22/04/1952;60;PARDA;BRASIL;Não informado;;FUNDAMENTAL I (1ª A 4ª SÉRIE);SEPARADO JUDICIALMENTE;0;SEM INFORMAÇÃO	;TOCANTINS;PALMAS;VIA BILIAR, SOE;C249;NEOPLASIA MALIGNA;80003;VIA BILIAR, SOE;C249;;;;;false;SDO;SEM INFORMAÇÃO;;;;;CÂNCER;09/04/2013;;09/04/2013;;
1009447;RCBP PALMAS;FEMININO;14/03/1956;56;PARDA;BRASIL;Não informado;;SEM INFORMAÇÃO;SEPARADO JUDICIALMENTE;621;TRABALHADORES NA EXPLORAÇÃO AGROPECUÁRIA EM GERAL	;TOCANTINS;PALMAS;OVARIO, SOE;C569;NEOPLASIA MALIGNA;80003;OVARIO;C56;;;;;false;SDO;METÁSTASE;;;;;CÂNCER;16/02/2013;;16/02/2013;;
1009450;RCBP PALMAS;MASCULINO;24/10/1922;90;PARDA;BRASIL;Não informado;;FUNDAMENTAL I (1ª A 4ª SÉRIE);VIÚVO;621;TRABALHADORES NA EXPLORAÇÃO AGROPECUÁRIA EM GERAL	;TOCANTINS;PALMAS;ESTOMAGO, SOE;C169;NEOPLASIA MALIGNA;80003;ESTOMAGO, SOE;C169;;;;;false;SDO;SEM INFORMAÇÃO;;;;;CÂNCER;14/08/2013;;14/08/2013;;
1009452;RCBP PALMAS;FEMININO;15/04/1971;41;SEM INFORMAÇÃO;BRASIL;Não informado;Não Informado;SEM INFORMAÇÃO;SEM INFORMAÇÃO;0;SEM INFORMAÇÃO	;TOCANTINS;PALMAS;PELE DE OUTRAS PARTES DA FACE;C443;CARCINOMA BASOCELULAR, SOE;80903;PELE DE OUTRAS PARTES DA FACE;C443;;;;;false;HISTOLOGIA DO TUMOR PRIMÁRIO;LOCALIZADO;;;;;;;;11/04/2013;;
1009453;RCBP PALMAS;MASCULINO;05/03/1962;51;SEM INFORMAÇÃO;BRASIL;PARÁ;BELÉM;SEM INFORMAÇÃO;SEM INFORMAÇÃO;0;SEM INFORMAÇÃO	;TOCANTINS;PALMAS;PELE, SOE;C449;CARCINOMA BASOCELULAR, SOE;80903;NEOPLASIA MALIGNA DA PELE;C449;;;;;false;HISTOLOGIA DO TUMOR PRIMÁRIO;LOCALIZADO;;;;;;;;13/03/2013;;
1009455;RCBP PALMAS;MASCULINO;15/11/1961;51;SEM INFORMAÇÃO;BRASIL;ESPIRITO SANTO;;SUPERIOR COMPLETO;SEM INFORMAÇÃO;0;SEM INFORMAÇÃO	;TOCANTINS;PALMAS;PROSTATA, SOE;C619;CARCINOMA DE CELULAS ACINOSAS;85503;PROSTATA;C61;;;;;false;HISTOLOGIA DO TUMOR PRIMÁRIO;SEM INFORMAÇÃO;;;;;;;;15/07/2013;;
1009456;RCBP PALMAS;MASCULINO;11/02/1940;73;PARDA;BRASIL;MINAS GERAIS;;FUNDAMENTAL II (5ª A 8ª SÉRIE);CASADO;0;SEM INFORMAÇÃO	;TOCANTINS;PALMAS;PROSTATA, SOE;C619;ADENOCARCINOMA, SOE;81403;PROSTATA;C61;;;;;false;HISTOLOGIA DO TUMOR PRIMÁRIO;SEM INFORMAÇÃO;;;;;;;;30/10/2013;;
1009615;RCBP PALMAS;MASCULINO;15/09/1945;67;SEM INFORMAÇÃO;BRASIL;TOCANTINS;TOCANTINÓPOLIS;SEM INFORMAÇÃO;SEM INFORMAÇÃO;0;SEM INFORMAÇÃO	;TOCANTINS;PALMAS;PROSTATA, SOE;C619;ADENOCARCINOMA, SOE;81403;PROSTATA;C61;;;;;false;HISTOLOGIA DO TUMOR PRIMÁRIO;LOCALIZADO;;;;;;;;13/03/2013;;
1009618;RCBP PALMAS;MASCULINO;06/06/1936;76;SEM INFORMAÇÃO;BRASIL;MINAS GERAIS;TUPACIGUARA;SEM INFORMAÇÃO;SEM INFORMAÇÃO;0;SEM INFORMAÇÃO	;TOCANTINS;PALMAS;PROSTATA, SOE;C619;ADENOCARCINOMA, SOE;81403;PROSTATA;C61;;;;;false;HISTOLOGIA DO TUMOR PRIMÁRIO;LOCALIZADO;;;;;;;;14/01/2013;;
1009611;RCBP PALMAS;FEMININO;15/04/1959;54;PARDA;BRASIL;TOCANTINS;;FUNDAMENTAL I (1ª A 4ª SÉRIE);UNIÃO CONSENSUAL;0;SEM INFORMAÇÃO	;TOCANTINS;PALMAS;VIAS BILIARES INTRA-HEPATICAS;C221;COLANGIOCARCINOMA;81603;FIGADO E VIAS BILIARES INTRA-HEPATICAS;C22;;;;;false;HISTOLOGIA DO TUMOR PRIMÁRIO;SEM INFORMAÇÃO;;;;;SEM INFORMAÇÃO;25/10/2013;;16/07/2013;;
1009609;RCBP PALMAS;MASCULINO;02/05/1980;33;SEM INFORMAÇÃO;BRASIL;MINAS GERAIS;;SUPERIOR COMPLETO;SEM INFORMAÇÃO;0;SEM INFORMAÇÃO	;TOCANTINS;PALMAS;JUNCAO RETOSSIGMOIDIANA, SOE;C199;ADENOCARCINOMA "IN SITU", SOE;81402;JUNCAO RETOSSIGMOIDEA;D011;;;;;false;HISTOLOGIA DO TUMOR PRIMÁRIO;"IN SITU";;;;;;;;15/05/2013;;
1009612;RCBP PALMAS;FEMININO;15/04/1959;54;PARDA;BRASIL;Não informado;;FUNDAMENTAL I (1ª A 4ª SÉRIE);SOLTEIRO;0;SEM INFORMAÇÃO	;TOCANTINS;PALMAS;CABECA DO PANCREAS;C250;NEOPLASIA MALIGNA;80003;CABECA DO PANCREAS;C250;;;;;false;SDO;SEM INFORMAÇÃO;;;;;CÂNCER;25/10/2013;;25/10/2013;;
1009613;RCBP PALMAS;MASCULINO;18/03/1959;54;SEM INFORMAÇÃO;BRASIL;TOCANTINS;ITACAJÁ;SEM INFORMAÇÃO;SEM INFORMAÇÃO;0;SEM INFORMAÇÃO	;TOCANTINS;PALMAS;PROSTATA, SOE;C619;ADENOCARCINOMA, SOE;81403;PROSTATA;C61;;;;;false;HISTOLOGIA DO TUMOR PRIMÁRIO;LOCALIZADO;;;;;;;;11/06/2013;;
1009614;RCBP PALMAS;MASCULINO;27/07/1953;60;SEM INFORMAÇÃO;BRASIL;MARANHÃO;PEDREIRAS;SEM INFORMAÇÃO;SEM INFORMAÇÃO;;;TOCANTINS;PALMAS;PROSTATA, SOE;C619;ADENOCARCINOMA, SOE;81403;PROSTATA;C61;;;;;false;HISTOLOGIA DO TUMOR PRIMÁRIO;LOCALIZADO;;;;;;;;23/09/2013;;
1009619;RCBP PALMAS;FEMININO;07/05/1975;37;BRANCO;BRASIL;Não informado;;MÉDIO (ANTIGO SEGUNDO GRAU);CASADO;;;TOCANTINS;PALMAS;PULMAO, SOE;C349;NEOPLASIA MALIGNA;80003;BRONQUIOS OU PULMOES, SOE;C349;;;;;false;SDO;SEM INFORMAÇÃO;;;;;CÂNCER;14/01/2013;;14/01/2013;;
1009621;RCBP PALMAS;FEMININO;04/07/1954;58;SEM INFORMAÇÃO;BRASIL;MARANHÃO;CAXIAS;SEM INFORMAÇÃO;SEM INFORMAÇÃO;0;SEM INFORMAÇÃO	;TOCANTINS;PALMAS;PELE DE OUTRAS PARTES DA FACE;C443;CARCINOMA BASOCELULAR, SOE;80903;PELE DE OUTRAS PARTES DA FACE;C443;;;;;false;HISTOLOGIA DO TUMOR PRIMÁRIO;LOCALIZADO;;;;;;;;27/02/2013;;
1009622;RCBP PALMAS;FEMININO;10/05/1961;52;PRETA;BRASIL;Não informado;;FUNDAMENTAL I (1ª A 4ª SÉRIE);CASADO;611;PRODUTORES AGROPECUÁRIOS EM GERAL 	;TOCANTINS;PALMAS;PULMAO, SOE;C349;NEOPLASIA MALIGNA;80003;BRONQUIOS OU PULMOES, SOE;C349;;;;;false;SDO;SEM INFORMAÇÃO;;;;;CÂNCER;31/05/2013;;31/05/2013;;
1009625;RCBP PALMAS;FEMININO;03/05/1965;48;BRANCO;BRASIL;RIO GRANDE DO SUL;TENENTE PORTELA;SEM INFORMAÇÃO;SEM INFORMAÇÃO;;;TOCANTINS;PALMAS;PELE DO TRONCO;C445;CARCINOMA BASOCELULAR, SOE;80903;PELE DO TRONCO;C445;;;;;false;HISTOLOGIA DO TUMOR PRIMÁRIO;LOCALIZADO;;;;;;;;05/09/2013;;
1009626;RCBP PALMAS;FEMININO;03/05/1965;48;SEM INFORMAÇÃO;BRASIL;RIO GRANDE DO SUL;TENENTE PORTELA;SEM INFORMAÇÃO;SEM INFORMAÇÃO;0;SEM INFORMAÇÃO	;TOCANTINS;PALMAS;PELE DO TRONCO;C445;CARCINOMA BASOCELULAR, SOE;80903;PELE DO TRONCO;C445;;;;;false;HISTOLOGIA DO TUMOR PRIMÁRIO;LOCALIZADO;;;;;;;;09/10/2013;;
1010142;RCBP PALMAS;FEMININO;07/03/1972;41;SEM INFORMAÇÃO;BRASIL;GOIAS;CRIXÁS;SEM INFORMAÇÃO;SEM INFORMAÇÃO;0;SEM INFORMAÇÃO	;TOCANTINS;PALMAS;PELE DE OUTRAS PARTES DA FACE;C443;CARCINOMA BASOCELULAR, SOE;80903;PELE DE OUTRAS PARTES DA FACE;C443;;;;;false;HISTOLOGIA DO TUMOR PRIMÁRIO;LOCALIZADO;;;;;;;;23/09/2013;;
1010246;RCBP PALMAS;MASCULINO;30/05/1968;44;PARDA;BRASIL;MATO GROSSO ;SANTA TEREZINHA;MÉDIO (ANTIGO SEGUNDO GRAU);SOLTEIRO;231;PROFESSORES DE NÍVEL SUPERIOR NA EDUCAÇÃO INFANTIL E NO ENSINO FUNDAMENTAL	;TOCANTINS;PALMAS;ENCEFALO, SOE;C719;OLIGODENDROGLIOMA, SOE;94503;ENCEFALO, SOE;C719;;;;;false;HISTOLOGIA DO TUMOR PRIMÁRIO;METÁSTASE;;;;;;;;10/02/2013;;
1010247;RCBP PALMAS;MASCULINO;28/03/1934;78;SEM INFORMAÇÃO;BRASIL;MINAS GERAIS;LEOPOLDINA;SEM INFORMAÇÃO;SEM INFORMAÇÃO;0;SEM INFORMAÇÃO	;TOCANTINS;PALMAS;OUVIDO EXTERNO;C442;CARCINOMA BASOCELULAR, SOE;80903;PELE DA ORELHA E CONDUTO AUDITIVO EXTERNO;C442;;;;;false;HISTOLOGIA DO TUMOR PRIMÁRIO;LOCALIZADO;;;;;;;;13/03/2013;;
1010248;RCBP PALMAS;MASCULINO;15/05/1954;59;SEM INFORMAÇÃO;BRASIL;BAHIA;FILADÉLFIA;SEM INFORMAÇÃO;SEM INFORMAÇÃO;0;SEM INFORMAÇÃO	;TOCANTINS;PALMAS;PROSTATA, SOE;C619;ADENOCARCINOMA, SOE;81403;PROSTATA;C61;;;;;false;HISTOLOGIA DO TUMOR PRIMÁRIO;LOCALIZADO;;;;;;;;05/12/2013;;
1010249;RCBP PALMAS;FEMININO;09/01/2012;1;PARDA;BRASIL;TOCANTINS;;SEM ESCOLARIDADE;SOLTEIRO;0;SEM INFORMAÇÃO	;TOCANTINS;PALMAS;MEDULA OSSEA;C421;LEUCEMIA MIELOIDE AGUDA, SOE;98613;LEUCEMIA MIELOIDE AGUDA;C920;Leucemias mielóides agudas;I-B;;;false;HISTOLOGIA DO TUMOR PRIMÁRIO;NÃO SE APLICA;;;;;CÂNCER;16/03/2013;;21/02/2013;;
844700;RCBP PALMAS;FEMININO;05/07/1926;86;PARDA;BRASIL;TOCANTINS;NATIVIDADE;FUNDAMENTAL I (1ª A 4ª SÉRIE);VIÚVO;0;SEM INFORMAÇÃO	;TOCANTINS;PALMAS;LOCALIZACAO PRIMARIA DESCONHECIDA, SOE;C809;NEOPLASIA MALIGNA;80003;LOCALIZACAO PRIMARIA DESCONHECIDA;C80;;;;;false;SDO;METÁSTASE;;;;;CÂNCER;12/05/2013;;12/05/2013;;
987517;RCBP PALMAS;MASCULINO;15/09/1947;66;PARDA;BRASIL;PERNAMBUCO;;MÉDIO (ANTIGO SEGUNDO GRAU);VIÚVO;524;VENDEDORES A DOMICÍLIO, AMBULANTES E EM BANCAS	;TOCANTINS;PALMAS;JEJUNO;C171;SARCOMA ESTROMAL GASTROINTESTINAL;89363;JEJUNO;C171;;;;;false;HISTOLOGIA DO TUMOR PRIMÁRIO;LOCALIZADO;;;;;;;;05/12/2013;;
991328;RCBP PALMAS;MASCULINO;16/02/1931;82;PRETA;BRASIL;MARANHÃO;NOVA IORQUE;FUNDAMENTAL I (1ª A 4ª SÉRIE);CASADO;612;PRODUTORES AGRÍCOLAS 	;TOCANTINS;PALMAS;CEREBRO;C710;ASTROCITOMA FIBRILAR;94203;CEREBRO;C710;;;;;false;HISTOLOGIA DO TUMOR PRIMÁRIO;SEM INFORMAÇÃO;;;;;CÂNCER;26/09/2014;;19/07/2013;;
973311;RCBP PALMAS;MASCULINO;06/07/1928;85;PARDA;BRASIL;PIAUÍ;;FUNDAMENTAL I (1ª A 4ª SÉRIE);CASADO;621;TRABALHADORES NA EXPLORAÇÃO AGROPECUÁRIA EM GERAL	;TOCANTINS;PALMAS;FOSSA AMIGDALIANA;C090;CARCINOMA ESCAMOCELULAR, SOE;80703;FOSSA AMIGDALIANA;C090;;;;;false;HISTOLOGIA DO TUMOR PRIMÁRIO;METÁSTASE;;;;;SEM INFORMAÇÃO;09/05/2014;;28/08/2013;;
1001989;RCBP PALMAS;FEMININO;07/03/1969;44;PARDA;BRASIL;PARÁ;PACAJÁ;FUNDAMENTAL I (1ª A 4ª SÉRIE);SOLTEIRO;0;SEM INFORMAÇÃO	;TOCANTINS;PALMAS;ECTOCERVIX;C531;NEOPLASIA INTRA-EPITELIAL ESCAMOSA,GRAU IIII;80772;COLO DO UTERO, SOE;D069;;;;;false;HISTOLOGIA DO TUMOR PRIMÁRIO;"IN SITU";;;;;;;;26/03/2013;;
977857;RCBP PALMAS;MASCULINO;11/02/2009;4;PARDA;BRASIL;TOCANTINS;;SEM ESCOLARIDADE;SOLTEIRO;0;SEM INFORMAÇÃO	;TOCANTINS;PALMAS;MEDULA OSSEA;C421;LEUCEMIA MIELOIDE AGUDA, SOE;98613;LEUCEMIA MIELOIDE AGUDA;C920;Leucemias mielóides agudas;I-B;;;false;HISTOLOGIA DO TUMOR PRIMÁRIO;NÃO SE APLICA;;;;;;;;06/08/2013;;
1001996;RCBP PALMAS;MASCULINO;20/09/2007;5;SEM INFORMAÇÃO;BRASIL;TOCANTINS;;SEM ESCOLARIDADE;SEM INFORMAÇÃO;0;SEM INFORMAÇÃO	;TOCANTINS;PALMAS;RIM, SOE;C649;NEFROBLASTOMA, SOE;89603;RIM;C64;Tumor de Wilms, tumor rabdóide e sarcoma de células claras;VI-A;;;false;HISTOLOGIA DO TUMOR PRIMÁRIO;SEM INFORMAÇÃO;;;;;;;;09/09/2013;;
964114;RCBP PALMAS;FEMININO;11/08/1962;50;BRANCO;BRASIL;GOIAS;URUANA;MÉDIO (ANTIGO SEGUNDO GRAU);CASADO;0;SEM INFORMAÇÃO	;TOCANTINS;PALMAS;MAMA , SOE;C509;CARCINOMA DUCTAL INFILTRANTE;85003;MAMA , SOE;C509;;;;;false;HISTOLOGIA DO TUMOR PRIMÁRIO;LOCALIZADO;;;;;;;;08/03/2013;;
1437145;RCBP PALMAS;FEMININO;07/06/1953;60;BRANCO;BRASIL;GOIAS;GOIÂNIA;SEM INFORMAÇÃO;SEM INFORMAÇÃO;0;SEM INFORMAÇÃO	;TOCANTINS;PALMAS;PELE DO COURO CABELUDO E DO PESCOCO;C444;CARCINOMA ESCAMOCELULAR, SOE;80703;PELE DO COURO CABELUDO E DO PESCOCO;C444;;;;;false;HISTOLOGIA DO TUMOR PRIMÁRIO;LOCALIZADO;;;;;;;;14/06/2013;;
991982;RCBP PALMAS;FEMININO;19/11/1940;72;PRETA;BRASIL;TOCANTINS;TOCANTÍNIA;SEM ESCOLARIDADE;VIÚVO;611;PRODUTORES AGROPECUÁRIOS EM GERAL 	;TOCANTINS;PALMAS;CORPO DO PANCREAS;C251;ADENOCARCINOMA, SOE;81403;CORPO DO PANCREAS;C251;;;;;false;HISTOLOGIA DO TUMOR PRIMÁRIO;SEM INFORMAÇÃO;;;;;CÂNCER;10/03/2014;;10/11/2013;;
972054;RCBP PALMAS;FEMININO;02/11/1949;63;PRETA;BRASIL;MARANHÃO;FORMOSA DA SERRA NEGRA;FUNDAMENTAL II (5ª A 8ª SÉRIE);CASADO;0;SEM INFORMAÇÃO	;TOCANTINS;PALMAS;DUODENO;C170;ADENOCARCINOMA, SOE;81403;DUODENO;C170;;;;;false;HISTOLOGIA DO TUMOR PRIMÁRIO;METÁSTASE;;;;;CÂNCER;08/09/2014;;15/05/2013;;
1437645;RCBP PALMAS;FEMININO;22/06/1975;38;SEM INFORMAÇÃO;BRASIL;MARANHÃO;IMPERATRIZ;SEM INFORMAÇÃO;SEM INFORMAÇÃO;0;SEM INFORMAÇÃO	;TOCANTINS;PALMAS;COLO DO UTERO, SOE;C539;NEOPLASIA INTRA-EPITELIAL ESCAMOSA,GRAU IIII;80772;COLO DO UTERO, SOE;D069;;;;;false;SEM INFORMAÇÃO;"IN SITU";;;;;;;;09/09/2013;;
972000;RCBP PALMAS;FEMININO;09/09/1943;69;PARDA;BRASIL;PIAUÍ;RIBEIRO GONÇALVES;FUNDAMENTAL II (5ª A 8ª SÉRIE);SOLTEIRO;0;SEM INFORMAÇÃO	;TOCANTINS;PALMAS;MEDULA OSSEA;C421;LEUCEMIA MIELOIDE CRONICA, SOE;98633;LEUCEMIA MIELOIDE CRONICA;C921;;;;;false;HISTOLOGIA DO TUMOR PRIMÁRIO;NÃO SE APLICA;;;;;CÂNCER;02/04/2014;;12/08/2013;;
1001998;RCBP PALMAS;MASCULINO;17/09/1954;59;SEM INFORMAÇÃO;BRASIL;PERNAMBUCO;MIRANDIBA;SEM INFORMAÇÃO;SEM INFORMAÇÃO;0;SEM INFORMAÇÃO	;TOCANTINS;PALMAS;PROSTATA, SOE;C619;ADENOCARCINOMA, SOE;81403;PROSTATA;C61;;;;;false;HISTOLOGIA DO TUMOR PRIMÁRIO;LOCALIZADO;;;;;;;;17/09/2013;;
987502;RCBP PALMAS;FEMININO;28/05/1964;49;PARDA;BRASIL;GOIAS;GOIÂNIA;MÉDIO (ANTIGO SEGUNDO GRAU);SOLTEIRO;513;TRABALHADORES DOS SERVIÇOS DE HOTELARIA E ALIMENTAÇÃO 	;TOCANTINS;PALMAS;LINFONODOS DA CABECA, FACE E PESCOCO;C770;LINFOMA MALIGNO, CELS. GRANDES B, DIFUSO, SOE;96803;GRANDES CELULAS (DIFUSO);C833;;;;;false;HISTOLOGIA DO TUMOR PRIMÁRIO;NÃO SE APLICA;;;;;CÂNCER;21/06/2015;;23/10/2013;;
972002;RCBP PALMAS;FEMININO;08/04/1955;57;PARDA;BRASIL;TOCANTINS;MIRACEMA DO TOCANTINS;FUNDAMENTAL I (1ª A 4ª SÉRIE);UNIÃO CONSENSUAL;782;CONDUTORES DE VEÍCULOS E OPERADORES DE EQUIPAMENTOS DE ELEVAÇÃO E DE MOVIMENTAÇÃO DE CARGAS   	;TOCANTINS;PALMAS;MEDULA OSSEA;C421;MIELOMA MULTIPLO;97323;MIELOMA MULTIPLO;C900;;;;;false;CITOLOGIA;NÃO SE APLICA;;;;;CÂNCER;26/04/2015;;23/01/2013;;
981174;RCBP PALMAS;FEMININO;15/05/1934;79;PARDA;BRASIL;MARANHÃO;PORTO FRANCO;SEM ESCOLARIDADE;VIÚVO;0;SEM INFORMAÇÃO	;TOCANTINS;PALMAS;ENDOCERVIX;C530;CARCINOMA ESCAMOCELULAR, SOE;80703;ENDOCERVIX;C530;;;;;false;HISTOLOGIA DO TUMOR PRIMÁRIO;METÁSTASE;;;;;SEM INFORMAÇÃO;11/06/2015;;18/09/2013;;
964115;RCBP PALMAS;FEMININO;22/10/1939;73;SEM INFORMAÇÃO;BRASIL;TOCANTINS;GURUPI;SEM INFORMAÇÃO;SEM INFORMAÇÃO;0;SEM INFORMAÇÃO	;TOCANTINS;PALMAS;PELE DO MEMBRO SUPERIOR E DO OMBRO;C446;CARCINOMA BASOCELULAR, SOE;80903;PELE DO MEMBRO SUPERIOR E DO OMBRO;C446;;;;;false;HISTOLOGIA DO TUMOR PRIMÁRIO;LOCALIZADO;;;;;;;;01/03/2013;;
964116;RCBP PALMAS;FEMININO;26/07/1931;82;PARDA;BRASIL;MARANHÃO;RIACHÃO;SEM INFORMAÇÃO;SEM INFORMAÇÃO;0;SEM INFORMAÇÃO	;TOCANTINS;PALMAS;PELE DE OUTRAS PARTES DA FACE;C443;CARCINOMA BASOCELULAR, SOE;80903;PELE DE OUTRAS PARTES DA FACE;C443;;;;;false;HISTOLOGIA DO TUMOR PRIMÁRIO;LOCALIZADO;;;;;;;;11/11/2013;;
972059;RCBP PALMAS;FEMININO;21/07/1968;44;PARDA;BRASIL;TOCANTINS;ALMAS;FUNDAMENTAL I (1ª A 4ª SÉRIE);SOLTEIRO;0;SEM INFORMAÇÃO	;TOCANTINS;PALMAS;ENDOCERVIX;C530;NEOPLASIA INTRA-EPITELIAL ESCAMOSA,GRAU IIII;80772;COLO DO UTERO, SOE;D069;;;;;false;HISTOLOGIA DO TUMOR PRIMÁRIO;"IN SITU";;;;;;;;10/06/2013;;
973315;RCBP PALMAS;MASCULINO;22/12/1996;16;PARDA;BRASIL;DISTRITO FEDERAL;;MÉDIO (ANTIGO SEGUNDO GRAU);CASADO;0;SEM INFORMAÇÃO	;TOCANTINS;PALMAS;MEDULA OSSEA;C421;LEUCEMIA LINFOBLASTICA DE CELULAS PRECURSORAS,SOE;98353;LEUCEMIA LINFOBLASTICA AGUDA;C910;Leucemias linfóides;I-A;LEUCEMIA LINFÓIDE AGUDA;1.1;false;HISTOLOGIA DO TUMOR PRIMÁRIO;NÃO SE APLICA;;;;;CÂNCER;16/06/2015;;30/04/2013;;
974812;RCBP PALMAS;FEMININO;25/07/1973;39;PARDA;BRASIL;TOCANTINS;;MÉDIO (ANTIGO SEGUNDO GRAU);CASADO;514;TRABALHADORES NOS SERVIÇOS DE ADMINISTRAÇÃO, CONSERVAÇÃO E MANUTENÇÃO DE EDIFÍCIOS E LOGRADOUROS  	;TOCANTINS;PALMAS;CEREBRO;C710;OLIGODENDROGLIOMA, SOE;94503;CEREBRO;C710;;;;;false;HISTOLOGIA DO TUMOR PRIMÁRIO;SEM INFORMAÇÃO;;;;;;;;18/02/2013;;
975466;RCBP PALMAS;FEMININO;04/04/1959;54;BRANCO;BRASIL;MARANHÃO;;FUNDAMENTAL I (1ª A 4ª SÉRIE);UNIÃO CONSENSUAL;514;TRABALHADORES NOS SERVIÇOS DE ADMINISTRAÇÃO, CONSERVAÇÃO E MANUTENÇÃO DE EDIFÍCIOS E LOGRADOUROS  	;TOCANTINS;PALMAS;AMIGDALA, SOE;C099;CARCINOMA ESCAMOCELULAR, SOE;80703;AMIGDALA, SOE;C099;;;;;false;HISTOLOGIA DO TUMOR PRIMÁRIO;METÁSTASE;;;;;;;;10/08/2013;;
976639;RCBP PALMAS;MASCULINO;19/12/1953;59;BRANCO;BRASIL;TOCANTINS;;SEM ESCOLARIDADE;CASADO;621;TRABALHADORES NA EXPLORAÇÃO AGROPECUÁRIA EM GERAL	;TOCANTINS;PALMAS;PROSTATA, SOE;C619;ADENOCARCINOMA, SOE;81403;PROSTATA;C61;;;;;false;HISTOLOGIA DO TUMOR PRIMÁRIO;METÁSTASE;;;;;;;;18/06/2013;;
985219;RCBP PALMAS;MASCULINO;08/09/1944;69;PARDA;BRASIL;PIAUÍ;;SEM ESCOLARIDADE;CASADO;621;TRABALHADORES NA EXPLORAÇÃO AGROPECUÁRIA EM GERAL	;TOCANTINS;PALMAS;PULMAO, SOE;C349;CARCINOMA DE CELULAS NAO PEQUENAS;80463;BRONQUIOS OU PULMOES, SOE;C349;;;;;false;HISTOLOGIA DO TUMOR PRIMÁRIO;METÁSTASE;;;;;SEM INFORMAÇÃO;14/01/2014;;09/10/2013;;
993123;RCBP PALMAS;FEMININO;13/03/1970;43;BRANCO;BRASIL;Não informado;Não Informado;SEM INFORMAÇÃO;SEM INFORMAÇÃO;0;SEM INFORMAÇÃO	;TOCANTINS;PALMAS;MAMA , SOE;C509;NEOPLASIA MALIGNA;80003;MAMA , SOE;C509;;;;;false;SEM INFORMAÇÃO;METÁSTASE;;;;;CÂNCER;19/09/2015;;15/11/2013;;
991899;RCBP PALMAS;MASCULINO;06/08/1936;76;PARDA;BRASIL;TOCANTINS;ARAGUACEMA;FUNDAMENTAL II (5ª A 8ª SÉRIE);SEPARADO JUDICIALMENTE;0;SEM INFORMAÇÃO	;TOCANTINS;PALMAS;PROSTATA, SOE;C619;ADENOCARCINOMA, SOE;81403;PROSTATA;C61;;;;;false;HISTOLOGIA DO TUMOR PRIMÁRIO;METÁSTASE;;;;;CÂNCER;01/04/2015;;17/05/2013;;
979369;RCBP PALMAS;FEMININO;06/04/1967;46;PARDA;BRASIL;BAHIA;CENTRAL;FUNDAMENTAL I (1ª A 4ª SÉRIE);SOLTEIRO;0;SEM INFORMAÇÃO	;TOCANTINS;PALMAS;QUADRANTE SUPERIOR EXTERNO DA MAMA;C504;CARCINOMA DUCTAL INFILTRANTE;85003;QUADRANTE SUPERIOR EXTERNO DA MAMA;C504;;;;;false;HISTOLOGIA DO TUMOR PRIMÁRIO;METÁSTASE;;;;;;;;03/05/2013;;
981710;RCBP PALMAS;MASCULINO;08/05/1967;46;BRANCO;BRASIL;BAHIA;IRECÊ;MÉDIO (ANTIGO SEGUNDO GRAU);CASADO;313;TÉCNICOS EM ELETROELETRÔNICA E FOTÔNICA   	;TOCANTINS;PALMAS;JUNCAO RETOSSIGMOIDIANA, SOE;C199;ADENOCARCINOMA TUBULAR;82113;JUNCAO RETOSSIGMOIDE;C19;;;;;false;HISTOLOGIA DO TUMOR PRIMÁRIO;METÁSTASE;;;;;;;;16/07/2013;;
981744;RCBP PALMAS;FEMININO;13/10/1980;32;PARDA;BRASIL;PIAUÍ;PICOS;MÉDIO (ANTIGO SEGUNDO GRAU);UNIÃO CONSENSUAL;411;ESCRITURÁRIOS EM GERAL, AGENTES, ASSISTENTES E AUXILIARES ADMINISTRATIVOS 	;TOCANTINS;PALMAS;ECTOCERVIX;C531;CARCINOMA ESCAMOCELULAR, SOE;80703;ECTOCERVIX;C531;;;;;false;HISTOLOGIA DO TUMOR PRIMÁRIO;SEM INFORMAÇÃO;;;;;;;;03/09/2013;;
981788;RCBP PALMAS;FEMININO;02/08/1960;53;PARDA;BRASIL;PIAUÍ;CONCEIÇÃO DO CANINDÉ;SEM ESCOLARIDADE;VIÚVO;621;TRABALHADORES NA EXPLORAÇÃO AGROPECUÁRIA EM GERAL	;TOCANTINS;PALMAS;MAMA , SOE;C509;CARCINOMA DUCTAL INFILTRANTE;85003;MAMA , SOE;C509;;;;;false;HISTOLOGIA DO TUMOR PRIMÁRIO;METÁSTASE;;;;;SEM INFORMAÇÃO;01/12/2014;;13/08/2013;;
972050;RCBP PALMAS;FEMININO;26/03/1968;45;PARDA;BRASIL;PARAÍBA;JERICÓ;FUNDAMENTAL II (5ª A 8ª SÉRIE);CASADO;521;VENDEDORES E DEMONSTRADORES   	;TOCANTINS;PALMAS;LESAO SOBREPOSTA DA PELE;C448;CARCINOMA BASOCELULAR, SOE;80903;LESAO INVASIVA DA PELE;C448;;;;;false;HISTOLOGIA DO TUMOR PRIMÁRIO;LOCALIZADO;;;;;;;;28/03/2013;;
985218;RCBP PALMAS;MASCULINO;18/12/1945;67;PARDA;BRASIL;RIO GRANDE DO NORTE;;FUNDAMENTAL I (1ª A 4ª SÉRIE);SOLTEIRO;0;SEM INFORMAÇÃO	;TOCANTINS;PALMAS;ESTOMAGO, SOE;C169;ADENOCARCINOMA, SOE;81403;ESTOMAGO, SOE;C169;;;;;false;HISTOLOGIA DO TUMOR PRIMÁRIO;SEM INFORMAÇÃO;;;;;;;;10/10/2013;;
985324;RCBP PALMAS;MASCULINO;19/09/1941;72;AMARELA;BRASIL;SÃO PAULO;;MÉDIO (ANTIGO SEGUNDO GRAU);CASADO;524;VENDEDORES A DOMICÍLIO, AMBULANTES E EM BANCAS	;TOCANTINS;PALMAS;COLON DESCENDENTE;C186;ADENOCARCINOMA, SOE;81403;COLON DESCENDENTE;C186;;;;;false;HISTOLOGIA DO TUMOR PRIMÁRIO;SEM INFORMAÇÃO;;;;;SEM INFORMAÇÃO;18/07/2014;;02/12/2013;;
985325;RCBP PALMAS;MASCULINO;09/01/1935;78;PARDA;BRASIL;CEARÁ;BREJO SANTO;FUNDAMENTAL I (1ª A 4ª SÉRIE);VIÚVO;621;TRABALHADORES NA EXPLORAÇÃO AGROPECUÁRIA EM GERAL	;TOCANTINS;PALMAS;PROSTATA, SOE;C619;ADENOCARCINOMA, SOE;81403;PROSTATA;C61;;;;;false;HISTOLOGIA DO TUMOR PRIMÁRIO;METÁSTASE;;;;;;;;21/03/2013;;
964113;RCBP PALMAS;FEMININO;06/10/1938;74;PARDA;BRASIL;TOCANTINS;;FUNDAMENTAL I (1ª A 4ª SÉRIE);SOLTEIRO;621;TRABALHADORES NA EXPLORAÇÃO AGROPECUÁRIA EM GERAL	;TOCANTINS;PALMAS;ENDOCERVIX;C530;CARCINOMA ESCAMOCELULAR, SOE;80703;ENDOCERVIX;C530;;;;;false;HISTOLOGIA DO TUMOR PRIMÁRIO;METÁSTASE;;;;;;;;20/02/2013;;
987456;RCBP PALMAS;FEMININO;14/11/1962;50;PARDA;BRASIL;TOCANTINS;MIRANORTE;MÉDIO (ANTIGO SEGUNDO GRAU);CASADO;0;SEM INFORMAÇÃO	;TOCANTINS;PALMAS;MAMA , SOE;C509;CARCINOMA DUCTAL INFILTRANTE;85003;MAMA , SOE;C509;;;;;false;HISTOLOGIA DO TUMOR PRIMÁRIO;METÁSTASE;;;;;;;;11/09/2013;;
990563;RCBP PALMAS;FEMININO;02/11/1976;36;PARDA;BRASIL;PARÁ;SÃO JOÃO DO ARAGUAIA;MÉDIO (ANTIGO SEGUNDO GRAU);CASADO;391;TÉCNICOS DE NIVEL MÉDIO EM OPERAÇÕES INDUSTRIAIS 	;TOCANTINS;PALMAS;TIREOIDE, SOE;C739;ADENOCARCINOMA PAPILAR, SOE;82603;GLANDULA TIREOIDE;C73;;;;;false;HISTOLOGIA DO TUMOR PRIMÁRIO;SEM INFORMAÇÃO;;;;;;;;30/01/2013;;
991305;RCBP PALMAS;FEMININO;26/01/1980;33;BRANCO;BRASIL;MARANHÃO;;SEM INFORMAÇÃO;CASADO;514;TRABALHADORES NOS SERVIÇOS DE ADMINISTRAÇÃO, CONSERVAÇÃO E MANUTENÇÃO DE EDIFÍCIOS E LOGRADOUROS  	;TOCANTINS;PALMAS;ENDOCERVIX;C530;NEOPLASIA INTRA-EPITELIAL ESCAMOSA,GRAU IIII;80772;COLO DO UTERO, SOE;D069;;;;;false;HISTOLOGIA DO TUMOR PRIMÁRIO;"IN SITU";;;;;;;;27/02/2013;;
991876;RCBP PALMAS;FEMININO;20/04/1956;56;PARDA;BRASIL;TOCANTINS;PRESIDENTE KENNEDY;SEM INFORMAÇÃO;CASADO;0;SEM INFORMAÇÃO	;TOCANTINS;PALMAS;ENDOCERVIX;C530;NEOPLASIA INTRA-EPITELIAL ESCAMOSA,GRAU IIII;80772;COLO DO UTERO, SOE;D069;;;;;false;HISTOLOGIA DO TUMOR PRIMÁRIO;"IN SITU";;;;;;;;26/03/2013;;
993234;RCBP PALMAS;FEMININO;27/07/1968;44;SEM INFORMAÇÃO;BRASIL;GOIAS;PILAR DE GOIÁS;SEM INFORMAÇÃO;CASADO;231;PROFESSORES DE NÍVEL SUPERIOR NA EDUCAÇÃO INFANTIL E NO ENSINO FUNDAMENTAL	;TOCANTINS;PALMAS;PELE, SOE;C449;CARCINOMA ESC. DE CEL. GDES., NAO CERAT., SOE;80723;NEOPLASIA MALIGNA DA PELE;C449;;;;;false;HISTOLOGIA DO TUMOR PRIMÁRIO;LOCALIZADO;;;;;;;;05/02/2013;;
993234;RCBP PALMAS;FEMININO;27/07/1968;45;SEM INFORMAÇÃO;BRASIL;GOIAS;PILAR DE GOIÁS;SEM INFORMAÇÃO;CASADO;231;PROFESSORES DE NÍVEL SUPERIOR NA EDUCAÇÃO INFANTIL E NO ENSINO FUNDAMENTAL	;TOCANTINS;PALMAS;RETO, SOE;C209;ADENOCARCINOMA, SOE;81403;RETO;C20;;;;;false;HISTOLOGIA DO TUMOR PRIMÁRIO;LOCALIZADO;;;;;;;;19/09/2013;;
993259;RCBP PALMAS;MASCULINO;17/10/1956;56;SEM INFORMAÇÃO;BRASIL;GOIAS;MUTUNÓPOLIS;SEM ESCOLARIDADE;SEM INFORMAÇÃO;0;SEM INFORMAÇÃO	;TOCANTINS;PALMAS;RETO, SOE;C209;TUMOR CARCINOIDE, SOE;82403;RETO;C20;;;;;false;HISTOLOGIA DO TUMOR PRIMÁRIO;LOCALIZADO;;;;;;;;12/03/2013;;
993374;RCBP PALMAS;MASCULINO;22/12/1962;50;SEM INFORMAÇÃO;BRASIL;TOCANTINS;PORTO NACIONAL;SEM ESCOLARIDADE;SEM INFORMAÇÃO;0;SEM INFORMAÇÃO	;TOCANTINS;PALMAS;PELE, SOE;C449;EPITELIOMA MALIGNO;80113;NEOPLASIA MALIGNA DA PELE;C449;;;;;false;HISTOLOGIA DO TUMOR PRIMÁRIO;LOCALIZADO;;;;;;;;18/07/2013;;
993741;RCBP PALMAS;FEMININO;20/10/1960;53;BRANCO;BRASIL;RIO GRANDE DO SUL;PASSO FUNDO;SEM INFORMAÇÃO;SEM INFORMAÇÃO;;;TOCANTINS;PALMAS;PELE DO MEMBRO SUPERIOR E DO OMBRO;C446;MELANOMA   "IN SITU";87202;DOS MEMBROS SUPERIORES, INCLUINDO OMBRO;D036;;;;;false;HISTOLOGIA DO TUMOR PRIMÁRIO;"IN SITU";;;;;;;;23/12/2013;;
993740;RCBP PALMAS;MASCULINO;27/12/1969;43;BRANCO;BRASIL;SÃO PAULO;SANTOS;SEM INFORMAÇÃO;SEM INFORMAÇÃO;0;SEM INFORMAÇÃO	;TOCANTINS;PALMAS;PALPEBRA;C441;CARCINOMA BASOCELULAR, SOE;80903;PELE DA PALPEBRA E CANTO;C441;;;;;false;HISTOLOGIA DO TUMOR PRIMÁRIO;LOCALIZADO;;;;;;;;25/04/2013;;
993751;RCBP PALMAS;FEMININO;16/04/1940;72;BRANCO;BRASIL;Não informado;;SEM INFORMAÇÃO;CASADO;;;TOCANTINS;PALMAS;RETROPERITONIO;C480;NEOPLASIA MALIGNA;80003;RETROPERITONIO;C480;;;;;false;SDO;SEM INFORMAÇÃO;;;;;CÂNCER;25/02/2013;;25/02/2013;;
993765;RCBP PALMAS;MASCULINO;26/07/1957;56;BRANCO;BRASIL;SÃO PAULO;SÃO PAULO;SEM INFORMAÇÃO;SEM INFORMAÇÃO;;;TOCANTINS;PALMAS;BEXIGA, SOE;C679;CARCINOMA DE CELULAS TRANSICIONAIS, SOE;81203;BEXIGA, SOE;C679;;;;;false;HISTOLOGIA DO TUMOR PRIMÁRIO;LOCALIZADO;;;;;;;;10/12/2013;;
995685;RCBP PALMAS;FEMININO;20/07/1979;34;BRANCO;BRASIL;PARÁ;TUCURUÍ;SEM INFORMAÇÃO;SEM INFORMAÇÃO;214;ENGENHEIROS, ARQUITETOS E AFINS   	;TOCANTINS;PALMAS;MAMA , SOE;C509;CARCINOMA DUCTAL INFILTRANTE;85003;MAMA , SOE;C509;;;;;false;HISTOLOGIA DO TUMOR PRIMÁRIO;METÁSTASE;;;;;;;;26/11/2013;;
995693;RCBP PALMAS;FEMININO;23/03/1935;78;BRANCO;BRASIL;TOCANTINS;ARAGUACEMA;SEM INFORMAÇÃO;SEM INFORMAÇÃO;0;SEM INFORMAÇÃO	;TOCANTINS;PALMAS;PELE DE OUTRAS PARTES DA FACE;C443;CARCINOMA BASOCELULAR, SOE;80903;PELE DE OUTRAS PARTES DA FACE;C443;;;;;false;HISTOLOGIA DO TUMOR PRIMÁRIO;LOCALIZADO;;;;;;;;25/11/2013;;
995767;RCBP PALMAS;MASCULINO;26/04/1953;59;SEM INFORMAÇÃO;BRASIL;GOIAS;RUBIATABA;SEM INFORMAÇÃO;SEM INFORMAÇÃO;0;SEM INFORMAÇÃO	;TOCANTINS;PALMAS;PELE, SOE;C449;CARCINOMA BASOCELULAR, SOE;80903;NEOPLASIA MALIGNA DA PELE;C449;;;;;false;HISTOLOGIA DO TUMOR PRIMÁRIO;LOCALIZADO;;;;;;;;01/03/2013;;
997393;RCBP PALMAS;FEMININO;11/06/1960;53;BRANCO;BRASIL;Não informado;Não Informado;SEM INFORMAÇÃO;SOLTEIRO;0;SEM INFORMAÇÃO	;TOCANTINS;PALMAS;ENCEFALO, SOE;C719;NEOPLASIA MALIGNA;80003;ENCEFALO, SOE;C719;;;;;false;SDO;SEM INFORMAÇÃO;;;;;CÂNCER;28/12/2013;;28/12/2013;;
997990;RCBP PALMAS;MASCULINO;05/02/1946;67;BRANCO;PORTUGAL;Não informado;Não Informado;SUPERIOR COMPLETO;CASADO;232;PROFESSORES DO ENSINO MÉDIO   	;TOCANTINS;PALMAS;MEDULA OSSEA;C421;MIELOMA MULTIPLO;97323;MIELOMA MULTIPLO;C900;;;;;false;SDO;NÃO SE APLICA;;;;;CÂNCER;11/08/2013;;11/08/2013;;
1001755;RCBP PALMAS;MASCULINO;03/02/1942;71;SEM INFORMAÇÃO;BRASIL;TOCANTINS;FILADÉLFIA;SEM INFORMAÇÃO;SEM INFORMAÇÃO;0;SEM INFORMAÇÃO	;TOCANTINS;PALMAS;PROSTATA, SOE;C619;ADENOCARCINOMA, SOE;81403;PROSTATA;C61;;;;;false;HISTOLOGIA DO TUMOR PRIMÁRIO;LOCALIZADO;;;;;;;;06/12/2013;;
1001763;RCBP PALMAS;FEMININO;30/11/1945;67;BRANCO;BRASIL;Não informado;;SUPERIOR COMPLETO;SEPARADO JUDICIALMENTE;0;SEM INFORMAÇÃO	;TOCANTINS;PALMAS;CEREBRO;C710;NEOPLASIA MALIGNA;80003;CEREBRO;C710;;;;;false;SDO;METÁSTASE;;;;;CÂNCER;09/07/2013;;09/07/2013;;
1002002;RCBP PALMAS;MASCULINO;22/09/1925;88;BRANCO;BRASIL;RIO GRANDE DO SUL;CATUÍPE;SEM INFORMAÇÃO;SEM INFORMAÇÃO;0;SEM INFORMAÇÃO	;TOCANTINS;PALMAS;PROSTATA, SOE;C619;ADENOCARCINOMA, SOE;81403;PROSTATA;C61;;;;;false;HISTOLOGIA DO TUMOR PRIMÁRIO;LOCALIZADO;;;;;;;;23/09/2013;;
1002017;RCBP PALMAS;MASCULINO;18/08/1972;40;SEM INFORMAÇÃO;BRASIL;TOCANTINS;TOCANTINÓPOLIS;FUNDAMENTAL I (1ª A 4ª SÉRIE);SEM INFORMAÇÃO;0;SEM INFORMAÇÃO	;TOCANTINS;PALMAS;RETO, SOE;C209;ADENOCARCINOMA, SOE;81403;RETO;C20;;;;;false;HISTOLOGIA DO TUMOR PRIMÁRIO;METÁSTASE;;;;;;;;20/04/2013;;
1002018;RCBP PALMAS;MASCULINO;15/09/1932;80;PARDA;BRASIL;TOCANTINS;PEDRO AFONSO;FUNDAMENTAL I (1ª A 4ª SÉRIE);SOLTEIRO;621;TRABALHADORES NA EXPLORAÇÃO AGROPECUÁRIA EM GERAL	;TOCANTINS;PALMAS;MEDULA OSSEA;C421;LEUCEMIA MIELOIDE CRONICA, SOE;98633;LEUCEMIA MIELOIDE CRONICA;C921;;;;;false;HISTOLOGIA DO TUMOR PRIMÁRIO;NÃO SE APLICA;;;;;SEM INFORMAÇÃO;15/01/2013;;08/01/2013;;
1002009;RCBP PALMAS;MASCULINO;20/12/1955;57;PARDA;BRASIL;BAHIA;IPIRÁ;MÉDIO (ANTIGO SEGUNDO GRAU);UNIÃO CONSENSUAL;914;MECÂNICOS DE MANUTENÇÃO VEICULAR  	;TOCANTINS;PALMAS;MEDULA OSSEA;C421;MIELOMA MULTIPLO;97323;MIELOMA MULTIPLO;C900;;;;;false;SDO;NÃO SE APLICA;;;;;CÂNCER;20/09/2013;;20/09/2013;;
1002003;RCBP PALMAS;FEMININO;28/05/1940;73;BRANCO;BRASIL;PIAUÍ;JERUMENHA;SEM INFORMAÇÃO;SEM INFORMAÇÃO;0;SEM INFORMAÇÃO	;TOCANTINS;PALMAS;PELE DE OUTRAS PARTES DA FACE;C443;CARCINOMA BASOCELULAR, SOE;80903;PELE DE OUTRAS PARTES DA FACE;C443;;;;;false;HISTOLOGIA DO TUMOR PRIMÁRIO;LOCALIZADO;;;;;;;;30/10/2013;;
1008301;RCBP PALMAS;FEMININO;22/01/1959;54;BRANCO;BRASIL;PARÁ;CONCEIÇÃO DO ARAGUAIA;SEM INFORMAÇÃO;SEM INFORMAÇÃO;0;SEM INFORMAÇÃO	;TOCANTINS;PALMAS;PELE DE OUTRAS PARTES DA FACE;C443;CARCINOMA BASOCELULAR, SOE;80903;PELE DE OUTRAS PARTES DA FACE;C443;;;;;false;HISTOLOGIA DO TUMOR PRIMÁRIO;LOCALIZADO;;;;;;;;25/02/2013;;
1008303;RCBP PALMAS;MASCULINO;17/11/1974;38;BRANCO;BRASIL;TOCANTINS;GURUPI;FUNDAMENTAL II (5ª A 8ª SÉRIE);SEM INFORMAÇÃO;0;SEM INFORMAÇÃO	;TOCANTINS;PALMAS;PELE, SOE;C449;CARCINOMA BASOCELULAR, SOE;80903;NEOPLASIA MALIGNA DA PELE;C449;;;;;false;HISTOLOGIA DO TUMOR PRIMÁRIO;LOCALIZADO;;;;;;;;16/04/2013;;
1008304;RCBP PALMAS;FEMININO;23/08/1971;41;PARDA;BRASIL;SÃO PAULO;PACAEMBU;SEM INFORMAÇÃO;SEM INFORMAÇÃO;0;SEM INFORMAÇÃO	;TOCANTINS;PALMAS;PELE DE OUTRAS PARTES DA FACE;C443;CARCINOMA BASOCELULAR, SOE;80903;PELE DE OUTRAS PARTES DA FACE;C443;;;;;false;HISTOLOGIA DO TUMOR PRIMÁRIO;LOCALIZADO;;;;;;;;25/04/2013;;
1008308;RCBP PALMAS;FEMININO;07/09/1960;52;SEM INFORMAÇÃO;BRASIL;SÃO PAULO;LINS;SEM INFORMAÇÃO;SEM INFORMAÇÃO;0;SEM INFORMAÇÃO	;TOCANTINS;PALMAS;PELE, SOE;C449;CARCINOMA BASOCELULAR, SOE;80903;NEOPLASIA MALIGNA DA PELE;C449;;;;;false;HISTOLOGIA DO TUMOR PRIMÁRIO;LOCALIZADO;;;;;;;;08/05/2013;;
1009122;RCBP PALMAS;FEMININO;13/12/1947;65;BRANCO;BRASIL;Não informado;;SEM INFORMAÇÃO;VIÚVO;0;SEM INFORMAÇÃO	;TOCANTINS;PALMAS;ENCEFALO, SOE;C719;NEOPLASIA MALIGNA;80003;ENCEFALO, SOE;C719;;;;;false;SDO;SEM INFORMAÇÃO;;;;;CÂNCER;30/07/2013;;30/07/2013;;
1009141;RCBP PALMAS;FEMININO;09/03/1972;40;BRANCO;BRASIL;TOCANTINS;ANANÁS;SEM INFORMAÇÃO;SEM INFORMAÇÃO;0;SEM INFORMAÇÃO	;TOCANTINS;PALMAS;PELE DE OUTRAS PARTES DA FACE;C443;CARCINOMA BASOCELULAR, SOE;80903;PELE DE OUTRAS PARTES DA FACE;C443;;;;;false;HISTOLOGIA DO TUMOR PRIMÁRIO;LOCALIZADO;;;;;;;;08/01/2013;;
1009142;RCBP PALMAS;FEMININO;12/11/1971;42;BRANCO;BRASIL;MINAS GERAIS;;FUNDAMENTAL I (1ª A 4ª SÉRIE);SOLTEIRO;524;VENDEDORES A DOMICÍLIO, AMBULANTES E EM BANCAS	;TOCANTINS;PALMAS;QUADRANTE SUPERIOR EXTERNO DA MAMA;C504;CARCINOMA DUCTAL INFILTRANTE;85003;QUADRANTE SUPERIOR EXTERNO DA MAMA;C504;;;;;false;HISTOLOGIA DO TUMOR PRIMÁRIO;LOCALIZADO;;;;;;;;20/12/2013;;
1009130;RCBP PALMAS;FEMININO;24/10/1959;53;SEM INFORMAÇÃO;BRASIL;TOCANTINS;PALMAS;SEM INFORMAÇÃO;SEM INFORMAÇÃO;;;TOCANTINS;PALMAS;ZONA CLOACOGENICA;C212;CARCINOMA CLOACOGENICO;81243;ZONA CLOACOGENICA;C212;;;;;false;HISTOLOGIA DO TUMOR PRIMÁRIO;LOCALIZADO;;;;;;;;15/04/2013;;
1009131;RCBP PALMAS;FEMININO;06/08/1963;49;PARDA;BRASIL;Não informado;;FUNDAMENTAL I (1ª A 4ª SÉRIE);CASADO;0;SEM INFORMAÇÃO	;TOCANTINS;PALMAS;FIGADO, SOE;C220;CARCINOMA HEPATOCELULAR, SOE;81703;CARCINOMA DE CELULAS HEPATICAS;C220;;;;;false;SDO;SEM INFORMAÇÃO;;;;;CÂNCER;05/03/2013;;05/03/2013;;
1009445;RCBP PALMAS;FEMININO;25/12/1933;79;SEM INFORMAÇÃO;BRASIL;TOCANTINS;PORTO NACIONAL;SEM INFORMAÇÃO;SEM INFORMAÇÃO;0;SEM INFORMAÇÃO	;TOCANTINS;PALMAS;PELE DE OUTRAS PARTES DA FACE;C443;CARCINOMA BASOCELULAR, SOE;80903;PELE DE OUTRAS PARTES DA FACE;C443;;;;;false;HISTOLOGIA DO TUMOR PRIMÁRIO;LOCALIZADO;;;;;;;;21/03/2013;;
1009132;RCBP PALMAS;FEMININO;16/06/1956;57;PARDA;BRASIL;CEARÁ;QUIXADÁ;FUNDAMENTAL I (1ª A 4ª SÉRIE);CASADO;0;SEM INFORMAÇÃO	;TOCANTINS;PALMAS;COLON, SOE;C189;ADENOCARCINOMA, SOE;81403;COLON, SOE;C189;;;;;false;HISTOLOGIA DO TUMOR PRIMÁRIO;SEM INFORMAÇÃO;;;;;SEM INFORMAÇÃO;30/12/2014;;20/11/2013;;
1009148;RCBP PALMAS;MASCULINO;05/02/1957;56;SEM INFORMAÇÃO;BRASIL;SÃO PAULO;BAURU;SEM INFORMAÇÃO;SEM INFORMAÇÃO;0;SEM INFORMAÇÃO	;TOCANTINS;PALMAS;PELE DO TRONCO;C445;CARCINOMA BASOCELULAR, SOE;80903;PELE DO TRONCO;C445;;;;;false;HISTOLOGIA DO TUMOR PRIMÁRIO;LOCALIZADO;;;;;;;;14/10/2013;;
1009448;RCBP PALMAS;MASCULINO;30/10/1945;67;PARDA;BRASIL;Não informado;;FUNDAMENTAL I (1ª A 4ª SÉRIE);CASADO;621;TRABALHADORES NA EXPLORAÇÃO AGROPECUÁRIA EM GERAL	;TOCANTINS;PALMAS;ESTOMAGO, SOE;C169;NEOPLASIA MALIGNA;80003;ESTOMAGO, SOE;C169;;;;;false;SDO;METÁSTASE;;;;;CÂNCER;11/02/2013;;11/02/2013;;
1009617;RCBP PALMAS;MASCULINO;25/07/1964;48;PARDA;BRASIL;Não informado;;FUNDAMENTAL II (5ª A 8ª SÉRIE);UNIÃO CONSENSUAL;717;AJUDANTES DE OBRAS	;TOCANTINS;PALMAS;FIGADO, SOE;C220;NEOPLASIA MALIGNA;80003;FIGADO E VIAS BILIARES INTRA-HEPATICAS;C22;;;;;false;SDO;SEM INFORMAÇÃO;;;;;NÃO CÂNCER;24/02/2013;;24/02/2013;;
1009620;RCBP PALMAS;FEMININO;19/06/1982;30;SEM INFORMAÇÃO;BRASIL;Não informado;;FUNDAMENTAL I (1ª A 4ª SÉRIE);SEM INFORMAÇÃO;516;TRABALHADORES NOS SERVIÇOS DE EMBELEZAMENTO E CUIDADOS PESSOAIS   	;TOCANTINS;PALMAS;TRONCO CEREBRAL;C717;NEOPLASIA MALIGNA;80003;TRONCO CEREBRAL;C717;;;;;false;SDO;SEM INFORMAÇÃO;;;;;CÂNCER;17/06/2013;;17/06/2013;;
1010141;RCBP PALMAS;FEMININO;25/04/1949;64;PARDA;BRASIL;RIO GRANDE DO SUL;COXILHA;FUNDAMENTAL I (1ª A 4ª SÉRIE);VIÚVO;0;SEM INFORMAÇÃO	;TOCANTINS;PALMAS;PELE, SOE;C449;CARCINOMA BASOCELULAR, SOE;80903;NEOPLASIA MALIGNA DA PELE;C449;;;;;false;HISTOLOGIA DO TUMOR PRIMÁRIO;LOCALIZADO;;;;;;;;12/11/2013;;
1002263;RCBP PALMAS;FEMININO;10/03/1942;71;BRANCO;BRASIL;MINAS GERAIS;BELO HORIZONTE;FUNDAMENTAL II (5ª A 8ª SÉRIE);VIÚVO;0;SEM INFORMAÇÃO	;TOCANTINS;PALMAS;MAMA , SOE;C509;CARCINOMA DUCTAL INFILTRANTE;85003;MAMA , SOE;C509;;;;;false;HISTOLOGIA DA METÁSTASE;LOCALIZADO;;;;;;;;15/10/2013;;
964106;RCBP PALMAS;FEMININO;27/04/1969;44;PARDA;BRASIL;TOCANTINS;CRISTALÂNDIA;FUNDAMENTAL I (1ª A 4ª SÉRIE);SOLTEIRO;0;SEM INFORMAÇÃO	;TOCANTINS;PALMAS;TIREOIDE, SOE;C739;CARCINOMA, SOE;80103;GLANDULA TIREOIDE;C73;;;;;false;HISTOLOGIA DO TUMOR PRIMÁRIO;METÁSTASE;;;;;CÂNCER;12/02/2014;;17/09/2013;;
995766;RCBP PALMAS;FEMININO;09/06/1949;64;PARDA;BRASIL;GOIAS;ANÁPOLIS;SEM ESCOLARIDADE;SEPARADO JUDICIALMENTE;0;SEM INFORMAÇÃO	;TOCANTINS;PALMAS;TECIDOS MOLES DO MEMBRO INFERIOR E QUADRIL;C492;LEIOMIOSSARCOMA MIXOIDE;88963;TECIDOS MOLES DO MEMBRO INFERIOR E QUADRIL;C492;;;;;false;HISTOLOGIA DO TUMOR PRIMÁRIO;METÁSTASE;;;;;CÂNCER;07/04/2014;;30/12/2013;;
975468;RCBP PALMAS;MASCULINO;10/01/1935;78;PARDA;BRASIL;TOCANTINS;NOVO ACORDO;SEM ESCOLARIDADE;SOLTEIRO;0;SEM INFORMAÇÃO	;TOCANTINS;PALMAS;ESTOMAGO, SOE;C169;ADENOCARCINOMA, SOE;81403;ESTOMAGO, SOE;C169;;;;;false;HISTOLOGIA DO TUMOR PRIMÁRIO;METÁSTASE;;;;;CÂNCER;22/08/2013;;21/06/2013;;
1027059;RCBP PALMAS;FEMININO;10/08/1930;83;PRETA;BRASIL;MARANHÃO;;SEM ESCOLARIDADE;VIÚVO;0;SEM INFORMAÇÃO	;TOCANTINS;PALMAS;ENDOMETRIO;C541;CARCINOMA ENDOMETRIOIDE, SOE;83803;ENDOMETRIO;C541;;;;;false;HISTOLOGIA DO TUMOR PRIMÁRIO;SEM INFORMAÇÃO;;;;;SEM INFORMAÇÃO;14/03/2016;;19/11/2013;;
1027599;RCBP PALMAS;FEMININO;30/07/1964;49;PARDA;BRASIL;PARÁ;;FUNDAMENTAL II (5ª A 8ª SÉRIE);CASADO;0;SEM INFORMAÇÃO	;TOCANTINS;PALMAS;MEDULA OSSEA;C421;MIELOMA MULTIPLO;97323;MIELOMA MULTIPLO;C900;;;;;false;HISTOLOGIA DO TUMOR PRIMÁRIO;NÃO SE APLICA;;;;;;;;11/12/2013;;
1009127;RCBP PALMAS;FEMININO;07/03/1951;62;BRANCO;BRASIL;GOIAS;HIDROLÂNDIA;SEM INFORMAÇÃO;VIÚVO;;;TOCANTINS;PALMAS;LOCALIZACAO PRIMARIA DESCONHECIDA, SOE;C809;NEOPLASIA MALIGNA;80003;LOCALIZACAO PRIMARIA DESCONHECIDA;C80;;;;;false;SDO;METÁSTASE;;;;;CÂNCER;20/08/2013;;20/08/2013;;
972051;RCBP PALMAS;FEMININO;06/09/1952;60;PARDA;BRASIL;MARANHÃO;SÃO RAIMUNDO DAS MANGABEIRAS;FUNDAMENTAL I (1ª A 4ª SÉRIE);CASADO;0;SEM INFORMAÇÃO	;TOCANTINS;PALMAS;MAMA , SOE;C509;CARCINOMA DUCTAL INFILTRANTE;85003;MAMA , SOE;C509;;;;;false;HISTOLOGIA DO TUMOR PRIMÁRIO;LOCALIZADO;;;;;;;;30/01/2013;;
1009140;RCBP PALMAS;FEMININO;12/09/1979;33;PARDA;BRASIL;PARÁ;REDENÇÃO;SUPERIOR COMPLETO;SOLTEIRO;231;PROFESSORES DE NÍVEL SUPERIOR NA EDUCAÇÃO INFANTIL E NO ENSINO FUNDAMENTAL	;TOCANTINS;PALMAS;PELE DO MEMBRO SUPERIOR E DO OMBRO;C446;CARCINOMA ESCAMOCELULAR, SOE;80703;PELE DO MEMBRO SUPERIOR E DO OMBRO;C446;;;;;false;HISTOLOGIA DO TUMOR PRIMÁRIO;LOCALIZADO;;;;;NÃO CÂNCER;23/02/2015;;11/03/2013;;
964103;RCBP PALMAS;MASCULINO;03/09/1947;65;PARDA;BRASIL;MARANHÃO;;SEM ESCOLARIDADE;CASADO;621;TRABALHADORES NA EXPLORAÇÃO AGROPECUÁRIA EM GERAL	;TOCANTINS;PALMAS;ESOFAGO, SOE;C159;CARCINOMA ESCAMOCELULAR, SOE;80703;ESOFAGO, SOE;C159;;;;;false;HISTOLOGIA DO TUMOR PRIMÁRIO;METÁSTASE;;;;;CÂNCER;11/01/2014;;27/08/2013;;
964104;RCBP PALMAS;FEMININO;09/08/1950;62;PARDA;BRASIL;GOIAS;;FUNDAMENTAL I (1ª A 4ª SÉRIE);CASADO;0;SEM INFORMAÇÃO	;TOCANTINS;PALMAS;MAMILO;C500;CARCINOMA DUCTAL INFILTRANTE;85003;MAMILO E AREOLA;C500;;;;;false;HISTOLOGIA DO TUMOR PRIMÁRIO;METÁSTASE;;;;;;;;07/08/2013;;
772482;RCBP PALMAS;FEMININO;09/11/1971;41;BRANCO;BRASIL;MARANHÃO;PINDARÉ MIRIM;FUNDAMENTAL II (5ª A 8ª SÉRIE);SOLTEIRO;0;SEM INFORMAÇÃO	;TOCANTINS;PALMAS;PELE DO MEMBRO SUPERIOR E DO OMBRO;C446;CARCINOMA BASOCELULAR, SOE;80903;PELE DO MEMBRO SUPERIOR E DO OMBRO;C446;;;;;false;HISTOLOGIA DO TUMOR PRIMÁRIO;LOCALIZADO;;;;;;;;04/06/2013;;
972061;RCBP PALMAS;MASCULINO;24/01/1939;74;PARDA;BRASIL;TOCANTINS;;FUNDAMENTAL I (1ª A 4ª SÉRIE);CASADO;0;SEM INFORMAÇÃO	;TOCANTINS;PALMAS;VIAS BILIARES EXTRA-HEPATICAS;C240;ADENOCARCINOMA, SOE;81403;VIAS BILIARES EXTRA-HEPATICAS;C240;;;;;false;HISTOLOGIA DO TUMOR PRIMÁRIO;METÁSTASE;;;;;;;;24/06/2013;;
974813;RCBP PALMAS;MASCULINO;23/05/1950;62;PRETA;BRASIL;BAHIA;ILHÉUS;FUNDAMENTAL I (1ª A 4ª SÉRIE);CASADO;517;TRABALHADORES NOS SERVIÇOS DE PROTEÇÃO E SEGURANÇA	;TOCANTINS;PALMAS;OROFARINGE, SOE;C109;CARCINOMA ESCAMOCELULAR, SOE;80703;OROFARINGE, SOE;C109;;;;;false;HISTOLOGIA DO TUMOR PRIMÁRIO;SEM INFORMAÇÃO;;;;;SEM INFORMAÇÃO;14/07/2014;;22/05/2013;;
974814;RCBP PALMAS;FEMININO;02/09/1972;40;PARDA;BRASIL;TOCANTINS;COLINAS DO TOCANTINS;MÉDIO (ANTIGO SEGUNDO GRAU);CASADO;351;TÉCNICOS DAS CIÊNCIAS ADMINISTRATIVAS 	;TOCANTINS;PALMAS;OVARIO, SOE;C569;CISTADENOCARCINOMA PAPILAR SEROSO;84603;OVARIO;C56;;;;;false;HISTOLOGIA DO TUMOR PRIMÁRIO;METÁSTASE;;;;;SEM INFORMAÇÃO;10/08/2014;;18/06/2013;;
975462;RCBP PALMAS;FEMININO;28/09/1962;50;PARDA;BRASIL;MARANHÃO;;SEM ESCOLARIDADE;SOLTEIRO;621;TRABALHADORES NA EXPLORAÇÃO AGROPECUÁRIA EM GERAL	;TOCANTINS;PALMAS;ESTOMAGO, SOE;C169;ADENOCARCINOMA, SOE;81403;ESTOMAGO, SOE;C169;;;;;false;HISTOLOGIA DO TUMOR PRIMÁRIO;METÁSTASE;;;;;CÂNCER;11/07/2013;;03/06/2013;;
981774;RCBP PALMAS;FEMININO;05/11/1956;56;PARDA;BRASIL;AMAZONAS;NHAMUNDÁ;MÉDIO (ANTIGO SEGUNDO GRAU);CASADO;0;SEM INFORMAÇÃO	;TOCANTINS;PALMAS;QUADRANTE SUPERIOR EXTERNO DA MAMA;C504;CARCINOMA DUCTAL INFILTRANTE;85003;QUADRANTE SUPERIOR EXTERNO DA MAMA;C504;;;;;false;HISTOLOGIA DO TUMOR PRIMÁRIO;LOCALIZADO;;;;;;;;22/07/2013;;
985224;RCBP PALMAS;MASCULINO;28/03/1937;76;PARDA;BRASIL;MINAS GERAIS;BOM JESUS DA PENHA;FUNDAMENTAL I (1ª A 4ª SÉRIE);CASADO;0;SEM INFORMAÇÃO	;TOCANTINS;PALMAS;RETO, SOE;C209;ADENOCARCINOMA, SOE;81403;RETO;C20;;;;;false;HISTOLOGIA DO TUMOR PRIMÁRIO;SEM INFORMAÇÃO;;;;;CÂNCER;25/05/2014;;05/11/2013;;
985327;RCBP PALMAS;FEMININO;06/10/1961;52;PARDA;BRASIL;GOIAS;ALVORADA DO NORTE;FUNDAMENTAL I (1ª A 4ª SÉRIE);SOLTEIRO;0;SEM INFORMAÇÃO	;TOCANTINS;PALMAS;ESOFAGO, SOE;C159;CARCINOMA ESCAMOCELULAR, SOE;80703;ESOFAGO, SOE;C159;;;;;false;HISTOLOGIA DO TUMOR PRIMÁRIO;METÁSTASE;;;;;CÂNCER;05/04/2014;;11/12/2013;;
985329;RCBP PALMAS;FEMININO;10/01/1947;66;PARDA;BRASIL;TOCANTINS;LIZARDA;SEM ESCOLARIDADE;SOLTEIRO;0;SEM INFORMAÇÃO	;TOCANTINS;PALMAS;ENDOMETRIO;C541;CARCINOMA ENDOMETRIOIDE, SOE;83803;ENDOMETRIO;C541;;;;;false;HISTOLOGIA DO TUMOR PRIMÁRIO;SEM INFORMAÇÃO;;;;;SEM INFORMAÇÃO;05/12/2015;;18/12/2013;;
985328;RCBP PALMAS;FEMININO;10/02/1952;61;PARDA;BRASIL;TOCANTINS;PINDORAMA DO TOCANTINS;FUNDAMENTAL I (1ª A 4ª SÉRIE);SOLTEIRO;621;TRABALHADORES NA EXPLORAÇÃO AGROPECUÁRIA EM GERAL	;TOCANTINS;PALMAS;PULMAO, SOE;C349;ADENOCARCINOMA, SOE;81403;BRONQUIOS OU PULMOES, SOE;C349;;;;;false;HISTOLOGIA DO TUMOR PRIMÁRIO;METÁSTASE;;;;;CÂNCER;04/02/2014;;18/12/2013;;
985329;RCBP PALMAS;FEMININO;10/01/1947;66;PARDA;BRASIL;TOCANTINS;LIZARDA;SEM ESCOLARIDADE;SOLTEIRO;0;SEM INFORMAÇÃO	;TOCANTINS;PALMAS;OVARIO, SOE;C569;CARCINOMA PAPILAR DE SUPERFICIE SEROSA;84613;OVARIO;C56;;;;;false;HISTOLOGIA DO TUMOR PRIMÁRIO;METÁSTASE;;;;;SEM INFORMAÇÃO;05/12/2015;;18/12/2013;;
987290;RCBP PALMAS;MASCULINO;28/12/1956;56;PARDA;BRASIL;GOIAS;GOIÂNIA;FUNDAMENTAL I (1ª A 4ª SÉRIE);CASADO;621;TRABALHADORES NA EXPLORAÇÃO AGROPECUÁRIA EM GERAL	;TOCANTINS;PALMAS;APENDICE CECAL (VERMIFORME);C181;ADENOCARCINOMA MUCINOSO;84803;APENDICE (VERMIFORME);C181;;;;;false;HISTOLOGIA DO TUMOR PRIMÁRIO;SEM INFORMAÇÃO;;;;;;;;19/10/2013;;
987317;RCBP PALMAS;FEMININO;30/07/1964;49;PARDA;BRASIL;PARÁ;CONCEIÇÃO DO ARAGUAIA;FUNDAMENTAL II (5ª A 8ª SÉRIE);CASADO;0;SEM INFORMAÇÃO	;TOCANTINS;PALMAS;MEDULA OSSEA;C421;MIELOMA MULTIPLO;97323;MIELOMA MULTIPLO;C900;;;;;false;HISTOLOGIA DO TUMOR PRIMÁRIO;NÃO SE APLICA;;;;;;;;11/12/2013;;
991242;RCBP PALMAS;MASCULINO;17/05/1960;52;PARDA;BRASIL;PIAUÍ;CASTELO DO PIAUÍ;SEM INFORMAÇÃO;SEM INFORMAÇÃO;;;TOCANTINS;PALMAS;OUVIDO EXTERNO;C442;CARCINOMA ESCAMOCELULAR, SOE;80703;PELE DA ORELHA E CONDUTO AUDITIVO EXTERNO;C442;;;;;false;HISTOLOGIA DO TUMOR PRIMÁRIO;LOCALIZADO;;;;;;;;08/05/2013;;
964117;RCBP PALMAS;FEMININO;01/01/1948;65;PRETA;BRASIL;TOCANTINS;ARRAIAS;FUNDAMENTAL I (1ª A 4ª SÉRIE);UNIÃO CONSENSUAL;0;SEM INFORMAÇÃO	;TOCANTINS;PALMAS;OVARIO, SOE;C569;ADENOCARCINOMA, SOE;81403;OVARIO;C56;;;;;false;HISTOLOGIA DO TUMOR PRIMÁRIO;METÁSTASE;;;;;CÂNCER;29/10/2013;;28/06/2013;;
991879;RCBP PALMAS;FEMININO;22/07/1974;38;BRANCO;BRASIL;TOCANTINS;PARANÃ;FUNDAMENTAL II (5ª A 8ª SÉRIE);CASADO;354;TÉCNICOS DE NIVEL MÉDIO EM OPERAÇÕES COMERCIAIS   	;TOCANTINS;PALMAS;TIREOIDE, SOE;C739;ADENOCARCINOMA PAPILAR, SOE;82603;GLANDULA TIREOIDE;C73;;;;;false;HISTOLOGIA DO TUMOR PRIMÁRIO;SEM INFORMAÇÃO;;;;;;;;28/04/2013;;
991894;RCBP PALMAS;FEMININO;26/07/1978;34;BRANCO;BRASIL;MARANHÃO;PORTO FRANCO;SEM INFORMAÇÃO;CASADO;0;SEM INFORMAÇÃO	;TOCANTINS;PALMAS;ENDOCERVIX;C530;NEOPLASIA INTRA-EPITELIAL ESCAMOSA,GRAU IIII;80772;COLO DO UTERO, SOE;D069;;;;;false;HISTOLOGIA DO TUMOR PRIMÁRIO;"IN SITU";;;;;;;;13/03/2013;;
991895;RCBP PALMAS;MASCULINO;06/09/1986;27;PARDA;BRASIL;SÃO PAULO;SÃO PAULO;MÉDIO (ANTIGO SEGUNDO GRAU);CASADO;782;CONDUTORES DE VEÍCULOS E OPERADORES DE EQUIPAMENTOS DE ELEVAÇÃO E DE MOVIMENTAÇÃO DE CARGAS   	;TOCANTINS;PALMAS;SISTEMA HEMATOPOETICO, SOE;C424;SARCOMA MIELOIDE;99303;SARCOMA MIELOIDE;C923;;;OUTRAS INESPECÍFICAS;1.4;false;HISTOLOGIA DO TUMOR PRIMÁRIO;NÃO SE APLICA;;;;;SEM INFORMAÇÃO;13/01/2015;;24/09/2013;;
993176;RCBP PALMAS;MASCULINO;08/08/1947;65;BRANCO;BRASIL;CEARÁ;FORTALEZA;SEM INFORMAÇÃO;CASADO;0;SEM INFORMAÇÃO	;TOCANTINS;PALMAS;PROSTATA, SOE;C619;ADENOCARCINOMA, SOE;81403;PROSTATA;C61;;;;;false;HISTOLOGIA DO TUMOR PRIMÁRIO;LOCALIZADO;;;;;CÂNCER;25/09/2014;;12/06/2013;;
993176;RCBP PALMAS;MASCULINO;08/08/1947;65;BRANCO;BRASIL;CEARÁ;FORTALEZA;SEM INFORMAÇÃO;CASADO;0;SEM INFORMAÇÃO	;TOCANTINS;PALMAS;LARINGE, SOE;C329;CARCINOMA, SOE;80103;LARINGE, SOE;C329;;;;;false;HISTOLOGIA DO TUMOR PRIMÁRIO;SEM INFORMAÇÃO;;;;;CÂNCER;25/09/2014;;12/06/2013;;
993260;RCBP PALMAS;FEMININO;07/05/1976;36;PARDA;BRASIL;BAHIA;ARATACA;SEM ESCOLARIDADE;SEM INFORMAÇÃO;;;TOCANTINS;PALMAS;TECIDOS MOLES, SOE;C499;HISTIOCITOMA FIBROSO MALIGNO;88303;NEOPLASIA MALIGNA DE TECIDOS MOLES;C499;;;;;false;HISTOLOGIA DO TUMOR PRIMÁRIO;LOCALIZADO;;;;;;;;01/03/2013;;
993376;RCBP PALMAS;FEMININO;08/11/1930;82;PARDA;BRASIL;SÃO PAULO;BILAC;SEM INFORMAÇÃO;SEM INFORMAÇÃO;;;TOCANTINS;PALMAS;PELE, SOE;C449;EPITELIOMA MALIGNO;80113;NEOPLASIA MALIGNA DA PELE;C449;;;;;false;HISTOLOGIA DO TUMOR PRIMÁRIO;LOCALIZADO;;;;;;;;18/07/2013;;
993379;RCBP PALMAS;MASCULINO;09/06/1960;52;PARDA;BRASIL;PARÁ;CONCEIÇÃO DO ARAGUAIA;MÉDIO (ANTIGO SEGUNDO GRAU);CASADO;782;CONDUTORES DE VEÍCULOS E OPERADORES DE EQUIPAMENTOS DE ELEVAÇÃO E DE MOVIMENTAÇÃO DE CARGAS   	;TOCANTINS;PALMAS;MEDULA OSSEA;C421;LEUCEMIA AGUDA, SOE;98013;LEUCEMIA AGUDA DE TIPO CELULAR, SOE;C950;;;;;false;HISTOLOGIA DO TUMOR PRIMÁRIO;NÃO SE APLICA;;;;;CÂNCER;09/06/2013;;07/06/2013;;
993745;RCBP PALMAS;MASCULINO;02/03/1926;87;BRANCO;BRASIL;Não informado;;FUNDAMENTAL I (1ª A 4ª SÉRIE);VIÚVO;621;TRABALHADORES NA EXPLORAÇÃO AGROPECUÁRIA EM GERAL	;TOCANTINS;PALMAS;BEXIGA, SOE;C679;NEOPLASIA MALIGNA;80003;BEXIGA, SOE;C679;;;;;false;SDO;SEM INFORMAÇÃO;;;;;CÂNCER;12/04/2013;;12/04/2013;;
993761;RCBP PALMAS;MASCULINO;20/01/1950;63;SEM INFORMAÇÃO;BRASIL;Não informado;Não Informado;SEM INFORMAÇÃO;SEM INFORMAÇÃO;;;TOCANTINS;PALMAS;PROSTATA, SOE;C619;ADENOCARCINOMA, SOE;81403;PROSTATA;C61;;;;;false;HISTOLOGIA DO TUMOR PRIMÁRIO;LOCALIZADO;;;;;;;;11/04/2013;;
995692;RCBP PALMAS;FEMININO;20/05/1931;82;AMARELA;BRASIL;BAHIA;MACARANI;SEM INFORMAÇÃO;SEM INFORMAÇÃO;;;TOCANTINS;PALMAS;PELE, SOE;C449;CARCINOMA ESCAMOCELULAR, SOE;80703;NEOPLASIA MALIGNA DA PELE;C449;;;;;false;HISTOLOGIA DO TUMOR PRIMÁRIO;LOCALIZADO;;;;;;;;12/11/2013;;
995760;RCBP PALMAS;FEMININO;21/01/1979;34;SEM INFORMAÇÃO;BRASIL;MARANHÃO;BARRA DO CORDA;SEM INFORMAÇÃO;CASADO;0;SEM INFORMAÇÃO	;TOCANTINS;PALMAS;PELE, SOE;C449;CARCINOMA BASOCELULAR, SOE;80903;NEOPLASIA MALIGNA DA PELE;C449;;;;;false;HISTOLOGIA DO TUMOR PRIMÁRIO;LOCALIZADO;;;;;;;;20/03/2013;;
995764;RCBP PALMAS;MASCULINO;17/04/1942;71;BRANCO;BRASIL;ESPIRITO SANTO;ALTO RIO NOVO;SEM INFORMAÇÃO;SEM INFORMAÇÃO;;;TOCANTINS;PALMAS;PELE DE OUTRAS PARTES DA FACE;C443;CARCINOMA BASOCELULAR, SOE;80903;PELE DE OUTRAS PARTES DA FACE;C443;;;;;false;HISTOLOGIA DO TUMOR PRIMÁRIO;LOCALIZADO;;;;;;;;14/11/2013;;
995774;RCBP PALMAS;FEMININO;10/08/1967;46;BRANCO;BRASIL;Não informado;;FUNDAMENTAL II (5ª A 8ª SÉRIE);CASADO;;;TOCANTINS;PALMAS;ANGULO ESPLENICO DO COLON;C185;NEOPLASIA MALIGNA;80003;FLEXURA ESPLENICA DO COLON;C185;;;;;false;SDO;METÁSTASE;;;;;CÂNCER;18/10/2013;;18/10/2013;;
997993;RCBP PALMAS;FEMININO;14/09/1970;42;BRANCO;BRASIL;SANTA CATARINA;FLORIANÓPOLIS;SUPERIOR COMPLETO;SEM INFORMAÇÃO;0;SEM INFORMAÇÃO	;TOCANTINS;PALMAS;PELE DO TRONCO;C445;CARCINOMA BASOCELULAR, SOE;80903;PELE DO TRONCO;C445;;;;;false;HISTOLOGIA DO TUMOR PRIMÁRIO;LOCALIZADO;;;;;;;;13/03/2013;;
1001756;RCBP PALMAS;MASCULINO;01/06/1935;78;PARDA;BRASIL;TOCANTINS;PORTO NACIONAL;FUNDAMENTAL I (1ª A 4ª SÉRIE);CASADO;0;SEM INFORMAÇÃO	;TOCANTINS;PALMAS;PROSTATA, SOE;C619;NEOPLASIA MALIGNA;80003;PROSTATA;C61;;;;;false;SDO;SEM INFORMAÇÃO;;;;;CÂNCER;11/09/2013;;11/09/2013;;
1001759;RCBP PALMAS;MASCULINO;03/01/1961;52;BRANCO;BRASIL;TOCANTINS;NATIVIDADE;FUNDAMENTAL I (1ª A 4ª SÉRIE);SOLTEIRO;;;TOCANTINS;PALMAS;ESTOMAGO, SOE;C169;NEOPLASIA MALIGNA;80003;ESTOMAGO, SOE;C169;;;;;false;SDO;SEM INFORMAÇÃO;;;;;CÂNCER;14/12/2013;;14/12/2013;;
1001761;RCBP PALMAS;FEMININO;02/01/1958;55;BRANCO;BRASIL;Não informado;;MÉDIO (ANTIGO SEGUNDO GRAU);UNIÃO CONSENSUAL;0;SEM INFORMAÇÃO	;TOCANTINS;PALMAS;COLON SIGMOIDE;C187;NEOPLASIA MALIGNA;80003;COLON SIGMOIDE;C187;;;;;false;SDO;SEM INFORMAÇÃO;;;;;CÂNCER;01/11/2013;;01/11/2013;;
1001991;RCBP PALMAS;MASCULINO;05/11/1951;62;SEM INFORMAÇÃO;BRASIL;TOCANTINS;PRESIDENTE KENNEDY;SEM INFORMAÇÃO;SEM INFORMAÇÃO;0;SEM INFORMAÇÃO	;TOCANTINS;PALMAS;PELE DE OUTRAS PARTES DA FACE;C443;CARCINOMA BASOCELULAR, SOE;80903;PELE DE OUTRAS PARTES DA FACE;C443;;;;;false;HISTOLOGIA DO TUMOR PRIMÁRIO;LOCALIZADO;;;;;;;;06/11/2013;;
1001993;RCBP PALMAS;MASCULINO;20/10/1934;79;PARDA;BRASIL;MARANHÃO;;SEM INFORMAÇÃO;CASADO;0;SEM INFORMAÇÃO	;TOCANTINS;PALMAS;PROSTATA, SOE;C619;NEOPLASIA MALIGNA;80003;PROSTATA;C61;;;;;false;SDO;SEM INFORMAÇÃO;;;;;NÃO CÂNCER;29/11/2013;;29/11/2013;;
1002007;RCBP PALMAS;MASCULINO;19/07/1950;62;PARDA;BRASIL;MINAS GERAIS;PARAOPEBA;MÉDIO (ANTIGO SEGUNDO GRAU);CASADO;231;PROFESSORES DE NÍVEL SUPERIOR NA EDUCAÇÃO INFANTIL E NO ENSINO FUNDAMENTAL	;TOCANTINS;PALMAS;PULMAO, SOE;C349;NEOPLASIA MALIGNA;80003;BRONQUIOS OU PULMOES, SOE;C349;;;;;false;SDO;METÁSTASE;;;;;CÂNCER;05/05/2013;;05/05/2013;;
1001988;RCBP PALMAS;MASCULINO;20/09/1936;76;PARDA;BRASIL;MARANHÃO;RIACHÃO;SEM INFORMAÇÃO;CASADO;0;SEM INFORMAÇÃO	;TOCANTINS;PALMAS;LESAO SOBREPOSTA DA PELE;C448;CARCINOMA BASOCELULAR, SOE;80903;LESAO INVASIVA DA PELE;C448;;;;;false;HISTOLOGIA DO TUMOR PRIMÁRIO;LOCALIZADO;;;;;;;;19/09/2013;;
1002016;RCBP PALMAS;FEMININO;16/06/1957;55;BRANCO;BRASIL;TOCANTINS;PEIXE;SEM INFORMAÇÃO;SEPARADO JUDICIALMENTE;0;SEM INFORMAÇÃO	;TOCANTINS;PALMAS;MAMA , SOE;C509;NEOPLASIA MALIGNA;80003;MAMA , SOE;C509;;;;;false;SDO;SEM INFORMAÇÃO;;;;;CÂNCER;23/01/2013;;23/01/2013;;
1002238;RCBP PALMAS;FEMININO;20/10/1971;41;BRANCO;BRASIL;TOCANTINS;PONTE ALTA DO TOCANTINS;SUPERIOR COMPLETO;SOLTEIRO;261;PROFISSIONAIS DA COMUNICAÇÃO E DA INFORMAÇÃO  	;TOCANTINS;PALMAS;PELE, SOE;C449;MELANOMA MALIGNO, SOE;87203;MELANOMA MALIGNO DA PELE, SOE;C439;;;;;false;HISTOLOGIA DO TUMOR PRIMÁRIO;LOCALIZADO;;;;;;;;19/07/2013;;
1003292;RCBP PALMAS;FEMININO;07/01/1956;57;PARDA;BRASIL;MARANHÃO;CODÓ;SEM INFORMAÇÃO;SOLTEIRO;622;TRABALHADORES AGRÍCOLAS   	;TOCANTINS;PALMAS;COLO DO UTERO, SOE;C539;CARCINOMA ESCAMOCELULAR, SOE;80703;COLO DO UTERO, SOE;C539;;;;;false;HISTOLOGIA DO TUMOR PRIMÁRIO;METÁSTASE;;;;;CÂNCER;14/02/2016;;05/11/2013;;
1008302;RCBP PALMAS;FEMININO;05/06/1963;50;SEM INFORMAÇÃO;BRASIL;PERNAMBUCO;FLORES;SEM INFORMAÇÃO;SEM INFORMAÇÃO;0;SEM INFORMAÇÃO	;TOCANTINS;PALMAS;PELE DE OUTRAS PARTES DA FACE;C443;CARCINOMA BASOCELULAR, SOE;80903;PELE DE OUTRAS PARTES DA FACE;C443;;;;;false;HISTOLOGIA DO TUMOR PRIMÁRIO;LOCALIZADO;;;;;;;;18/09/2013;;
1009117;RCBP PALMAS;MASCULINO;08/12/1965;47;PARDA;BRASIL;SERGIPE;MURIBECA;SEM INFORMAÇÃO;SEM INFORMAÇÃO;0;SEM INFORMAÇÃO	;TOCANTINS;PALMAS;PELE, SOE;C449;CARCINOMA BASOCELULAR, SOE;80903;NEOPLASIA MALIGNA DA PELE;C449;;;;;false;HISTOLOGIA DO TUMOR PRIMÁRIO;LOCALIZADO;;;;;;;;08/05/2013;;
1009120;RCBP PALMAS;MASCULINO;29/12/1957;55;BRANCO;BRASIL;Não informado;;SUPERIOR COMPLETO;CASADO;111;MEMBROS SUPERIORES DO PODER LEGISLATIVO, EXECUTIVO E JUDICIÁRIO   	;TOCANTINS;PALMAS;TIREOIDE, SOE;C739;NEOPLASIA MALIGNA;80003;GLANDULA TIREOIDE;C73;;;;;false;SDO;SEM INFORMAÇÃO;;;;;CÂNCER;17/12/2013;;17/12/2013;;
1009126;RCBP PALMAS;FEMININO;29/08/1951;61;PARDA;BRASIL;TOCANTINS;;FUNDAMENTAL I (1ª A 4ª SÉRIE);SOLTEIRO;0;SEM INFORMAÇÃO	;TOCANTINS;PALMAS;ENDOCERVIX;C530;CARCINOMA ESCAMOCELULAR, SOE;80703;ENDOCERVIX;C530;;;;;false;HISTOLOGIA DO TUMOR PRIMÁRIO;METÁSTASE;;;;;;;;29/01/2013;;
1009134;RCBP PALMAS;FEMININO;01/06/1935;78;SEM INFORMAÇÃO;BRASIL;GOIAS;CALDAS NOVAS;SEM INFORMAÇÃO;SEM INFORMAÇÃO;;;TOCANTINS;PALMAS;PELE DE OUTRAS PARTES DA FACE;C443;CARCINOMA BASOCELULAR, SOE;80903;PELE DE OUTRAS PARTES DA FACE;C443;;;;;false;HISTOLOGIA DO TUMOR PRIMÁRIO;LOCALIZADO;;;;;;;;30/08/2013;;
1009444;RCBP PALMAS;FEMININO;23/05/1967;45;BRANCO;BRASIL;PARANÁ;PLANALTO;SEM INFORMAÇÃO;SEM INFORMAÇÃO;;;TOCANTINS;PALMAS;PELE DE OUTRAS PARTES DA FACE;C443;CARCINOMA BASOCELULAR, SOE;80903;PELE DE OUTRAS PARTES DA FACE;C443;;;;;false;HISTOLOGIA DO TUMOR PRIMÁRIO;LOCALIZADO;;;;;;;;10/04/2013;;
1009136;RCBP PALMAS;FEMININO;05/06/1963;50;SEM INFORMAÇÃO;BRASIL;PERNAMBUCO;FLORES;SEM INFORMAÇÃO;SEM INFORMAÇÃO;0;SEM INFORMAÇÃO	;TOCANTINS;PALMAS;PELE DE OUTRAS PARTES DA FACE;C443;CARCINOMA BASOCELULAR, SOE;80903;PELE DE OUTRAS PARTES DA FACE;C443;;;;;false;HISTOLOGIA DO TUMOR PRIMÁRIO;LOCALIZADO;;;;;;;;18/09/2013;;
1009139;RCBP PALMAS;FEMININO;26/03/1949;64;PARDA;BRASIL;Não informado;;FUNDAMENTAL II (5ª A 8ª SÉRIE);VIÚVO;0;SEM INFORMAÇÃO	;TOCANTINS;PALMAS;LINFONODO, SOE;C779;LINFOMA MALIGNO, SOE;95903;LINFOMA NAO-HODGKIN, SOE;C859;;;;;false;SDO;NÃO SE APLICA;;;;;CÂNCER;01/04/2013;;01/04/2013;;
1009446;RCBP PALMAS;MASCULINO;02/07/1937;76;PARDA;BRASIL;Não informado;;SEM ESCOLARIDADE;SOLTEIRO;0;SEM INFORMAÇÃO	;TOCANTINS;PALMAS;PULMAO, SOE;C349;NEOPLASIA MALIGNA;80003;BRONQUIOS OU PULMOES, SOE;C349;;;;;false;SDO;SEM INFORMAÇÃO;;;;;CÂNCER;08/08/2013;;08/08/2013;;
1009449;RCBP PALMAS;MASCULINO;07/02/1950;63;SEM INFORMAÇÃO;BRASIL;MINAS GERAIS;;SUPERIOR COMPLETO;SEM INFORMAÇÃO;0;SEM INFORMAÇÃO	;TOCANTINS;PALMAS;LOBO INFERIOR DO PULMAO;C343;ADENOCARCINOMA, SOE;81403;LOBO INFERIOR, BRONQUIO OU PULMAO;C343;;;;;false;HISTOLOGIA DO TUMOR PRIMÁRIO;METÁSTASE;;;;;;;;19/09/2013;;
1009451;RCBP PALMAS;FEMININO;09/10/1940;72;BRANCO;BRASIL;Não informado;;SEM INFORMAÇÃO;SOLTEIRO;322;TÉCNICOS DA CIÊNCIA DA SAÚDE HUMANA 	;TOCANTINS;PALMAS;LOCALIZACAO PRIMARIA DESCONHECIDA, SOE;C809;NEOPLASIA MALIGNA;80003;LOCALIZACAO PRIMARIA DESCONHECIDA;C80;;;;;false;SDO;METÁSTASE;;;;;CÂNCER;03/06/2013;;03/06/2013;;
1009454;RCBP PALMAS;MASCULINO;24/02/1964;49;SEM INFORMAÇÃO;BRASIL;GOIAS;;SUPERIOR COMPLETO;SEM INFORMAÇÃO;0;SEM INFORMAÇÃO	;TOCANTINS;PALMAS;COLON ASCENDENTE;C182;ADENOCARCINOMA, SOE;81403;COLON ASCENDENTE;C182;;;;;false;HISTOLOGIA DO TUMOR PRIMÁRIO;METÁSTASE;;;;;;;;26/11/2013;;
1009610;RCBP PALMAS;MASCULINO;12/08/2009;4;PARDA;BRASIL;Não informado;;SEM INFORMAÇÃO;SEM INFORMAÇÃO;;;TOCANTINS;PALMAS;SISTEMA NERVOSO, SOE;C729;NEOPLASIA MALIGNA;80003;SISTEMA NERVOSO CENTRAL, SOE;C729;Neoplasias intracranianas e intra-espinhais não especificadas;III-F;;;false;SDO;SEM INFORMAÇÃO;;;;;CÂNCER;15/12/2013;;15/12/2013;;
1009616;RCBP PALMAS;FEMININO;10/01/1935;78;PARDA;BRASIL;Não informado;;SEM ESCOLARIDADE;SOLTEIRO;0;SEM INFORMAÇÃO	;TOCANTINS;PALMAS;ESTOMAGO, SOE;C169;NEOPLASIA MALIGNA;80003;ESTOMAGO, SOE;C169;;;;;false;SDO;SEM INFORMAÇÃO;;;;;CÂNCER;22/08/2013;;22/08/2013;;
1009623;RCBP PALMAS;FEMININO;10/11/1958;54;PRETA;BRASIL;Não informado;;SEM INFORMAÇÃO;SOLTEIRO;763;TRABALHADORES DA CONFECÇÃO DE ROUPAS 	;TOCANTINS;PALMAS;ESOFAGO, SOE;C159;NEOPLASIA MALIGNA;80003;ESOFAGO, SOE;C159;;;;;false;SDO;SEM INFORMAÇÃO;;;;;CÂNCER;13/06/2013;;13/06/2013;;
1009624;RCBP PALMAS;MASCULINO;12/05/1957;56;PARDA;BRASIL;Não informado;;FUNDAMENTAL I (1ª A 4ª SÉRIE);CASADO;;;TOCANTINS;PALMAS;COLON, SOE;C189;NEOPLASIA MALIGNA;80003;COLON, SOE;C189;;;;;false;SDO;SEM INFORMAÇÃO;;;;;CÂNCER;16/09/2013;;16/09/2013;;
1010140;RCBP PALMAS;MASCULINO;13/06/1946;67;BRANCO;BRASIL;TOCANTINS;PALMAS;FUNDAMENTAL II (5ª A 8ª SÉRIE);CASADO;782;CONDUTORES DE VEÍCULOS E OPERADORES DE EQUIPAMENTOS DE ELEVAÇÃO E DE MOVIMENTAÇÃO DE CARGAS   	;TOCANTINS;PALMAS;LINFONODOS INTRA-ABDOMINAIS;C772;LINFOMA MAL., CELS. GDES B, DIFUSO, IMUNOBL., SOE;96843;IMUNOBLASTICO (DIFUSO);C834;;;;;false;HISTOLOGIA DO TUMOR PRIMÁRIO;SEM INFORMAÇÃO;;;;;CÂNCER;09/03/2014;;26/11/2013;;
1466484;RCBP PALMAS;MASCULINO;09/07/1944;69;PARDA;BRASIL;MARANHÃO;TASSO FRAGOSO;SEM ESCOLARIDADE;CASADO;0;SEM INFORMAÇÃO	;TOCANTINS;PALMAS;PROSTATA, SOE;C619;ADENOCARCINOMA, SOE;81403;PROSTATA;C61;;;;;false;HISTOLOGIA DO TUMOR PRIMÁRIO;LOCALIZADO;;;;;CÂNCER;12/01/2014;;03/01/2014;;
1466488;RCBP PALMAS;MASCULINO;11/06/1941;73;PARDA;BRASIL;MINAS GERAIS;PIAU;SEM INFORMAÇÃO;CASADO;0;SEM INFORMAÇÃO	;TOCANTINS;PALMAS;LOCALIZACAO PRIMARIA DESCONHECIDA, SOE;C809;NEOPLASIA MALIGNA;80003;LOCALIZACAO PRIMARIA DESCONHECIDA;C80;;;;;false;HISTOLOGIA DO TUMOR PRIMÁRIO;METÁSTASE;;;;;CÂNCER;06/12/2014;;06/12/2014;;
826613;RCBP PALMAS;FEMININO;17/06/1939;74;BRANCO;BRASIL;SANTA CATARINA;CONCÓRDIA;SEM INFORMAÇÃO;SEM INFORMAÇÃO;0;SEM INFORMAÇÃO	;TOCANTINS;PALMAS;PELE, SOE;C449;CARCINOMA BASOCELULAR, SOE;80903;NEOPLASIA MALIGNA DA PELE;C449;;;;;false;HISTOLOGIA DO TUMOR PRIMÁRIO;LOCALIZADO;;;;;;;;16/01/2014;;
1163892;RCBP PALMAS;MASCULINO;31/05/1948;65;PARDA;BRASIL;CEARÁ;SABOEIRO;SUPERIOR COMPLETO;CASADO;782;CONDUTORES DE VEÍCULOS E OPERADORES DE EQUIPAMENTOS DE ELEVAÇÃO E DE MOVIMENTAÇÃO DE CARGAS   	;TOCANTINS;PALMAS;MEDULA OSSEA;C421;LEUCEMIA MIELOIDE AGUDA, SOE;98613;LEUCEMIA MIELOIDE AGUDA;C920;;;;;false;HISTOLOGIA DO TUMOR PRIMÁRIO;NÃO SE APLICA;;;;;CÂNCER;09/03/2015;;25/03/2014;;
1164060;RCBP PALMAS;MASCULINO;30/03/1979;35;PARDA;BRASIL;MINAS GERAIS;JANUÁRIA;FUNDAMENTAL I (1ª A 4ª SÉRIE);UNIÃO CONSENSUAL;862;OPERADORES DE UTILIDADES  	;TOCANTINS;PALMAS;PENIS, SOE;C609;CARCINOMA ESCAMOCELULAR, SOE;80703;PENIS, SOE;C609;;;;;false;HISTOLOGIA DO TUMOR PRIMÁRIO;METÁSTASE;;;;;CÂNCER;14/10/2015;;29/10/2014;;
1169084;RCBP PALMAS;MASCULINO;05/07/1958;56;PARDA;BRASIL;TOCANTINS;NATIVIDADE;MÉDIO (ANTIGO SEGUNDO GRAU);SOLTEIRO;715;TRABALHADORES DA CONSTRUÇÃO CIVIL E OBRAS PÚBLICAS	;TOCANTINS;PALMAS;PROSTATA, SOE;C619;ADENOCARCINOMA, SOE;81403;PROSTATA;C61;;;;;false;HISTOLOGIA DO TUMOR PRIMÁRIO;LOCALIZADO;;;;;;;;04/11/2014;;
1164021;RCBP PALMAS;FEMININO;24/07/1989;24;PARDA;BRASIL;TOCANTINS;;FUNDAMENTAL II (5ª A 8ª SÉRIE);CASADO;514;TRABALHADORES NOS SERVIÇOS DE ADMINISTRAÇÃO, CONSERVAÇÃO E MANUTENÇÃO DE EDIFÍCIOS E LOGRADOUROS  	;TOCANTINS;PALMAS;LINFONODOS INTRA-ABDOMINAIS;C772;LINFOMA DE ZONA MARGINAL TIPO CELULAS B, SOE;96993;GRANDES CELULAS (DIFUSO);C833;;;LINFOMA NÃO-HODGKIN;2.1;false;HISTOLOGIA DO TUMOR PRIMÁRIO;NÃO SE APLICA;;;;;;;;27/03/2014;;
1164014;RCBP PALMAS;FEMININO;30/09/1956;58;BRANCO;BRASIL;MINAS GERAIS;COROMANDEL;SEM INFORMAÇÃO;SEM INFORMAÇÃO;;;TOCANTINS;PALMAS;COLON ASCENDENTE;C182;ADENOCARCINOMA, SOE;81403;COLON ASCENDENTE;C182;;;;;false;HISTOLOGIA DO TUMOR PRIMÁRIO;LOCALIZADO;;;;;;;;14/10/2014;;
1164015;RCBP PALMAS;FEMININO;21/08/1973;41;PARDA;BRASIL;TOCANTINS;;FUNDAMENTAL I (1ª A 4ª SÉRIE);CASADO;516;TRABALHADORES NOS SERVIÇOS DE EMBELEZAMENTO E CUIDADOS PESSOAIS   	;TOCANTINS;PALMAS;MAMA , SOE;C509;CARCINOMA DUCTAL INFILTRANTE;85003;MAMA , SOE;C509;;;;;false;HISTOLOGIA DO TUMOR PRIMÁRIO;METÁSTASE;;;;;;;;10/11/2014;;
1164016;RCBP PALMAS;FEMININO;03/07/1944;69;BRANCO;BRASIL;MINAS GERAIS;LUZ;SEM INFORMAÇÃO;CASADO;0;SEM INFORMAÇÃO	;TOCANTINS;PALMAS;RETO, SOE;C209;ADENOCARCINOMA, SOE;81403;RETO;C20;;;;;false;HISTOLOGIA DO TUMOR PRIMÁRIO;LOCALIZADO;;;;;;;;07/03/2014;;
1163977;RCBP PALMAS;FEMININO;28/09/1970;43;PARDA;BRASIL;RIO GRANDE DO SUL;CATUÍPE;SEM INFORMAÇÃO;CASADO;0;SEM INFORMAÇÃO	;TOCANTINS;PALMAS;MAMA , SOE;C509;CARCINOMA DUCTAL INFILTRANTE;85003;MAMA , SOE;C509;;;;;false;HISTOLOGIA DO TUMOR PRIMÁRIO;LOCALIZADO;;;;;CÂNCER;31/01/2017;;31/01/2014;;
1163981;RCBP PALMAS;FEMININO;02/05/1965;49;BRANCO;BRASIL;TOCANTINS;ANANÁS;FUNDAMENTAL I (1ª A 4ª SÉRIE);UNIÃO CONSENSUAL;514;TRABALHADORES NOS SERVIÇOS DE ADMINISTRAÇÃO, CONSERVAÇÃO E MANUTENÇÃO DE EDIFÍCIOS E LOGRADOUROS  	;TOCANTINS;PALMAS;COLO DO UTERO, SOE;C539;CARCINOMA ESCAMOCELULAR, SOE;80703;COLO DO UTERO, SOE;C539;;;;;false;HISTOLOGIA DO TUMOR PRIMÁRIO;LOCALIZADO;;;;;CÂNCER;09/01/2016;;28/10/2014;;
1163989;RCBP PALMAS;FEMININO;15/08/1971;42;PARDA;BRASIL;BAHIA;MASCOTE;MÉDIO (ANTIGO SEGUNDO GRAU);CASADO;271;PROFISSIONAIS EM GASTRONOMIA E SERVIÇOS DE ALIMENTAÇÃO	;TOCANTINS;PALMAS;COLON SIGMOIDE;C187;ADENOCARCINOMA, SOE;81403;COLON SIGMOIDE;C187;;;;;false;HISTOLOGIA DO TUMOR PRIMÁRIO;LOCALIZADO;;;;;;;;28/04/2014;;
1163978;RCBP PALMAS;FEMININO;04/06/1944;69;BRANCO;BRASIL;MINAS GERAIS;ALPINÓPOLIS;SEM ESCOLARIDADE;SEM INFORMAÇÃO;0;SEM INFORMAÇÃO	;TOCANTINS;PALMAS;ESTOMAGO, SOE;C169;ADENOCARCINOMA TUBULAR;82113;ESTOMAGO, SOE;C169;;;;;false;HISTOLOGIA DO TUMOR PRIMÁRIO;SEM INFORMAÇÃO;;;;;;;;23/01/2014;;
1163979;RCBP PALMAS;FEMININO;29/07/1955;58;PARDA;BRASIL;MINAS GERAIS;;MÉDIO (ANTIGO SEGUNDO GRAU);SEPARADO JUDICIALMENTE;524;VENDEDORES A DOMICÍLIO, AMBULANTES E EM BANCAS	;TOCANTINS;PALMAS;MAMA , SOE;C509;CARCINOMA DUCTAL INFILTRANTE;85003;MAMA , SOE;C509;;;;;false;HISTOLOGIA DO TUMOR PRIMÁRIO;METÁSTASE;;;;;;;;31/03/2014;;
1163980;RCBP PALMAS;FEMININO;08/12/1964;49;PARDA;BRASIL;MARANHÃO;;FUNDAMENTAL II (5ª A 8ª SÉRIE);CASADO;621;TRABALHADORES NA EXPLORAÇÃO AGROPECUÁRIA EM GERAL	;TOCANTINS;PALMAS;COLON, SOE;C189;ADENOCARCINOMA, SOE;81403;COLON, SOE;C189;;;;;false;HISTOLOGIA DO TUMOR PRIMÁRIO;METÁSTASE;;;;;;;;15/10/2014;;
1163969;RCBP PALMAS;FEMININO;11/12/1962;51;SEM INFORMAÇÃO;BRASIL;TOCANTINS;PALMAS;SEM INFORMAÇÃO;SEPARADO JUDICIALMENTE;239;OUTROS PROFISSIONAIS DO ENSINO NÃO CLASSIFICADOS ANTERIORMENTE	;TOCANTINS;PALMAS;MAMA , SOE;C509;CARCINOMA DUCTAL INFILTRANTE;85003;MAMA , SOE;C509;;;;;false;HISTOLOGIA DO TUMOR PRIMÁRIO;LOCALIZADO;;;;;;;;01/08/2014;;
1163986;RCBP PALMAS;FEMININO;30/09/1951;63;BRANCO;BRASIL;RIO DE JANEIRO;;FUNDAMENTAL I (1ª A 4ª SÉRIE);CASADO;513;TRABALHADORES DOS SERVIÇOS DE HOTELARIA E ALIMENTAÇÃO 	;TOCANTINS;PALMAS;ENDOMETRIO;C541;CARCINOMA ENDOMETRIOIDE, SOE;83803;ENDOMETRIO;C541;;;;;false;HISTOLOGIA DO TUMOR PRIMÁRIO;SEM INFORMAÇÃO;;;;;;;;04/11/2014;;
1163963;RCBP PALMAS;MASCULINO;08/06/1949;64;PARDA;BRASIL;MARANHÃO;MIRADOR;SEM INFORMAÇÃO;SEM INFORMAÇÃO;;;TOCANTINS;PALMAS;RETO, SOE;C209;ADENOCARCINOMA, SOE;81403;RETO;C20;;;;;false;HISTOLOGIA DO TUMOR PRIMÁRIO;SEM INFORMAÇÃO;;;;;;;;21/01/2014;;
1163968;RCBP PALMAS;FEMININO;16/11/1944;69;PARDA;BRASIL;PIAUÍ;;FUNDAMENTAL II (5ª A 8ª SÉRIE);SEPARADO JUDICIALMENTE;0;SEM INFORMAÇÃO	;TOCANTINS;PALMAS;OVARIO, SOE;C569;ADENOCARCINOMA MUCINOSO;84803;OVARIO;C56;;;;;false;HISTOLOGIA DO TUMOR PRIMÁRIO;METÁSTASE;;;;;;;;27/01/2014;;
1163973;RCBP PALMAS;FEMININO;24/08/1992;21;BRANCO;BRASIL;MARANHÃO;;FUNDAMENTAL II (5ª A 8ª SÉRIE);SOLTEIRO;0;SEM INFORMAÇÃO	;TOCANTINS;PALMAS;TRONCO CEREBRAL;C717;ASTROCITOMA ANAPLASICO;94013;TRONCO CEREBRAL;C717;;;GLIOBLASTOMA E ASTROCITOMA ANAPLÁSICO;3.1.2;false;HISTOLOGIA DO TUMOR PRIMÁRIO;SEM INFORMAÇÃO;;;;;;;;13/02/2014;;
1163975;RCBP PALMAS;MASCULINO;30/10/1944;69;PARDA;BRASIL;MINAS GERAIS;;FUNDAMENTAL II (5ª A 8ª SÉRIE);SOLTEIRO;0;SEM INFORMAÇÃO	;TOCANTINS;PALMAS;RETO, SOE;C209;ADENOCARCINOMA, SOE;81403;RETO;C20;;;;;false;HISTOLOGIA DO TUMOR PRIMÁRIO;SEM INFORMAÇÃO;;;;;;;;14/07/2014;;
1163972;RCBP PALMAS;MASCULINO;04/11/1937;76;BRANCO;BRASIL;GOIAS;;FUNDAMENTAL I (1ª A 4ª SÉRIE);UNIÃO CONSENSUAL;141;GERENTES DE PRODUÇÃO E OPERAÇÕES  	;TOCANTINS;PALMAS;PANCREAS, SOE;C259;NEOPLASIA MALIGNA;80003;PANCREAS, SOE;C259;;;;;false;HISTOLOGIA DO TUMOR PRIMÁRIO;LOCALIZADO;;;;;CÂNCER;24/02/2014;;15/01/2014;;
1163970;RCBP PALMAS;MASCULINO;05/01/1949;65;BRANCO;BRASIL;TOCANTINS;;SEM INFORMAÇÃO;SEPARADO JUDICIALMENTE;621;TRABALHADORES NA EXPLORAÇÃO AGROPECUÁRIA EM GERAL	;TOCANTINS;PALMAS;PROSTATA, SOE;C619;ADENOCARCINOMA, SOE;81403;PROSTATA;C61;;;;;false;HISTOLOGIA DO TUMOR PRIMÁRIO;METÁSTASE;;;;;CÂNCER;25/05/2015;;23/05/2014;;
1163971;RCBP PALMAS;MASCULINO;07/06/1935;79;PARDA;BRASIL;PARAÍBA;;SEM INFORMAÇÃO;CASADO;0;SEM INFORMAÇÃO	;TOCANTINS;PALMAS;ESOFAGO, SOE;C159;CARCINOMA, SOE;80103;ESOFAGO, SOE;C159;;;;;false;HISTOLOGIA DO TUMOR PRIMÁRIO;METÁSTASE;;;;;CÂNCER;29/01/2015;;20/09/2014;;
1163976;RCBP PALMAS;MASCULINO;26/05/1938;75;PARDA;BRASIL;TOCANTINS;DOIS IRMÃOS DO TOCANTINS;SEM ESCOLARIDADE;SOLTEIRO;0;SEM INFORMAÇÃO	;TOCANTINS;PALMAS;PELE DO MEMBRO INFERIOR E DO QUADRIL;C447;LIPOSSARCOMA, SOE;88503;PELE DO MEMBRO INFERIOR E DO QUADRIL;C447;;;;;false;HISTOLOGIA DO TUMOR PRIMÁRIO;LOCALIZADO;;;;;;;;30/01/2014;;
1163960;RCBP PALMAS;FEMININO;23/03/1977;37;BRANCO;BRASIL;MARANHÃO;IMPERATRIZ;SEM INFORMAÇÃO;CASADO;517;TRABALHADORES NOS SERVIÇOS DE PROTEÇÃO E SEGURANÇA	;TOCANTINS;PALMAS;MAMA , SOE;C509;CARCINOMA DUCTAL INFILTRANTE;85003;MAMA , SOE;C509;;;;;false;HISTOLOGIA DO TUMOR PRIMÁRIO;LOCALIZADO;;;;;;;;02/09/2014;;
1163964;RCBP PALMAS;MASCULINO;19/07/1942;71;PARDA;BRASIL;MARANHÃO;;FUNDAMENTAL I (1ª A 4ª SÉRIE);CASADO;621;TRABALHADORES NA EXPLORAÇÃO AGROPECUÁRIA EM GERAL	;TOCANTINS;PALMAS;PROSTATA, SOE;C619;ADENOCARCINOMA, SOE;81403;PROSTATA;C61;;;;;false;HISTOLOGIA DO TUMOR PRIMÁRIO;SEM INFORMAÇÃO;;;;;;;;11/06/2014;;
1163965;RCBP PALMAS;MASCULINO;30/07/1944;69;SEM INFORMAÇÃO;BRASIL;MARANHÃO;BALSAS;SEM INFORMAÇÃO;SEM INFORMAÇÃO;0;SEM INFORMAÇÃO	;TOCANTINS;PALMAS;PROSTATA, SOE;C619;ADENOCARCINOMA, SOE;81403;PROSTATA;C61;;;;;false;HISTOLOGIA DO TUMOR PRIMÁRIO;LOCALIZADO;;;;;;;;20/01/2014;;
1163966;RCBP PALMAS;FEMININO;02/11/1969;44;PARDA;BRASIL;TOCANTINS;;FUNDAMENTAL I (1ª A 4ª SÉRIE);SEPARADO JUDICIALMENTE;763;TRABALHADORES DA CONFECÇÃO DE ROUPAS 	;TOCANTINS;PALMAS;MAMA , SOE;C509;CARCINOMA DUCTAL INFILTRANTE;85003;MAMA , SOE;C509;;;;;false;HISTOLOGIA DO TUMOR PRIMÁRIO;METÁSTASE;;;;;CÂNCER;30/06/2016;;14/07/2014;;
1163974;RCBP PALMAS;MASCULINO;30/09/1973;41;PARDA;BRASIL;TOCANTINS;;FUNDAMENTAL I (1ª A 4ª SÉRIE);SOLTEIRO;621;TRABALHADORES NA EXPLORAÇÃO AGROPECUÁRIA EM GERAL	;TOCANTINS;PALMAS;LOBO FRONTAL;C711;ASTROCITOMA, SOE;94003;LOBO FRONTAL;C711;;;;;false;HISTOLOGIA DO TUMOR PRIMÁRIO;SEM INFORMAÇÃO;;;;;;;;30/09/2014;;
1163962;RCBP PALMAS;FEMININO;21/12/1966;47;PARDA;BRASIL;PERNAMBUCO;;FUNDAMENTAL II (5ª A 8ª SÉRIE);CASADO;514;TRABALHADORES NOS SERVIÇOS DE ADMINISTRAÇÃO, CONSERVAÇÃO E MANUTENÇÃO DE EDIFÍCIOS E LOGRADOUROS  	;TOCANTINS;PALMAS;MAMILO;C500;CARCINOMA DUCTAL INFILTRANTE;85003;MAMILO E AREOLA;C500;;;;;false;HISTOLOGIA DO TUMOR PRIMÁRIO;METÁSTASE;;;;;;;;30/09/2014;;
1163955;RCBP PALMAS;FEMININO;12/04/1949;64;PARDA;BRASIL;BAHIA;;FUNDAMENTAL II (5ª A 8ª SÉRIE);CASADO;0;SEM INFORMAÇÃO	;TOCANTINS;PALMAS;MAMA , SOE;C509;CARCINOMA DUCTAL INFILTRANTE;85003;MAMA , SOE;C509;;;;;false;HISTOLOGIA DO TUMOR PRIMÁRIO;METÁSTASE;;;;;;;;31/03/2014;;
1163954;RCBP PALMAS;MASCULINO;05/08/1939;74;BRANCO;BRASIL;PARÁ;;FUNDAMENTAL II (5ª A 8ª SÉRIE);CASADO;0;SEM INFORMAÇÃO	;TOCANTINS;PALMAS;PROSTATA, SOE;C619;ADENOCARCINOMA, SOE;81403;PROSTATA;C61;;;;;false;HISTOLOGIA DO TUMOR PRIMÁRIO;METÁSTASE;;;;;CÂNCER;30/07/2015;;24/06/2014;;
1163991;RCBP PALMAS;FEMININO;29/08/1961;52;PARDA;BRASIL;MARANHÃO;;FUNDAMENTAL I (1ª A 4ª SÉRIE);SOLTEIRO;621;TRABALHADORES NA EXPLORAÇÃO AGROPECUÁRIA EM GERAL	;TOCANTINS;PALMAS;MEDULA OSSEA;C421;MIELOMA MULTIPLO;97323;MIELOMA MULTIPLO;C900;;;;;false;HISTOLOGIA DO TUMOR PRIMÁRIO;NÃO SE APLICA;;;;;CÂNCER;01/02/2016;;07/02/2014;;
1164018;RCBP PALMAS;FEMININO;20/09/1947;66;PARDA;BRASIL;MINAS GERAIS;;FUNDAMENTAL I (1ª A 4ª SÉRIE);VIÚVO;621;TRABALHADORES NA EXPLORAÇÃO AGROPECUÁRIA EM GERAL	;TOCANTINS;PALMAS;VULVA, SOE;C519;CARCINOMA ESCAMOCELULAR, SOE;80703;VULVA, SOE;C519;;;;;false;HISTOLOGIA DO TUMOR PRIMÁRIO;METÁSTASE;;;;;CÂNCER;30/03/2014;;22/01/2014;;
1164017;RCBP PALMAS;FEMININO;22/01/1940;74;PARDA;BRASIL;MARANHÃO;PARNARAMA;SEM ESCOLARIDADE;SOLTEIRO;621;TRABALHADORES NA EXPLORAÇÃO AGROPECUÁRIA EM GERAL	;TOCANTINS;PALMAS;PULMAO, SOE;C349;ADENOCARCINOMA, SOE;81403;BRONQUIOS OU PULMOES, SOE;C349;;;;;false;HISTOLOGIA DO TUMOR PRIMÁRIO;METÁSTASE;;;;;CÂNCER;26/10/2014;;07/07/2014;;
1164019;RCBP PALMAS;FEMININO;15/12/1955;58;PARDA;BRASIL;GOIAS;;FUNDAMENTAL II (5ª A 8ª SÉRIE);VIÚVO;524;VENDEDORES A DOMICÍLIO, AMBULANTES E EM BANCAS	;TOCANTINS;PALMAS;LOBO SUPERIOR DO PULMAO;C341;ADENOCARCINOMA, SOE;81403;LOBO SUPERIOR, BRONQUIO OU PULMAO;C341;;;;;false;HISTOLOGIA DO TUMOR PRIMÁRIO;METÁSTASE;;;;;CÂNCER;07/11/2014;;19/08/2014;;
1164020;RCBP PALMAS;FEMININO;25/10/1952;61;PARDA;BRASIL;MARANHÃO;;SEM INFORMAÇÃO;CASADO;621;TRABALHADORES NA EXPLORAÇÃO AGROPECUÁRIA EM GERAL	;TOCANTINS;PALMAS;PULMAO, SOE;C349;ADENOCARCINOMA, SOE;81403;BRONQUIOS OU PULMOES, SOE;C349;;;;;false;HISTOLOGIA DO TUMOR PRIMÁRIO;METÁSTASE;;;;;CÂNCER;21/03/2015;;18/07/2014;;
1163932;RCBP PALMAS;MASCULINO;07/02/1943;71;PARDA;BRASIL;MARANHÃO;;FUNDAMENTAL II (5ª A 8ª SÉRIE);CASADO;0;SEM INFORMAÇÃO	;TOCANTINS;PALMAS;MEDULA OSSEA;C421;MIELOMA MULTIPLO;97323;MIELOMA MULTIPLO;C900;;;;;false;HISTOLOGIA DO TUMOR PRIMÁRIO;NÃO SE APLICA;;;;;CÂNCER;23/12/2015;;15/07/2014;;
1163893;RCBP PALMAS;FEMININO;14/02/1965;49;PARDA;BRASIL;TOCANTINS;PARAÍSO DO TOCANTINS;SEM ESCOLARIDADE;CASADO;0;SEM INFORMAÇÃO	;TOCANTINS;PALMAS;MAMA , SOE;C509;CARCINOMA DUCTAL INFILTRANTE;85003;MAMA , SOE;C509;;;;;false;HISTOLOGIA DO TUMOR PRIMÁRIO;METÁSTASE;;;;;CÂNCER;10/06/2015;;29/12/2014;;
995766;RCBP PALMAS;FEMININO;09/06/1949;64;PARDA;BRASIL;GOIAS;ANÁPOLIS;SEM ESCOLARIDADE;SEPARADO JUDICIALMENTE;0;SEM INFORMAÇÃO	;TOCANTINS;PALMAS;PELE DO MEMBRO INFERIOR E DO QUADRIL;C447;SARCOMA, SOE;88003;PELE DO MEMBRO INFERIOR E DO QUADRIL;C447;;;;;false;HISTOLOGIA DO TUMOR PRIMÁRIO;METÁSTASE;;;;;CÂNCER;07/04/2014;;27/01/2014;;
1180538;RCBP PALMAS;FEMININO;23/09/1946;68;PARDA;BRASIL;GOIAS;PORANGATU;SEM INFORMAÇÃO;VIÚVO;111;MEMBROS SUPERIORES DO PODER LEGISLATIVO, EXECUTIVO E JUDICIÁRIO   	;TOCANTINS;PALMAS;BEXIGA, SOE;C679;CARCINOMA DE CEL. TRANS. PAPILAR, NAO INVASIVO;81302;BEXIGA;D090;;;;;false;SEM INFORMAÇÃO;"IN SITU";;;;;;;;22/10/2014;;
1163909;RCBP PALMAS;FEMININO;27/12/1961;52;SEM INFORMAÇÃO;BRASIL;PERNAMBUCO;FLORES;SUPERIOR COMPLETO;CASADO;239;OUTROS PROFISSIONAIS DO ENSINO NÃO CLASSIFICADOS ANTERIORMENTE	;TOCANTINS;PALMAS;MAMA , SOE;C509;ADENOCARCINOMA TUBULAR;82113;MAMA , SOE;C509;;;;;false;HISTOLOGIA DO TUMOR PRIMÁRIO;LOCALIZADO;;;;;;;;17/12/2014;;
1163752;RCBP PALMAS;FEMININO;17/03/1957;57;PARDA;BRASIL;TOCANTINS;;SUPERIOR COMPLETO;CASADO;0;SEM INFORMAÇÃO	;TOCANTINS;PALMAS;CANAL ANAL;C211;CARCINOMA ESCAMOCELULAR, SOE;80703;CANAL ANAL;C211;;;;;false;HISTOLOGIA DO TUMOR PRIMÁRIO;METÁSTASE;;;;;;;;28/10/2014;;
1163906;RCBP PALMAS;FEMININO;16/06/1939;74;PARDA;BRASIL;TOCANTINS;NAZARÉ;SEM ESCOLARIDADE;VIÚVO;621;TRABALHADORES NA EXPLORAÇÃO AGROPECUÁRIA EM GERAL	;TOCANTINS;PALMAS;OSSOS LONGOS M.SUPERIOR, OMOPLATA E ARTICUL. ASSOC;C400;OSTEOSSARCOMA FIBROBLASTICO;91823;ESCAPULA E OSSOS LONGOS DOS M. SUPERIORES;C400;;;;;false;HISTOLOGIA DO TUMOR PRIMÁRIO;LOCALIZADO;;;;;CÂNCER;25/09/2014;;09/02/2014;;
1010141;RCBP PALMAS;FEMININO;25/04/1949;65;PARDA;BRASIL;RIO GRANDE DO SUL;COXILHA;FUNDAMENTAL I (1ª A 4ª SÉRIE);VIÚVO;0;SEM INFORMAÇÃO	;TOCANTINS;PALMAS;MAMILO;C500;CARCINOMA DUCTAL INFILTRANTE;85003;MAMILO E AREOLA;C500;;;;;false;HISTOLOGIA DO TUMOR PRIMÁRIO;LOCALIZADO;;;;;;;;14/07/2014;;
1085692;RCBP PALMAS;MASCULINO;20/09/1950;63;PARDA;BRASIL;TOCANTINS;PORTO NACIONAL;FUNDAMENTAL II (5ª A 8ª SÉRIE);SEM INFORMAÇÃO;0;SEM INFORMAÇÃO	;TOCANTINS;PALMAS;FIGADO, SOE;C220;CARCINOMA HEPATOCELULAR, SOE;81703;CARCINOMA DE CELULAS HEPATICAS;C220;;;;;false;HISTOLOGIA DO TUMOR PRIMÁRIO;SEM INFORMAÇÃO;;;;;CÂNCER;03/11/2014;;01/04/2014;;
1180761;RCBP PALMAS;FEMININO;10/01/1978;36;PARDA;BRASIL;TOCANTINS;;SUPERIOR COMPLETO;CASADO;223;PROFISSIONAIS DA MEDICINA, SAÚDE E AFINS  	;TOCANTINS;PALMAS;MEDULA OSSEA;C421;LEUCEMIA MIELOIDE CRONICA, SOE;98633;LEUCEMIA MIELOIDE CRONICA;C921;;;;;false;HISTOLOGIA DO TUMOR PRIMÁRIO;NÃO SE APLICA;;;;;;;;21/10/2014;;
1180759;RCBP PALMAS;MASCULINO;11/03/1942;71;BRANCO;BRASIL;MARANHÃO;;FUNDAMENTAL II (5ª A 8ª SÉRIE);CASADO;0;SEM INFORMAÇÃO	;TOCANTINS;PALMAS;PROSTATA, SOE;C619;ADENOCARCINOMA, SOE;81403;PROSTATA;C61;;;;;false;HISTOLOGIA DO TUMOR PRIMÁRIO;METÁSTASE;;;;;CÂNCER;23/12/2017;;17/02/2014;;
1180760;RCBP PALMAS;FEMININO;24/08/1944;69;BRANCO;BRASIL;GOIAS;;FUNDAMENTAL II (5ª A 8ª SÉRIE);CASADO;0;SEM INFORMAÇÃO	;TOCANTINS;PALMAS;ENDOMETRIO;C541;CARCINOMA ESCAMOCELULAR, SOE;80703;ENDOMETRIO;C541;;;;;false;HISTOLOGIA DO TUMOR PRIMÁRIO;LOCALIZADO;;;;;CÂNCER;19/09/2014;;19/02/2014;;
1180537;RCBP PALMAS;MASCULINO;06/04/1938;76;PARDA;BRASIL;MINAS GERAIS;;FUNDAMENTAL II (5ª A 8ª SÉRIE);CASADO;0;SEM INFORMAÇÃO	;TOCANTINS;PALMAS;COLON ASCENDENTE;C182;ADENOCARCINOMA, SOE;81403;COLON ASCENDENTE;C182;;;;;false;HISTOLOGIA DO TUMOR PRIMÁRIO;SEM INFORMAÇÃO;;;;;;;;15/04/2014;;
1163762;RCBP PALMAS;MASCULINO;04/05/1942;72;SEM INFORMAÇÃO;BRASIL;SÃO PAULO;;SUPERIOR COMPLETO;SEM INFORMAÇÃO;0;SEM INFORMAÇÃO	;TOCANTINS;PALMAS;JUNCAO RETOSSIGMOIDIANA, SOE;C199;ADENOCARCINOMA TUBULAR;82113;JUNCAO RETOSSIGMOIDE;C19;;;;;false;HISTOLOGIA DO TUMOR PRIMÁRIO;SEM INFORMAÇÃO;;;;;;;;16/06/2014;;
1163787;RCBP PALMAS;FEMININO;06/12/1953;60;PARDA;BRASIL;TOCANTINS;;FUNDAMENTAL I (1ª A 4ª SÉRIE);SOLTEIRO;0;SEM INFORMAÇÃO	;TOCANTINS;PALMAS;ENDOCERVIX;C530;CARCINOMA ESCAMOCELULAR, SOE;80703;ENDOCERVIX;C530;;;;;false;HISTOLOGIA DO TUMOR PRIMÁRIO;SEM INFORMAÇÃO;;;;;;;;12/03/2014;;
1163788;RCBP PALMAS;FEMININO;22/03/1943;71;AMARELA;BRASIL;GOIAS;;FUNDAMENTAL I (1ª A 4ª SÉRIE);CASADO;621;TRABALHADORES NA EXPLORAÇÃO AGROPECUÁRIA EM GERAL	;TOCANTINS;PALMAS;LARINGE, SOE;C329;CARCINOMA ESCAMOCELULAR, SOE;80703;LARINGE, SOE;C329;;;;;false;HISTOLOGIA DO TUMOR PRIMÁRIO;METÁSTASE;;;;;;;;20/10/2014;;
1163789;RCBP PALMAS;FEMININO;02/03/1942;72;SEM INFORMAÇÃO;BRASIL;MARANHÃO;MIRADOR;SEM INFORMAÇÃO;CASADO;0;SEM INFORMAÇÃO	;TOCANTINS;PALMAS;ORBITA, SOE;C696;NEOPLASIA MALIGNA;80003;ORBITA;C696;;;;;false;HISTOLOGIA DO TUMOR PRIMÁRIO;SEM INFORMAÇÃO;;;;;;;;08/08/2014;;
1163791;RCBP PALMAS;MASCULINO;04/02/1961;53;PARDA;BRASIL;GOIAS;;FUNDAMENTAL I (1ª A 4ª SÉRIE);SOLTEIRO;621;TRABALHADORES NA EXPLORAÇÃO AGROPECUÁRIA EM GERAL	;TOCANTINS;PALMAS;PALPEBRA;C441;CARCINOMA BASOCELULAR, SOE;80903;PELE DA PALPEBRA E CANTO;C441;;;;;false;HISTOLOGIA DO TUMOR PRIMÁRIO;SEM INFORMAÇÃO;;;;;;;;15/07/2014;;
1163793;RCBP PALMAS;FEMININO;26/10/1998;16;SEM INFORMAÇÃO;BRASIL;TOCANTINS;;FUNDAMENTAL II (5ª A 8ª SÉRIE);SEM INFORMAÇÃO;0;SEM INFORMAÇÃO	;TOCANTINS;PALMAS;LINFONODOS INGUINAIS E DOS MEMBROS INFERIORES;C774;LINFOMA MALIGNO, CELS. GRANDES B, DIFUSO, SOE;96803;GRANDES CELULAS (DIFUSO);C833;Linfoma não-Hodgkin;II-B;LINFOMA NÃO-HODGKIN;2.1;false;HISTOLOGIA DO TUMOR PRIMÁRIO;NÃO SE APLICA;;;;;;;;18/12/2014;;
1163794;RCBP PALMAS;FEMININO;09/02/1932;82;PARDA;BRASIL;MARANHÃO;;FUNDAMENTAL I (1ª A 4ª SÉRIE);VIÚVO;0;SEM INFORMAÇÃO	;TOCANTINS;PALMAS;QUADRANTE SUPERIOR EXTERNO DA MAMA;C504;CARCINOMA DUCTAL INFILTRANTE;85003;QUADRANTE SUPERIOR EXTERNO DA MAMA;C504;;;;;false;HISTOLOGIA DO TUMOR PRIMÁRIO;METÁSTASE;;;;;;;;02/04/2014;;
1163795;RCBP PALMAS;FEMININO;22/08/1997;16;PARDA;BRASIL;TOCANTINS;;MÉDIO (ANTIGO SEGUNDO GRAU);SOLTEIRO;0;SEM INFORMAÇÃO	;TOCANTINS;PALMAS;PLACENTA, SOE;C589;CORIOCARCINOMA, SOE;91003;PLACENTA;C58;Outros tumores de células germinativas não gonadais e tumores de células germinativas não gonadais não especificados;X-B;OUTROS SÍTIOS NÃO-GONADAIS;6.2.2;false;HISTOLOGIA DO TUMOR PRIMÁRIO;SEM INFORMAÇÃO;;;;;;;;15/07/2014;;
1163796;RCBP PALMAS;FEMININO;29/08/1944;69;PARDA;BRASIL;PIAUÍ;;FUNDAMENTAL I (1ª A 4ª SÉRIE);CASADO;322;TÉCNICOS DA CIÊNCIA DA SAÚDE HUMANA 	;TOCANTINS;PALMAS;VESICULA BILIAR, SOE;C239;ADENOCARCINOMA, SOE;81403;VESICULA BILIAR;C23;;;;;false;HISTOLOGIA DO TUMOR PRIMÁRIO;LOCALIZADO;;;;;;;;27/05/2014;;
1163798;RCBP PALMAS;MASCULINO;21/10/1962;51;PARDA;BRASIL;MINAS GERAIS;;FUNDAMENTAL I (1ª A 4ª SÉRIE);SOLTEIRO;0;SEM INFORMAÇÃO	;TOCANTINS;PALMAS;ESTOMAGO, SOE;C169;ADENOCARCINOMA, SOE;81403;ESTOMAGO, SOE;C169;;;;;false;HISTOLOGIA DO TUMOR PRIMÁRIO;SEM INFORMAÇÃO;;;;;;;;22/05/2014;;
1163800;RCBP PALMAS;FEMININO;16/04/1977;36;PARDA;BRASIL;PARÁ;BELÉM;FUNDAMENTAL I (1ª A 4ª SÉRIE);UNIÃO CONSENSUAL;514;TRABALHADORES NOS SERVIÇOS DE ADMINISTRAÇÃO, CONSERVAÇÃO E MANUTENÇÃO DE EDIFÍCIOS E LOGRADOUROS  	;TOCANTINS;PALMAS;ECTOCERVIX;C531;CARCINOMA ESCAMOCELULAR, SOE;80703;ECTOCERVIX;C531;;;;;false;HISTOLOGIA DO TUMOR PRIMÁRIO;METÁSTASE;;;;;;;;15/03/2014;;
1163801;RCBP PALMAS;FEMININO;21/12/1976;37;SEM INFORMAÇÃO;BRASIL;TOCANTINS;;FUNDAMENTAL II (5ª A 8ª SÉRIE);SEM INFORMAÇÃO;0;SEM INFORMAÇÃO	;TOCANTINS;PALMAS;QUADRANTE SUPERIOR EXTERNO DA MAMA;C504;CARCINOMA DUCTAL INFILTRANTE;85003;QUADRANTE SUPERIOR EXTERNO DA MAMA;C504;;;;;false;HISTOLOGIA DO TUMOR PRIMÁRIO;LOCALIZADO;;;;;;;;03/09/2014;;
1163802;RCBP PALMAS;MASCULINO;17/10/1949;65;BRANCO;BRASIL;RIO GRANDE DO SUL;CRUZ ALTA;SEM INFORMAÇÃO;SEM INFORMAÇÃO;;;TOCANTINS;PALMAS;PROSTATA, SOE;C619;ADENOCARCINOMA, SOE;81403;PROSTATA;C61;;;;;false;HISTOLOGIA DO TUMOR PRIMÁRIO;LOCALIZADO;;;;;;;;15/12/2014;;
1163803;RCBP PALMAS;FEMININO;09/08/1966;47;SEM INFORMAÇÃO;BRASIL;Não informado;Não Informado;SEM INFORMAÇÃO;SEM INFORMAÇÃO;;;TOCANTINS;PALMAS;PELE DE OUTRAS PARTES DA FACE;C443;CARCINOMA BASOCELULAR, SOE;80903;PELE DE OUTRAS PARTES DA FACE;C443;;;;;false;HISTOLOGIA DO TUMOR PRIMÁRIO;LOCALIZADO;;;;;;;;10/01/2014;;
1163804;RCBP PALMAS;FEMININO;11/06/1953;60;SEM INFORMAÇÃO;BRASIL;Não informado;Não Informado;SEM INFORMAÇÃO;SEM INFORMAÇÃO;;;TOCANTINS;PALMAS;PELE DO COURO CABELUDO E DO PESCOCO;C444;CARCINOMA ESCAMOCELULAR, SOE;80703;PELE DO COURO CABELUDO E DO PESCOCO;C444;;;;;false;HISTOLOGIA DO TUMOR PRIMÁRIO;SEM INFORMAÇÃO;;;;;;;;17/02/2014;;
1163782;RCBP PALMAS;MASCULINO;30/07/1939;74;PARDA;BRASIL;MINAS GERAIS;TIROS;FUNDAMENTAL I (1ª A 4ª SÉRIE);CASADO;0;SEM INFORMAÇÃO	;TOCANTINS;PALMAS;PULMAO, SOE;C349;CARCINOMA ESCAMOCELULAR, SOE;80703;BRONQUIOS OU PULMOES, SOE;C349;;;;;false;HISTOLOGIA DO TUMOR PRIMÁRIO;METÁSTASE;;;;;CÂNCER;13/08/2014;;30/06/2014;;
1163766;RCBP PALMAS;FEMININO;09/08/1952;62;BRANCO;BRASIL;RIO DE JANEIRO;RIO DE JANEIRO;SUPERIOR COMPLETO;SEPARADO JUDICIALMENTE;0;SEM INFORMAÇÃO	;TOCANTINS;PALMAS;MAMA , SOE;C509;CARCINOMA INTRADUCTAL, NAO INFILTRANTE, SOE;85002;CARCINOMA "IN SITU" DA MAMA, SOE;D059;;;;;false;HISTOLOGIA DO TUMOR PRIMÁRIO;"IN SITU";;;;;;;;15/10/2014;;
1163768;RCBP PALMAS;FEMININO;30/03/1972;42;SEM INFORMAÇÃO;BRASIL;SÃO PAULO;;SUPERIOR COMPLETO;SEM INFORMAÇÃO;0;SEM INFORMAÇÃO	;TOCANTINS;PALMAS;QUADRANTE SUPERIOR EXTERNO DA MAMA;C504;CARCINOMA INTRADUCTAL, NAO INFILTRANTE, SOE;85002;CARCINOMA "IN SITU" DA MAMA, SOE;D059;;;;;false;HISTOLOGIA DO TUMOR PRIMÁRIO;"IN SITU";;;;;;;;09/05/2014;;
1163779;RCBP PALMAS;FEMININO;09/11/1974;39;BRANCO;BRASIL;TOCANTINS;;MÉDIO (ANTIGO SEGUNDO GRAU);CASADO;514;TRABALHADORES NOS SERVIÇOS DE ADMINISTRAÇÃO, CONSERVAÇÃO E MANUTENÇÃO DE EDIFÍCIOS E LOGRADOUROS  	;TOCANTINS;PALMAS;MAMA , SOE;C509;CARCINOMA ESCAMOCELULAR, SOE;80703;MAMA , SOE;C509;;;;;false;HISTOLOGIA DO TUMOR PRIMÁRIO;LOCALIZADO;;;;;;;;26/08/2014;;
1163781;RCBP PALMAS;MASCULINO;02/11/1957;56;BRANCO;BRASIL;MARANHÃO;PEDREIRAS;SEM INFORMAÇÃO;SEM INFORMAÇÃO;;;TOCANTINS;PALMAS;PELE, SOE;C449;CARCINOMA BASOCELULAR, SOE;80903;NEOPLASIA MALIGNA DA PELE;C449;;;;;false;HISTOLOGIA DO TUMOR PRIMÁRIO;SEM INFORMAÇÃO;;;;;;;;16/01/2014;;
1163783;RCBP PALMAS;MASCULINO;05/10/1950;63;PARDA;BRASIL;PIAUÍ;;SEM ESCOLARIDADE;CASADO;0;SEM INFORMAÇÃO	;TOCANTINS;PALMAS;PROSTATA, SOE;C619;ADENOCARCINOMA, SOE;81403;PROSTATA;C61;;;;;false;HISTOLOGIA DO TUMOR PRIMÁRIO;LOCALIZADO;;;;;CÂNCER;01/07/2014;;10/02/2014;;
1163780;RCBP PALMAS;MASCULINO;05/10/1931;82;PARDA;BRASIL;SANTA CATARINA;VIDEIRA;FUNDAMENTAL II (5ª A 8ª SÉRIE);CASADO;0;SEM INFORMAÇÃO	;TOCANTINS;PALMAS;BEXIGA, SOE;C679;NEOPLASIA MALIGNA;80003;BEXIGA, SOE;C679;;;;;false;PESQUISA;SEM INFORMAÇÃO;;;;;CÂNCER;19/09/2014;;15/09/2014;;
1163769;RCBP PALMAS;FEMININO;26/12/1998;15;SEM INFORMAÇÃO;BRASIL;SÃO PAULO;;SEM INFORMAÇÃO;SEM INFORMAÇÃO;0;SEM INFORMAÇÃO	;TOCANTINS;PALMAS;NERVOS PERIFERICOS DO ABDOME;C474;NEUROFIBROSSARCOMA;95403;NERVOS PERIFERICOS DO ABDOME;C474;Fibrossarcoma, neurofibrossarcoma e outras neoplasias fibromatosas;IX-B;ESPECÍFICOS (EXCETO SARCOMA DE KAPOSI);5.3.1.1;false;HISTOLOGIA DO TUMOR PRIMÁRIO;SEM INFORMAÇÃO;;;;;CÂNCER;06/07/2015;;13/11/2014;;
987517;RCBP PALMAS;MASCULINO;15/09/1947;67;PARDA;BRASIL;PERNAMBUCO;;MÉDIO (ANTIGO SEGUNDO GRAU);VIÚVO;524;VENDEDORES A DOMICÍLIO, AMBULANTES E EM BANCAS	;TOCANTINS;PALMAS;PROSTATA, SOE;C619;ADENOCARCINOMA, SOE;81403;PROSTATA;C61;;;;;false;HISTOLOGIA DO TUMOR PRIMÁRIO;SEM INFORMAÇÃO;;;;;;;;09/10/2014;;
1163757;RCBP PALMAS;MASCULINO;20/06/1940;73;PARDA;BRASIL;TOCANTINS;;SEM INFORMAÇÃO;VIÚVO;0;SEM INFORMAÇÃO	;TOCANTINS;PALMAS;PROSTATA, SOE;C619;ADENOCARCINOMA, SOE;81403;PROSTATA;C61;;;;;false;HISTOLOGIA DO TUMOR PRIMÁRIO;SEM INFORMAÇÃO;;;;;CÂNCER;27/11/2014;;01/03/2014;;
1163753;RCBP PALMAS;FEMININO;28/12/1942;71;BRANCO;BRASIL;SÃO PAULO;SÃO JOSÉ DO RIO PRETO;SEM INFORMAÇÃO;VIÚVO;0;SEM INFORMAÇÃO	;TOCANTINS;PALMAS;ENDOMETRIO;C541;ADENOCARCINOMA, SOE;81403;ENDOMETRIO;C541;;;;;false;HISTOLOGIA DO TUMOR PRIMÁRIO;LOCALIZADO;;;;;;;;28/11/2014;;
1163754;RCBP PALMAS;FEMININO;12/06/1961;52;BRANCO;BRASIL;SÃO PAULO;SÃO PEDRO;SEM INFORMAÇÃO;SEM INFORMAÇÃO;;;TOCANTINS;PALMAS;RETO, SOE;C209;ADENOCARCINOMA "IN SITU", SOE;81402;RETO;D012;;;;;false;HISTOLOGIA DO TUMOR PRIMÁRIO;"IN SITU";;;;;;;;12/01/2014;;
1163758;RCBP PALMAS;MASCULINO;09/04/1962;52;SEM INFORMAÇÃO;BRASIL;SÃO PAULO;;SUPERIOR COMPLETO;SEM INFORMAÇÃO;0;SEM INFORMAÇÃO	;TOCANTINS;PALMAS;GLANDULA PAROTIDA, SOE;C079;CARCINOMA MUCOEPIDERMOIDE;84303;GLANDULA PAROTIDA;C07;;;;;false;HISTOLOGIA DO TUMOR PRIMÁRIO;LOCALIZADO;;;;;;;;06/05/2014;;
1163761;RCBP PALMAS;MASCULINO;02/09/1943;71;PARDA;BRASIL;TOCANTINS;;SEM ESCOLARIDADE;CASADO;0;SEM INFORMAÇÃO	;TOCANTINS;PALMAS;PROSTATA, SOE;C619;ADENOCARCINOMA, SOE;81403;PROSTATA;C61;;;;;false;HISTOLOGIA DO TUMOR PRIMÁRIO;SEM INFORMAÇÃO;;;;;;;;11/09/2014;;
1163763;RCBP PALMAS;FEMININO;25/09/1975;38;SEM INFORMAÇÃO;BRASIL;TOCANTINS;MIRANORTE;SEM INFORMAÇÃO;CASADO;524;VENDEDORES A DOMICÍLIO, AMBULANTES E EM BANCAS	;TOCANTINS;PALMAS;MAMA , SOE;C509;CARCINOMA DUCTAL INFILTRANTE;85003;MAMA , SOE;C509;;;;;false;HISTOLOGIA DO TUMOR PRIMÁRIO;LOCALIZADO;;;;;;;;21/07/2014;;
1163764;RCBP PALMAS;MASCULINO;25/02/1945;69;AMARELA;BRASIL;TOCANTINS;PALMAS;SEM INFORMAÇÃO;SEM INFORMAÇÃO;;;TOCANTINS;PALMAS;PROSTATA, SOE;C619;ADENOCARCINOMA, SOE;81403;PROSTATA;C61;;;;;false;HISTOLOGIA DO TUMOR PRIMÁRIO;LOCALIZADO;;;;;;;;03/04/2014;;
1163767;RCBP PALMAS;MASCULINO;11/02/1935;79;PARDA;BRASIL;TOCANTINS;;FUNDAMENTAL I (1ª A 4ª SÉRIE);CASADO;621;TRABALHADORES NA EXPLORAÇÃO AGROPECUÁRIA EM GERAL	;TOCANTINS;PALMAS;PROSTATA, SOE;C619;ADENOCARCINOMA, SOE;81403;PROSTATA;C61;;;;;false;HISTOLOGIA DO TUMOR PRIMÁRIO;SEM INFORMAÇÃO;;;;;;;;12/05/2014;;
1163771;RCBP PALMAS;MASCULINO;12/03/1943;70;SEM INFORMAÇÃO;BRASIL;TOCANTINS;MONTE DO CARMO;SEM INFORMAÇÃO;SEM INFORMAÇÃO;;;TOCANTINS;PALMAS;PROSTATA, SOE;C619;ADENOCARCINOMA, SOE;81403;PROSTATA;C61;;;;;false;HISTOLOGIA DO TUMOR PRIMÁRIO;SEM INFORMAÇÃO;;;;;;;;12/02/2014;;
1163773;RCBP PALMAS;FEMININO;16/02/1953;61;AMARELA;BRASIL;TOCANTINS;TOCANTINÓPOLIS;SEM ESCOLARIDADE;CASADO;0;SEM INFORMAÇÃO	;TOCANTINS;PALMAS;RETROPERITONIO;C480;LEIOMIOSSARCOMA, SOE;88903;RETROPERITONIO;C480;;;;;false;HISTOLOGIA DO TUMOR PRIMÁRIO;LOCALIZADO;;;;;;;;09/12/2014;;
1163770;RCBP PALMAS;FEMININO;19/01/1943;71;PARDA;BRASIL;TOCANTINS;LIZARDA;FUNDAMENTAL I (1ª A 4ª SÉRIE);VIÚVO;514;TRABALHADORES NOS SERVIÇOS DE ADMINISTRAÇÃO, CONSERVAÇÃO E MANUTENÇÃO DE EDIFÍCIOS E LOGRADOUROS  	;TOCANTINS;PALMAS;LINFONODOS INTRA-ABDOMINAIS;C772;LINFOMA MALIGNO, TIPO NAO HODGKIN, SOE;95913;LINFOMA NAO-HODGKIN, SOE;C859;;;;;false;HISTOLOGIA DO TUMOR PRIMÁRIO;NÃO SE APLICA;;;;;CÂNCER;30/03/2014;;01/02/2014;;
1163765;RCBP PALMAS;FEMININO;09/09/1973;41;PARDA;BRASIL;MARANHÃO;;FUNDAMENTAL I (1ª A 4ª SÉRIE);SOLTEIRO;0;SEM INFORMAÇÃO	;TOCANTINS;PALMAS;COLO DO UTERO, SOE;C539;CARCINOMA ESCAMOCELULAR, SOE;80703;COLO DO UTERO, SOE;C539;;;;;false;HISTOLOGIA DO TUMOR PRIMÁRIO;METÁSTASE;;;;;CÂNCER;15/03/2016;;12/12/2014;;
1163772;RCBP PALMAS;FEMININO;06/11/1946;67;PARDA;BRASIL;TOCANTINS;;FUNDAMENTAL I (1ª A 4ª SÉRIE);CASADO;0;SEM INFORMAÇÃO	;TOCANTINS;PALMAS;LOCALIZACAO PRIMARIA DESCONHECIDA, SOE;C809;ADENOCARCINOMA, SOE;81403;LOCALIZACAO PRIMARIA DESCONHECIDA;C80;;;;;false;HISTOLOGIA DA METÁSTASE;METÁSTASE;;;;;CÂNCER;29/01/2015;;19/02/2014;;
1163784;RCBP PALMAS;FEMININO;02/01/1950;64;BRANCO;BRASIL;Não informado;Não Informado;SEM ESCOLARIDADE;VIÚVO;0;SEM INFORMAÇÃO	;TOCANTINS;PALMAS;ESOFAGO, SOE;C159;CARCINOMA ESCAMOCELULAR, SOE;80703;ESOFAGO, SOE;C159;;;;;false;HISTOLOGIA DO TUMOR PRIMÁRIO;SEM INFORMAÇÃO;;;;;CÂNCER;08/05/2014;;13/02/2014;;
1163786;RCBP PALMAS;FEMININO;04/01/1961;53;BRANCO;BRASIL;SÃO PAULO;MIGUELÓPOLIS;MÉDIO (ANTIGO SEGUNDO GRAU);SOLTEIRO;0;SEM INFORMAÇÃO	;TOCANTINS;PALMAS;BEXIGA, SOE;C679;ADENOCARCINOMA, SOE;81403;BEXIGA, SOE;C679;;;;;false;HISTOLOGIA DO TUMOR PRIMÁRIO;LOCALIZADO;;;;;;;;07/10/2014;;
1163807;RCBP PALMAS;FEMININO;15/04/1944;70;SEM INFORMAÇÃO;BRASIL;MINAS GERAIS;ARAXÁ;SEM INFORMAÇÃO;CASADO;0;SEM INFORMAÇÃO	;TOCANTINS;PALMAS;COLO DO UTERO, SOE;C539;ADENOCARCINOMA, SOE;81403;COLO DO UTERO, SOE;C539;;;;;false;HISTOLOGIA DO TUMOR PRIMÁRIO;LOCALIZADO;;;;;;;;04/08/2014;;
1163808;RCBP PALMAS;MASCULINO;02/11/1937;76;AMARELA;BRASIL;MINAS GERAIS;;FUNDAMENTAL I (1ª A 4ª SÉRIE);SEPARADO JUDICIALMENTE;0;SEM INFORMAÇÃO	;TOCANTINS;PALMAS;PROSTATA, SOE;C619;ADENOCARCINOMA, SOE;81403;PROSTATA;C61;;;;;false;HISTOLOGIA DO TUMOR PRIMÁRIO;SEM INFORMAÇÃO;;;;;;;;18/06/2014;;
1163809;RCBP PALMAS;MASCULINO;12/10/1961;52;BRANCO;BRASIL;MINAS GERAIS;;FUNDAMENTAL I (1ª A 4ª SÉRIE);SOLTEIRO;524;VENDEDORES A DOMICÍLIO, AMBULANTES E EM BANCAS	;TOCANTINS;PALMAS;COLON DESCENDENTE;C186;ADENOCARCINOMA TUBULAR;82113;COLON DESCENDENTE;C186;;;;;false;HISTOLOGIA DO TUMOR PRIMÁRIO;SEM INFORMAÇÃO;;;;;;;;31/05/2014;;
1163810;RCBP PALMAS;FEMININO;20/07/1968;46;PARDA;BRASIL;TOCANTINS;;SUPERIOR COMPLETO;SOLTEIRO;111;MEMBROS SUPERIORES DO PODER LEGISLATIVO, EXECUTIVO E JUDICIÁRIO   	;TOCANTINS;PALMAS;MAMA , SOE;C509;CARCINOMA DUCTAL INFILTRANTE;85003;MAMA , SOE;C509;;;;;false;HISTOLOGIA DO TUMOR PRIMÁRIO;SEM INFORMAÇÃO;;;;;;;;18/12/2014;;
1163811;RCBP PALMAS;FEMININO;28/02/1963;51;SEM INFORMAÇÃO;BRASIL;MINAS GERAIS;;SEM INFORMAÇÃO;CASADO;252;PROFISSIONAIS DE ORGANIZAÇÃO E ADMINISTRAÇÃO DE EMPRESAS E AFINS  	;TOCANTINS;PALMAS;MAMA , SOE;C509;CARCINOMA DUCTAL INFILTRANTE;85003;MAMA , SOE;C509;;;;;false;HISTOLOGIA DO TUMOR PRIMÁRIO;SEM INFORMAÇÃO;;;;;;;;15/04/2014;;
1163812;RCBP PALMAS;FEMININO;21/01/1954;60;PARDA;BRASIL;TOCANTINS;;FUNDAMENTAL I (1ª A 4ª SÉRIE);SEPARADO JUDICIALMENTE;0;SEM INFORMAÇÃO	;TOCANTINS;PALMAS;COLON, SOE;C189;ADENOCARCINOMA TUBULAR;82113;COLON, SOE;C189;;;;;false;HISTOLOGIA DO TUMOR PRIMÁRIO;SEM INFORMAÇÃO;;;;;;;;04/11/2014;;
1163814;RCBP PALMAS;FEMININO;12/04/1972;42;PARDA;BRASIL;TOCANTINS;ARAGUAÍNA;SEM INFORMAÇÃO;SEM INFORMAÇÃO;354;TÉCNICOS DE NIVEL MÉDIO EM OPERAÇÕES COMERCIAIS   	;TOCANTINS;PALMAS;MAMA , SOE;C509;CARCINOMA DUCTAL INFILTRANTE;85003;MAMA , SOE;C509;;;;;false;HISTOLOGIA DO TUMOR PRIMÁRIO;METÁSTASE;;;;;;;;11/12/2014;;
1163815;RCBP PALMAS;FEMININO;09/01/1944;70;BRANCO;BRASIL;GOIAS;;FUNDAMENTAL I (1ª A 4ª SÉRIE);VIÚVO;0;SEM INFORMAÇÃO	;TOCANTINS;PALMAS;PELE DE OUTRAS PARTES DA FACE;C443;CARCINOMA ESCAMOCELULAR, SOE;80703;PELE DE OUTRAS PARTES DA FACE;C443;;;;;false;HISTOLOGIA DO TUMOR PRIMÁRIO;SEM INFORMAÇÃO;;;;;;;;10/05/2014;;
1163816;RCBP PALMAS;MASCULINO;18/07/1957;57;SEM INFORMAÇÃO;BRASIL;Não informado;Não Informado;SEM INFORMAÇÃO;SEM INFORMAÇÃO;;;TOCANTINS;PALMAS;BASE DA LINGUA, SOE;C019;CARCINOMA ESCAMOCELULAR, SOE;80703;BASE DA LINGUA;C01;;;;;false;HISTOLOGIA DO TUMOR PRIMÁRIO;LOCALIZADO;;;;;;;;11/12/2014;;
1163820;RCBP PALMAS;FEMININO;02/03/1955;59;PARDA;BRASIL;PIAUÍ;;FUNDAMENTAL I (1ª A 4ª SÉRIE);CASADO;0;SEM INFORMAÇÃO	;TOCANTINS;PALMAS;NASOFARINGE, SOE;C119;CARCINOMA, SOE;80103;NASOFARINGE, SOE;C119;;;;;false;HISTOLOGIA DO TUMOR PRIMÁRIO;METÁSTASE;;;;;;;;24/06/2014;;
1163832;RCBP PALMAS;MASCULINO;25/05/1975;39;BRANCO;BRASIL;SANTA CATARINA;;SEM INFORMAÇÃO;CASADO;141;GERENTES DE PRODUÇÃO E OPERAÇÕES  	;TOCANTINS;PALMAS;COLON TRANSVERSO;C184;ADENOCARCINOMA, SOE;81403;COLON TRANSVERSO;C184;;;;;false;HISTOLOGIA DO TUMOR PRIMÁRIO;SEM INFORMAÇÃO;;;;;;;;10/11/2014;;
1163818;RCBP PALMAS;FEMININO;15/09/1975;38;PARDA;BRASIL;TOCANTINS;;FUNDAMENTAL I (1ª A 4ª SÉRIE);SOLTEIRO;0;SEM INFORMAÇÃO	;TOCANTINS;PALMAS;GLANDULA SUBMANDIBULAR;C080;CARCINOMA ADENOIDE CISTICO;82003;GLANDULA SUBMANDIBULAR;C080;;;;;false;HISTOLOGIA DO TUMOR PRIMÁRIO;LOCALIZADO;;;;;;;;06/06/2014;;
1163813;RCBP PALMAS;MASCULINO;09/10/1955;58;SEM INFORMAÇÃO;BRASIL;TOCANTINS;;FUNDAMENTAL II (5ª A 8ª SÉRIE);SEM INFORMAÇÃO;0;SEM INFORMAÇÃO	;TOCANTINS;PALMAS;ESOFAGO, SOE;C159;CARCINOMA ESCAMOCELULAR, SOE;80703;ESOFAGO, SOE;C159;;;;;false;HISTOLOGIA DO TUMOR PRIMÁRIO;METÁSTASE;;;;;CÂNCER;04/08/2014;;01/06/2014;;
995770;RCBP PALMAS;FEMININO;06/09/1943;70;PARDA;BRASIL;TOCANTINS;BREJINHO DE NAZARÉ;FUNDAMENTAL I (1ª A 4ª SÉRIE);SEPARADO JUDICIALMENTE;0;SEM INFORMAÇÃO	;TOCANTINS;PALMAS;ECTOCERVIX;C531;CARCINOMA ESCAMOCELULAR, SOE;80703;ECTOCERVIX;C531;;;;;false;HISTOLOGIA DO TUMOR PRIMÁRIO;LOCALIZADO;;;;;;;;31/01/2014;;
1163799;RCBP PALMAS;MASCULINO;19/01/1988;26;BRANCO;BRASIL;TOCANTINS;ALVORADA;SEM INFORMAÇÃO;SEM INFORMAÇÃO;0;SEM INFORMAÇÃO	;TOCANTINS;PALMAS;TIREOIDE, SOE;C739;CARCINOMA PAPILIFERO ENCAPSULADO;83433;GLANDULA TIREOIDE;C73;;;CARCINOMA DE TIREÓIDE;8.1;false;HISTOLOGIA DO TUMOR PRIMÁRIO;SEM INFORMAÇÃO;;;;;;;;07/07/2014;;
1163806;RCBP PALMAS;FEMININO;20/05/1993;21;SEM INFORMAÇÃO;BRASIL;MARANHÃO;RIACHÃO;SUPERIOR COMPLETO;SOLTEIRO;0;SEM INFORMAÇÃO	;TOCANTINS;PALMAS;TECIDOS MOLES DO MEMBRO INFERIOR E QUADRIL;C492;SARCOMA INDIFERENCIADO;88053;TECIDOS MOLES DO MEMBRO INFERIOR E QUADRIL;C492;;;OUTROS SARCOMAS DE PARTES MOLES INESPECÍFICOS;5.3.2;false;HISTOLOGIA DO TUMOR PRIMÁRIO;LOCALIZADO;;;;;;;;08/09/2014;;
1163822;RCBP PALMAS;FEMININO;18/08/1957;56;SEM INFORMAÇÃO;BRASIL;TOCANTINS;NOVO ACORDO;SEM INFORMAÇÃO;CASADO;0;SEM INFORMAÇÃO	;TOCANTINS;PALMAS;ENDOMETRIO;C541;CARCINOMA ENDOMETRIOIDE, SOE;83803;ENDOMETRIO;C541;;;;;false;HISTOLOGIA DO TUMOR PRIMÁRIO;LOCALIZADO;;;;;;;;09/06/2014;;
1163824;RCBP PALMAS;FEMININO;11/08/1955;58;SEM INFORMAÇÃO;BRASIL;GOIAS;DAMOLÂNDIA;SEM INFORMAÇÃO;SOLTEIRO;521;VENDEDORES E DEMONSTRADORES   	;TOCANTINS;PALMAS;QUADRANTE SUPERIOR INTERNO DA MAMA;C502;CARCINOMA DUCTAL INFILTRANTE;85003;QUADRANTE SUPERIOR INTERNO DA MAMA;C502;;;;;false;HISTOLOGIA DO TUMOR PRIMÁRIO;LOCALIZADO;;;;;;;;28/02/2014;;
1163825;RCBP PALMAS;FEMININO;24/04/1960;54;BRANCO;BRASIL;RIO GRANDE DO SUL;SANTIAGO;SUPERIOR COMPLETO;CASADO;111;MEMBROS SUPERIORES DO PODER LEGISLATIVO, EXECUTIVO E JUDICIÁRIO   	;TOCANTINS;PALMAS;OVARIO, SOE;C569;ADENOCARCINOMA, SOE;81403;OVARIO;C56;;;;;false;HISTOLOGIA DO TUMOR PRIMÁRIO;LOCALIZADO;;;;;;;;12/07/2014;;
1163826;RCBP PALMAS;FEMININO;28/06/1974;40;PARDA;BRASIL;PARÁ;;FUNDAMENTAL II (5ª A 8ª SÉRIE);SOLTEIRO;0;SEM INFORMAÇÃO	;TOCANTINS;PALMAS;MAMA , SOE;C509;CARCINOMA DUCTAL INFILTRANTE;85003;MAMA , SOE;C509;;;;;false;HISTOLOGIA DO TUMOR PRIMÁRIO;METÁSTASE;;;;;;;;14/08/2014;;
1163827;RCBP PALMAS;FEMININO;07/05/1953;61;PARDA;BRASIL;TOCANTINS;;FUNDAMENTAL II (5ª A 8ª SÉRIE);VIÚVO;841;OPERADORES DE EQUIPAMENTOS NA PREPARAÇÃO DE ALIMENTOS E BEBIDAS   	;TOCANTINS;PALMAS;MAMA , SOE;C509;CARCINOMA DUCTAL INFILTRANTE;85003;MAMA , SOE;C509;;;;;false;HISTOLOGIA DO TUMOR PRIMÁRIO;METÁSTASE;;;;;;;;09/12/2014;;
1163830;RCBP PALMAS;FEMININO;14/07/1957;56;PARDA;BRASIL;MARANHÃO;;SUPERIOR INCOMPLETO;VIÚVO;516;TRABALHADORES NOS SERVIÇOS DE EMBELEZAMENTO E CUIDADOS PESSOAIS   	;TOCANTINS;PALMAS;MAMA , SOE;C509;CARCINOMA DUCTAL INFILTRANTE;85003;MAMA , SOE;C509;;;;;false;HISTOLOGIA DO TUMOR PRIMÁRIO;SEM INFORMAÇÃO;;;;;;;;20/06/2014;;
1163828;RCBP PALMAS;MASCULINO;28/12/1934;79;PARDA;BRASIL;MINAS GERAIS;;FUNDAMENTAL I (1ª A 4ª SÉRIE);CASADO;521;VENDEDORES E DEMONSTRADORES   	;TOCANTINS;PALMAS;JUNCAO RETOSSIGMOIDIANA, SOE;C199;ADENOCARCINOMA TUBULAR;82113;JUNCAO RETOSSIGMOIDE;C19;;;;;false;HISTOLOGIA DO TUMOR PRIMÁRIO;LOCALIZADO;;;;;CÂNCER;24/05/2014;;19/03/2014;;
1163829;RCBP PALMAS;FEMININO;10/02/1968;46;PARDA;BRASIL;MARANHÃO;;MÉDIO (ANTIGO SEGUNDO GRAU);CASADO;0;SEM INFORMAÇÃO	;TOCANTINS;PALMAS;ENDOMETRIO;C541;CARCINOMA ENDOMETRIOIDE, SOE;83803;ENDOMETRIO;C541;;;;;false;HISTOLOGIA DO TUMOR PRIMÁRIO;METÁSTASE;;;;;CÂNCER;06/02/2015;;16/07/2014;;
1163915;RCBP PALMAS;MASCULINO;04/02/1964;50;PARDA;BRASIL;TOCANTINS;;FUNDAMENTAL I (1ª A 4ª SÉRIE);SOLTEIRO;516;TRABALHADORES NOS SERVIÇOS DE EMBELEZAMENTO E CUIDADOS PESSOAIS   	;TOCANTINS;PALMAS;FIGADO, SOE;C220;ADENOCARCINOMA, SOE;81403;FIGADO E VIAS BILIARES INTRA-HEPATICAS;C22;;;;;false;HISTOLOGIA DO TUMOR PRIMÁRIO;METÁSTASE;;;;;CÂNCER;24/07/2015;;15/12/2014;;
1163908;RCBP PALMAS;MASCULINO;05/09/1952;61;PARDA;BRASIL;PARÁ;;FUNDAMENTAL II (5ª A 8ª SÉRIE);SOLTEIRO;0;SEM INFORMAÇÃO	;TOCANTINS;PALMAS;PROSTATA, SOE;C619;ADENOCARCINOMA, SOE;81403;PROSTATA;C61;;;;;false;HISTOLOGIA DO TUMOR PRIMÁRIO;SEM INFORMAÇÃO;;;;;;;;27/05/2014;;
1163910;RCBP PALMAS;MASCULINO;01/03/1981;33;AMARELA;BRASIL;PARÁ;SANTANA DO ARAGUAIA;SEM INFORMAÇÃO;SEM INFORMAÇÃO;;;TOCANTINS;PALMAS;RETO, SOE;C209;ADENOCARCINOMA, SOE;81403;RETO;C20;;;;;false;HISTOLOGIA DO TUMOR PRIMÁRIO;LOCALIZADO;;;;;;;;30/12/2014;;
1163916;RCBP PALMAS;MASCULINO;24/06/1936;77;BRANCO;BRASIL;CEARÁ;;FUNDAMENTAL I (1ª A 4ª SÉRIE);SOLTEIRO;0;SEM INFORMAÇÃO	;TOCANTINS;PALMAS;ESTOMAGO, SOE;C169;ADENOCARCINOMA, SOE;81403;ESTOMAGO, SOE;C169;;;;;false;HISTOLOGIA DO TUMOR PRIMÁRIO;SEM INFORMAÇÃO;;;;;;;;26/05/2014;;
1163907;RCBP PALMAS;MASCULINO;08/09/1952;61;PARDA;BRASIL;GOIAS;;FUNDAMENTAL I (1ª A 4ª SÉRIE);CASADO;622;TRABALHADORES AGRÍCOLAS   	;TOCANTINS;PALMAS;ESOFAGO TORACICO;C151;CARCINOMA ESCAMOCELULAR, SOE;80703;PORCAO TORACICA DO ESOFAGO;C151;;;;;false;HISTOLOGIA DO TUMOR PRIMÁRIO;LOCALIZADO;;;;;CÂNCER;05/02/2015;;20/03/2014;;
1163912;RCBP PALMAS;FEMININO;09/11/1997;16;SEM INFORMAÇÃO;BRASIL;GOIAS;;FUNDAMENTAL II (5ª A 8ª SÉRIE);SEM INFORMAÇÃO;0;SEM INFORMAÇÃO	;TOCANTINS;PALMAS;TECIDOS MOLES DO MEMBRO INFERIOR E QUADRIL;C492;SARCOMA ALVEOLAR DE PARTES MOLES;95813;TECIDOS MOLES DO MEMBRO INFERIOR E QUADRIL;C492;Outros sarcomas de partes moles especificados;IX-D;ESPECÍFICOS (EXCETO SARCOMA DE KAPOSI);5.3.1.1;false;HISTOLOGIA DO TUMOR PRIMÁRIO;METÁSTASE;;;;;CÂNCER;11/10/2016;;28/04/2014;;
1163913;RCBP PALMAS;FEMININO;19/08/1933;80;BRANCO;BRASIL;MARANHÃO;PASSAGEM FRANCA;SEM INFORMAÇÃO;VIÚVO;0;SEM INFORMAÇÃO	;TOCANTINS;PALMAS;FIGADO, SOE;C220;CARCINOMA HEPATOCELULAR, SOE;81703;CARCINOMA DE CELULAS HEPATICAS;C220;;;;;false;HISTOLOGIA DO TUMOR PRIMÁRIO;SEM INFORMAÇÃO;;;;;CÂNCER;04/05/2014;;01/03/2014;;
1163914;RCBP PALMAS;FEMININO;06/11/1949;64;PARDA;BRASIL;BAHIA;;FUNDAMENTAL I (1ª A 4ª SÉRIE);SOLTEIRO;0;SEM INFORMAÇÃO	;TOCANTINS;PALMAS;PULMAO, SOE;C349;CARCINOMA EPITELIAL-MIOEPITELIAL;85623;BRONQUIOS OU PULMOES, SOE;C349;;;;;false;HISTOLOGIA DO TUMOR PRIMÁRIO;METÁSTASE;;;;;CÂNCER;12/01/2016;;06/08/2014;;
1163882;RCBP PALMAS;FEMININO;21/12/1978;35;SEM INFORMAÇÃO;BRASIL;DISTRITO FEDERAL;SOBRADINHO;SEM INFORMAÇÃO;CASADO;0;SEM INFORMAÇÃO	;TOCANTINS;PALMAS;TECIDOS MOLES DO MEMBRO INFERIOR E QUADRIL;C492;LIPOSSARCOMA MIXOIDE;88523;TECIDOS MOLES DO MEMBRO INFERIOR E QUADRIL;C492;;;;;false;HISTOLOGIA DO TUMOR PRIMÁRIO;LOCALIZADO;;;;;;;;15/08/2014;;
1163883;RCBP PALMAS;FEMININO;02/10/1971;42;PARDA;BRASIL;BAHIA;;SUPERIOR COMPLETO;SEPARADO JUDICIALMENTE;234;PROFESSORES DO ENSINO SUPERIOR	;TOCANTINS;PALMAS;PELE DO COURO CABELUDO E DO PESCOCO;C444;ADENOCARCINOMA, SOE;81403;PELE DO COURO CABELUDO E DO PESCOCO;C444;;;;;false;HISTOLOGIA DO TUMOR PRIMÁRIO;SEM INFORMAÇÃO;;;;;;;;30/08/2014;;
1163885;RCBP PALMAS;FEMININO;31/12/1935;78;AMARELA;BRASIL;PIAUÍ;BOM JESUS;SEM INFORMAÇÃO;VIÚVO;0;SEM INFORMAÇÃO	;TOCANTINS;PALMAS;MAMA , SOE;C509;CARCINOMA, SOE;80103;MAMA , SOE;C509;;;;;false;HISTOLOGIA DO TUMOR PRIMÁRIO;LOCALIZADO;;;;;;;;09/12/2014;;
1163887;RCBP PALMAS;FEMININO;15/11/1953;60;PARDA;BRASIL;CEARÁ;;FUNDAMENTAL I (1ª A 4ª SÉRIE);CASADO;0;SEM INFORMAÇÃO	;TOCANTINS;PALMAS;ENDOCERVIX;C530;CARCINOMA ESCAMOCELULAR, SOE;80703;ENDOCERVIX;C530;;;;;false;HISTOLOGIA DO TUMOR PRIMÁRIO;SEM INFORMAÇÃO;;;;;;;;26/05/2014;;
1163888;RCBP PALMAS;FEMININO;25/12/1961;52;PARDA;BRASIL;PARÁ;;FUNDAMENTAL II (5ª A 8ª SÉRIE);SEPARADO JUDICIALMENTE;0;SEM INFORMAÇÃO	;TOCANTINS;PALMAS;MEDULA OSSEA;C421;MIELOESCLEROSE COM METAPLASIA MIELOIDE;99613;LEUCEMIA DE TIPO CELULAR, SOE;C95;;;;;false;HISTOLOGIA DO TUMOR PRIMÁRIO;NÃO SE APLICA;;;;;;;;05/11/2014;;
1163889;RCBP PALMAS;FEMININO;22/09/1946;68;PARDA;BRASIL;MARANHÃO;LAGO DA PEDRA;SEM INFORMAÇÃO;SEM INFORMAÇÃO;;;TOCANTINS;PALMAS;PELE DO MEMBRO SUPERIOR E DO OMBRO;C446;CARCINOMA ESCAMOCELULAR, SOE;80703;PELE DO MEMBRO SUPERIOR E DO OMBRO;C446;;;;;false;HISTOLOGIA DO TUMOR PRIMÁRIO;LOCALIZADO;;;;;;;;13/10/2014;;
1163890;RCBP PALMAS;FEMININO;28/12/1962;51;PARDA;BRASIL;MARANHÃO;;FUNDAMENTAL I (1ª A 4ª SÉRIE);SOLTEIRO;621;TRABALHADORES NA EXPLORAÇÃO AGROPECUÁRIA EM GERAL	;TOCANTINS;PALMAS;ENDOCERVIX;C530;CARCINOMA ESCAMOCELULAR, SOE;80703;ENDOCERVIX;C530;;;;;false;HISTOLOGIA DO TUMOR PRIMÁRIO;SEM INFORMAÇÃO;;;;;;;;27/02/2014;;
1163891;RCBP PALMAS;MASCULINO;15/10/1946;67;BRANCO;BRASIL;MARANHÃO;;FUNDAMENTAL I (1ª A 4ª SÉRIE);CASADO;0;SEM INFORMAÇÃO	;TOCANTINS;PALMAS;PROSTATA, SOE;C619;ADENOCARCINOMA, SOE;81403;PROSTATA;C61;;;;;false;HISTOLOGIA DO TUMOR PRIMÁRIO;SEM INFORMAÇÃO;;;;;;;;01/02/2014;;
1164036;RCBP PALMAS;FEMININO;17/08/1947;67;PARDA;BRASIL;ALAGOAS;SANTANA DO IPANEMA;SEM ESCOLARIDADE;VIÚVO;0;SEM INFORMAÇÃO	;TOCANTINS;PALMAS;LOCALIZACAO PRIMARIA DESCONHECIDA, SOE;C809;ADENOCARCINOMA, SOE;81403;LOCALIZACAO PRIMARIA DESCONHECIDA;C80;;;;;false;HISTOLOGIA DO TUMOR PRIMÁRIO;METÁSTASE;;;;;CÂNCER;28/10/2014;;20/08/2014;;
1164047;RCBP PALMAS;MASCULINO;29/04/1953;60;PARDA;BRASIL;TOCANTINS;TOCANTÍNIA;FUNDAMENTAL I (1ª A 4ª SÉRIE);UNIÃO CONSENSUAL;715;TRABALHADORES DA CONSTRUÇÃO CIVIL E OBRAS PÚBLICAS	;TOCANTINS;PALMAS;ESTOMAGO, SOE;C169;ADENOCARCINOMA, SOE;81403;ESTOMAGO, SOE;C169;;;;;false;HISTOLOGIA DO TUMOR PRIMÁRIO;SEM INFORMAÇÃO;;;;;CÂNCER;03/06/2014;;21/04/2014;;
1164032;RCBP PALMAS;FEMININO;23/09/1965;48;PARDA;BRASIL;TOCANTINS;XAMBIOÁ;MÉDIO (ANTIGO SEGUNDO GRAU);CASADO;0;SEM INFORMAÇÃO	;TOCANTINS;PALMAS;TECIDOS MOLES, SOE;C499;SARCOMA, SOE;88003;NEOPLASIA MALIGNA DE TECIDOS MOLES;C499;;;;;false;SEM INFORMAÇÃO;METÁSTASE;;;;;CÂNCER;12/02/2017;;06/08/2014;;
1164037;RCBP PALMAS;MASCULINO;05/03/1960;54;PARDA;BRASIL;GOIAS;MARA ROSA;SEM INFORMAÇÃO;SOLTEIRO;312;TÉCNICOS EM CONSTRUÇÃO CIVIL, DE EDIFICAÇÕES E OBRAS DE INFRAESTRUTURA	;TOCANTINS;PALMAS;COLUNA VERTEBRAL;C412;SARCOMA, SOE;88003;COLUNA VERTEBRAL;C412;;;;;false;HISTOLOGIA DO TUMOR PRIMÁRIO;LOCALIZADO;;;;;CÂNCER;03/04/2014;;18/03/2014;;
1164038;RCBP PALMAS;MASCULINO;21/10/1940;73;PARDA;BRASIL;SÃO PAULO;;FUNDAMENTAL II (5ª A 8ª SÉRIE);CASADO;621;TRABALHADORES NA EXPLORAÇÃO AGROPECUÁRIA EM GERAL	;TOCANTINS;PALMAS;MEDULA OSSEA;C421;LEUCEMIA LINFOIDE, SOE;98203;LEUCEMIA LINFOIDE, SOE;C919;;;;;false;HISTOLOGIA DO TUMOR PRIMÁRIO;NÃO SE APLICA;;;;;CÂNCER;08/07/2014;;24/03/2014;;
1164043;RCBP PALMAS;MASCULINO;01/08/1993;20;PARDA;BRASIL;TOCANTINS;;FUNDAMENTAL II (5ª A 8ª SÉRIE);SOLTEIRO;0;SEM INFORMAÇÃO	;TOCANTINS;PALMAS;MEDULA OSSEA;C421;LINFOMA DE HODGKIN, SOE;96503;DOENCA DE HODGKIN, SOE;C819;;;LINFOMA DE HODGKIN;2.2;false;HISTOLOGIA DO TUMOR PRIMÁRIO;NÃO SE APLICA;;;;;;;;28/07/2014;;
1164044;RCBP PALMAS;FEMININO;03/06/1954;60;PARDA;BRASIL;TOCANTINS;;FUNDAMENTAL I (1ª A 4ª SÉRIE);CASADO;521;VENDEDORES E DEMONSTRADORES   	;TOCANTINS;PALMAS;MAMILO;C500;CARCINOMA DUCTAL INFILTRANTE;85003;MAMILO E AREOLA;C500;;;;;false;HISTOLOGIA DO TUMOR PRIMÁRIO;LOCALIZADO;;;;;;;;24/11/2014;;
1164045;RCBP PALMAS;FEMININO;02/03/1966;48;SEM INFORMAÇÃO;BRASIL;GOIAS;;SUPERIOR COMPLETO;SEM INFORMAÇÃO;0;SEM INFORMAÇÃO	;TOCANTINS;PALMAS;MAMA , SOE;C509;CARCINOMA DUCTAL INFILTRANTE;85003;MAMA , SOE;C509;;;;;false;HISTOLOGIA DO TUMOR PRIMÁRIO;SEM INFORMAÇÃO;;;;;;;;26/11/2014;;
1164046;RCBP PALMAS;MASCULINO;13/04/1946;68;SEM INFORMAÇÃO;BRASIL;TOCANTINS;PEDRO AFONSO;SEM INFORMAÇÃO;SEM INFORMAÇÃO;0;SEM INFORMAÇÃO	;TOCANTINS;PALMAS;PROSTATA, SOE;C619;ADENOCARCINOMA, SOE;81403;PROSTATA;C61;;;;;false;HISTOLOGIA DO TUMOR PRIMÁRIO;LOCALIZADO;;;;;;;;17/07/2014;;
1164048;RCBP PALMAS;MASCULINO;31/07/1968;45;PARDA;BRASIL;PIAUÍ;;FUNDAMENTAL II (5ª A 8ª SÉRIE);SOLTEIRO;376;ARTISTAS DE ARTES POPULARES E MODELOS	;TOCANTINS;PALMAS;RETO, SOE;C209;ADENOCARCINOMA TUBULAR;82113;RETO;C20;;;;;false;HISTOLOGIA DO TUMOR PRIMÁRIO;SEM INFORMAÇÃO;;;;;;;;21/07/2014;;
1164049;RCBP PALMAS;MASCULINO;02/02/1930;84;PARDA;BRASIL;MARANHÃO;CAROLINA;SEM INFORMAÇÃO;SEM INFORMAÇÃO;0;SEM INFORMAÇÃO	;TOCANTINS;PALMAS;BEXIGA, SOE;C679;CARCINOMA ESCAMOSO MICRO-INVASOR;80763;BEXIGA, SOE;C679;;;;;false;HISTOLOGIA DO TUMOR PRIMÁRIO;LOCALIZADO;;;;;CÂNCER;26/10/2015;;21/10/2014;;
1164050;RCBP PALMAS;MASCULINO;12/06/1951;62;PARDA;BRASIL;PARÁ;TUCURUÍ;FUNDAMENTAL II (5ª A 8ª SÉRIE);SOLTEIRO;631;PESCADORES E CAÇADORES	;TOCANTINS;PALMAS;CORTEX DA GLANDULA SUPRA-RENAL;C740;CARCINOMA DO CORTEX SUPRA-RENAL;83703;CORTEX DA SUPRA-RENAL;C740;;;;;false;HISTOLOGIA DO TUMOR PRIMÁRIO;SEM INFORMAÇÃO;;;;;CÂNCER;06/10/2014;;29/04/2014;;
1164054;RCBP PALMAS;MASCULINO;03/10/1975;38;PARDA;BRASIL;MARANHÃO;GRAÇA ARANHA;SEM INFORMAÇÃO;SEM INFORMAÇÃO;;;TOCANTINS;PALMAS;PELE, SOE;C449;CARCINOMA ESCAMOCELULAR, SOE;80703;NEOPLASIA MALIGNA DA PELE;C449;;;;;false;HISTOLOGIA DO TUMOR PRIMÁRIO;SEM INFORMAÇÃO;;;;;;;;18/03/2014;;
1164055;RCBP PALMAS;MASCULINO;23/09/2010;3;PARDA;BRASIL;TOCANTINS;;SEM ESCOLARIDADE;SOLTEIRO;0;SEM INFORMAÇÃO	;TOCANTINS;PALMAS;MEDULA OSSEA;C421;LEUCEMIA LINFOBLASTICA DE CELULAS PRECURSORAS,SOE;98353;LEUCEMIA LINFOBLASTICA AGUDA;C910;Leucemias linfóides;I-A;;;false;HISTOLOGIA DO TUMOR PRIMÁRIO;NÃO SE APLICA;;;;;;;;13/02/2014;;
1164059;RCBP PALMAS;FEMININO;09/08/1960;53;SEM INFORMAÇÃO;BRASIL;Não informado;Não Informado;SEM INFORMAÇÃO;SEM INFORMAÇÃO;;;TOCANTINS;PALMAS;LESAO SOBREPOSTA DA MAMA;C508;CARCINOMA DUCTAL INFILTRANTE;85003;LESAO INVASIVA DA MAMA;C508;;;;;false;HISTOLOGIA DO TUMOR PRIMÁRIO;SEM INFORMAÇÃO;;;;;;;;10/02/2014;;
1164053;RCBP PALMAS;FEMININO;15/06/1953;60;BRANCO;BRASIL;TOCANTINS;;FUNDAMENTAL I (1ª A 4ª SÉRIE);VIÚVO;0;SEM INFORMAÇÃO	;TOCANTINS;PALMAS;COLON SIGMOIDE;C187;ADENOCARCINOMA, SOE;81403;COLON SIGMOIDE;C187;;;;;false;HISTOLOGIA DO TUMOR PRIMÁRIO;METÁSTASE;;;;;CÂNCER;22/11/2016;;02/04/2014;;
1164061;RCBP PALMAS;FEMININO;06/06/1969;44;PARDA;BRASIL;TOCANTINS;;FUNDAMENTAL II (5ª A 8ª SÉRIE);CASADO;0;SEM INFORMAÇÃO	;TOCANTINS;PALMAS;QUADRANTE SUPERIOR EXTERNO DA MAMA;C504;CARCINOMA MEDULAR ATIPICO;85133;QUADRANTE SUPERIOR EXTERNO DA MAMA;C504;;;;;false;HISTOLOGIA DO TUMOR PRIMÁRIO;METÁSTASE;;;;;;;;23/01/2014;;
1164066;RCBP PALMAS;MASCULINO;12/09/1956;58;BRANCO;BRASIL;MINAS GERAIS;;FUNDAMENTAL I (1ª A 4ª SÉRIE);CASADO;0;SEM INFORMAÇÃO	;TOCANTINS;PALMAS;RETO, SOE;C209;CARCINOMA DE CELULAS EM ANEL DE SINETE;84903;RETO;C20;;;;;false;HISTOLOGIA DO TUMOR PRIMÁRIO;SEM INFORMAÇÃO;;;;;;;;28/10/2014;;
1164029;RCBP PALMAS;FEMININO;10/05/1956;57;PARDA;BRASIL;PERNAMBUCO;GARANHUNS;SEM ESCOLARIDADE;SOLTEIRO;0;SEM INFORMAÇÃO	;TOCANTINS;PALMAS;ESTOMAGO, SOE;C169;ADENOCARCINOMA, TIPO INTESTINAL;81443;ESTOMAGO, SOE;C169;;;;;false;HISTOLOGIA DO TUMOR PRIMÁRIO;METÁSTASE;;;;;CÂNCER;07/01/2015;;11/03/2014;;
1164057;RCBP PALMAS;MASCULINO;06/11/1967;46;PARDA;BRASIL;TOCANTINS;;FUNDAMENTAL I (1ª A 4ª SÉRIE);CASADO;953;ELETRICISTAS ELETRÔNICOS DE MANUTENÇÃO VEICULAR  	;TOCANTINS;PALMAS;PEQUENA CURVATURA DO ESTOMAGO, SOE;C165;ADENOCARCINOMA TUBULAR;82113;PEQUENA CURVATURA DO ESTOMAGO, SOE;C165;;;;;false;HISTOLOGIA DO TUMOR PRIMÁRIO;LOCALIZADO;;;;;;;;05/06/2014;;
1164034;RCBP PALMAS;FEMININO;28/10/1948;65;PARDA;BRASIL;SÃO PAULO;DESCALVADO;MÉDIO (ANTIGO SEGUNDO GRAU);CASADO;0;SEM INFORMAÇÃO	;TOCANTINS;PALMAS;MAMA , SOE;C509;CARCINOMA DUCTAL INFILTRANTE;85003;MAMA , SOE;C509;;;;;false;HISTOLOGIA DO TUMOR PRIMÁRIO;METÁSTASE;;;;;CÂNCER;10/07/2014;;14/05/2014;;
1164030;RCBP PALMAS;FEMININO;13/12/1953;60;PARDA;BRASIL;TOCANTINS;;FUNDAMENTAL I (1ª A 4ª SÉRIE);VIÚVO;0;SEM INFORMAÇÃO	;TOCANTINS;PALMAS;COLON, SOE;C189;ADENOCARCINOMA, SOE;81403;COLON, SOE;C189;;;;;false;HISTOLOGIA DO TUMOR PRIMÁRIO;LOCALIZADO;;;;;CÂNCER;09/01/2015;;15/08/2014;;
1164056;RCBP PALMAS;MASCULINO;28/05/1975;38;BRANCO;BRASIL;GOIAS;;FUNDAMENTAL II (5ª A 8ª SÉRIE);CASADO;715;TRABALHADORES DA CONSTRUÇÃO CIVIL E OBRAS PÚBLICAS	;TOCANTINS;PALMAS;MEDULA OSSEA;C421;MIELOMA MULTIPLO;97323;MIELOMA MULTIPLO;C900;;;;;false;HISTOLOGIA DO TUMOR PRIMÁRIO;NÃO SE APLICA;;;;;CÂNCER;27/06/2014;;04/05/2014;;
1164067;RCBP PALMAS;FEMININO;05/09/1965;48;PARDA;BRASIL;MARANHÃO;;SEM ESCOLARIDADE;CASADO;0;SEM INFORMAÇÃO	;TOCANTINS;PALMAS;QUADRANTE SUPERIOR EXTERNO DA MAMA;C504;CARCINOMA DUCTAL INFILTRANTE;85003;QUADRANTE SUPERIOR EXTERNO DA MAMA;C504;;;;;false;HISTOLOGIA DO TUMOR PRIMÁRIO;METÁSTASE;;;;;CÂNCER;30/06/2015;;25/07/2014;;
1164051;RCBP PALMAS;MASCULINO;09/06/1953;60;PARDA;BRASIL;Não informado;;MÉDIO (ANTIGO SEGUNDO GRAU);CASADO;613;PRODUTORES EM PECUÁRIA	;TOCANTINS;PALMAS;FIGADO, SOE;C220;CARCINOMA HEPATOCELULAR, SOE;81703;CARCINOMA DE CELULAS HEPATICAS;C220;;;;;false;SDO;METÁSTASE;;;;;CÂNCER;26/05/2014;;26/05/2014;;
1164062;RCBP PALMAS;FEMININO;20/01/1916;98;PARDA;BRASIL;TOCANTINS;TOCANTINÓPOLIS;SEM INFORMAÇÃO;VIÚVO;0;SEM INFORMAÇÃO	;TOCANTINS;PALMAS;PELE DO MEMBRO SUPERIOR E DO OMBRO;C446;CARCINOMA ESCAMOCELULAR, SOE;80703;PELE DO MEMBRO SUPERIOR E DO OMBRO;C446;;;;;false;HISTOLOGIA DO TUMOR PRIMÁRIO;LOCALIZADO;;;;;NÃO CÂNCER;01/02/2015;;08/10/2014;;
1164063;RCBP PALMAS;MASCULINO;29/07/1948;66;AMARELA;BRASIL;TOCANTINS;PEDRO AFONSO;SEM ESCOLARIDADE;SEM INFORMAÇÃO;0;SEM INFORMAÇÃO	;TOCANTINS;PALMAS;PROSTATA, SOE;C619;ADENOCARCINOMA, SOE;81403;PROSTATA;C61;;;;;false;HISTOLOGIA DO TUMOR PRIMÁRIO;SEM INFORMAÇÃO;;;;;;;;18/12/2014;;
1164065;RCBP PALMAS;FEMININO;27/06/1968;46;PARDA;BRASIL;PERNAMBUCO;;MÉDIO (ANTIGO SEGUNDO GRAU);SOLTEIRO;0;SEM INFORMAÇÃO	;TOCANTINS;PALMAS;ENDOMETRIO;C541;SARCOMA DO ESTROMA ENDOMETRIAL, BAIXO GRAU;89313;ENDOMETRIO;C541;;;;;false;HISTOLOGIA DO TUMOR PRIMÁRIO;LOCALIZADO;;;;;;;;06/08/2014;;
1164069;RCBP PALMAS;MASCULINO;12/05/1955;59;BRANCO;BRASIL;MINAS GERAIS;JOAÍMA;MÉDIO (ANTIGO SEGUNDO GRAU);SOLTEIRO;715;TRABALHADORES DA CONSTRUÇÃO CIVIL E OBRAS PÚBLICAS	;TOCANTINS;PALMAS;PULMAO, SOE;C349;ADENOCARCINOMA, SOE;81403;BRONQUIOS OU PULMOES, SOE;C349;;;;;false;HISTOLOGIA DO TUMOR PRIMÁRIO;SEM INFORMAÇÃO;;;;;CÂNCER;06/07/2014;;09/06/2014;;
1164064;RCBP PALMAS;MASCULINO;29/12/1954;59;PARDA;BRASIL;PIAUÍ;URUÇUÍ;SEM ESCOLARIDADE;SOLTEIRO;823;TRABALHADORES DE INSTALAÇÕES E EQUIPAMENTOS DE MATERIAL DE CONSTRUÇÃO, CERÂMICA E VIDRO  	;TOCANTINS;PALMAS;CABECA DO PANCREAS;C250;NEOPLASIA MALIGNA;80003;CABECA DO PANCREAS;C250;;;;;false;PESQUISA;LOCALIZADO;;;;;CÂNCER;20/03/2014;;18/02/2014;;
1163929;RCBP PALMAS;MASCULINO;30/11/1951;62;PARDA;BRASIL;MINAS GERAIS;BELO HORIZONTE;SEM INFORMAÇÃO;SEM INFORMAÇÃO;;;TOCANTINS;PALMAS;PELE, SOE;C449;CARCINOMA BASOCELULAR, SOE;80903;NEOPLASIA MALIGNA DA PELE;C449;;;;;false;HISTOLOGIA DO TUMOR PRIMÁRIO;LOCALIZADO;;;;;;;;17/02/2014;;
1163931;RCBP PALMAS;MASCULINO;09/10/1943;70;SEM INFORMAÇÃO;BRASIL;Não informado;;SEM INFORMAÇÃO;CASADO;253;PROFISSIONAIS DE RELAÇÕES PÚBLICAS, PUBLICIDADE, MARKETING E COMERCIALIZAÇÃO  	;TOCANTINS;PALMAS;LINFONODO, SOE;C779;LINFOMA DE HODGKIN, SOE;96503;DOENCA DE HODGKIN, SOE;C819;;;;;false;HISTOLOGIA DO TUMOR PRIMÁRIO;NÃO SE APLICA;;;;;CÂNCER;21/02/2014;;02/01/2014;;
991304;RCBP PALMAS;FEMININO;01/05/1971;43;PARDA;BRASIL;TOCANTINS;PARAÍSO DO TOCANTINS;SEM INFORMAÇÃO;SOLTEIRO;0;SEM INFORMAÇÃO	;TOCANTINS;PALMAS;TIREOIDE, SOE;C739;ADENOCARCINOMA PAPILAR, SOE;82603;GLANDULA TIREOIDE;C73;;;;;false;HISTOLOGIA DO TUMOR PRIMÁRIO;LOCALIZADO;;;;;;;;27/05/2014;;
1163895;RCBP PALMAS;FEMININO;07/01/1977;37;PARDA;BRASIL;PARÁ;SANTARÉM;SEM INFORMAÇÃO;SEM INFORMAÇÃO;;;TOCANTINS;PALMAS;JUNCAO RETOSSIGMOIDIANA, SOE;C199;ADENOCARCINOMA, SOE;81403;JUNCAO RETOSSIGMOIDE;C19;;;;;false;HISTOLOGIA DO TUMOR PRIMÁRIO;LOCALIZADO;;;;;;;;15/10/2014;;
1163899;RCBP PALMAS;FEMININO;19/11/1972;41;BRANCO;BRASIL;MARANHÃO;;SUPERIOR COMPLETO;UNIÃO CONSENSUAL;239;OUTROS PROFISSIONAIS DO ENSINO NÃO CLASSIFICADOS ANTERIORMENTE	;TOCANTINS;PALMAS;OVARIO, SOE;C569;CISTADENOCARCINOMA MUCINOSO, SOE;84703;OVARIO;C56;;;;;false;HISTOLOGIA DO TUMOR PRIMÁRIO;SEM INFORMAÇÃO;;;;;;;;24/04/2014;;
1163897;RCBP PALMAS;FEMININO;22/09/1954;59;PARDA;BRASIL;PERNAMBUCO;;FUNDAMENTAL I (1ª A 4ª SÉRIE);CASADO;621;TRABALHADORES NA EXPLORAÇÃO AGROPECUÁRIA EM GERAL	;TOCANTINS;PALMAS;RETO, SOE;C209;ADENOCARCINOMA, SOE;81403;RETO;C20;;;;;false;HISTOLOGIA DO TUMOR PRIMÁRIO;LOCALIZADO;;;;;CÂNCER;12/02/2015;;27/05/2014;;
1163902;RCBP PALMAS;FEMININO;16/04/1980;34;SEM INFORMAÇÃO;BRASIL;DISTRITO FEDERAL;BRASÍLIA;SEM INFORMAÇÃO;CASADO;0;SEM INFORMAÇÃO	;TOCANTINS;PALMAS;MAMA , SOE;C509;CARCINOMA DUCTAL INFILTRANTE E LOBULAR;85223;MAMA , SOE;C509;;;;;false;HISTOLOGIA DO TUMOR PRIMÁRIO;SEM INFORMAÇÃO;;;;;;;;15/12/2014;;
1163903;RCBP PALMAS;FEMININO;02/07/1942;71;BRANCO;BRASIL;TOCANTINS;;FUNDAMENTAL I (1ª A 4ª SÉRIE);VIÚVO;0;SEM INFORMAÇÃO	;TOCANTINS;PALMAS;PELE DO TRONCO;C445;CARCINOMA BASOCELULAR, SOE;80903;PELE DO TRONCO;C445;;;;;false;HISTOLOGIA DO TUMOR PRIMÁRIO;SEM INFORMAÇÃO;;;;;;;;25/06/2014;;
1163904;RCBP PALMAS;FEMININO;08/04/1967;47;BRANCO;BRASIL;PIAUÍ;;MÉDIO (ANTIGO SEGUNDO GRAU);SOLTEIRO;141;GERENTES DE PRODUÇÃO E OPERAÇÕES  	;TOCANTINS;PALMAS;PANCREAS, SOE;C259;ADENOCARCINOMA, SOE;81403;PANCREAS, SOE;C259;;;;;false;HISTOLOGIA DO TUMOR PRIMÁRIO;SEM INFORMAÇÃO;;;;;;;;26/06/2014;;
1163905;RCBP PALMAS;FEMININO;09/07/1935;78;AMARELA;BRASIL;ESPIRITO SANTO;ANCHIETA;SEM ESCOLARIDADE;VIÚVO;223;PROFISSIONAIS DA MEDICINA, SAÚDE E AFINS  	;TOCANTINS;PALMAS;MAMA , SOE;C509;CARCINOMA DUCTAL INFILTRANTE;85003;MAMA , SOE;C509;;;;;false;HISTOLOGIA DO TUMOR PRIMÁRIO;LOCALIZADO;;;;;;;;05/06/2014;;
1163898;RCBP PALMAS;FEMININO;22/09/1954;59;PARDA;BRASIL;PERNAMBUCO;;FUNDAMENTAL II (5ª A 8ª SÉRIE);CASADO;514;TRABALHADORES NOS SERVIÇOS DE ADMINISTRAÇÃO, CONSERVAÇÃO E MANUTENÇÃO DE EDIFÍCIOS E LOGRADOUROS  	;TOCANTINS;PALMAS;RETO, SOE;C209;ADENOCARCINOMA TUBULAR;82113;RETO;C20;;;;;false;HISTOLOGIA DO TUMOR PRIMÁRIO;METÁSTASE;;;;;CÂNCER;12/02/2015;;05/06/2014;;
1163894;RCBP PALMAS;FEMININO;12/09/1981;32;PARDA;BRASIL;MARANHÃO;;MÉDIO (ANTIGO SEGUNDO GRAU);CASADO;411;ESCRITURÁRIOS EM GERAL, AGENTES, ASSISTENTES E AUXILIARES ADMINISTRATIVOS 	;TOCANTINS;PALMAS;PANCREAS, SOE;C259;ADENOCARCINOMA, SOE;81403;PANCREAS, SOE;C259;;;;;false;HISTOLOGIA DO TUMOR PRIMÁRIO;LOCALIZADO;;;;;CÂNCER;04/03/2015;;29/05/2014;;
1163921;RCBP PALMAS;MASCULINO;20/10/1950;63;PARDA;BRASIL;GOIAS;;FUNDAMENTAL I (1ª A 4ª SÉRIE);CASADO;0;SEM INFORMAÇÃO	;TOCANTINS;PALMAS;PROSTATA, SOE;C619;ADENOCARCINOMA, SOE;81403;PROSTATA;C61;;;;;false;HISTOLOGIA DO TUMOR PRIMÁRIO;SEM INFORMAÇÃO;;;;;;;;21/03/2014;;
1163922;RCBP PALMAS;MASCULINO;30/04/1948;66;PARDA;BRASIL;RIO GRANDE DO SUL;;MÉDIO (ANTIGO SEGUNDO GRAU);CASADO;251;CIENTISTAS SOCIAIS, PSICÓLOGOS E AFINS	;TOCANTINS;PALMAS;PROSTATA, SOE;C619;ADENOCARCINOMA, SOE;81403;PROSTATA;C61;;;;;false;HISTOLOGIA DO TUMOR PRIMÁRIO;SEM INFORMAÇÃO;;;;;;;;09/07/2014;;
1163924;RCBP PALMAS;MASCULINO;21/09/2011;2;PARDA;BRASIL;TOCANTINS;PALMAS;SEM INFORMAÇÃO;SEM INFORMAÇÃO;0;SEM INFORMAÇÃO	;TOCANTINS;PALMAS;TECIDOS MOLES DO TORAX;C493;HISTIOCITOMA FIBROSO MALIGNO;88303;TECIDOS MOLES DO TORAX;C493;Outros sarcomas de partes moles especificados;IX-D;;;false;HISTOLOGIA DO TUMOR PRIMÁRIO;LOCALIZADO;;;;;;;;03/06/2014;;
1163925;RCBP PALMAS;MASCULINO;09/11/1939;74;PARDA;BRASIL;MATO GROSSO DO SUL;;FUNDAMENTAL I (1ª A 4ª SÉRIE);CASADO;0;SEM INFORMAÇÃO	;TOCANTINS;PALMAS;PROSTATA, SOE;C619;ADENOCARCINOMA, SOE;81403;PROSTATA;C61;;;;;false;HISTOLOGIA DO TUMOR PRIMÁRIO;SEM INFORMAÇÃO;;;;;;;;17/07/2014;;
1163926;RCBP PALMAS;MASCULINO;01/05/1939;74;BRANCO;BRASIL;GOIAS;INHUMAS;SEM INFORMAÇÃO;SEM INFORMAÇÃO;;;TOCANTINS;PALMAS;PROSTATA, SOE;C619;ADENOCARCINOMA, SOE;81403;PROSTATA;C61;;;;;false;HISTOLOGIA DO TUMOR PRIMÁRIO;LOCALIZADO;;;;;;;;14/02/2014;;
1163930;RCBP PALMAS;MASCULINO;18/01/1955;58;SEM INFORMAÇÃO;BRASIL;CEARÁ;SOBRAL;SEM INFORMAÇÃO;SEM INFORMAÇÃO;0;SEM INFORMAÇÃO	;TOCANTINS;PALMAS;PROSTATA, SOE;C619;ADENOCARCINOMA, SOE;81403;PROSTATA;C61;;;;;false;HISTOLOGIA DO TUMOR PRIMÁRIO;LOCALIZADO;;;;;;;;06/01/2014;;
1163938;RCBP PALMAS;MASCULINO;03/02/1942;72;AMARELA;BRASIL;PIAUÍ;ALEGRETE DO PIAUÍ;SEM ESCOLARIDADE;CASADO;0;SEM INFORMAÇÃO	;TOCANTINS;PALMAS;PENIS, SOE;C609;CARCINOMA ESCAMOCELULAR, SOE;80703;PENIS, SOE;C609;;;;;false;HISTOLOGIA DO TUMOR PRIMÁRIO;METÁSTASE;;;;;;;;03/07/2014;;
1163946;RCBP PALMAS;FEMININO;11/01/1951;63;PARDA;BRASIL;MARANHÃO;;SEM ESCOLARIDADE;VIÚVO;0;SEM INFORMAÇÃO	;TOCANTINS;PALMAS;ECTOCERVIX;C531;CARCINOMA ESCAMOCELULAR, SOE;80703;ECTOCERVIX;C531;;;;;false;HISTOLOGIA DO TUMOR PRIMÁRIO;SEM INFORMAÇÃO;;;;;;;;20/02/2014;;
1163947;RCBP PALMAS;FEMININO;26/03/1959;54;PARDA;BRASIL;TOCANTINS;;SUPERIOR COMPLETO;SEPARADO JUDICIALMENTE;231;PROFESSORES DE NÍVEL SUPERIOR NA EDUCAÇÃO INFANTIL E NO ENSINO FUNDAMENTAL	;TOCANTINS;PALMAS;MEDULA OSSEA;C421;LEUCEMIA LINF.CRON.DE CEL.B/LINFOMA LINF.PEQ.CELS.;98233;LEUCEMIA LINFOCITICA CRONICA;C911;;;;;false;HISTOLOGIA DO TUMOR PRIMÁRIO;NÃO SE APLICA;;;;;;;;22/01/2014;;
1163944;RCBP PALMAS;FEMININO;12/06/1985;28;PARDA;BRASIL;TOCANTINS;;MÉDIO (ANTIGO SEGUNDO GRAU);UNIÃO CONSENSUAL;524;VENDEDORES A DOMICÍLIO, AMBULANTES E EM BANCAS	;TOCANTINS;PALMAS;MAMA , SOE;C509;CARCINOMA LOBULAR, SOE;85203;MAMA , SOE;C509;;;CARCINOMA DE MAMA;8.4;false;HISTOLOGIA DO TUMOR PRIMÁRIO;METÁSTASE;;;;;CÂNCER;04/02/2017;;09/04/2014;;
1163949;RCBP PALMAS;MASCULINO;10/02/1979;35;PARDA;BRASIL;TOCANTINS;;FUNDAMENTAL II (5ª A 8ª SÉRIE);SOLTEIRO;0;SEM INFORMAÇÃO	;TOCANTINS;PALMAS;CAVIDADE NASAL;C300;ESTESIONEUROBLASTOMA;95223;CAVIDADE NASAL;C300;;;;;false;HISTOLOGIA DO TUMOR PRIMÁRIO;SEM INFORMAÇÃO;;;;;;;;28/12/2014;;
1008306;RCBP PALMAS;MASCULINO;21/06/1951;63;PARDA;BRASIL;MARANHÃO;SÃO VICENTE FERRER;SEM INFORMAÇÃO;SOLTEIRO;0;SEM INFORMAÇÃO	;TOCANTINS;PALMAS;PROSTATA, SOE;C619;ADENOCARCINOMA, SOE;81403;PROSTATA;C61;;;;;false;HISTOLOGIA DO TUMOR PRIMÁRIO;SEM INFORMAÇÃO;;;;;;;;17/09/2014;;
1164073;RCBP PALMAS;FEMININO;26/09/1958;56;PARDA;BRASIL;BAHIA;;FUNDAMENTAL I (1ª A 4ª SÉRIE);SEPARADO JUDICIALMENTE;0;SEM INFORMAÇÃO	;TOCANTINS;PALMAS;ESOFAGO, SOE;C159;CARCINOMA ESCAMOCELULAR, SOE;80703;ESOFAGO, SOE;C159;;;;;false;HISTOLOGIA DO TUMOR PRIMÁRIO;METÁSTASE;;;;;CÂNCER;02/02/2015;;25/11/2014;;
1164074;RCBP PALMAS;FEMININO;01/08/1942;71;PARDA;BRASIL;TOCANTINS;;FUNDAMENTAL I (1ª A 4ª SÉRIE);SEPARADO JUDICIALMENTE;0;SEM INFORMAÇÃO	;TOCANTINS;PALMAS;COLON SIGMOIDE;C187;ADENOCARCINOMA, SOE;81403;COLON SIGMOIDE;C187;;;;;false;HISTOLOGIA DO TUMOR PRIMÁRIO;METÁSTASE;;;;;;;;27/02/2014;;
1163940;RCBP PALMAS;MASCULINO;16/05/1944;70;PARDA;BRASIL;MARANHÃO;;FUNDAMENTAL I (1ª A 4ª SÉRIE);CASADO;0;SEM INFORMAÇÃO	;TOCANTINS;PALMAS;MEDULA OSSEA;C421;MIELOMA MULTIPLO;97323;MIELOMA MULTIPLO;C900;;;;;false;HISTOLOGIA DO TUMOR PRIMÁRIO;NÃO SE APLICA;;;;;CÂNCER;14/06/2015;;23/05/2014;;
1163952;RCBP PALMAS;FEMININO;13/06/1978;36;PARDA;BRASIL;PIAUÍ;;FUNDAMENTAL II (5ª A 8ª SÉRIE);CASADO;514;TRABALHADORES NOS SERVIÇOS DE ADMINISTRAÇÃO, CONSERVAÇÃO E MANUTENÇÃO DE EDIFÍCIOS E LOGRADOUROS  	;TOCANTINS;PALMAS;COLO DO UTERO, SOE;C539;CARCINOMA ESCAMOCELULAR, SOE;80703;COLO DO UTERO, SOE;C539;;;;;false;HISTOLOGIA DO TUMOR PRIMÁRIO;METÁSTASE;;;;;CÂNCER;02/11/2015;;31/07/2014;;
1163920;RCBP PALMAS;MASCULINO;26/08/1927;86;PARDA;BRASIL;MARANHÃO;;FUNDAMENTAL I (1ª A 4ª SÉRIE);VIÚVO;0;SEM INFORMAÇÃO	;TOCANTINS;PALMAS;LINFONODOS INGUINAIS E DOS MEMBROS INFERIORES;C774;LINFOMA MALIGNO, TIPO NAO HODGKIN, SOE;95913;LINFOMA NAO-HODGKIN, SOE;C859;;;;;false;HISTOLOGIA DO TUMOR PRIMÁRIO;NÃO SE APLICA;;;;;CÂNCER;07/06/2015;;25/03/2014;;
1163942;RCBP PALMAS;MASCULINO;30/11/1952;61;PARDA;BRASIL;PARAÍBA;ARARA;FUNDAMENTAL I (1ª A 4ª SÉRIE);SOLTEIRO;621;TRABALHADORES NA EXPLORAÇÃO AGROPECUÁRIA EM GERAL	;TOCANTINS;PALMAS;ESTOMAGO, SOE;C169;ADENOCARCINOMA, SOE;81403;ESTOMAGO, SOE;C169;;;;;false;HISTOLOGIA DA METÁSTASE;METÁSTASE;;;;;CÂNCER;28/12/2014;;15/05/2014;;
1163941;RCBP PALMAS;MASCULINO;21/07/1930;84;BRANCO;BRASIL;MARANHÃO;;FUNDAMENTAL I (1ª A 4ª SÉRIE);SEPARADO JUDICIALMENTE;0;SEM INFORMAÇÃO	;TOCANTINS;PALMAS;COLON, SOE;C189;ADENOCARCINOMA TUBULAR;82113;COLON, SOE;C189;;;;;false;HISTOLOGIA DO TUMOR PRIMÁRIO;METÁSTASE;;;;;CÂNCER;09/12/2015;;27/10/2014;;
1163936;RCBP PALMAS;MASCULINO;03/08/1947;67;BRANCO;BRASIL;PARAÍBA;;SEM INFORMAÇÃO;CASADO;0;SEM INFORMAÇÃO	;TOCANTINS;PALMAS;ESTOMAGO, SOE;C169;CARCINOMA DE CELULAS EM ANEL DE SINETE;84903;ESTOMAGO, SOE;C169;;;;;false;HISTOLOGIA DO TUMOR PRIMÁRIO;LOCALIZADO;;;;;CÂNCER;13/10/2014;;01/09/2014;;
1163950;RCBP PALMAS;MASCULINO;21/05/1961;52;PARDA;BRASIL;TOCANTINS;;MÉDIO (ANTIGO SEGUNDO GRAU);SEPARADO JUDICIALMENTE;411;ESCRITURÁRIOS EM GERAL, AGENTES, ASSISTENTES E AUXILIARES ADMINISTRATIVOS 	;TOCANTINS;PALMAS;VIAS BILIARES INTRA-HEPATICAS;C221;COLANGIOCARCINOMA;81603;FIGADO E VIAS BILIARES INTRA-HEPATICAS;C22;;;;;false;HISTOLOGIA DO TUMOR PRIMÁRIO;LOCALIZADO;;;;;CÂNCER;08/07/2014;;15/03/2014;;
1163918;RCBP PALMAS;MASCULINO;22/02/1945;69;PARDA;BRASIL;Não informado;;FUNDAMENTAL I (1ª A 4ª SÉRIE);SOLTEIRO;;;TOCANTINS;PALMAS;TIREOIDE, SOE;C739;NEOPLASIA MALIGNA;80003;GLANDULA TIREOIDE;C73;;;;;false;SDO;SEM INFORMAÇÃO;;;;;CÂNCER;28/02/2014;;28/02/2014;;
1163934;RCBP PALMAS;MASCULINO;10/11/1959;54;PARDA;BRASIL;TOCANTINS;;FUNDAMENTAL I (1ª A 4ª SÉRIE);SEPARADO JUDICIALMENTE;782;CONDUTORES DE VEÍCULOS E OPERADORES DE EQUIPAMENTOS DE ELEVAÇÃO E DE MOVIMENTAÇÃO DE CARGAS   	;TOCANTINS;PALMAS;LARINGE, SOE;C329;CARCINOMA ESCAMOCELULAR, SOE;80703;LARINGE, SOE;C329;;;;;false;HISTOLOGIA DO TUMOR PRIMÁRIO;LOCALIZADO;;;;;;;;01/09/2014;;
1163995;RCBP PALMAS;FEMININO;03/12/1968;45;PRETA;BRASIL;MINAS GERAIS;BELO HORIZONTE;SEM INFORMAÇÃO;SEM INFORMAÇÃO;271;PROFISSIONAIS EM GASTRONOMIA E SERVIÇOS DE ALIMENTAÇÃO	;TOCANTINS;PALMAS;MAMA , SOE;C509;CARCINOMA DUCTAL INFILTRANTE;85003;MAMA , SOE;C509;;;;;false;HISTOLOGIA DO TUMOR PRIMÁRIO;METÁSTASE;;;;;;;;25/11/2014;;
1163956;RCBP PALMAS;MASCULINO;30/01/1940;73;PARDA;BRASIL;PIAUÍ;;FUNDAMENTAL I (1ª A 4ª SÉRIE);CASADO;0;SEM INFORMAÇÃO	;TOCANTINS;PALMAS;PROSTATA, SOE;C619;ADENOCARCINOMA, SOE;81403;PROSTATA;C61;;;;;false;HISTOLOGIA DO TUMOR PRIMÁRIO;SEM INFORMAÇÃO;;;;;;;;13/01/2014;;
1163953;RCBP PALMAS;MASCULINO;04/09/1955;58;PARDA;BRASIL;PIAUÍ;;MÉDIO (ANTIGO SEGUNDO GRAU);SEPARADO JUDICIALMENTE;810;SUPERVISORES DE PRODUÇÃO, EM INDÚSTRIAS QUÍMICAS, PETROQUÍMICAS E AFINS   	;TOCANTINS;PALMAS;MEDULA OSSEA;C421;MIELOMA MULTIPLO;97323;MIELOMA MULTIPLO;C900;;;;;false;HISTOLOGIA DO TUMOR PRIMÁRIO;NÃO SE APLICA;;;;;CÂNCER;02/04/2015;;28/04/2014;;
1163996;RCBP PALMAS;FEMININO;06/10/1961;52;PARDA;BRASIL;GOIAS;;FUNDAMENTAL I (1ª A 4ª SÉRIE);SOLTEIRO;0;SEM INFORMAÇÃO	;TOCANTINS;PALMAS;ESOFAGO, SOE;C159;CARCINOMA ESCAMOCELULAR, SOE;80703;ESOFAGO, SOE;C159;;;;;false;HISTOLOGIA DO TUMOR PRIMÁRIO;METÁSTASE;;;;;CÂNCER;05/04/2014;;29/01/2014;;
1163957;RCBP PALMAS;MASCULINO;12/03/1995;19;PARDA;BRASIL;TOCANTINS;;MÉDIO (ANTIGO SEGUNDO GRAU);SOLTEIRO;0;SEM INFORMAÇÃO	;TOCANTINS;PALMAS;OSSOS LONGOS M. INFERIOR E ARTICUL. ASSOCIADAS;C402;OSTEOSSARCOMA, SOE;91803;OSSOS LONGOS DOS M. INFERIORES;C402;Osteossarcoma;VIII-A;OSTEOSSARCOMA;4.1;false;HISTOLOGIA DO TUMOR PRIMÁRIO;LOCALIZADO;;;;;CÂNCER;11/04/2015;;31/03/2014;;
1163992;RCBP PALMAS;FEMININO;01/05/1960;54;PARDA;BRASIL;MINAS GERAIS;;FUNDAMENTAL I (1ª A 4ª SÉRIE);CASADO;0;SEM INFORMAÇÃO	;TOCANTINS;PALMAS;MAMILO;C500;CARCINOMA DUCTAL INFILTRANTE;85003;MAMILO E AREOLA;C500;;;;;false;HISTOLOGIA DO TUMOR PRIMÁRIO;METÁSTASE;;;;;;;;19/12/2014;;
1163993;RCBP PALMAS;FEMININO;15/02/1959;55;SEM INFORMAÇÃO;BRASIL;TOCANTINS;;SUPERIOR COMPLETO;SEM INFORMAÇÃO;0;SEM INFORMAÇÃO	;TOCANTINS;PALMAS;LESAO SOBREPOSTA DA MAMA;C508;CARCINOMA DUCTAL INFILTRANTE;85003;LESAO INVASIVA DA MAMA;C508;;;;;false;HISTOLOGIA DO TUMOR PRIMÁRIO;SEM INFORMAÇÃO;;;;;;;;01/07/2014;;
1163997;RCBP PALMAS;FEMININO;07/07/1961;52;SEM INFORMAÇÃO;BRASIL;PARÁ;;FUNDAMENTAL II (5ª A 8ª SÉRIE);SEM INFORMAÇÃO;0;SEM INFORMAÇÃO	;TOCANTINS;PALMAS;TIREOIDE, SOE;C739;CARCINOMA PAPILAR, SOE;80503;GLANDULA TIREOIDE;C73;;;;;false;HISTOLOGIA DO TUMOR PRIMÁRIO;METÁSTASE;;;;;;;;17/01/2014;;
1163999;RCBP PALMAS;FEMININO;19/11/1963;51;PARDA;BRASIL;PIAUÍ;;FUNDAMENTAL I (1ª A 4ª SÉRIE);VIÚVO;621;TRABALHADORES NA EXPLORAÇÃO AGROPECUÁRIA EM GERAL	;TOCANTINS;PALMAS;ENDOCERVIX;C530;CARCINOMA ESCAMOCELULAR, SOE;80703;ENDOCERVIX;C530;;;;;false;HISTOLOGIA DO TUMOR PRIMÁRIO;METÁSTASE;;;;;;;;29/11/2014;;
1164000;RCBP PALMAS;FEMININO;21/11/1962;52;PARDA;BRASIL;MARANHÃO;;FUNDAMENTAL I (1ª A 4ª SÉRIE);CASADO;621;TRABALHADORES NA EXPLORAÇÃO AGROPECUÁRIA EM GERAL	;TOCANTINS;PALMAS;OVARIO, SOE;C569;CARCINOMA PAPILAR DE SUPERFICIE SEROSA;84613;OVARIO;C56;;;;;false;HISTOLOGIA DO TUMOR PRIMÁRIO;SEM INFORMAÇÃO;;;;;;;;29/12/2014;;
1164001;RCBP PALMAS;FEMININO;13/07/1963;50;PARDA;BRASIL;MARANHÃO;;FUNDAMENTAL I (1ª A 4ª SÉRIE);CASADO;621;TRABALHADORES NA EXPLORAÇÃO AGROPECUÁRIA EM GERAL	;TOCANTINS;PALMAS;TIREOIDE, SOE;C739;CARCINOMA PAPILAR, SOE;80503;GLANDULA TIREOIDE;C73;;;;;false;HISTOLOGIA DA METÁSTASE;SEM INFORMAÇÃO;;;;;;;;30/06/2014;;
1164003;RCBP PALMAS;FEMININO;30/12/1977;36;PARDA;BRASIL;TOCANTINS;;FUNDAMENTAL II (5ª A 8ª SÉRIE);SOLTEIRO;513;TRABALHADORES DOS SERVIÇOS DE HOTELARIA E ALIMENTAÇÃO 	;TOCANTINS;PALMAS;ENDOCERVIX;C530;CARCINOMA ESCAMOCELULAR, SOE;80703;ENDOCERVIX;C530;;;;;false;HISTOLOGIA DO TUMOR PRIMÁRIO;SEM INFORMAÇÃO;;;;;;;;10/01/2014;;
1164025;RCBP PALMAS;FEMININO;07/06/1966;48;PARDA;BRASIL;GOIAS;ACREÚNA;SEM INFORMAÇÃO;SEM INFORMAÇÃO;;;TOCANTINS;PALMAS;MAMA , SOE;C509;CARCINOMA DUCTAL INFILTRANTE;85003;MAMA , SOE;C509;;;;;false;HISTOLOGIA DO TUMOR PRIMÁRIO;LOCALIZADO;;;;;;;;08/12/2014;;
1164027;RCBP PALMAS;FEMININO;25/12/1960;53;BRANCO;BRASIL;GOIAS;CERES;SEM INFORMAÇÃO;SEPARADO JUDICIALMENTE;114;DIRIGENTES E ADMINISTRADORES DE ORGANIZAÇÃO DE INTERESSE PÚBLICO  	;TOCANTINS;PALMAS;MAMA , SOE;C509;CARCINOMA DUCTAL INFILTRANTE;85003;MAMA , SOE;C509;;;;;false;HISTOLOGIA DO TUMOR PRIMÁRIO;LOCALIZADO;;;;;;;;22/12/2014;;
1164011;RCBP PALMAS;FEMININO;22/07/1964;49;PARDA;BRASIL;TOCANTINS;BABAÇULÂNDIA;FUNDAMENTAL II (5ª A 8ª SÉRIE);UNIÃO CONSENSUAL;0;SEM INFORMAÇÃO	;TOCANTINS;PALMAS;OVARIO, SOE;C569;CARCINOMA ESCAMOCELULAR, SOE;80703;OVARIO;C56;;;;;false;HISTOLOGIA DO TUMOR PRIMÁRIO;METÁSTASE;;;;;CÂNCER;22/03/2014;;13/02/2014;;
1164039;RCBP PALMAS;MASCULINO;06/07/1968;46;PRETA;BRASIL;GOIAS;GOIÂNIA;SEM INFORMAÇÃO;SEM INFORMAÇÃO;;;TOCANTINS;PALMAS;RIM, SOE;C649;CARCINOMA DE CELULAS RENAIS, SOE;83123;RIM;C64;;;;;false;HISTOLOGIA DO TUMOR PRIMÁRIO;LOCALIZADO;;;;;;;;30/09/2014;;
1164002;RCBP PALMAS;FEMININO;12/09/1947;66;PARDA;BRASIL;BAHIA;;FUNDAMENTAL I (1ª A 4ª SÉRIE);SOLTEIRO;621;TRABALHADORES NA EXPLORAÇÃO AGROPECUÁRIA EM GERAL	;TOCANTINS;PALMAS;MAMA , SOE;C509;CARCINOMA DUCTAL INFILTRANTE;85003;MAMA , SOE;C509;;;;;false;HISTOLOGIA DO TUMOR PRIMÁRIO;LOCALIZADO;;;;;;;;14/04/2014;;
1164007;RCBP PALMAS;FEMININO;05/04/1967;47;SEM INFORMAÇÃO;BRASIL;TOCANTINS;PIUM;SUPERIOR INCOMPLETO;SEM INFORMAÇÃO;0;SEM INFORMAÇÃO	;TOCANTINS;PALMAS;AMPOLA DE VATER;C241;ADENOCARCINOMA, SOE;81403;AMPOLA DE VATER;C241;;;;;false;HISTOLOGIA DO TUMOR PRIMÁRIO;LOCALIZADO;;;;;CÂNCER;03/12/2014;;02/10/2014;;
1164009;RCBP PALMAS;FEMININO;29/11/1937;76;PARDA;BRASIL;PARAÍBA;PATOS;FUNDAMENTAL I (1ª A 4ª SÉRIE);VIÚVO;0;SEM INFORMAÇÃO	;TOCANTINS;PALMAS;ESTOMAGO, SOE;C169;ADENOCARCINOMA, SOE;81403;ESTOMAGO, SOE;C169;;;;;false;HISTOLOGIA DO TUMOR PRIMÁRIO;METÁSTASE;;;;;CÂNCER;31/12/2014;;26/06/2014;;
1164012;RCBP PALMAS;FEMININO;20/01/1948;66;BRANCO;BRASIL;MINAS GERAIS;;FUNDAMENTAL I (1ª A 4ª SÉRIE);CASADO;0;SEM INFORMAÇÃO	;TOCANTINS;PALMAS;ESOFAGO, SOE;C159;CARCINOMA ESCAMOCELULAR, SOE;80703;ESOFAGO, SOE;C159;;;;;false;HISTOLOGIA DO TUMOR PRIMÁRIO;METÁSTASE;;;;;CÂNCER;13/09/2015;;25/02/2014;;
1164023;RCBP PALMAS;FEMININO;02/10/1968;45;BRANCO;BRASIL;TOCANTINS;;FUNDAMENTAL I (1ª A 4ª SÉRIE);SOLTEIRO;514;TRABALHADORES NOS SERVIÇOS DE ADMINISTRAÇÃO, CONSERVAÇÃO E MANUTENÇÃO DE EDIFÍCIOS E LOGRADOUROS  	;TOCANTINS;PALMAS;MAMILO;C500;CARCINOMA DUCTAL INFILTRANTE;85003;MAMILO E AREOLA;C500;;;;;false;HISTOLOGIA DO TUMOR PRIMÁRIO;LOCALIZADO;;;;;;;;29/09/2014;;
1164040;RCBP PALMAS;MASCULINO;19/10/1943;70;PARDA;BRASIL;MARANHÃO;;FUNDAMENTAL I (1ª A 4ª SÉRIE);CASADO;0;SEM INFORMAÇÃO	;TOCANTINS;PALMAS;MEDULA OSSEA;C421;MIELOMA MULTIPLO;97323;MIELOMA MULTIPLO;C900;;;;;false;HISTOLOGIA DO TUMOR PRIMÁRIO;NÃO SE APLICA;;;;;CÂNCER;22/11/2015;;14/02/2014;;
1164042;RCBP PALMAS;MASCULINO;20/06/1931;83;PARDA;Não informado;Não informado;Não Informado;SEM INFORMAÇÃO;SOLTEIRO;0;SEM INFORMAÇÃO	;TOCANTINS;PALMAS;LINFONODOS DA AXILA E DOS MEMBROS SUPERIORES;C773;LINFOMA MALIGNO MISTO, CELS. PEQ. E GDES., DIFUSO;96753;MISTO, PEQUENAS E GRANDES CELULAS (DIFUSO);C832;;;;;false;HISTOLOGIA DO TUMOR PRIMÁRIO;LOCALIZADO;;;;;;;;30/10/2014;;
1164004;RCBP PALMAS;FEMININO;16/05/1957;56;BRANCO;BRASIL;MINAS GERAIS;BONFINÓPOLIS DE MINAS;FUNDAMENTAL I (1ª A 4ª SÉRIE);UNIÃO CONSENSUAL;513;TRABALHADORES DOS SERVIÇOS DE HOTELARIA E ALIMENTAÇÃO 	;TOCANTINS;PALMAS;VIAS BILIARES INTRA-HEPATICAS;C221;ADENOCARCINOMA, SOE;81403;FIGADO E VIAS BILIARES INTRA-HEPATICAS;C22;;;;;false;HISTOLOGIA DO TUMOR PRIMÁRIO;SEM INFORMAÇÃO;;;;;CÂNCER;13/04/2014;;30/03/2014;;
1164026;RCBP PALMAS;FEMININO;10/06/1982;31;PARDA;BRASIL;TOCANTINS;APARECIDA DO RIO NEGRO;SEM ESCOLARIDADE;UNIÃO CONSENSUAL;0;SEM INFORMAÇÃO	;TOCANTINS;PALMAS;ENCEFALO, SOE;C719;NEOPLASIA MALIGNA;80003;ENCEFALO, SOE;C719;;;;;false;SDO;SEM INFORMAÇÃO;;;;;CÂNCER;24/05/2014;;24/05/2014;;
1164076;RCBP PALMAS;FEMININO;04/01/1992;22;AMARELA;BRASIL;PARÁ;MARABÁ;SEM INFORMAÇÃO;SEM INFORMAÇÃO;0;SEM INFORMAÇÃO	;TOCANTINS;PALMAS;MAMA , SOE;C509;CARCINOMA DUCTAL INFILTRANTE;85003;MAMA , SOE;C509;;;CARCINOMA DE MAMA;8.4;false;HISTOLOGIA DO TUMOR PRIMÁRIO;LOCALIZADO;;;;;;;;03/02/2014;;
1164075;RCBP PALMAS;MASCULINO;06/07/1966;48;PARDA;BRASIL;MATO GROSSO DO SUL;;FUNDAMENTAL II (5ª A 8ª SÉRIE);CASADO;521;VENDEDORES E DEMONSTRADORES   	;TOCANTINS;PALMAS;FIGADO, SOE;C220;CARCINOMA HEPATOCELULAR, SOE;81703;CARCINOMA DE CELULAS HEPATICAS;C220;;;;;false;PESQUISA;SEM INFORMAÇÃO;;;;;CÂNCER;09/04/2015;;17/09/2014;;
1164077;RCBP PALMAS;FEMININO;26/07/1968;45;BRANCO;BRASIL;RIO GRANDE DO SUL;;SUPERIOR INCOMPLETO;CASADO;411;ESCRITURÁRIOS EM GERAL, AGENTES, ASSISTENTES E AUXILIARES ADMINISTRATIVOS 	;TOCANTINS;PALMAS;MAMA , SOE;C509;CARCINOMA DUCTAL INFILTRANTE;85003;MAMA , SOE;C509;;;;;false;HISTOLOGIA DO TUMOR PRIMÁRIO;LOCALIZADO;;;;;CÂNCER;13/10/2015;;16/04/2014;;
1164071;RCBP PALMAS;MASCULINO;09/12/1983;30;PARDA;BRASIL;TOCANTINS;PORTO NACIONAL;SUPERIOR COMPLETO;CASADO;111;MEMBROS SUPERIORES DO PODER LEGISLATIVO, EXECUTIVO E JUDICIÁRIO   	;TOCANTINS;PALMAS;LINFONODO, SOE;C779;LINFOMA MALIGNO, SOE;95903;LINFOMA NAO-HODGKIN, SOE;C859;;;;;false;SDO;NÃO SE APLICA;;;;;CÂNCER;03/12/2014;;03/12/2014;;
1164070;RCBP PALMAS;FEMININO;18/06/1975;39;BRANCO;BRASIL;PARANÁ;;MÉDIO (ANTIGO SEGUNDO GRAU);SEM INFORMAÇÃO;0;SEM INFORMAÇÃO	;TOCANTINS;PALMAS;QUADRANTE SUPERIOR INTERNO DA MAMA;C502;CARCINOMA DUCTAL INFILTRANTE;85003;QUADRANTE SUPERIOR INTERNO DA MAMA;C502;;;;;false;HISTOLOGIA DO TUMOR PRIMÁRIO;METÁSTASE;;;;;;;;05/11/2014;;
1164072;RCBP PALMAS;MASCULINO;15/07/1974;39;PARDA;BRASIL;TOCANTINS;;FUNDAMENTAL I (1ª A 4ª SÉRIE);SEPARADO JUDICIALMENTE;782;CONDUTORES DE VEÍCULOS E OPERADORES DE EQUIPAMENTOS DE ELEVAÇÃO E DE MOVIMENTAÇÃO DE CARGAS   	;TOCANTINS;PALMAS;TECIDOS MOLES DA PELVE;C495;SARCOMA DE KAPOSI;91403;SARCOMA DE KAPOSI DE TECIDOS MOLES;C461;;;;;false;HISTOLOGIA DO TUMOR PRIMÁRIO;SEM INFORMAÇÃO;;;;;NÃO CÂNCER;20/08/2014;;01/03/2014;;
1163777;RCBP PALMAS;FEMININO;03/01/1950;64;BRANCO;BRASIL;TOCANTINS;PEQUIZEIRO;MÉDIO (ANTIGO SEGUNDO GRAU);VIÚVO;512;TRABALHADORES DOS SERVIÇOS DOMÉSTICOS EM GERAL	;TOCANTINS;PALMAS;TERCO INFERIOR DO ESOFAGO;C155;CARCINOMA ESCAMOCELULAR, SOE;80703;TERCO INFERIOR DO ESOFAGO;C155;;;;;false;HISTOLOGIA DO TUMOR PRIMÁRIO;LOCALIZADO;;;;;CÂNCER;08/05/2014;;13/02/2014;;
1419832;RCBP PALMAS;FEMININO;21/05/1975;38;SEM INFORMAÇÃO;BRASIL;TOCANTINS;ARAGUAÍNA;SEM INFORMAÇÃO;SEM INFORMAÇÃO;0;SEM INFORMAÇÃO	;TOCANTINS;PALMAS;MAMA , SOE;C509;CARCINOMA LOBULAR, SOE;85203;MAMA , SOE;C509;;;;;false;HISTOLOGIA DO TUMOR PRIMÁRIO;LOCALIZADO;;;;;;;;14/05/2014;;
1419836;RCBP PALMAS;MASCULINO;30/05/1951;62;BRANCO;BRASIL;PIAUÍ;SÃO MIGUEL DO TAPUIO;SEM INFORMAÇÃO;SEM INFORMAÇÃO;0;SEM INFORMAÇÃO	;TOCANTINS;PALMAS;PROSTATA, SOE;C619;ADENOCARCINOMA, SOE;81403;PROSTATA;C61;;;;;false;HISTOLOGIA DO TUMOR PRIMÁRIO;SEM INFORMAÇÃO;;;;;;;;28/03/2014;;
1163755;RCBP PALMAS;FEMININO;28/09/1974;39;PARDA;BRASIL;TOCANTINS;NAZARÉ;MÉDIO (ANTIGO SEGUNDO GRAU);CASADO;252;PROFISSIONAIS DE ORGANIZAÇÃO E ADMINISTRAÇÃO DE EMPRESAS E AFINS  	;TOCANTINS;PALMAS;LESAO SOBREPOSTA DA MAMA;C508;CARCINOMA, SOE;80103;LESAO INVASIVA DA MAMA;C508;;;;;false;HISTOLOGIA DO TUMOR PRIMÁRIO;LOCALIZADO;;;;;;;;01/02/2014;;
1419831;RCBP PALMAS;FEMININO;29/10/1982;31;PARDA;BRASIL;TOCANTINS;PORTO NACIONAL;MÉDIO (ANTIGO SEGUNDO GRAU);SOLTEIRO;0;SEM INFORMAÇÃO	;TOCANTINS;PALMAS;UTERO, SOE;C559;ADENOCARCINOMA BASOCELULAR;81473;UTERO, SOE;C55;;;;;false;HISTOLOGIA DO TUMOR PRIMÁRIO;LOCALIZADO;;;;;CÂNCER;15/05/2014;;15/05/2014;;
1419833;RCBP PALMAS;MASCULINO;09/07/1944;69;PARDA;BRASIL;MARANHÃO;TASSO FRAGOSO;SEM ESCOLARIDADE;CASADO;0;SEM INFORMAÇÃO	;TOCANTINS;PALMAS;PROSTATA, SOE;C619;ADENOCARCINOMA, SOE;81403;PROSTATA;C61;;;;;false;HISTOLOGIA DO TUMOR PRIMÁRIO;LOCALIZADO;;;;;CÂNCER;08/10/2014;;01/03/2014;;
1419828;RCBP PALMAS;MASCULINO;12/01/1972;42;AMARELA;BRASIL;TOCANTINS;PINDORAMA DO TOCANTINS;SEM ESCOLARIDADE;SEM INFORMAÇÃO;0;SEM INFORMAÇÃO	;TOCANTINS;PALMAS;PULMAO, SOE;C349;NEOPLASIA MALIGNA;80003;BRONQUIOS OU PULMOES, SOE;C349;;;;;false;HISTOLOGIA DA METÁSTASE;METÁSTASE;;;;;;;;16/04/2014;;
1163759;RCBP PALMAS;FEMININO;04/08/1971;43;BRANCO;BRASIL;GOIAS;;SUPERIOR COMPLETO;CASADO;232;PROFESSORES DO ENSINO MÉDIO   	;TOCANTINS;PALMAS;GLANDULA ENDOCRINA, SOE;C759;NEOPLASIA MALIGNA;80003;GLANDULA ENDOCRINA;C759;;;;;false;SDO;METÁSTASE;;;;;CÂNCER;14/11/2014;;14/11/2014;;
1420076;RCBP PALMAS;MASCULINO;01/04/1956;58;SEM INFORMAÇÃO;BRASIL;TOCANTINS;CRISTALÂNDIA;SEM ESCOLARIDADE;SEM INFORMAÇÃO;;;TOCANTINS;PALMAS;ENCEFALO, SOE;C719;NEOPLASIA MALIGNA;80003;ENCEFALO, SOE;C719;;;;;false;SDO;SEM INFORMAÇÃO;;;;;CÂNCER;25/11/2014;;25/11/2014;;
1163790;RCBP PALMAS;MASCULINO;28/02/1948;66;PARDA;BRASIL;BAHIA;ABARÉ;MÉDIO (ANTIGO SEGUNDO GRAU);CASADO;611;PRODUTORES AGROPECUÁRIOS EM GERAL 	;TOCANTINS;PALMAS;PANCREAS, SOE;C259;ADENOCARCINOMA, SOE;81403;PANCREAS, SOE;C259;;;;;false;HISTOLOGIA DA METÁSTASE;METÁSTASE;;;;;CÂNCER;13/09/2014;;24/03/2014;;
1163884;RCBP PALMAS;MASCULINO;24/11/1932;81;PARDA;BRASIL;TOCANTINS;PONTE ALTA DO TOCANTINS;FUNDAMENTAL I (1ª A 4ª SÉRIE);CASADO;0;SEM INFORMAÇÃO	;TOCANTINS;PALMAS;CEREBRO;C710;NEOPLASIA MALIGNA;80003;CEREBRO;C710;;;;;false;SDO;SEM INFORMAÇÃO;;;;;CÂNCER;06/03/2014;;06/03/2014;;
1420876;RCBP PALMAS;FEMININO;02/02/1958;56;PARDA;BRASIL;TOCANTINS;PIUM;FUNDAMENTAL I (1ª A 4ª SÉRIE);SEPARADO JUDICIALMENTE;;;TOCANTINS;PALMAS;COLO DO UTERO, SOE;C539;CARCINOMA ESCAMOCELULAR, SOE;80703;COLO DO UTERO, SOE;C539;;;;;false;HISTOLOGIA DO TUMOR PRIMÁRIO;LOCALIZADO;;;;;CÂNCER;10/10/2014;;10/10/2014;;
1420877;RCBP PALMAS;FEMININO;02/01/1947;67;PARDA;BRASIL;MARANHÃO;SÃO LUÍS GONZAGA DO MARANHÃO;SEM INFORMAÇÃO;SEM INFORMAÇÃO;;;TOCANTINS;PALMAS;FIGADO, SOE;C220;CARCINOMA HEPATOCELULAR, SOE;81703;CARCINOMA DE CELULAS HEPATICAS;C220;;;;;false;HISTOLOGIA DO TUMOR PRIMÁRIO;LOCALIZADO;;;;;CÂNCER;17/12/2014;;05/06/2014;;
1420883;RCBP PALMAS;MASCULINO;26/07/1929;84;SEM INFORMAÇÃO;BRASIL;TOCANTINS;LIZARDA;FUNDAMENTAL I (1ª A 4ª SÉRIE);CASADO;0;SEM INFORMAÇÃO	;TOCANTINS;PALMAS;PROSTATA, SOE;C619;NEOPLASIA MALIGNA;80003;PROSTATA;C61;;;;;false;SDO;LOCALIZADO;;;;;CÂNCER;16/02/2014;;16/02/2014;;
1420878;RCBP PALMAS;MASCULINO;06/10/1976;38;PARDA;BRASIL;MARANHÃO;;FUNDAMENTAL I (1ª A 4ª SÉRIE);CASADO;621;TRABALHADORES NA EXPLORAÇÃO AGROPECUÁRIA EM GERAL	;TOCANTINS;PALMAS;TESTICULO CRIPTOQUIDICO;C620;CARCINOMA, SOE;80103;TESTICULO CRIPTORQUIDICO;C620;;;;;false;HISTOLOGIA DO TUMOR PRIMÁRIO;LOCALIZADO;;;;;;;;01/12/2014;;
1420879;RCBP PALMAS;FEMININO;05/02/1949;65;PARDA;BRASIL;MINAS GERAIS;SACRAMENTO;MÉDIO (ANTIGO SEGUNDO GRAU);UNIÃO CONSENSUAL;0;SEM INFORMAÇÃO	;TOCANTINS;PALMAS;LOCALIZACAO PRIMARIA DESCONHECIDA, SOE;C809;NEOPLASIA MALIGNA;80003;LOCALIZACAO PRIMARIA DESCONHECIDA;C80;;;;;false;SDO;METÁSTASE;;;;;CÂNCER;07/05/2014;;24/04/2014;;
1437808;RCBP PALMAS;MASCULINO;11/11/1976;37;PARDA;BRASIL;TOCANTINS;PIUM;SEM INFORMAÇÃO;SEM INFORMAÇÃO;;;TOCANTINS;PALMAS;LESAO SOBREPOSTA DO APARELHO DIGESTIVO;C268;ADENOCARCINOMA, SOE;81403;LESAO INVASIVA DO APARELHO DIGESTIVO;C268;;;;;false;HISTOLOGIA DO TUMOR PRIMÁRIO;METÁSTASE;;;;;CÂNCER;17/04/2014;;11/02/2014;;
1437146;RCBP PALMAS;MASCULINO;26/10/1954;60;AMARELA;BRASIL;TOCANTINS;PIUM;SEM INFORMAÇÃO;SEM INFORMAÇÃO;0;SEM INFORMAÇÃO	;TOCANTINS;PALMAS;PROSTATA, SOE;C619;ADENOCARCINOMA, SOE;81403;PROSTATA;C61;;;;;false;HISTOLOGIA DO TUMOR PRIMÁRIO;SEM INFORMAÇÃO;;;;;;;;31/10/2014;;
1437180;RCBP PALMAS;MASCULINO;28/06/1934;80;PARDA;BRASIL;PIAUÍ;MONTE ALEGRE DO PIAUÍ;SEM INFORMAÇÃO;CASADO;;;TOCANTINS;PALMAS;MEDIASTINO, SOE;C383;NEOPLASIA MALIGNA;80003;MEDIASTINO, PORCAO NAO ESPECIFICADA;C383;;;;;false;SDO;LOCALIZADO;;;;;CÂNCER;17/12/2014;;17/12/2014;;
1437184;RCBP PALMAS;FEMININO;26/03/1951;63;PARDA;BRASIL;TOCANTINS;PINDORAMA DO TOCANTINS;SEM INFORMAÇÃO;SEM INFORMAÇÃO;;;TOCANTINS;PALMAS;COLON, SOE;C189;NEOPLASIA MALIGNA;80003;COLON, SOE;C189;;;;;false;SDO;METÁSTASE;;;;;CÂNCER;28/06/2014;;28/06/2014;;
1163937;RCBP PALMAS;MASCULINO;12/12/1955;58;PARDA;BRASIL;PERNAMBUCO;INAJÁ;SUPERIOR INCOMPLETO;CASADO;411;ESCRITURÁRIOS EM GERAL, AGENTES, ASSISTENTES E AUXILIARES ADMINISTRATIVOS 	;TOCANTINS;PALMAS;COLON SIGMOIDE;C187;ADENOCARCINOMA, SOE;81403;COLON SIGMOIDE;C187;;;;;false;HISTOLOGIA DO TUMOR PRIMÁRIO;LOCALIZADO;;;;;CÂNCER;04/11/2014;;28/08/2014;;
1437671;RCBP PALMAS;FEMININO;21/06/1939;74;BRANCO;BRASIL;TOCANTINS;PALMAS;FUNDAMENTAL II (5ª A 8ª SÉRIE);SEPARADO JUDICIALMENTE;;;TOCANTINS;PALMAS;COLO DO UTERO, SOE;C539;CARCINOMA, SOE;80103;COLO DO UTERO, SOE;C539;;;;;false;HISTOLOGIA DO TUMOR PRIMÁRIO;LOCALIZADO;;;;;CÂNCER;23/03/2014;;23/03/2014;;
1437669;RCBP PALMAS;MASCULINO;11/10/1962;51;PARDA;BRASIL;MARANHÃO;;FUNDAMENTAL II (5ª A 8ª SÉRIE);UNIÃO CONSENSUAL;312;TÉCNICOS EM CONSTRUÇÃO CIVIL, DE EDIFICAÇÕES E OBRAS DE INFRAESTRUTURA	;TOCANTINS;PALMAS;MEDULA OSSEA;C421;LEUCEMIA MIELOIDE CRONICA, SOE;98633;LEUCEMIA MIELOIDE CRONICA;C921;;;;;false;HISTOLOGIA DO TUMOR PRIMÁRIO;NÃO SE APLICA;;;;;;;;28/04/2014;;
1437672;RCBP PALMAS;MASCULINO;10/01/1960;54;BRANCO;BRASIL;GOIAS;PORANGATU;SEM INFORMAÇÃO;SEM INFORMAÇÃO;0;SEM INFORMAÇÃO	;TOCANTINS;PALMAS;PROSTATA, SOE;C619;ADENOCARCINOMA, SOE;81403;PROSTATA;C61;;;;;false;HISTOLOGIA DO TUMOR PRIMÁRIO;LOCALIZADO;;;;;;;;26/11/2014;;
1437670;RCBP PALMAS;FEMININO;11/01/1975;39;SEM INFORMAÇÃO;BRASIL;RONDONIA;PIMENTA BUENO;SEM INFORMAÇÃO;SEM INFORMAÇÃO;0;SEM INFORMAÇÃO	;TOCANTINS;PALMAS;MAMA , SOE;C509;CARCINOMA PAPILAR, SOE;80503;MAMA , SOE;C509;;;;;false;HISTOLOGIA DO TUMOR PRIMÁRIO;LOCALIZADO;;;;;;;;01/09/2014;;
1164006;RCBP PALMAS;FEMININO;14/12/1954;59;BRANCO;BRASIL;TOCANTINS;NOVO ACORDO;FUNDAMENTAL I (1ª A 4ª SÉRIE);CASADO;0;SEM INFORMAÇÃO	;TOCANTINS;PALMAS;PULMAO, SOE;C349;ADENOCARCINOMA ALVEOLAR;82513;BRONQUIOS OU PULMOES, SOE;C349;;;;;false;HISTOLOGIA DO TUMOR PRIMÁRIO;METÁSTASE;;;;;CÂNCER;13/10/2014;;11/08/2014;;
1437475;RCBP PALMAS;MASCULINO;06/04/1931;82;BRANCO;BRASIL;CEARÁ;BANABUIÚ;SEM ESCOLARIDADE;CASADO;0;SEM INFORMAÇÃO	;TOCANTINS;PALMAS;COLON, SOE;C189;NEOPLASIA MALIGNA;80003;COLON, SOE;C189;;;;;false;SDO;METÁSTASE;;;;;CÂNCER;03/02/2014;;03/02/2014;;
1437485;RCBP PALMAS;MASCULINO;19/07/1952;62;SEM INFORMAÇÃO;BRASIL;MINAS GERAIS;;FUNDAMENTAL II (5ª A 8ª SÉRIE);SEM INFORMAÇÃO;0;SEM INFORMAÇÃO	;TOCANTINS;PALMAS;PROSTATA, SOE;C619;CARCINOMA DE CELULAS ACINOSAS;85503;PROSTATA;C61;;;;;false;HISTOLOGIA DO TUMOR PRIMÁRIO;LOCALIZADO;;;;;;;;13/08/2014;;
1437477;RCBP PALMAS;MASCULINO;03/06/1954;60;PARDA;BRASIL;MARANHÃO;TIMON;SEM INFORMAÇÃO;SEM INFORMAÇÃO;0;SEM INFORMAÇÃO	;TOCANTINS;PALMAS;PROSTATA, SOE;C619;ADENOCARCINOMA, SOE;81403;PROSTATA;C61;;;;;false;HISTOLOGIA DO TUMOR PRIMÁRIO;LOCALIZADO;;;;;;;;31/10/2014;;
1437436;RCBP PALMAS;MASCULINO;25/11/1960;53;PARDA;BRASIL;MARANHÃO;;FUNDAMENTAL II (5ª A 8ª SÉRIE);SOLTEIRO;621;TRABALHADORES NA EXPLORAÇÃO AGROPECUÁRIA EM GERAL	;TOCANTINS;PALMAS;PROSTATA, SOE;C619;ADENOCARCINOMA, SOE;81403;PROSTATA;C61;;;;;false;HISTOLOGIA DO TUMOR PRIMÁRIO;LOCALIZADO;;;;;;;;20/03/2014;;
1437438;RCBP PALMAS;MASCULINO;12/04/1941;73;PARDA;BRASIL;MINAS GERAIS;MONTES CLAROS;SEM INFORMAÇÃO;SEM INFORMAÇÃO;0;SEM INFORMAÇÃO	;TOCANTINS;PALMAS;PROSTATA, SOE;C619;ADENOCARCINOMA, SOE;81403;PROSTATA;C61;;;;;false;HISTOLOGIA DO TUMOR PRIMÁRIO;LOCALIZADO;;;;;;;;11/12/2014;;
1437435;RCBP PALMAS;FEMININO;06/05/1975;39;PARDA;BRASIL;MARANHÃO;ALTO PARNAÍBA;SEM INFORMAÇÃO;SEM INFORMAÇÃO;;;TOCANTINS;PALMAS;FIGADO, SOE;C220;CARCINOMA HEPATOCELULAR, SOE;81703;CARCINOMA DE CELULAS HEPATICAS;C220;;;;;false;HISTOLOGIA DO TUMOR PRIMÁRIO;SEM INFORMAÇÃO;;;;;CÂNCER;26/05/2014;;15/05/2014;;
1437442;RCBP PALMAS;MASCULINO;28/05/1933;81;PARDA;BRASIL;TOCANTINS;GOIATINS;FUNDAMENTAL I (1ª A 4ª SÉRIE);SEM INFORMAÇÃO;0;SEM INFORMAÇÃO	;TOCANTINS;PALMAS;TIREOIDE, SOE;C739;CARCINOMA FOLICULAR POUCO INVASIVO;83353;GLANDULA TIREOIDE;C73;;;;;false;HISTOLOGIA DO TUMOR PRIMÁRIO;LOCALIZADO;;;;;CÂNCER;04/07/2014;;25/06/2014;;
1437508;RCBP PALMAS;FEMININO;24/01/1987;27;PARDA;BRASIL;TOCANTINS;;SEM INFORMAÇÃO;SOLTEIRO;0;SEM INFORMAÇÃO	;TOCANTINS;PALMAS;MAMA , SOE;C509;CARCINOMA DUCTAL INFILTRANTE;85003;MAMA , SOE;C509;;;CARCINOMA DE MAMA;8.4;false;HISTOLOGIA DO TUMOR PRIMÁRIO;METÁSTASE;;;;;CÂNCER;25/06/2015;;01/10/2014;;
1437478;RCBP PALMAS;FEMININO;16/01/1926;88;AMARELA;BRASIL;MINAS GERAIS;SÃO GONÇALO DO ABAETÉ;FUNDAMENTAL I (1ª A 4ª SÉRIE);VIÚVO;0;SEM INFORMAÇÃO	;TOCANTINS;PALMAS;MAMA , SOE;C509;CARCINOMA MEDULAR, SOE;85103;MAMA , SOE;C509;;;;;false;HISTOLOGIA DO TUMOR PRIMÁRIO;LOCALIZADO;;;;;;;;10/02/2014;;
1437479;RCBP PALMAS;MASCULINO;01/05/1958;56;PARDA;BRASIL;BAHIA;AURELINO LEAL;SEM INFORMAÇÃO;SEM INFORMAÇÃO;0;SEM INFORMAÇÃO	;TOCANTINS;PALMAS;ESTOMAGO, SOE;C169;CARCINOMA, SOE;80103;ESTOMAGO, SOE;C169;;;;;false;HISTOLOGIA DO TUMOR PRIMÁRIO;SEM INFORMAÇÃO;;;;;;;;04/11/2014;;
1437481;RCBP PALMAS;MASCULINO;16/08/1956;57;PARDA;BRASIL;GOIAS;;FUNDAMENTAL II (5ª A 8ª SÉRIE);CASADO;621;TRABALHADORES NA EXPLORAÇÃO AGROPECUÁRIA EM GERAL	;TOCANTINS;PALMAS;PROSTATA, SOE;C619;ADENOCARCINOMA, SOE;81403;PROSTATA;C61;;;;;false;HISTOLOGIA DO TUMOR PRIMÁRIO;LOCALIZADO;;;;;;;;10/06/2014;;
1163985;RCBP PALMAS;FEMININO;02/02/1956;58;PARDA;BRASIL;MARANHÃO;ALTO PARNAÍBA;SEM ESCOLARIDADE;UNIÃO CONSENSUAL;0;SEM INFORMAÇÃO	;TOCANTINS;PALMAS;ENCEFALO, SOE;C719;NEOPLASIA MALIGNA;80003;ENCEFALO, SOE;C719;;;;;false;PESQUISA;METÁSTASE;;;;;CÂNCER;11/09/2014;;03/06/2014;;
1164022;RCBP PALMAS;FEMININO;13/09/1969;44;PARDA;BRASIL;TOCANTINS;FILADÉLFIA;SEM INFORMAÇÃO;CASADO;114;DIRIGENTES E ADMINISTRADORES DE ORGANIZAÇÃO DE INTERESSE PÚBLICO  	;TOCANTINS;PALMAS;MAMA , SOE;C509;CARCINOMA DUCTAL INFILTRANTE;85003;MAMA , SOE;C509;;;;;false;HISTOLOGIA DO TUMOR PRIMÁRIO;LOCALIZADO;;;;;;;;13/02/2014;;
1437676;RCBP PALMAS;MASCULINO;16/07/1939;74;PARDA;BRASIL;GOIAS;JARAGUÁ;FUNDAMENTAL I (1ª A 4ª SÉRIE);SEPARADO JUDICIALMENTE;0;SEM INFORMAÇÃO	;TOCANTINS;PALMAS;PROSTATA, SOE;C619;ADENOCARCINOMA, SOE;81403;PROSTATA;C61;;;;;false;HISTOLOGIA DO TUMOR PRIMÁRIO;LOCALIZADO;;;;;CÂNCER;17/04/2014;;13/02/2014;;
1437677;RCBP PALMAS;FEMININO;22/10/1942;71;PARDA;BRASIL;MARANHÃO;GRAJAÚ;FUNDAMENTAL II (5ª A 8ª SÉRIE);CASADO;0;SEM INFORMAÇÃO	;TOCANTINS;PALMAS;RETO, SOE;C209;NEOPLASIA MALIGNA;80003;RETO;C20;;;;;false;SDO;METÁSTASE;;;;;CÂNCER;15/08/2014;;15/08/2014;;
1437678;RCBP PALMAS;MASCULINO;02/08/1960;53;BRANCO;BRASIL;TOCANTINS;TOCANTINÓPOLIS;FUNDAMENTAL II (5ª A 8ª SÉRIE);CASADO;0;SEM INFORMAÇÃO	;TOCANTINS;PALMAS;RETO, SOE;C209;ADENOCARCINOMA, SOE;81403;RETO;C20;;;;;false;HISTOLOGIA DO TUMOR PRIMÁRIO;METÁSTASE;;;;;CÂNCER;17/09/2014;;05/02/2014;;
1437648;RCBP PALMAS;FEMININO;24/09/1967;46;BRANCO;BRASIL;TOCANTINS;CRISTALÂNDIA;MÉDIO (ANTIGO SEGUNDO GRAU);VIÚVO;322;TÉCNICOS DA CIÊNCIA DA SAÚDE HUMANA 	;TOCANTINS;PALMAS;COLO DO UTERO, SOE;C539;CARCINOMA ESCAMOCELULAR, SOE;80703;COLO DO UTERO, SOE;C539;;;;;false;HISTOLOGIA DO TUMOR PRIMÁRIO;LOCALIZADO;;;;;CÂNCER;30/08/2014;;30/08/2014;;
1437641;RCBP PALMAS;MASCULINO;23/04/1971;42;PARDA;BRASIL;PIAUÍ;PIRACURUCA;FUNDAMENTAL I (1ª A 4ª SÉRIE);SOLTEIRO;0;SEM INFORMAÇÃO	;TOCANTINS;PALMAS;COLON, SOE;C189;CARCINOMA, SOE;80103;COLON, SOE;C189;;;;;false;HISTOLOGIA DO TUMOR PRIMÁRIO;LOCALIZADO;;;;;CÂNCER;11/01/2014;;11/01/2014;;
1437649;RCBP PALMAS;FEMININO;21/11/2009;4;PARDA;BRASIL;TOCANTINS;AUGUSTINÓPOLIS;SEM INFORMAÇÃO;SEM INFORMAÇÃO;0;SEM INFORMAÇÃO	;TOCANTINS;PALMAS;MEDULA OSSEA;C421;LEUCEMIA LINFOIDE, SOE;98203;LEUCEMIA LINFOIDE, SOE;C919;Leucemias linfóides;I-A;;;false;HISTOLOGIA DO TUMOR PRIMÁRIO;NÃO SE APLICA;;;;;CÂNCER;16/11/2014;;15/05/2014;;
1437675;RCBP PALMAS;FEMININO;02/06/1944;70;SEM INFORMAÇÃO;BRASIL;PARÁ;MONTE ALEGRE;SEM INFORMAÇÃO;SEM INFORMAÇÃO;0;SEM INFORMAÇÃO	;TOCANTINS;PALMAS;LESAO SOBREPOSTA DO COLON;C188;ADENOCARCINOMA, SOE;81403;LESAO INVASIVA DO COLON;C188;;;;;false;HISTOLOGIA DO TUMOR PRIMÁRIO;LOCALIZADO;;;;;;;;30/09/2014;;
1437642;RCBP PALMAS;MASCULINO;25/04/1947;66;PARDA;BRASIL;MARANHÃO;;FUNDAMENTAL I (1ª A 4ª SÉRIE);CASADO;715;TRABALHADORES DA CONSTRUÇÃO CIVIL E OBRAS PÚBLICAS	;TOCANTINS;PALMAS;PROSTATA, SOE;C619;ADENOCARCINOMA, SOE;81403;PROSTATA;C61;;;;;false;HISTOLOGIA DO TUMOR PRIMÁRIO;LOCALIZADO;;;;;;;;12/02/2014;;
1437811;RCBP PALMAS;FEMININO;09/12/1981;32;PARDA;BRASIL;TOCANTINS;PONTE ALTA DO TOCANTINS;SEM INFORMAÇÃO;CASADO;0;SEM INFORMAÇÃO	;TOCANTINS;PALMAS;MAMA , SOE;C509;CARCINOMA DUCTAL INFILTRANTE;85003;MAMA , SOE;C509;;;;;false;HISTOLOGIA DO TUMOR PRIMÁRIO;METÁSTASE;;;;;CÂNCER;08/03/2014;;08/03/2014;;
1164041;RCBP PALMAS;MASCULINO;17/08/2008;5;BRANCO;BRASIL;TOCANTINS;PALMAS;FUNDAMENTAL I (1ª A 4ª SÉRIE);SOLTEIRO;;;TOCANTINS;PALMAS;TRONCO CEREBRAL;C717;TUMOR NEUROECTODERMICO PRIMITIVO, SOE;94733;TRONCO CEREBRAL;C717;Tumores neuroectodérmicos primitivos;III-C;;;false;HISTOLOGIA DO TUMOR PRIMÁRIO;LOCALIZADO;;;;;CÂNCER;21/11/2014;;20/01/2014;;
1437743;RCBP PALMAS;MASCULINO;02/05/1948;65;PARDA;BRASIL;BAHIA;BARREIRAS;MÉDIO (ANTIGO SEGUNDO GRAU);CASADO;0;SEM INFORMAÇÃO	;TOCANTINS;PALMAS;CANAL PANCREATICO;C253;ADENOCARCINOMA EXOCRINO MISTO, DE CEL. DAS ILHOTAS;81543;CANAL PANCREATICO;C253;;;;;false;HISTOLOGIA DO TUMOR PRIMÁRIO;LOCALIZADO;;;;;CÂNCER;18/06/2014;;15/03/2014;;
1164052;RCBP PALMAS;MASCULINO;14/04/1948;65;PARDA;BRASIL;TOCANTINS;MIRACEMA DO TOCANTINS;SEM INFORMAÇÃO;SEM INFORMAÇÃO;;;TOCANTINS;PALMAS;PROSTATA, SOE;C619;ADENOCARCINOMA, SOE;81403;PROSTATA;C61;;;;;false;HISTOLOGIA DO TUMOR PRIMÁRIO;LOCALIZADO;;;;;;;;20/03/2014;;
1437806;RCBP PALMAS;FEMININO;28/05/1975;39;BRANCO;BRASIL;GOIAS;URUAÇU;FUNDAMENTAL II (5ª A 8ª SÉRIE);SOLTEIRO;0;SEM INFORMAÇÃO	;TOCANTINS;PALMAS;MEDULA OSSEA;C421;MIELOMA MULTIPLO;97323;MIELOMA MULTIPLO;C900;;;;;false;SDO;NÃO SE APLICA;;;;;CÂNCER;27/06/2014;;27/06/2014;;
1226920;RCBP PALMAS;FEMININO;27/12/1936;77;BRANCO;BRASIL;MARANHÃO;PORTO FRANCO;SEM INFORMAÇÃO;SEM INFORMAÇÃO;;;TOCANTINS;PALMAS;FIGADO, SOE;C220;NEOPLASIA MALIGNA;80003;FIGADO E VIAS BILIARES INTRA-HEPATICAS;C22;;;;;false;SDO;METÁSTASE;;;;;CÂNCER;15/05/2014;;15/05/2014;;
1437800;RCBP PALMAS;FEMININO;30/08/1928;86;BRANCO;BRASIL;TOCANTINS;MIRACEMA DO TOCANTINS;FUNDAMENTAL I (1ª A 4ª SÉRIE);VIÚVO;0;SEM INFORMAÇÃO	;TOCANTINS;PALMAS;LOCALIZACAO PRIMARIA DESCONHECIDA, SOE;C809;NEOPLASIA MALIGNA;80003;LOCALIZACAO PRIMARIA DESCONHECIDA;C80;;;;;false;SDO;METÁSTASE;;;;;CÂNCER;30/08/2014;;30/08/2014;;
1437802;RCBP PALMAS;FEMININO;02/06/1971;43;SEM INFORMAÇÃO;BRASIL;PARANÁ;CURITIBA;SUPERIOR COMPLETO;SEM INFORMAÇÃO;0;SEM INFORMAÇÃO	;TOCANTINS;PALMAS;LESAO SOBREPOSTA DA MAMA;C508;CARCINOMA DUCTAL INFILTRANTE;85003;LESAO INVASIVA DA MAMA;C508;;;;;false;HISTOLOGIA DO TUMOR PRIMÁRIO;METÁSTASE;;;;;;;;07/10/2014;;
1437796;RCBP PALMAS;FEMININO;24/05/1941;73;PARDA;BRASIL;PERNAMBUCO;RECIFE;FUNDAMENTAL I (1ª A 4ª SÉRIE);SOLTEIRO;;;TOCANTINS;PALMAS;LOCALIZACAO PRIMARIA DESCONHECIDA, SOE;C809;NEOPLASIA MALIGNA;80003;LOCALIZACAO PRIMARIA DESCONHECIDA;C80;;;;;false;SDO;METÁSTASE;;;;;CÂNCER;13/06/2014;;13/06/2014;;
1437803;RCBP PALMAS;FEMININO;20/12/1967;46;PARDA;BRASIL;PARÁ;;FUNDAMENTAL II (5ª A 8ª SÉRIE);CASADO;0;SEM INFORMAÇÃO	;TOCANTINS;PALMAS;ECTOCERVIX;C531;CARCINOMA ESCAMOCELULAR, SOE;80703;ECTOCERVIX;C531;;;;;false;HISTOLOGIA DO TUMOR PRIMÁRIO;METÁSTASE;;;;;SEM INFORMAÇÃO;25/01/2018;;02/10/2014;;
1437804;RCBP PALMAS;MASCULINO;04/06/1941;73;BRANCO;BRASIL;TOCANTINS;PEDRO AFONSO;SEM INFORMAÇÃO;SEM INFORMAÇÃO;;;TOCANTINS;PALMAS;PROSTATA, SOE;C619;ADENOCARCINOMA, SOE;81403;PROSTATA;C61;;;;;false;HISTOLOGIA DO TUMOR PRIMÁRIO;LOCALIZADO;;;;;;;;01/10/2014;;
1437801;RCBP PALMAS;FEMININO;02/10/1958;55;BRANCO;BRASIL;GOIAS;MINAÇU;SEM INFORMAÇÃO;SEM INFORMAÇÃO;;;TOCANTINS;PALMAS;PULMAO, SOE;C349;NEOPLASIA MALIGNA;80003;BRONQUIOS OU PULMOES, SOE;C349;;;;;true;SDO;METÁSTASE;;;;;CÂNCER;11/04/2014;;11/04/2014;;
1437795;RCBP PALMAS;MASCULINO;08/04/1996;18;BRANCO;BRASIL;TOCANTINS;ALVORADA;MÉDIO (ANTIGO SEGUNDO GRAU);SOLTEIRO;0;SEM INFORMAÇÃO	;TOCANTINS;PALMAS;MEDULA OSSEA;C421;LEUCEMIA, SOE;98003;LEUCEMIA NAO ESPECIFICADA;C959;Leucemias especificadas e outras não especificadas;I-E;OUTRAS INESPECÍFICAS;1.4;false;SDO;NÃO SE APLICA;;;;;CÂNCER;28/05/2014;;28/05/2014;;
1437809;RCBP PALMAS;FEMININO;27/07/1951;62;BRANCO;BRASIL;MINAS GERAIS;JOÃO PINHEIRO;MÉDIO (ANTIGO SEGUNDO GRAU);CASADO;;;TOCANTINS;PALMAS;COLO DO UTERO, SOE;C539;ADENOCARCINOMA, SOE;81403;COLO DO UTERO, SOE;C539;;;;;false;HISTOLOGIA DO TUMOR PRIMÁRIO;METÁSTASE;;;;;CÂNCER;02/07/2014;;02/07/2014;;
1437810;RCBP PALMAS;MASCULINO;01/09/1932;81;BRANCO;BRASIL;Não informado;Não Informado;FUNDAMENTAL II (5ª A 8ª SÉRIE);VIÚVO;;;TOCANTINS;PALMAS;ESOFAGO, SOE;C159;NEOPLASIA MALIGNA;80003;ESOFAGO, SOE;C159;;;;;false;SDO;METÁSTASE;;;;;CÂNCER;04/01/2014;;04/01/2014;;
1437859;RCBP PALMAS;FEMININO;25/01/1951;63;PARDA;BRASIL;TOCANTINS;PORTO NACIONAL;FUNDAMENTAL I (1ª A 4ª SÉRIE);VIÚVO;0;SEM INFORMAÇÃO	;TOCANTINS;PALMAS;COLO DO UTERO, SOE;C539;CARCINOMA, SOE;80103;COLO DO UTERO, SOE;C539;;;;;false;HISTOLOGIA DO TUMOR PRIMÁRIO;LOCALIZADO;;;;;CÂNCER;08/08/2014;;08/08/2014;;
1437862;RCBP PALMAS;FEMININO;13/12/1951;62;BRANCO;BRASIL;TOCANTINS;PALMAS;FUNDAMENTAL I (1ª A 4ª SÉRIE);VIÚVO;0;SEM INFORMAÇÃO	;TOCANTINS;PALMAS;VIA BILIAR, SOE;C249;CARCINOMA, SOE;80103;VIA BILIAR, SOE;C249;;;;;false;HISTOLOGIA DO TUMOR PRIMÁRIO;METÁSTASE;;;;;CÂNCER;12/02/2014;;05/01/2014;;
1437858;RCBP PALMAS;FEMININO;04/06/1945;68;BRANCO;BRASIL;MARANHÃO;CODÓ;SEM ESCOLARIDADE;SEPARADO JUDICIALMENTE;0;SEM INFORMAÇÃO	;TOCANTINS;PALMAS;VIA BILIAR, SOE;C249;CARCINOMA, SOE;80103;VIA BILIAR, SOE;C249;;;;;false;HISTOLOGIA DO TUMOR PRIMÁRIO;LOCALIZADO;;;;;CÂNCER;20/08/2014;;03/02/2014;;
1437861;RCBP PALMAS;MASCULINO;21/06/1921;93;BRANCO;BRASIL;MARANHÃO;IMPERATRIZ;FUNDAMENTAL II (5ª A 8ª SÉRIE);CASADO;0;SEM INFORMAÇÃO	;TOCANTINS;PALMAS;ENCEFALO, SOE;C719;NEOPLASIA MALIGNA;80003;ENCEFALO, SOE;C719;;;;;false;SDO;LOCALIZADO;;;;;CÂNCER;25/07/2014;;25/07/2014;;
1163959;RCBP PALMAS;MASCULINO;03/07/1996;17;SEM INFORMAÇÃO;BRASIL;PARÁ;;FUNDAMENTAL II (5ª A 8ª SÉRIE);SEM INFORMAÇÃO;0;SEM INFORMAÇÃO	;TOCANTINS;PALMAS;OSSOS LONGOS M. INFERIOR E ARTICUL. ASSOCIADAS;C402;OSTEOSSARCOMA, SOE;91803;OSSOS LONGOS DOS M. INFERIORES;C402;Osteossarcoma;VIII-A;OSTEOSSARCOMA;4.1;false;HISTOLOGIA DO TUMOR PRIMÁRIO;METÁSTASE;;;;;CÂNCER;04/11/2015;;12/03/2014;;
1437673;RCBP PALMAS;MASCULINO;13/11/1952;61;PARDA;BRASIL;SÃO PAULO;SÃO PAULO;MÉDIO (ANTIGO SEGUNDO GRAU);SEM INFORMAÇÃO;0;SEM INFORMAÇÃO	;TOCANTINS;PALMAS;COLON SIGMOIDE;C187;ADENOCARCINOMA, SOE;81403;COLON SIGMOIDE;C187;;;;;false;HISTOLOGIA DO TUMOR PRIMÁRIO;LOCALIZADO;;;;;;;;08/04/2014;;
1437863;RCBP PALMAS;MASCULINO;14/09/1981;33;PARDA;BRASIL;TOCANTINS;;FUNDAMENTAL I (1ª A 4ª SÉRIE);CASADO;621;TRABALHADORES NA EXPLORAÇÃO AGROPECUÁRIA EM GERAL	;TOCANTINS;PALMAS;ENCEFALO, SOE;C719;ASTROCITOMA ANAPLASICO;94013;ENCEFALO, SOE;C719;;;;;false;HISTOLOGIA DO TUMOR PRIMÁRIO;LOCALIZADO;;;;;;;;04/12/2014;;
1437147;RCBP PALMAS;FEMININO;21/02/1921;93;BRANCO;BRASIL;MARANHÃO;CAROLINA;FUNDAMENTAL I (1ª A 4ª SÉRIE);VIÚVO;0;SEM INFORMAÇÃO	;TOCANTINS;PALMAS;LOCALIZACAO PRIMARIA DESCONHECIDA, SOE;C809;NEOPLASIA MALIGNA;80003;LOCALIZACAO PRIMARIA DESCONHECIDA;C80;;;;;false;SDO;METÁSTASE;;;;;CÂNCER;19/12/2014;;15/09/2014;;
1072624;RCBP PALMAS;FEMININO;28/12/1942;71;BRANCO;BRASIL;SÃO PAULO;SÃO JOSÉ DO RIO PRETO;SEM ESCOLARIDADE;VIÚVO;0;SEM INFORMAÇÃO	;TOCANTINS;PALMAS;ENDOMETRIO;C541;CARCINOMA ENDOMETRIOIDE, SOE;83803;ENDOMETRIO;C541;;;;;false;HISTOLOGIA DO TUMOR PRIMÁRIO;LOCALIZADO;;;;;;;;28/11/2014;;
1466485;RCBP PALMAS;FEMININO;09/12/1931;83;BRANCO;BRASIL;PIAUÍ;SÃO MIGUEL DA BAIXA GRANDE;SEM ESCOLARIDADE;SEM INFORMAÇÃO;0;SEM INFORMAÇÃO	;TOCANTINS;PALMAS;LOCALIZACAO PRIMARIA DESCONHECIDA, SOE;C809;NEOPLASIA MALIGNA;80003;LOCALIZACAO PRIMARIA DESCONHECIDA;C80;;;;;false;SDO;METÁSTASE;;;;;SEM INFORMAÇÃO;23/11/2015;;23/11/2015;;
1168226;RCBP PALMAS;MASCULINO;22/11/1949;65;PARDA;BRASIL;PIAUÍ;VALENÇA DO PIAUÍ;SEM INFORMAÇÃO;CASADO;0;SEM INFORMAÇÃO	;TOCANTINS;PALMAS;ANTRO GASTRICO;C163;ADENOCARCINOMA, SOE;81403;ANTRO PILORICO;C163;;;;;false;HISTOLOGIA DO TUMOR PRIMÁRIO;LOCALIZADO;;;;;CÂNCER;15/08/2016;;12/09/2015;;
1226927;RCBP PALMAS;MASCULINO;21/09/1930;84;PARDA;BRASIL;TOCANTINS;DIANÓPOLIS;SEM ESCOLARIDADE;CASADO;0;SEM INFORMAÇÃO	;TOCANTINS;PALMAS;PROSTATA, SOE;C619;CARCINOMA, SOE;80103;PROSTATA;C61;;;;;false;HISTOLOGIA DO TUMOR PRIMÁRIO;METÁSTASE;;;;;CÂNCER;30/01/2015;;30/01/2015;;
1218173;RCBP PALMAS;FEMININO;04/07/1954;60;PARDA;BRASIL;GOIAS;URUAÇU;FUNDAMENTAL II (5ª A 8ª SÉRIE);CASADO;0;SEM INFORMAÇÃO	;TOCANTINS;PALMAS;VAGINA, SOE;C529;ADENOCARCINOMA, SOE;81403;VAGINA;C52;;;;;false;HISTOLOGIA DO TUMOR PRIMÁRIO;METÁSTASE;;;;;CÂNCER;08/12/2015;;31/03/2015;;
1168178;RCBP PALMAS;FEMININO;10/10/1954;61;PARDA;BRASIL;MINAS GERAIS;UBERLÂNDIA;SEM INFORMAÇÃO;CASADO;0;SEM INFORMAÇÃO	;TOCANTINS;PALMAS;BEXIGA, SOE;C679;CARCINOMA DE CELULAS TRANSICIONAIS, SOE;81203;BEXIGA, SOE;C679;;;;;false;HISTOLOGIA DO TUMOR PRIMÁRIO;LOCALIZADO;;;;;;;;27/10/2015;;
1218139;RCBP PALMAS;FEMININO;30/03/1984;31;PRETA;BRASIL;MARANHÃO;;FUNDAMENTAL II (5ª A 8ª SÉRIE);CASADO;0;SEM INFORMAÇÃO	;TOCANTINS;PALMAS;ENDOCERVIX;C530;LEIOMIOSSARCOMA, SOE;88903;ENDOCERVIX;C530;;;;;false;HISTOLOGIA DO TUMOR PRIMÁRIO;SEM INFORMAÇÃO;;;;;;;;09/09/2015;;
1218137;RCBP PALMAS;MASCULINO;02/08/1941;73;PARDA;BRASIL;TOCANTINS;PALMAS;SEM INFORMAÇÃO;SEPARADO JUDICIALMENTE;420;SUPERVISORES DE ATENDIMENTO AO PÚBLICO	;TOCANTINS;PALMAS;PROSTATA, SOE;C619;ADENOCARCINOMA, SOE;81403;PROSTATA;C61;;;;;false;HISTOLOGIA DO TUMOR PRIMÁRIO;LOCALIZADO;;;;;CÂNCER;14/06/2015;;27/05/2015;;
1218126;RCBP PALMAS;MASCULINO;22/07/1986;28;PARDA;BRASIL;TOCANTINS;;SUPERIOR INCOMPLETO;SOLTEIRO;0;SEM INFORMAÇÃO	;TOCANTINS;PALMAS;TECIDOS MOLES DO ABDOMEM;C494;SARCOMA DE KAPOSI;91403;SARCOMA DE KAPOSI DE TECIDOS MOLES;C461;;;SARCOMA DE KAPOSI;5.3.1.2;false;HISTOLOGIA DO TUMOR PRIMÁRIO;METÁSTASE;;;;;NÃO CÂNCER;23/01/2018;;17/03/2015;;
1218127;RCBP PALMAS;MASCULINO;20/12/1941;73;PARDA;BRASIL;MARANHÃO;;FUNDAMENTAL II (5ª A 8ª SÉRIE);CASADO;621;TRABALHADORES NA EXPLORAÇÃO AGROPECUÁRIA EM GERAL	;TOCANTINS;PALMAS;PROSTATA, SOE;C619;ADENOCARCINOMA, SOE;81403;PROSTATA;C61;;;;;false;HISTOLOGIA DO TUMOR PRIMÁRIO;SEM INFORMAÇÃO;;;;;;;;09/03/2015;;
1218128;RCBP PALMAS;MASCULINO;20/05/1941;73;PARDA;BRASIL;TOCANTINS;TOCANTÍNIA;SEM INFORMAÇÃO;CASADO;0;SEM INFORMAÇÃO	;TOCANTINS;PALMAS;ESTOMAGO, SOE;C169;ADENOCARCINOMA, SOE;81403;ESTOMAGO, SOE;C169;;;;;false;HISTOLOGIA DO TUMOR PRIMÁRIO;LOCALIZADO;;;;;CÂNCER;27/03/2015;;21/01/2015;;
1218130;RCBP PALMAS;MASCULINO;20/09/1919;95;BRANCO;BRASIL;TOCANTINS;PALMAS;FUNDAMENTAL II (5ª A 8ª SÉRIE);SEM INFORMAÇÃO;612;PRODUTORES AGRÍCOLAS 	;TOCANTINS;PALMAS;PROSTATA, SOE;C619;ADENOCARCINOMA, SOE;81403;PROSTATA;C61;;;;;false;HISTOLOGIA DO TUMOR PRIMÁRIO;LOCALIZADO;;;;;CÂNCER;18/06/2015;;04/02/2015;;
1218132;RCBP PALMAS;MASCULINO;08/09/1979;35;BRANCO;BRASIL;TOCANTINS;PALMAS;SUPERIOR INCOMPLETO;SEPARADO JUDICIALMENTE;612;PRODUTORES AGRÍCOLAS 	;TOCANTINS;PALMAS;JUNCAO RETOSSIGMOIDIANA, SOE;C199;NEOPLASIA MALIGNA;80003;JUNCAO RETOSSIGMOIDE;C19;;;;;false;SDO;SEM INFORMAÇÃO;;;;;CÂNCER;15/08/2015;;15/08/2015;;
1218134;RCBP PALMAS;MASCULINO;15/12/1961;53;BRANCO;BRASIL;SÃO PAULO;;SUPERIOR INCOMPLETO;SOLTEIRO;141;GERENTES DE PRODUÇÃO E OPERAÇÕES  	;TOCANTINS;PALMAS;COLON, SOE;C189;ADENOCARCINOMA, SOE;81403;COLON, SOE;C189;;;;;false;HISTOLOGIA DO TUMOR PRIMÁRIO;METÁSTASE;;;;;;;;01/12/2015;;
1218143;RCBP PALMAS;FEMININO;30/11/1969;45;SEM INFORMAÇÃO;BRASIL;PARANÁ;;FUNDAMENTAL II (5ª A 8ª SÉRIE);CASADO;514;TRABALHADORES NOS SERVIÇOS DE ADMINISTRAÇÃO, CONSERVAÇÃO E MANUTENÇÃO DE EDIFÍCIOS E LOGRADOUROS  	;TOCANTINS;PALMAS;PELE DE OUTRAS PARTES DA FACE;C443;MELANOMA LENTIGINOSO MALIGNO DAS EXTREMIDADES;87443;MELANOMA MALIGNO DE OUTRAS PARTES DA FACE;C433;;;;;false;HISTOLOGIA DO TUMOR PRIMÁRIO;SEM INFORMAÇÃO;;;;;;;;20/05/2015;;
1218145;RCBP PALMAS;MASCULINO;25/04/1929;86;PARDA;BRASIL;BAHIA;FORMOSA DO RIO PRETO;SEM ESCOLARIDADE;VIÚVO;;;TOCANTINS;PALMAS;PROSTATA, SOE;C619;ADENOCARCINOMA, SOE;81403;PROSTATA;C61;;;;;false;HISTOLOGIA DO TUMOR PRIMÁRIO;LOCALIZADO;;;;;CÂNCER;24/06/2015;;24/06/2015;;
1218146;RCBP PALMAS;MASCULINO;23/06/1973;41;BRANCO;BRASIL;SÃO PAULO;SOROCABA;SEM INFORMAÇÃO;SOLTEIRO;;;TOCANTINS;PALMAS;RIM, SOE;C649;CARCINOMA PAPILAR, SOE;80503;RIM;C64;;;;;false;HISTOLOGIA DO TUMOR PRIMÁRIO;LOCALIZADO;;;;;CÂNCER;01/02/2015;;21/01/2015;;
1218150;RCBP PALMAS;MASCULINO;22/01/1995;20;PARDA;BRASIL;TOCANTINS;PALMAS;SEM INFORMAÇÃO;SEM INFORMAÇÃO;0;SEM INFORMAÇÃO	;TOCANTINS;PALMAS;OSSOS LONGOS M. INFERIOR E ARTICUL. ASSOCIADAS;C402;OSTEOSSARCOMA, SOE;91803;OSSOS LONGOS DOS M. INFERIORES;C402;;;OSTEOSSARCOMA;4.1;false;HISTOLOGIA DO TUMOR PRIMÁRIO;LOCALIZADO;;;;;;;;05/06/2015;;
1218149;RCBP PALMAS;FEMININO;01/01/1964;51;BRANCO;BRASIL;ACRE;ACRELÂNDIA;SEM ESCOLARIDADE;SOLTEIRO;;;TOCANTINS;PALMAS;FIGADO, SOE;C220;CARCINOMA HEPATOCELULAR, SOE;81703;CARCINOMA DE CELULAS HEPATICAS;C220;;;;;false;SDO;METÁSTASE;;;;;CÂNCER;02/04/2015;;27/01/2015;;
1218151;RCBP PALMAS;MASCULINO;25/06/1947;68;PARDA;BRASIL;GOIAS;;FUNDAMENTAL I (1ª A 4ª SÉRIE);CASADO;513;TRABALHADORES DOS SERVIÇOS DE HOTELARIA E ALIMENTAÇÃO 	;TOCANTINS;PALMAS;PROSTATA, SOE;C619;ADENOCARCINOMA, SOE;81403;PROSTATA;C61;;;;;false;HISTOLOGIA DO TUMOR PRIMÁRIO;SEM INFORMAÇÃO;;;;;;;;05/11/2015;;
1218148;RCBP PALMAS;FEMININO;26/12/1961;53;PARDA;BRASIL;PIAUÍ;TERESINA;MÉDIO (ANTIGO SEGUNDO GRAU);CASADO;612;PRODUTORES AGRÍCOLAS 	;TOCANTINS;PALMAS;QUADRANTE INFERIOR INTERNO DA MAMA;C503;CARCINOMA DUCTAL INFILTRANTE;85003;QUADRANTE INFERIOR INTERNO DA MAMA;C503;;;;;false;HISTOLOGIA DO TUMOR PRIMÁRIO;METÁSTASE;;;;;CÂNCER;19/01/2017;;24/04/2015;;
1218152;RCBP PALMAS;MASCULINO;25/11/1955;59;PARDA;BRASIL;PARÁ;;SEM INFORMAÇÃO;CASADO;0;SEM INFORMAÇÃO	;TOCANTINS;PALMAS;PROSTATA, SOE;C619;ADENOCARCINOMA, SOE;81403;PROSTATA;C61;;;;;false;HISTOLOGIA DO TUMOR PRIMÁRIO;SEM INFORMAÇÃO;;;;;;;;21/08/2015;;
1218154;RCBP PALMAS;MASCULINO;28/12/1935;79;BRANCO;BRASIL;CEARÁ;;FUNDAMENTAL I (1ª A 4ª SÉRIE);CASADO;621;TRABALHADORES NA EXPLORAÇÃO AGROPECUÁRIA EM GERAL	;TOCANTINS;PALMAS;PROSTATA, SOE;C619;ADENOCARCINOMA, SOE;81403;PROSTATA;C61;;;;;false;HISTOLOGIA DO TUMOR PRIMÁRIO;METÁSTASE;;;;;;;;28/09/2015;;
1218155;RCBP PALMAS;FEMININO;11/02/1957;58;PARDA;BRASIL;GOIAS;;FUNDAMENTAL I (1ª A 4ª SÉRIE);SOLTEIRO;514;TRABALHADORES NOS SERVIÇOS DE ADMINISTRAÇÃO, CONSERVAÇÃO E MANUTENÇÃO DE EDIFÍCIOS E LOGRADOUROS  	;TOCANTINS;PALMAS;ECTOCERVIX;C531;CARCINOMA ESCAMOCELULAR "IN SITU", SOE;80702;EXOCERVIX;D061;;;;;false;HISTOLOGIA DO TUMOR PRIMÁRIO;"IN SITU";;;;;;;;22/10/2015;;
1218156;RCBP PALMAS;FEMININO;03/12/1982;32;PARDA;BRASIL;TOCANTINS;;FUNDAMENTAL I (1ª A 4ª SÉRIE);SOLTEIRO;521;VENDEDORES E DEMONSTRADORES   	;TOCANTINS;PALMAS;COLO DO UTERO, SOE;C539;NEOPLASIA INTRA-EPITELIAL ESCAMOSA,GRAU IIII;80772;COLO DO UTERO, SOE;D069;;;;;false;HISTOLOGIA DO TUMOR PRIMÁRIO;"IN SITU";;;;;;;;20/03/2015;;
1218157;RCBP PALMAS;FEMININO;15/11/1970;44;PARDA;BRASIL;TOCANTINS;;FUNDAMENTAL I (1ª A 4ª SÉRIE);CASADO;0;SEM INFORMAÇÃO	;TOCANTINS;PALMAS;ECTOCERVIX;C531;CARCINOMA ESCAMOCELULAR, SOE;80703;ECTOCERVIX;C531;;;;;false;HISTOLOGIA DO TUMOR PRIMÁRIO;SEM INFORMAÇÃO;;;;;;;;14/09/2015;;
1218166;RCBP PALMAS;MASCULINO;23/07/1923;92;PARDA;BRASIL;TOCANTINS;;FUNDAMENTAL I (1ª A 4ª SÉRIE);SOLTEIRO;0;SEM INFORMAÇÃO	;TOCANTINS;PALMAS;MEDULA OSSEA;C421;LEUCEMIA CRONICA NEUTROFILICA;99633;LEUCEMIA CRONICA DE TIPO CELULAR, SOE;C951;;;;;false;HISTOLOGIA DO TUMOR PRIMÁRIO;NÃO SE APLICA;;;;;;;;17/08/2015;;
1218158;RCBP PALMAS;MASCULINO;16/10/1964;50;SEM INFORMAÇÃO;Não informado;Não informado;Não Informado;SEM INFORMAÇÃO;SEM INFORMAÇÃO;0;SEM INFORMAÇÃO	;TOCANTINS;PALMAS;LINFONODOS DE REGIOES MULTIPLAS;C778;LINFOMA MALIGNO, CELS. GRANDES B, DIFUSO, SOE;96803;GRANDES CELULAS (DIFUSO);C833;;;;;false;HISTOLOGIA DO TUMOR PRIMÁRIO;NÃO SE APLICA;;;;;;;;15/09/2015;;
1218159;RCBP PALMAS;FEMININO;11/12/1952;62;PARDA;BRASIL;TOCANTINS;;FUNDAMENTAL I (1ª A 4ª SÉRIE);VIÚVO;0;SEM INFORMAÇÃO	;TOCANTINS;PALMAS;ENDOMETRIO;C541;CARCINOMA ENDOMETRIOIDE, SOE;83803;ENDOMETRIO;C541;;;;;false;HISTOLOGIA DO TUMOR PRIMÁRIO;LOCALIZADO;;;;;;;;10/11/2015;;
1218160;RCBP PALMAS;FEMININO;12/11/1964;50;PARDA;BRASIL;TOCANTINS;PALMAS;SEM INFORMAÇÃO;SEM INFORMAÇÃO;;;TOCANTINS;PALMAS;COLO DO UTERO, SOE;C539;CARCINOMA ESCAMOSO MICRO-INVASOR;80763;COLO DO UTERO, SOE;C539;;;;;false;HISTOLOGIA DO TUMOR PRIMÁRIO;LOCALIZADO;;;;;;;;08/06/2015;;
1218161;RCBP PALMAS;FEMININO;30/01/1962;53;SEM INFORMAÇÃO;BRASIL;RONDONIA;;SEM INFORMAÇÃO;CASADO;0;SEM INFORMAÇÃO	;TOCANTINS;PALMAS;MAMA , SOE;C509;CARCINOMA DUCTAL INFILTRANTE;85003;MAMA , SOE;C509;;;;;false;HISTOLOGIA DO TUMOR PRIMÁRIO;LOCALIZADO;;;;;;;;11/05/2015;;
1218163;RCBP PALMAS;FEMININO;05/12/1949;65;BRANCO;BRASIL;TOCANTINS;LIZARDA;SUPERIOR COMPLETO;CASADO;331;PROFESSORES DE NÍVEL MÉDIO NA EDUCAÇÃO INFANTIL, NO ENSINO FUNDAMENTAL E NO PROFISSIONALIZANTE	;TOCANTINS;PALMAS;MAMA , SOE;C509;CARCINOMA DUCTAL INFILTRANTE;85003;MAMA , SOE;C509;;;;;false;HISTOLOGIA DO TUMOR PRIMÁRIO;METÁSTASE;;;;;;;;18/06/2015;;
1218164;RCBP PALMAS;FEMININO;01/03/1972;43;PARDA;BRASIL;TOCANTINS;;FUNDAMENTAL I (1ª A 4ª SÉRIE);CASADO;0;SEM INFORMAÇÃO	;TOCANTINS;PALMAS;MAMA , SOE;C509;ADENOCARCINOMA, SOE;81403;MAMA , SOE;C509;;;;;false;CITOLOGIA;SEM INFORMAÇÃO;;;;;;;;11/11/2015;;
1218165;RCBP PALMAS;FEMININO;20/07/1974;41;PARDA;BRASIL;TOCANTINS;;MÉDIO (ANTIGO SEGUNDO GRAU);CASADO;0;SEM INFORMAÇÃO	;TOCANTINS;PALMAS;ECTOCERVIX;C531;CARCINOMA ESCAMOCELULAR, SOE;80703;ECTOCERVIX;C531;;;;;false;HISTOLOGIA DO TUMOR PRIMÁRIO;METÁSTASE;;;;;CÂNCER;07/10/2018;;21/09/2015;;
1218162;RCBP PALMAS;FEMININO;26/11/1966;49;PARDA;BRASIL;TOCANTINS;;MÉDIO (ANTIGO SEGUNDO GRAU);SOLTEIRO;0;SEM INFORMAÇÃO	;TOCANTINS;PALMAS;QUADRANTE SUPERIOR EXTERNO DA MAMA;C504;CARCINOMA DUCTAL INFILTRANTE;85003;QUADRANTE SUPERIOR EXTERNO DA MAMA;C504;;;;;false;HISTOLOGIA DO TUMOR PRIMÁRIO;METÁSTASE;;;;;CÂNCER;19/10/2017;;16/12/2015;;
1218167;RCBP PALMAS;MASCULINO;02/05/1956;59;PARDA;BRASIL;TOCANTINS;;FUNDAMENTAL II (5ª A 8ª SÉRIE);CASADO;141;GERENTES DE PRODUÇÃO E OPERAÇÕES  	;TOCANTINS;PALMAS;PELE DE OUTRAS PARTES DA FACE;C443;CARCINOMA BASOCELULAR, SOE;80903;PELE DE OUTRAS PARTES DA FACE;C443;;;;;false;HISTOLOGIA DO TUMOR PRIMÁRIO;SEM INFORMAÇÃO;;;;;;;;17/10/2015;;
1218169;RCBP PALMAS;MASCULINO;20/08/1933;81;BRANCO;BRASIL;GOIAS;;FUNDAMENTAL I (1ª A 4ª SÉRIE);CASADO;0;SEM INFORMAÇÃO	;TOCANTINS;PALMAS;OUVIDO EXTERNO;C442;CARCINOMA ESCAMOCELULAR, SOE;80703;PELE DA ORELHA E CONDUTO AUDITIVO EXTERNO;C442;;;;;false;HISTOLOGIA DO TUMOR PRIMÁRIO;SEM INFORMAÇÃO;;;;;;;;04/02/2015;;
1218172;RCBP PALMAS;FEMININO;13/05/1965;50;PARDA;BRASIL;GOIAS;;MÉDIO (ANTIGO SEGUNDO GRAU);CASADO;322;TÉCNICOS DA CIÊNCIA DA SAÚDE HUMANA 	;TOCANTINS;PALMAS;OVARIO, SOE;C569;CARCINOMA ENDOMETRIOIDE, SOE;83803;OVARIO;C56;;;;;false;HISTOLOGIA DO TUMOR PRIMÁRIO;LOCALIZADO;;;;;CÂNCER;31/10/2017;;26/10/2015;;
1218170;RCBP PALMAS;MASCULINO;20/04/1965;50;PARDA;BRASIL;TOCANTINS;;FUNDAMENTAL II (5ª A 8ª SÉRIE);CASADO;715;TRABALHADORES DA CONSTRUÇÃO CIVIL E OBRAS PÚBLICAS	;TOCANTINS;PALMAS;ASSOALHO DA BOCA, SOE;C049;CARCINOMA ESCAMOCELULAR, SOE;80703;ASSOALHO DA BOCA, SOE;C049;;;;;false;HISTOLOGIA DO TUMOR PRIMÁRIO;METÁSTASE;;;;;CÂNCER;15/06/2018;;11/07/2015;;
1218175;RCBP PALMAS;FEMININO;26/08/1959;55;AMARELA;BRASIL;TOCANTINS;PALMAS;SEM INFORMAÇÃO;SEM INFORMAÇÃO;0;SEM INFORMAÇÃO	;TOCANTINS;PALMAS;COLO DO UTERO, SOE;C539;CARCINOMA ESCAMOCELULAR, SOE;80703;COLO DO UTERO, SOE;C539;;;;;false;HISTOLOGIA DO TUMOR PRIMÁRIO;SEM INFORMAÇÃO;;;;;;;;08/06/2015;;
1218176;RCBP PALMAS;MASCULINO;14/05/1948;67;PARDA;BRASIL;GOIAS;PARAÚNA;SEM INFORMAÇÃO;SEM INFORMAÇÃO;0;SEM INFORMAÇÃO	;TOCANTINS;PALMAS;PROSTATA, SOE;C619;ADENOCARCINOMA, SOE;81403;PROSTATA;C61;;;;;false;HISTOLOGIA DO TUMOR PRIMÁRIO;SEM INFORMAÇÃO;;;;;;;;22/05/2015;;
1165066;RCBP PALMAS;MASCULINO;28/10/1979;35;PARDA;BRASIL;TOCANTINS;;MÉDIO (ANTIGO SEGUNDO GRAU);SOLTEIRO;524;VENDEDORES A DOMICÍLIO, AMBULANTES E EM BANCAS	;TOCANTINS;PALMAS;PELE DO MEMBRO INFERIOR E DO QUADRIL;C447;SARCOMA DE KAPOSI;91403;SARCOMA DE KAPOSI DA PELE;C460;;;;;false;HISTOLOGIA DO TUMOR PRIMÁRIO;SEM INFORMAÇÃO;;;;;;;;29/07/2015;;
1165002;RCBP PALMAS;FEMININO;11/11/1976;38;BRANCO;BRASIL;TOCANTINS;PORTO NACIONAL;SUPERIOR COMPLETO;CASADO;231;PROFESSORES DE NÍVEL SUPERIOR NA EDUCAÇÃO INFANTIL E NO ENSINO FUNDAMENTAL	;TOCANTINS;PALMAS;MAMA , SOE;C509;CARCINOMA DUCTAL INFILTRANTE;85003;MAMA , SOE;C509;;;;;false;HISTOLOGIA DO TUMOR PRIMÁRIO;LOCALIZADO;;;;;;;;23/03/2015;;
1165021;RCBP PALMAS;MASCULINO;25/08/1951;63;PARDA;BRASIL;CEARÁ;GUARAMIRANGA;SEM ESCOLARIDADE;SOLTEIRO;0;SEM INFORMAÇÃO	;TOCANTINS;PALMAS;BORDO DA LINGUA;C021;CARCINOMA ESCAMOCELULAR, SOE;80703;BORDA DA LINGUA;C021;;;;;false;HISTOLOGIA DO TUMOR PRIMÁRIO;METÁSTASE;;;;;CÂNCER;04/03/2016;;17/08/2015;;
1165041;RCBP PALMAS;FEMININO;09/10/1935;79;PARDA;BRASIL;GOIAS;;FUNDAMENTAL I (1ª A 4ª SÉRIE);VIÚVO;0;SEM INFORMAÇÃO	;TOCANTINS;PALMAS;TIREOIDE, SOE;C739;ADENOCARCINOMA PAPILAR, SOE;82603;GLANDULA TIREOIDE;C73;;;;;false;HISTOLOGIA DO TUMOR PRIMÁRIO;SEM INFORMAÇÃO;;;;;;;;23/04/2015;;
1165051;RCBP PALMAS;MASCULINO;25/05/1960;55;PARDA;BRASIL;MINAS GERAIS;;SEM ESCOLARIDADE;CASADO;621;TRABALHADORES NA EXPLORAÇÃO AGROPECUÁRIA EM GERAL	;TOCANTINS;PALMAS;PULMAO, SOE;C349;CARCINOMA ESCAMOCELULAR, SOE;80703;BRONQUIOS OU PULMOES, SOE;C349;;;;;false;HISTOLOGIA DO TUMOR PRIMÁRIO;METÁSTASE;;;;;CÂNCER;18/12/2016;;27/11/2015;;
1165069;RCBP PALMAS;FEMININO;18/08/1945;70;BRANCO;BRASIL;GOIAS;;FUNDAMENTAL I (1ª A 4ª SÉRIE);VIÚVO;611;PRODUTORES AGROPECUÁRIOS EM GERAL 	;TOCANTINS;PALMAS;CORPO DO ESTOMAGO;C162;NEOPLASIA MALIGNA;80003;CORPO DO ESTOMAGO;C162;;;;;false;PESQUISA;METÁSTASE;;;;;CÂNCER;22/01/2016;;28/12/2015;;
1184311;RCBP PALMAS;FEMININO;04/09/1962;52;BRANCO;BRASIL;SÃO PAULO;;MÉDIO (ANTIGO SEGUNDO GRAU);CASADO;752;VIDREIROS, CERAMISTAS E AFINS 	;TOCANTINS;PALMAS;PULMAO, SOE;C349;LINFOMA MALIGNO, SOE;95903;LINFOMA NAO-HODGKIN, SOE;C859;;;;;false;HISTOLOGIA DO TUMOR PRIMÁRIO;NÃO SE APLICA;;;;;;;;11/05/2015;;
1184433;RCBP PALMAS;MASCULINO;12/03/1946;68;PRETA;BRASIL;TOCANTINS;;FUNDAMENTAL I (1ª A 4ª SÉRIE);SOLTEIRO;621;TRABALHADORES NA EXPLORAÇÃO AGROPECUÁRIA EM GERAL	;TOCANTINS;PALMAS;MEDULA OSSEA;C421;POLICITEMIA VERA;99503;POLICITEMIA VERA;D45;;;;;false;HISTOLOGIA DO TUMOR PRIMÁRIO;NÃO SE APLICA;;;;;;;;12/02/2015;;
1184302;RCBP PALMAS;FEMININO;16/07/1962;53;SEM INFORMAÇÃO;BRASIL;TOCANTINS;CONCEIÇÃO DO TOCANTINS;SEM INFORMAÇÃO;CASADO;111;MEMBROS SUPERIORES DO PODER LEGISLATIVO, EXECUTIVO E JUDICIÁRIO   	;TOCANTINS;PALMAS;MAMA , SOE;C509;CARCINOMA DUCTAL INFILTRANTE;85003;MAMA , SOE;C509;;;;;false;HISTOLOGIA DO TUMOR PRIMÁRIO;LOCALIZADO;;;;;;;;30/10/2015;;
1184304;RCBP PALMAS;FEMININO;26/01/1956;59;PARDA;BRASIL;ALAGOAS;;MÉDIO (ANTIGO SEGUNDO GRAU);CASADO;0;SEM INFORMAÇÃO	;TOCANTINS;PALMAS;MAMILO;C500;CARCINOMA DUCTAL INFILTRANTE;85003;MAMILO E AREOLA;C500;;;;;false;HISTOLOGIA DO TUMOR PRIMÁRIO;SEM INFORMAÇÃO;;;;;;;;15/10/2015;;
1184307;RCBP PALMAS;FEMININO;08/02/1957;57;PARDA;BRASIL;PARÁ;;MÉDIO (ANTIGO SEGUNDO GRAU);CASADO;0;SEM INFORMAÇÃO	;TOCANTINS;PALMAS;MAMA , SOE;C509;CARCINOMA DUCTAL INFILTRANTE;85003;MAMA , SOE;C509;;;;;false;HISTOLOGIA DO TUMOR PRIMÁRIO;METÁSTASE;;;;;;;;23/01/2015;;
1184308;RCBP PALMAS;FEMININO;21/08/1940;74;BRANCO;BRASIL;MARANHÃO;;SEM ESCOLARIDADE;CASADO;0;SEM INFORMAÇÃO	;TOCANTINS;PALMAS;LOBO SUPERIOR DO PULMAO;C341;CARCINOMA DE CELULAS PEQUENAS, SOE;80413;LOBO SUPERIOR, BRONQUIO OU PULMAO;C341;;;;;false;HISTOLOGIA DO TUMOR PRIMÁRIO;METÁSTASE;;;;;;;;24/06/2015;;
1184309;RCBP PALMAS;FEMININO;26/07/1936;79;PARDA;BRASIL;MINAS GERAIS;;FUNDAMENTAL II (5ª A 8ª SÉRIE);CASADO;0;SEM INFORMAÇÃO	;TOCANTINS;PALMAS;LINFONODOS DA CABECA, FACE E PESCOCO;C770;LINFOMA MALIGNO, TIPO NAO HODGKIN, SOE;95913;LINFOMA NAO-HODGKIN, SOE;C859;;;;;false;HISTOLOGIA DO TUMOR PRIMÁRIO;NÃO SE APLICA;;;;;;;;28/12/2015;;
1184436;RCBP PALMAS;MASCULINO;29/06/1944;71;PARDA;BRASIL;MARANHÃO;;SEM ESCOLARIDADE;SOLTEIRO;621;TRABALHADORES NA EXPLORAÇÃO AGROPECUÁRIA EM GERAL	;TOCANTINS;PALMAS;PROSTATA, SOE;C619;ADENOCARCINOMA, SOE;81403;PROSTATA;C61;;;;;false;HISTOLOGIA DO TUMOR PRIMÁRIO;METÁSTASE;;;;;CÂNCER;29/08/2016;;20/08/2015;;
1184303;RCBP PALMAS;FEMININO;07/09/1975;39;PARDA;BRASIL;TOCANTINS;;FUNDAMENTAL II (5ª A 8ª SÉRIE);CASADO;516;TRABALHADORES NOS SERVIÇOS DE EMBELEZAMENTO E CUIDADOS PESSOAIS   	;TOCANTINS;PALMAS;TECIDOS MOLES DO MEMBRO INFERIOR E QUADRIL;C492;RABDOMIOSSARCOMA FUSOCELULAR;89123;TECIDOS MOLES DO MEMBRO INFERIOR E QUADRIL;C492;;;;;false;HISTOLOGIA DO TUMOR PRIMÁRIO;LOCALIZADO;;;;;CÂNCER;11/09/2016;;08/01/2015;;
1184310;RCBP PALMAS;FEMININO;19/05/1950;65;PARDA;BRASIL;MARANHÃO;;FUNDAMENTAL I (1ª A 4ª SÉRIE);CASADO;0;SEM INFORMAÇÃO	;TOCANTINS;PALMAS;BEXIGA, SOE;C679;CARCINOMA PAPILAR DE CELULAS TRANSICIONAIS;81303;BEXIGA, SOE;C679;;;;;false;HISTOLOGIA DO TUMOR PRIMÁRIO;METÁSTASE;;;;;CÂNCER;04/11/2015;;28/09/2015;;
1184434;RCBP PALMAS;MASCULINO;25/07/1999;15;PARDA;BRASIL;TOCANTINS;;MÉDIO (ANTIGO SEGUNDO GRAU);SOLTEIRO;0;SEM INFORMAÇÃO	;TOCANTINS;PALMAS;MEDULA OSSEA;C421;LEUCEMIA LINFOBLASTICA DE CELULAS PRECURSORAS,SOE;98353;LEUCEMIA LINFOBLASTICA AGUDA;C910;Leucemias linfóides;I-A;LEUCEMIA LINFÓIDE AGUDA;1.1;false;HISTOLOGIA DO TUMOR PRIMÁRIO;NÃO SE APLICA;;;;;CÂNCER;03/10/2015;;03/06/2015;;
1184435;RCBP PALMAS;MASCULINO;15/02/1944;71;PARDA;BRASIL;PIAUÍ;;FUNDAMENTAL II (5ª A 8ª SÉRIE);CASADO;621;TRABALHADORES NA EXPLORAÇÃO AGROPECUÁRIA EM GERAL	;TOCANTINS;PALMAS;LINFONODOS INTRATORACICOS;C771;LINFOMA MALIGNO, TIPO NAO HODGKIN, SOE;95913;LINFOMA NAO-HODGKIN, SOE;C859;;;;;false;HISTOLOGIA DO TUMOR PRIMÁRIO;NÃO SE APLICA;;;;;CÂNCER;16/10/2015;;07/04/2015;;
1184312;RCBP PALMAS;FEMININO;09/03/1937;78;PARDA;BRASIL;MARANHÃO;;FUNDAMENTAL I (1ª A 4ª SÉRIE);SOLTEIRO;0;SEM INFORMAÇÃO	;TOCANTINS;PALMAS;COLON, SOE;C189;ADENOCARCINOMA TUBULAR;82113;COLON, SOE;C189;;;;;false;HISTOLOGIA DO TUMOR PRIMÁRIO;METÁSTASE;;;;;;;;10/07/2015;;
1184426;RCBP PALMAS;FEMININO;03/02/1949;66;PARDA;BRASIL;TOCANTINS;;FUNDAMENTAL I (1ª A 4ª SÉRIE);SOLTEIRO;0;SEM INFORMAÇÃO	;TOCANTINS;PALMAS;CORPO DO UTERO, SOE;C549;CARCINOSSARCOMA, SOE;89803;CORPO DO UTERO, SOE;C549;;;;;false;HISTOLOGIA DO TUMOR PRIMÁRIO;LOCALIZADO;;;;;;;;28/12/2015;;
1184427;RCBP PALMAS;FEMININO;22/04/1952;62;PARDA;BRASIL;TOCANTINS;;FUNDAMENTAL I (1ª A 4ª SÉRIE);SOLTEIRO;0;SEM INFORMAÇÃO	;TOCANTINS;PALMAS;RIM, SOE;C649;CARCINOMA DE CELULAS RENAIS, SOE;83123;RIM;C64;;;;;false;HISTOLOGIA DO TUMOR PRIMÁRIO;SEM INFORMAÇÃO;;;;;;;;10/04/2015;;
1184428;RCBP PALMAS;MASCULINO;08/12/1976;38;SEM INFORMAÇÃO;BRASIL;SÃO PAULO;;SEM INFORMAÇÃO;SEM INFORMAÇÃO;0;SEM INFORMAÇÃO	;TOCANTINS;PALMAS;CAUDA DO PANCREAS;C252;TUMOR MISTO MALIGNO, SOE;89403;CAUDA DO PANCREAS;C252;;;;;false;HISTOLOGIA DO TUMOR PRIMÁRIO;SEM INFORMAÇÃO;;;;;;;;16/06/2015;;
1184429;RCBP PALMAS;FEMININO;24/04/1960;54;BRANCO;BRASIL;GOIAS;NOVO BRASIL;SEM INFORMAÇÃO;UNIÃO CONSENSUAL;0;SEM INFORMAÇÃO	;TOCANTINS;PALMAS;PELE DO MEMBRO SUPERIOR E DO OMBRO;C446;CARCINOMA ESCAMOCELULAR "IN SITU", SOE;80702;PELE DOS MEMBROS SUPERIORES, INCLUINDO OMBRO;D046;;;;;false;SEM INFORMAÇÃO;"IN SITU";;;;;;;;19/02/2015;;
1184298;RCBP PALMAS;FEMININO;05/02/1962;52;PARDA;BRASIL;TOCANTINS;;FUNDAMENTAL II (5ª A 8ª SÉRIE);CASADO;621;TRABALHADORES NA EXPLORAÇÃO AGROPECUÁRIA EM GERAL	;TOCANTINS;PALMAS;QUADRANTE SUPERIOR EXTERNO DA MAMA;C504;CARCINOMA DUCTAL INFILTRANTE;85003;QUADRANTE SUPERIOR EXTERNO DA MAMA;C504;;;;;false;HISTOLOGIA DO TUMOR PRIMÁRIO;METÁSTASE;;;;;;;;04/02/2015;;
1184300;RCBP PALMAS;FEMININO;10/01/1942;73;PARDA;BRASIL;TOCANTINS;;FUNDAMENTAL I (1ª A 4ª SÉRIE);CASADO;621;TRABALHADORES NA EXPLORAÇÃO AGROPECUÁRIA EM GERAL	;TOCANTINS;PALMAS;MEDULA OSSEA;C421;MIELOMA MULTIPLO;97323;MIELOMA MULTIPLO;C900;;;;;false;HISTOLOGIA DO TUMOR PRIMÁRIO;NÃO SE APLICA;;;;;;;;26/01/2015;;
1184301;RCBP PALMAS;FEMININO;24/10/1954;60;BRANCO;BRASIL;SANTA CATARINA;;FUNDAMENTAL II (5ª A 8ª SÉRIE);CASADO;513;TRABALHADORES DOS SERVIÇOS DE HOTELARIA E ALIMENTAÇÃO 	;TOCANTINS;PALMAS;LARINGE, SOE;C329;CARCINOMA ESCAMOCELULAR, SOE;80703;LARINGE, SOE;C329;;;;;false;HISTOLOGIA DO TUMOR PRIMÁRIO;METÁSTASE;;;;;CÂNCER;05/04/2015;;01/01/2015;;
1184297;RCBP PALMAS;FEMININO;09/08/1952;63;BRANCO;BRASIL;TOCANTINS;;FUNDAMENTAL I (1ª A 4ª SÉRIE);CASADO;0;SEM INFORMAÇÃO	;TOCANTINS;PALMAS;PORCAO CENTRAL DA MAMA;C501;CARCINOMA DUCTAL INFILTRANTE;85003;PORCAO CENTRAL DA MAMA;C501;;;;;false;HISTOLOGIA DO TUMOR PRIMÁRIO;LOCALIZADO;;;;;;;;17/11/2015;;
1184430;RCBP PALMAS;MASCULINO;29/08/1974;40;BRANCO;BRASIL;PARÁ;;FUNDAMENTAL II (5ª A 8ª SÉRIE);CASADO;715;TRABALHADORES DA CONSTRUÇÃO CIVIL E OBRAS PÚBLICAS	;TOCANTINS;PALMAS;RETO, SOE;C209;ADENOCARCINOMA, SOE;81403;RETO;C20;;;;;false;HISTOLOGIA DO TUMOR PRIMÁRIO;METÁSTASE;;;;;;;;03/02/2015;;
1184432;RCBP PALMAS;MASCULINO;02/03/1939;76;SEM INFORMAÇÃO;BRASIL;PIAUÍ;;SEM ESCOLARIDADE;SEM INFORMAÇÃO;0;SEM INFORMAÇÃO	;TOCANTINS;PALMAS;PROSTATA, SOE;C619;CARCINOMA DE CELULAS ACINOSAS;85503;PROSTATA;C61;;;;;false;HISTOLOGIA DO TUMOR PRIMÁRIO;SEM INFORMAÇÃO;;;;;;;;26/06/2015;;
1184431;RCBP PALMAS;MASCULINO;07/03/1939;76;PARDA;BRASIL;TOCANTINS;;FUNDAMENTAL II (5ª A 8ª SÉRIE);SOLTEIRO;0;SEM INFORMAÇÃO	;TOCANTINS;PALMAS;JUNCAO RETOSSIGMOIDIANA, SOE;C199;ADENOCARCINOMA, SOE;81403;JUNCAO RETOSSIGMOIDE;C19;;;;;false;HISTOLOGIA DO TUMOR PRIMÁRIO;LOCALIZADO;;;;;CÂNCER;11/10/2015;;02/06/2015;;
1184265;RCBP PALMAS;FEMININO;30/07/1946;69;PARDA;BRASIL;PARANÁ;CAMBÉ;FUNDAMENTAL II (5ª A 8ª SÉRIE);CASADO;0;SEM INFORMAÇÃO	;TOCANTINS;PALMAS;MAMA , SOE;C509;CARCINOMA DUCTAL INFILTRANTE;85003;MAMA , SOE;C509;;;;;false;HISTOLOGIA DO TUMOR PRIMÁRIO;LOCALIZADO;;;;;;;;08/08/2015;;
1184313;RCBP PALMAS;FEMININO;18/09/1963;52;SEM INFORMAÇÃO;BRASIL;TOCANTINS;PALMAS;SEM INFORMAÇÃO;SEM INFORMAÇÃO;0;SEM INFORMAÇÃO	;TOCANTINS;PALMAS;MAMA , SOE;C509;ADENOCARCINOMA PAPILAR INTR., NAO INFILTRANTE;85032;CARCINOMA "IN SITU" DA MAMA, SOE;D059;;;;;false;CLÍNICO;"IN SITU";;;;;;;;10/11/2015;;
1184320;RCBP PALMAS;FEMININO;07/08/1977;38;PARDA;BRASIL;TOCANTINS;PALMAS;SEM INFORMAÇÃO;UNIÃO CONSENSUAL;0;SEM INFORMAÇÃO	;TOCANTINS;PALMAS;VULVA, SOE;C519;CARCINOMA ESCAMOCELULAR, SOE;80703;VULVA, SOE;C519;;;;;false;HISTOLOGIA DO TUMOR PRIMÁRIO;METÁSTASE;;;;;CÂNCER;01/02/2016;;03/11/2015;;
1184315;RCBP PALMAS;FEMININO;11/02/1966;49;PARDA;BRASIL;TOCANTINS;;FUNDAMENTAL I (1ª A 4ª SÉRIE);SOLTEIRO;823;TRABALHADORES DE INSTALAÇÕES E EQUIPAMENTOS DE MATERIAL DE CONSTRUÇÃO, CERÂMICA E VIDRO  	;TOCANTINS;PALMAS;COLO DO UTERO, SOE;C539;CARCINOMA ESCAMOCELULAR, SOE;80703;COLO DO UTERO, SOE;C539;;;;;false;HISTOLOGIA DO TUMOR PRIMÁRIO;SEM INFORMAÇÃO;;;;;;;;24/04/2015;;
1184317;RCBP PALMAS;FEMININO;20/02/1952;63;PARDA;BRASIL;SÃO PAULO;;FUNDAMENTAL I (1ª A 4ª SÉRIE);CASADO;0;SEM INFORMAÇÃO	;TOCANTINS;PALMAS;QUADRANTE SUPERIOR EXTERNO DA MAMA;C504;CARCINOMA DUCTAL INFILTRANTE;85003;QUADRANTE SUPERIOR EXTERNO DA MAMA;C504;;;;;false;HISTOLOGIA DO TUMOR PRIMÁRIO;METÁSTASE;;;;;;;;08/12/2015;;
1184299;RCBP PALMAS;FEMININO;05/08/1963;51;BRANCO;BRASIL;MARANHÃO;;SEM ESCOLARIDADE;CASADO;0;SEM INFORMAÇÃO	;TOCANTINS;PALMAS;ECTOCERVIX;C531;CARCINOMA ESCAMOCELULAR, SOE;80703;ECTOCERVIX;C531;;;;;false;HISTOLOGIA DO TUMOR PRIMÁRIO;METÁSTASE;;;;;;;;10/03/2015;;
1184316;RCBP PALMAS;MASCULINO;06/01/1987;28;PARDA;BRASIL;PARÁ;;FUNDAMENTAL II (5ª A 8ª SÉRIE);UNIÃO CONSENSUAL;911;MECÂNICOS DE MANUTENÇÃO DE MÁQUINAS E EQUIPAMENTOS INDUSTRIAIS, COMERCIAIS E RESIDENCIAIS	;TOCANTINS;PALMAS;MEDULA OSSEA;C421;LEUCEMIA MIELOIDE AGUDA, SOE;98613;LEUCEMIA MIELOIDE AGUDA;C920;;;LEUCEMIA MIELÓIDE AGUDA;1.2;false;HISTOLOGIA DO TUMOR PRIMÁRIO;NÃO SE APLICA;;;;;CÂNCER;14/03/2016;;17/04/2015;;
1184319;RCBP PALMAS;FEMININO;29/08/1937;78;PARDA;BRASIL;TOCANTINS;;FUNDAMENTAL I (1ª A 4ª SÉRIE);VIÚVO;0;SEM INFORMAÇÃO	;TOCANTINS;PALMAS;CEREBRO;C710;GLIOBLASTOMA, SOE;94403;CEREBRO;C710;;;;;false;HISTOLOGIA DO TUMOR PRIMÁRIO;LOCALIZADO;;;;;;;;13/12/2015;;
1184314;RCBP PALMAS;FEMININO;16/06/1937;77;PARDA;BRASIL;TOCANTINS;;SEM ESCOLARIDADE;CASADO;0;SEM INFORMAÇÃO	;TOCANTINS;PALMAS;FIGADO, SOE;C220;CARCINOMA HEPATOCELULAR, SOE;81703;CARCINOMA DE CELULAS HEPATICAS;C220;;;;;false;HISTOLOGIA DO TUMOR PRIMÁRIO;LOCALIZADO;;;;;CÂNCER;08/05/2015;;25/03/2015;;
1164078;RCBP PALMAS;FEMININO;19/01/1955;60;SEM INFORMAÇÃO;BRASIL;BAHIA;COARACI;SEM INFORMAÇÃO;SEM INFORMAÇÃO;0;SEM INFORMAÇÃO	;TOCANTINS;PALMAS;MAMA , SOE;C509;CARCINOMA DUCTAL INFILTRANTE;85003;MAMA , SOE;C509;;;;;false;HISTOLOGIA DO TUMOR PRIMÁRIO;LOCALIZADO;;;;;;;;20/05/2015;;
1164091;RCBP PALMAS;FEMININO;03/05/1954;61;PARDA;BRASIL;PARÁ;;SUPERIOR COMPLETO;CASADO;251;CIENTISTAS SOCIAIS, PSICÓLOGOS E AFINS	;TOCANTINS;PALMAS;QUADRANTE SUPERIOR EXTERNO DA MAMA;C504;CARCINOMA DUCTAL INFILTRANTE;85003;QUADRANTE SUPERIOR EXTERNO DA MAMA;C504;;;;;false;HISTOLOGIA DO TUMOR PRIMÁRIO;METÁSTASE;;;;;;;;19/05/2015;;
1164093;RCBP PALMAS;FEMININO;12/05/1973;42;PARDA;BRASIL;GOIAS;;SUPERIOR INCOMPLETO;CASADO;121;DIRETORES GERAIS  	;TOCANTINS;PALMAS;MAMA , SOE;C509;CARCINOMA DUCTAL INFILTRANTE;85003;MAMA , SOE;C509;;;;;false;HISTOLOGIA DO TUMOR PRIMÁRIO;SEM INFORMAÇÃO;;;;;;;;05/06/2015;;
1164090;RCBP PALMAS;MASCULINO;01/07/1952;62;SEM INFORMAÇÃO;Não informado;Não informado;Não Informado;MÉDIO (ANTIGO SEGUNDO GRAU);SEM INFORMAÇÃO;0;SEM INFORMAÇÃO	;TOCANTINS;PALMAS;ESTOMAGO, SOE;C169;CARCINOMA INDIFERENCIADO, SOE;80203;ESTOMAGO, SOE;C169;;;;;false;HISTOLOGIA DO TUMOR PRIMÁRIO;METÁSTASE;;;;;CÂNCER;22/11/2015;;19/06/2015;;
1164088;RCBP PALMAS;MASCULINO;05/02/1958;57;SEM INFORMAÇÃO;BRASIL;RIO DE JANEIRO;;MÉDIO (ANTIGO SEGUNDO GRAU);SEM INFORMAÇÃO;0;SEM INFORMAÇÃO	;TOCANTINS;PALMAS;RETO, SOE;C209;ADENOCARCINOMA TUBULAR;82113;RETO;C20;;;;;false;HISTOLOGIA DO TUMOR PRIMÁRIO;LOCALIZADO;;;;;CÂNCER;27/12/2016;;09/07/2015;;
1164089;RCBP PALMAS;MASCULINO;26/10/1934;80;PARDA;BRASIL;PIAUÍ;;FUNDAMENTAL I (1ª A 4ª SÉRIE);CASADO;0;SEM INFORMAÇÃO	;TOCANTINS;PALMAS;FIGADO, SOE;C220;CARCINOMA HEPATOCELULAR, SOE;81703;CARCINOMA DE CELULAS HEPATICAS;C220;;;;;false;HISTOLOGIA DO TUMOR PRIMÁRIO;METÁSTASE;;;;;CÂNCER;04/04/2015;;23/02/2015;;
1164083;RCBP PALMAS;MASCULINO;17/03/1933;82;PARDA;BRASIL;MINAS GERAIS;VARGINHA;SEM INFORMAÇÃO;SEM INFORMAÇÃO;0;SEM INFORMAÇÃO	;TOCANTINS;PALMAS;RETO, SOE;C209;ADENOCARCINOMA, SOE;81403;RETO;C20;;;;;false;HISTOLOGIA DO TUMOR PRIMÁRIO;LOCALIZADO;;;;;;;;09/09/2015;;
1164080;RCBP PALMAS;FEMININO;27/07/1972;43;PARDA;BRASIL;TOCANTINS;;FUNDAMENTAL II (5ª A 8ª SÉRIE);SOLTEIRO;0;SEM INFORMAÇÃO	;TOCANTINS;PALMAS;COLON SIGMOIDE;C187;ADENOCARCINOMA TUBULAR;82113;COLON SIGMOIDE;C187;;;;;false;HISTOLOGIA DO TUMOR PRIMÁRIO;METÁSTASE;;;;;;;;17/11/2015;;
1164084;RCBP PALMAS;MASCULINO;16/04/1957;58;SEM INFORMAÇÃO;BRASIL;MARANHÃO;;FUNDAMENTAL I (1ª A 4ª SÉRIE);SEM INFORMAÇÃO;0;SEM INFORMAÇÃO	;TOCANTINS;PALMAS;PROSTATA, SOE;C619;CARCINOMA DE CELULAS ACINOSAS;85503;PROSTATA;C61;;;;;false;HISTOLOGIA DO TUMOR PRIMÁRIO;LOCALIZADO;;;;;;;;12/11/2015;;
1164082;RCBP PALMAS;MASCULINO;13/03/1928;86;PARDA;BRASIL;TOCANTINS;;SEM INFORMAÇÃO;CASADO;0;SEM INFORMAÇÃO	;TOCANTINS;PALMAS;PULMAO, SOE;C349;CARCINOMA ESCAMOCELULAR, SOE;80703;BRONQUIOS OU PULMOES, SOE;C349;;;;;false;HISTOLOGIA DO TUMOR PRIMÁRIO;METÁSTASE;;;;;CÂNCER;08/06/2015;;10/03/2015;;
1164086;RCBP PALMAS;FEMININO;30/12/1935;79;PARDA;BRASIL;GOIAS;;FUNDAMENTAL I (1ª A 4ª SÉRIE);CASADO;0;SEM INFORMAÇÃO	;TOCANTINS;PALMAS;OSSOS LONGOS M. INFERIOR E ARTICUL. ASSOCIADAS;C402;CONDROSSARCOMA, SOE;92203;OSSOS LONGOS DOS M. INFERIORES;C402;;;;;false;HISTOLOGIA DO TUMOR PRIMÁRIO;LOCALIZADO;;;;;;;;08/01/2015;;
1164081;RCBP PALMAS;MASCULINO;27/11/1972;42;PARDA;BRASIL;TOCANTINS;;FUNDAMENTAL II (5ª A 8ª SÉRIE);SOLTEIRO;914;MECÂNICOS DE MANUTENÇÃO VEICULAR  	;TOCANTINS;PALMAS;CEREBRO;C710;MENINGIOMA PAPILAR;95383;CEREBRO;C710;;;;;false;HISTOLOGIA DO TUMOR PRIMÁRIO;LOCALIZADO;;;;;;;;09/07/2015;;
1164098;RCBP PALMAS;MASCULINO;01/02/1960;55;PARDA;BRASIL;TOCANTINS;;FUNDAMENTAL II (5ª A 8ª SÉRIE);SOLTEIRO;524;VENDEDORES A DOMICÍLIO, AMBULANTES E EM BANCAS	;TOCANTINS;PALMAS;SEIO MAXILAR;C310;NEOPLASIA MALIGNA;80003;SEIO MAXILAR;C310;;;;;false;HISTOLOGIA DO TUMOR PRIMÁRIO;SEM INFORMAÇÃO;;;;;;;;20/12/2015;;
1164100;RCBP PALMAS;MASCULINO;18/06/1946;68;PARDA;BRASIL;TOCANTINS;;SEM INFORMAÇÃO;SOLTEIRO;524;VENDEDORES A DOMICÍLIO, AMBULANTES E EM BANCAS	;TOCANTINS;PALMAS;COLON, SOE;C189;ADENOCARCINOMA TUBULAR;82113;COLON, SOE;C189;;;;;false;HISTOLOGIA DO TUMOR PRIMÁRIO;METÁSTASE;;;;;;;;27/01/2015;;
1164099;RCBP PALMAS;MASCULINO;24/05/1962;53;PARDA;BRASIL;TOCANTINS;;FUNDAMENTAL II (5ª A 8ª SÉRIE);CASADO;715;TRABALHADORES DA CONSTRUÇÃO CIVIL E OBRAS PÚBLICAS	;TOCANTINS;PALMAS;PELE DO MEMBRO INFERIOR E DO QUADRIL;C447;MELANOMA LENTIGINOSO MALIGNO DAS EXTREMIDADES;87443;MELANOMA MALIGNO DO MEMBRO INFERIOR E QUADRIL;C437;;;;;false;HISTOLOGIA DO TUMOR PRIMÁRIO;METÁSTASE;;;;;CÂNCER;04/10/2015;;11/08/2015;;
1164085;RCBP PALMAS;MASCULINO;28/07/1958;57;PARDA;BRASIL;RIO GRANDE DO SUL;MONTE ALEGRE DOS CAMPOS;FUNDAMENTAL II (5ª A 8ª SÉRIE);SOLTEIRO;141;GERENTES DE PRODUÇÃO E OPERAÇÕES  	;TOCANTINS;PALMAS;JUNCAO RETOSSIGMOIDIANA, SOE;C199;ADENOCARCINOMA, SOE;81403;JUNCAO RETOSSIGMOIDE;C19;;;;;false;HISTOLOGIA DO TUMOR PRIMÁRIO;METÁSTASE;;;;;CÂNCER;29/01/2016;;09/12/2015;;
1164087;RCBP PALMAS;FEMININO;05/07/1976;38;BRANCO;BRASIL;GOIAS;QUIRINÓPOLIS;SEM INFORMAÇÃO;CASADO;0;SEM INFORMAÇÃO	;TOCANTINS;PALMAS;MAMA , SOE;C509;CARCINOMA DUCTAL INFILTRANTE;85003;MAMA , SOE;C509;;;;;false;HISTOLOGIA DO TUMOR PRIMÁRIO;LOCALIZADO;;;;;;;;04/01/2015;;
1164092;RCBP PALMAS;FEMININO;16/10/1971;43;SEM INFORMAÇÃO;BRASIL;PIAUÍ;FLORIANO;SUPERIOR COMPLETO;CASADO;223;PROFISSIONAIS DA MEDICINA, SAÚDE E AFINS  	;TOCANTINS;PALMAS;MAMA , SOE;C509;CARCINOMA DUCTAL INFILTRANTE;85003;MAMA , SOE;C509;;;;;false;HISTOLOGIA DO TUMOR PRIMÁRIO;LOCALIZADO;;;;;;;;17/09/2015;;
1164095;RCBP PALMAS;FEMININO;14/10/1955;59;SEM INFORMAÇÃO;BRASIL;TOCANTINS;PORTO NACIONAL;SEM INFORMAÇÃO;CASADO;231;PROFESSORES DE NÍVEL SUPERIOR NA EDUCAÇÃO INFANTIL E NO ENSINO FUNDAMENTAL	;TOCANTINS;PALMAS;CORPO DO ESTOMAGO;C162;CARCINOMA DE CELULAS EM ANEL DE SINETE;84903;CORPO DO ESTOMAGO;C162;;;;;false;HISTOLOGIA DO TUMOR PRIMÁRIO;LOCALIZADO;;;;;CÂNCER;30/08/2015;;20/02/2015;;
1164982;RCBP PALMAS;MASCULINO;19/11/2008;6;SEM INFORMAÇÃO;BRASIL;TOCANTINS;;FUNDAMENTAL I (1ª A 4ª SÉRIE);SEM INFORMAÇÃO;0;SEM INFORMAÇÃO	;TOCANTINS;PALMAS;LINFONODOS INGUINAIS E DOS MEMBROS INFERIORES;C774;LINFOMA DE HODGKIN, ESCLEROSE NODULAR, SOE;96633;ESCLEROSE NODULAR;C811;Linfomas de Hodgkin;II-A;;;false;HISTOLOGIA DO TUMOR PRIMÁRIO;NÃO SE APLICA;;;;;;;;03/09/2015;;
1164983;RCBP PALMAS;MASCULINO;30/11/2004;10;PARDA;BRASIL;GOIAS;;FUNDAMENTAL I (1ª A 4ª SÉRIE);UNIÃO CONSENSUAL;0;SEM INFORMAÇÃO	;TOCANTINS;PALMAS;MEDULA OSSEA;C421;LEUCEMIA AGUDA, SOE;98013;LEUCEMIA AGUDA DE TIPO CELULAR, SOE;C950;Leucemias especificadas e outras não especificadas;I-E;;;false;HISTOLOGIA DO TUMOR PRIMÁRIO;NÃO SE APLICA;;;;;;;;19/08/2015;;
1164986;RCBP PALMAS;MASCULINO;16/04/1997;18;SEM INFORMAÇÃO;BRASIL;GOIAS;;FUNDAMENTAL II (5ª A 8ª SÉRIE);SEM INFORMAÇÃO;0;SEM INFORMAÇÃO	;TOCANTINS;PALMAS;GLANDULA PAROTIDA, SOE;C079;MIOEPITELIOMA MALIGNO;89823;GLANDULA PAROTIDA;C07;Outros sarcomas de partes moles especificados;IX-D;ESPECÍFICOS (EXCETO SARCOMA DE KAPOSI);5.3.1.1;false;HISTOLOGIA DO TUMOR PRIMÁRIO;SEM INFORMAÇÃO;;;;;;;;27/07/2015;;
1164989;RCBP PALMAS;FEMININO;08/06/1980;35;SEM INFORMAÇÃO;BRASIL;MARANHÃO;ESTREITO;SEM INFORMAÇÃO;SOLTEIRO;0;SEM INFORMAÇÃO	;TOCANTINS;PALMAS;COLON, SOE;C189;ADENOCARCINOMA, SOE;81403;COLON, SOE;C189;;;;;false;HISTOLOGIA DO TUMOR PRIMÁRIO;LOCALIZADO;;;;;;;;07/12/2015;;
1164991;RCBP PALMAS;MASCULINO;23/06/1982;33;PARDA;BRASIL;DISTRITO FEDERAL;;FUNDAMENTAL II (5ª A 8ª SÉRIE);SOLTEIRO;622;TRABALHADORES AGRÍCOLAS   	;TOCANTINS;PALMAS;LINFONODOS DA CABECA, FACE E PESCOCO;C770;LINFOMA DE HODGKIN, SOE;96503;DOENCA DE HODGKIN, SOE;C819;;;;;false;HISTOLOGIA DO TUMOR PRIMÁRIO;NÃO SE APLICA;;;;;;;;08/12/2015;;
1164992;RCBP PALMAS;FEMININO;28/07/1984;31;SEM INFORMAÇÃO;BRASIL;TOCANTINS;ARAGUAÍNA;SEM INFORMAÇÃO;CASADO;111;MEMBROS SUPERIORES DO PODER LEGISLATIVO, EXECUTIVO E JUDICIÁRIO   	;TOCANTINS;PALMAS;MAMA , SOE;C509;CARCINOMA DUCTAL INFILTRANTE;85003;MAMA , SOE;C509;;;;;false;HISTOLOGIA DO TUMOR PRIMÁRIO;LOCALIZADO;;;;;;;;16/12/2015;;
1164993;RCBP PALMAS;MASCULINO;12/11/1983;31;PARDA;BRASIL;TOCANTINS;;SEM INFORMAÇÃO;CASADO;911;MECÂNICOS DE MANUTENÇÃO DE MÁQUINAS E EQUIPAMENTOS INDUSTRIAIS, COMERCIAIS E RESIDENCIAIS	;TOCANTINS;PALMAS;MEDULA OSSEA;C421;LEUCEMIA MIELOIDE CRONICA, SOE;98633;LEUCEMIA MIELOIDE CRONICA;C921;;;;;false;HISTOLOGIA DO TUMOR PRIMÁRIO;NÃO SE APLICA;;;;;;;;07/03/2015;;
1164994;RCBP PALMAS;MASCULINO;26/01/1931;84;BRANCO;BRASIL;BAHIA;FEIRA DE SANTANA;SEM INFORMAÇÃO;SEM INFORMAÇÃO;0;SEM INFORMAÇÃO	;TOCANTINS;PALMAS;PROSTATA, SOE;C619;ADENOCARCINOMA, SOE;81403;PROSTATA;C61;;;;;false;HISTOLOGIA DO TUMOR PRIMÁRIO;LOCALIZADO;;;;;;;;09/10/2015;;
1164999;RCBP PALMAS;MASCULINO;19/06/1948;67;BRANCO;BRASIL;GOIAS;;FUNDAMENTAL I (1ª A 4ª SÉRIE);SOLTEIRO;524;VENDEDORES A DOMICÍLIO, AMBULANTES E EM BANCAS	;TOCANTINS;PALMAS;ESTOMAGO, SOE;C169;LINFOMA DE ZONA MARGINAL TIPO CELULAS B, SOE;96993;GRANDES CELULAS (DIFUSO);C833;;;;;false;HISTOLOGIA DO TUMOR PRIMÁRIO;NÃO SE APLICA;;;;;;;;12/08/2015;;
1164995;RCBP PALMAS;FEMININO;25/10/1938;76;PARDA;BRASIL;MARANHÃO;;FUNDAMENTAL I (1ª A 4ª SÉRIE);VIÚVO;621;TRABALHADORES NA EXPLORAÇÃO AGROPECUÁRIA EM GERAL	;TOCANTINS;PALMAS;MAMA , SOE;C509;CARCINOMA DUCTAL INFILTRANTE;85003;MAMA , SOE;C509;;;;;false;HISTOLOGIA DO TUMOR PRIMÁRIO;METÁSTASE;;;;;CÂNCER;15/02/2016;;21/08/2015;;
1164997;RCBP PALMAS;FEMININO;15/04/1958;57;PARDA;BRASIL;SÃO PAULO;;FUNDAMENTAL I (1ª A 4ª SÉRIE);CASADO;354;TÉCNICOS DE NIVEL MÉDIO EM OPERAÇÕES COMERCIAIS   	;TOCANTINS;PALMAS;MAMA , SOE;C509;CARCINOMA DUCTAL INFILTRANTE;85003;MAMA , SOE;C509;;;;;false;HISTOLOGIA DO TUMOR PRIMÁRIO;METÁSTASE;;;;;CÂNCER;10/07/2016;;15/05/2015;;
1164985;RCBP PALMAS;FEMININO;12/10/1973;42;PARDA;BRASIL;TOCANTINS;;FUNDAMENTAL I (1ª A 4ª SÉRIE);CASADO;621;TRABALHADORES NA EXPLORAÇÃO AGROPECUÁRIA EM GERAL	;TOCANTINS;PALMAS;ESTOMAGO, SOE;C169;CARCINOMA DE CELULAS EM ANEL DE SINETE;84903;ESTOMAGO, SOE;C169;;;;;false;HISTOLOGIA DO TUMOR PRIMÁRIO;METÁSTASE;;;;;CÂNCER;18/12/2015;;20/10/2015;;
1165000;RCBP PALMAS;FEMININO;03/05/1953;62;PARDA;BRASIL;MARANHÃO;;FUNDAMENTAL I (1ª A 4ª SÉRIE);CASADO;0;SEM INFORMAÇÃO	;TOCANTINS;PALMAS;MEDULA OSSEA;C421;MIELOMA MULTIPLO;97323;MIELOMA MULTIPLO;C900;;;;;false;HISTOLOGIA DO TUMOR PRIMÁRIO;NÃO SE APLICA;;;;;CÂNCER;24/08/2015;;10/08/2015;;
1165001;RCBP PALMAS;FEMININO;21/08/1977;37;PARDA;BRASIL;TOCANTINS;TOCANTINÓPOLIS;FUNDAMENTAL II (5ª A 8ª SÉRIE);UNIÃO CONSENSUAL;0;SEM INFORMAÇÃO	;TOCANTINS;PALMAS;PULMAO, SOE;C349;ADENOCARCINOMA, SOE;81403;BRONQUIOS OU PULMOES, SOE;C349;;;;;false;HISTOLOGIA DO TUMOR PRIMÁRIO;METÁSTASE;;;;;CÂNCER;04/05/2015;;06/01/2015;;
1164987;RCBP PALMAS;MASCULINO;18/01/1922;93;PARDA;BRASIL;PIAUÍ;;FUNDAMENTAL I (1ª A 4ª SÉRIE);CASADO;0;SEM INFORMAÇÃO	;TOCANTINS;PALMAS;PROSTATA, SOE;C619;ADENOCARCINOMA, SOE;81403;PROSTATA;C61;;;;;false;HISTOLOGIA DO TUMOR PRIMÁRIO;LOCALIZADO;;;;;;;;30/01/2015;;
1165006;RCBP PALMAS;FEMININO;05/09/1979;35;PARDA;BRASIL;SÃO PAULO;;MÉDIO (ANTIGO SEGUNDO GRAU);SOLTEIRO;411;ESCRITURÁRIOS EM GERAL, AGENTES, ASSISTENTES E AUXILIARES ADMINISTRATIVOS 	;TOCANTINS;PALMAS;ENDOCERVIX;C530;CARCINOMA ESCAMOCELULAR, SOE;80703;ENDOCERVIX;C530;;;;;false;HISTOLOGIA DO TUMOR PRIMÁRIO;METÁSTASE;;;;;;;;28/04/2015;;
1165010;RCBP PALMAS;FEMININO;12/11/1933;81;SEM INFORMAÇÃO;BRASIL;PARÁ;ALENQUER;SEM INFORMAÇÃO;VIÚVO;0;SEM INFORMAÇÃO	;TOCANTINS;PALMAS;MAMA , SOE;C509;CARCINOMA DUCTAL INFILTRANTE;85003;MAMA , SOE;C509;;;;;true;HISTOLOGIA DO TUMOR PRIMÁRIO;LOCALIZADO;;;;;;;;03/11/2015;;
1165011;RCBP PALMAS;FEMININO;22/12/1966;48;SEM INFORMAÇÃO;BRASIL;PIAUÍ;TERESINA;SEM INFORMAÇÃO;CASADO;262;PROFISSIONAIS DE ESPETÁCULOS E DAS ARTES  	;TOCANTINS;PALMAS;MAMA , SOE;C509;CARCINOMA ESCAMOCELULAR, SOE;80703;MAMA , SOE;C509;;;;;false;HISTOLOGIA DO TUMOR PRIMÁRIO;LOCALIZADO;;;;;;;;08/07/2015;;
1165012;RCBP PALMAS;FEMININO;13/09/1973;41;SEM INFORMAÇÃO;BRASIL;GOIAS;ANÁPOLIS;SEM INFORMAÇÃO;SEPARADO JUDICIALMENTE;262;PROFISSIONAIS DE ESPETÁCULOS E DAS ARTES  	;TOCANTINS;PALMAS;MAMA , SOE;C509;CARCINOMA, SOE;80103;MAMA , SOE;C509;;;;;false;HISTOLOGIA DO TUMOR PRIMÁRIO;LOCALIZADO;;;;;;;;09/06/2015;;
1165015;RCBP PALMAS;FEMININO;29/07/1989;26;PARDA;BRASIL;MARANHÃO;;FUNDAMENTAL II (5ª A 8ª SÉRIE);CASADO;514;TRABALHADORES NOS SERVIÇOS DE ADMINISTRAÇÃO, CONSERVAÇÃO E MANUTENÇÃO DE EDIFÍCIOS E LOGRADOUROS  	;TOCANTINS;PALMAS;COLO DO UTERO, SOE;C539;CARCINOMA, SOE;80103;COLO DO UTERO, SOE;C539;;;CARCINOMA DE ÚTERO E CÉRVIX;8.5.4;false;HISTOLOGIA DO TUMOR PRIMÁRIO;SEM INFORMAÇÃO;;;;;;;;30/11/2015;;
1165016;RCBP PALMAS;FEMININO;11/08/1963;51;SEM INFORMAÇÃO;BRASIL;MINAS GERAIS;;MÉDIO (ANTIGO SEGUNDO GRAU);SEM INFORMAÇÃO;0;SEM INFORMAÇÃO	;TOCANTINS;PALMAS;MAMA , SOE;C509;CARCINOMA DUCTAL INFILTRANTE;85003;MAMA , SOE;C509;;;;;false;HISTOLOGIA DO TUMOR PRIMÁRIO;METÁSTASE;;;;;;;;04/02/2015;;
1165017;RCBP PALMAS;FEMININO;09/05/1935;79;SEM INFORMAÇÃO;BRASIL;GOIAS;GOIÁS;SEM INFORMAÇÃO;VIÚVO;0;SEM INFORMAÇÃO	;TOCANTINS;PALMAS;MAMA , SOE;C509;CARCINOMA DUCTAL INFILTRANTE;85003;MAMA , SOE;C509;;;;;false;HISTOLOGIA DO TUMOR PRIMÁRIO;LOCALIZADO;;;;;;;;04/05/2015;;
1165018;RCBP PALMAS;FEMININO;29/12/1969;45;SEM INFORMAÇÃO;BRASIL;MARANHÃO;RIACHÃO;MÉDIO (ANTIGO SEGUNDO GRAU);CASADO;331;PROFESSORES DE NÍVEL MÉDIO NA EDUCAÇÃO INFANTIL, NO ENSINO FUNDAMENTAL E NO PROFISSIONALIZANTE	;TOCANTINS;PALMAS;MAMA , SOE;C509;CARCINOMA, SOE;80103;MAMA , SOE;C509;;;;;false;HISTOLOGIA DO TUMOR PRIMÁRIO;LOCALIZADO;;;;;;;;09/11/2015;;
1165007;RCBP PALMAS;FEMININO;11/04/1946;68;PARDA;BRASIL;TOCANTINS;;FUNDAMENTAL I (1ª A 4ª SÉRIE);VIÚVO;0;SEM INFORMAÇÃO	;TOCANTINS;PALMAS;ENDOCERVIX;C530;CARCINOMA ESCAMOCELULAR, SOE;80703;ENDOCERVIX;C530;;;;;false;HISTOLOGIA DO TUMOR PRIMÁRIO;METÁSTASE;;;;;CÂNCER;04/04/2015;;15/01/2015;;
1165022;RCBP PALMAS;MASCULINO;13/05/1958;57;PARDA;BRASIL;CEARÁ;;SEM ESCOLARIDADE;CASADO;621;TRABALHADORES NA EXPLORAÇÃO AGROPECUÁRIA EM GERAL	;TOCANTINS;PALMAS;PALATO MOLE, SOE;C051;CARCINOMA ESCAMOCELULAR, SOE;80703;PALATO MOLE;C051;;;;;false;HISTOLOGIA DO TUMOR PRIMÁRIO;SEM INFORMAÇÃO;;;;;;;;30/12/2015;;
1165008;RCBP PALMAS;FEMININO;21/10/1982;32;PARDA;BRASIL;MATO GROSSO ;;MÉDIO (ANTIGO SEGUNDO GRAU);UNIÃO CONSENSUAL;0;SEM INFORMAÇÃO	;TOCANTINS;PALMAS;COLON SIGMOIDE;C187;ADENOCARCINOMA TUBULAR;82113;COLON SIGMOIDE;C187;;;;;false;HISTOLOGIA DO TUMOR PRIMÁRIO;METÁSTASE;;;;;CÂNCER;10/08/2016;;16/01/2015;;
1165025;RCBP PALMAS;FEMININO;14/02/1973;42;SEM INFORMAÇÃO;BRASIL;TOCANTINS;;SUPERIOR COMPLETO;SEM INFORMAÇÃO;0;SEM INFORMAÇÃO	;TOCANTINS;PALMAS;LESAO SOBREPOSTA DA LINGUA;C028;CARCINOMA ESCAMOCELULAR, SOE;80703;LESAO INVASIVA DA LINGUA;C028;;;;;false;HISTOLOGIA DO TUMOR PRIMÁRIO;LOCALIZADO;;;;;;;;31/03/2015;;
1165026;RCBP PALMAS;FEMININO;29/06/1969;46;SEM INFORMAÇÃO;BRASIL;GOIAS;ANÁPOLIS;SEM INFORMAÇÃO;CASADO;0;SEM INFORMAÇÃO	;TOCANTINS;PALMAS;MAMA , SOE;C509;CARCINOMA DUCTAL INFILTRANTE;85003;MAMA , SOE;C509;;;;;false;HISTOLOGIA DO TUMOR PRIMÁRIO;LOCALIZADO;;;;;;;;04/12/2015;;
1165027;RCBP PALMAS;MASCULINO;04/06/1947;67;PARDA;BRASIL;CEARÁ;;FUNDAMENTAL I (1ª A 4ª SÉRIE);CASADO;0;SEM INFORMAÇÃO	;TOCANTINS;PALMAS;GLOTE;C320;CARCINOMA ESCAMOCELULAR, SOE;80703;GLOTE;C320;;;;;false;HISTOLOGIA DO TUMOR PRIMÁRIO;SEM INFORMAÇÃO;;;;;;;;26/03/2015;;
1165009;RCBP PALMAS;MASCULINO;02/12/1939;75;PARDA;BRASIL;TOCANTINS;;FUNDAMENTAL I (1ª A 4ª SÉRIE);VIÚVO;611;PRODUTORES AGROPECUÁRIOS EM GERAL 	;TOCANTINS;PALMAS;PROSTATA, SOE;C619;ADENOCARCINOMA, SOE;81403;PROSTATA;C61;;;;;false;HISTOLOGIA DO TUMOR PRIMÁRIO;METÁSTASE;;;;;CÂNCER;24/11/2016;;22/06/2015;;
1165030;RCBP PALMAS;FEMININO;09/12/1979;35;SEM INFORMAÇÃO;BRASIL;TOCANTINS;;MÉDIO (ANTIGO SEGUNDO GRAU);SEM INFORMAÇÃO;0;SEM INFORMAÇÃO	;TOCANTINS;PALMAS;COLO DO UTERO, SOE;C539;CARCINOMA ESCAMOCELULAR, SOE;80703;COLO DO UTERO, SOE;C539;;;;;false;HISTOLOGIA DO TUMOR PRIMÁRIO;SEM INFORMAÇÃO;;;;;;;;10/06/2015;;
1165031;RCBP PALMAS;MASCULINO;18/03/2013;2;SEM INFORMAÇÃO;BRASIL;PARÁ;;SEM ESCOLARIDADE;SEM INFORMAÇÃO;0;SEM INFORMAÇÃO	;TOCANTINS;PALMAS;LINFONODOS INTRA-ABDOMINAIS;C772;LINFOMA DE BURKITT, SOE;96873;TUMOR DE BURKITT;C837;Linfoma de Burkitt;II-C;;;false;HISTOLOGIA DO TUMOR PRIMÁRIO;NÃO SE APLICA;;;;;;;;27/11/2015;;
1165032;RCBP PALMAS;MASCULINO;08/09/1951;63;PARDA;BRASIL;TOCANTINS;;SEM ESCOLARIDADE;SOLTEIRO;621;TRABALHADORES NA EXPLORAÇÃO AGROPECUÁRIA EM GERAL	;TOCANTINS;PALMAS;CECO;C180;ADENOCARCINOMA MUCINOSO;84803;CECO;C180;;;;;false;HISTOLOGIA DO TUMOR PRIMÁRIO;METÁSTASE;;;;;;;;16/06/2015;;
1165033;RCBP PALMAS;FEMININO;16/06/1934;81;SEM INFORMAÇÃO;BRASIL;MARANHÃO;GRAJAÚ;SEM INFORMAÇÃO;VIÚVO;0;SEM INFORMAÇÃO	;TOCANTINS;PALMAS;ESTOMAGO, SOE;C169;ADENOCARCINOMA TUBULAR;82113;ESTOMAGO, SOE;C169;;;;;false;HISTOLOGIA DO TUMOR PRIMÁRIO;LOCALIZADO;;;;;;;;26/10/2015;;
1165013;RCBP PALMAS;FEMININO;26/06/1966;49;PARDA;BRASIL;PARAÍBA;;MÉDIO (ANTIGO SEGUNDO GRAU);UNIÃO CONSENSUAL;724;TRABALHADORES DE MONTAGEM DE TUBULAÇÕES, ESTRUTURAS METÁLICAS E DE COMPÓSITOS	;TOCANTINS;PALMAS;CORPO DO PANCREAS;C251;ADENOCARCINOMA, SOE;81403;CORPO DO PANCREAS;C251;;;;;false;HISTOLOGIA DO TUMOR PRIMÁRIO;METÁSTASE;;;;;CÂNCER;19/12/2015;;07/07/2015;;
1165034;RCBP PALMAS;FEMININO;22/07/1964;50;PARDA;BRASIL;TOCANTINS;;FUNDAMENTAL I (1ª A 4ª SÉRIE);CASADO;514;TRABALHADORES NOS SERVIÇOS DE ADMINISTRAÇÃO, CONSERVAÇÃO E MANUTENÇÃO DE EDIFÍCIOS E LOGRADOUROS  	;TOCANTINS;PALMAS;COLON SIGMOIDE;C187;ADENOCARCINOMA, SOE;81403;COLON SIGMOIDE;C187;;;;;false;HISTOLOGIA DO TUMOR PRIMÁRIO;METÁSTASE;;;;;;;;15/04/2015;;
1165035;RCBP PALMAS;MASCULINO;16/12/1956;58;PARDA;BRASIL;MINAS GERAIS;;FUNDAMENTAL II (5ª A 8ª SÉRIE);VIÚVO;715;TRABALHADORES DA CONSTRUÇÃO CIVIL E OBRAS PÚBLICAS	;TOCANTINS;PALMAS;MEDULA OSSEA;C421;MIELOESCLEROSE COM METAPLASIA MIELOIDE;99613;LEUCEMIA DE TIPO CELULAR, SOE;C95;;;;;false;HISTOLOGIA DO TUMOR PRIMÁRIO;NÃO SE APLICA;;;;;;;;14/05/2015;;
1165036;RCBP PALMAS;FEMININO;02/05/1966;49;PARDA;BRASIL;GOIAS;;FUNDAMENTAL I (1ª A 4ª SÉRIE);CASADO;0;SEM INFORMAÇÃO	;TOCANTINS;PALMAS;PROLONGAMENTO AXILAR DA MAMA;C506;CARCINOMA DUCTAL INFILTRANTE;85003;PROLONGAMENTO AXILAR DA MAMA;C506;;;;;false;HISTOLOGIA DO TUMOR PRIMÁRIO;METÁSTASE;;;;;;;;13/05/2015;;
1165019;RCBP PALMAS;FEMININO;28/10/1940;74;PARDA;BRASIL;TOCANTINS;;FUNDAMENTAL II (5ª A 8ª SÉRIE);SOLTEIRO;0;SEM INFORMAÇÃO	;TOCANTINS;PALMAS;BEXIGA, SOE;C679;CARCINOMA ESCAMOCELULAR, SOE;80703;BEXIGA, SOE;C679;;;;;false;HISTOLOGIA DO TUMOR PRIMÁRIO;METÁSTASE;;;;;CÂNCER;04/01/2016;;18/05/2015;;
1165028;RCBP PALMAS;MASCULINO;08/04/2006;9;PARDA;BRASIL;TOCANTINS;;FUNDAMENTAL I (1ª A 4ª SÉRIE);SOLTEIRO;0;SEM INFORMAÇÃO	;TOCANTINS;PALMAS;CEREBELO, SOE;C716;ASTROCITOMA, SOE;94003;CEREBELO;C716;Astrocitomas;III-B;;;false;HISTOLOGIA DO TUMOR PRIMÁRIO;LOCALIZADO;;;;;CÂNCER;01/02/2016;;10/06/2015;;
1165014;RCBP PALMAS;FEMININO;26/12/1930;84;PARDA;BRASIL;PIAUÍ;;SEM ESCOLARIDADE;VIÚVO;0;SEM INFORMAÇÃO	;TOCANTINS;PALMAS;ESTOMAGO, SOE;C169;ADENOCARCINOMA, SOE;81403;ESTOMAGO, SOE;C169;;;;;false;HISTOLOGIA DO TUMOR PRIMÁRIO;METÁSTASE;;;;;CÂNCER;01/04/2015;;23/02/2015;;
1165029;RCBP PALMAS;MASCULINO;28/05/1981;34;PARDA;BRASIL;GOIAS;GOIÂNIA;MÉDIO (ANTIGO SEGUNDO GRAU);SOLTEIRO;0;SEM INFORMAÇÃO	;TOCANTINS;PALMAS;PALATO DURO;C050;ADENOCARCINOMA, SOE;81403;PALATO DURO;C050;;;;;false;HISTOLOGIA DO TUMOR PRIMÁRIO;METÁSTASE;;;;;CÂNCER;29/09/2016;;27/07/2015;;
1165020;RCBP PALMAS;MASCULINO;20/06/1960;55;PARDA;BRASIL;MARANHÃO;;MÉDIO (ANTIGO SEGUNDO GRAU);SEPARADO JUDICIALMENTE;711;TRABALHADORES DA EXTRAÇÃO MINERAL 	;TOCANTINS;PALMAS;PULMAO, SOE;C349;ADENOCARCINOMA, SOE;81403;BRONQUIOS OU PULMOES, SOE;C349;;;;;false;HISTOLOGIA DO TUMOR PRIMÁRIO;METÁSTASE;;;;;CÂNCER;09/09/2015;;30/06/2015;;
1165023;RCBP PALMAS;MASCULINO;27/09/1959;55;PARDA;BRASIL;CEARÁ;;FUNDAMENTAL II (5ª A 8ª SÉRIE);CASADO;621;TRABALHADORES NA EXPLORAÇÃO AGROPECUÁRIA EM GERAL	;TOCANTINS;PALMAS;ESTOMAGO, SOE;C169;ADENOCARCINOMA, SOE;81403;ESTOMAGO, SOE;C169;;;;;false;HISTOLOGIA DO TUMOR PRIMÁRIO;METÁSTASE;;;;;CÂNCER;03/09/2015;;04/06/2015;;
1165024;RCBP PALMAS;MASCULINO;28/07/2014;0;SEM INFORMAÇÃO;Não informado;Não informado;Não Informado;SEM ESCOLARIDADE;SEM INFORMAÇÃO;0;SEM INFORMAÇÃO	;TOCANTINS;PALMAS;MEDULA OSSEA;C421;LEUCEMIA LINFOBLASTICA DE CEL. PRECURSORAS TIPO B;98363;LEUCEMIA LINFOBLASTICA AGUDA;C910;Leucemias linfóides;I-A;;;false;HISTOLOGIA DO TUMOR PRIMÁRIO;NÃO SE APLICA;;;;;CÂNCER;09/03/2015;;10/02/2015;;
1165005;RCBP PALMAS;MASCULINO;28/12/1980;34;PARDA;BRASIL;TOCANTINS;;FUNDAMENTAL II (5ª A 8ª SÉRIE);SOLTEIRO;782;CONDUTORES DE VEÍCULOS E OPERADORES DE EQUIPAMENTOS DE ELEVAÇÃO E DE MOVIMENTAÇÃO DE CARGAS   	;TOCANTINS;PALMAS;ENCEFALO, SOE;C719;NEOPLASIA MALIGNA;80003;ENCEFALO, SOE;C719;;;;;false;HISTOLOGIA DO TUMOR PRIMÁRIO;LOCALIZADO;;;;;CÂNCER;06/12/2015;;10/11/2015;;
1165037;RCBP PALMAS;FEMININO;04/03/1963;52;SEM INFORMAÇÃO;BRASIL;TOCANTINS;PORTO NACIONAL;SEM INFORMAÇÃO;CASADO;0;SEM INFORMAÇÃO	;TOCANTINS;PALMAS;MAMA , SOE;C509;CARCINOMA DUCTAL INFILTRANTE;85003;MAMA , SOE;C509;;;;;false;HISTOLOGIA DO TUMOR PRIMÁRIO;LOCALIZADO;;;;;;;;15/05/2015;;
1165039;RCBP PALMAS;FEMININO;10/06/1969;46;SEM INFORMAÇÃO;BRASIL;TOCANTINS;TOCANTINÓPOLIS;SEM INFORMAÇÃO;SOLTEIRO;111;MEMBROS SUPERIORES DO PODER LEGISLATIVO, EXECUTIVO E JUDICIÁRIO   	;TOCANTINS;PALMAS;MAMA , SOE;C509;CARCINOMA, SOE;80103;MAMA , SOE;C509;;;;;false;HISTOLOGIA DO TUMOR PRIMÁRIO;LOCALIZADO;;;;;;;;09/11/2015;;
1165057;RCBP PALMAS;MASCULINO;29/12/1946;68;PARDA;BRASIL;TOCANTINS;ITACAJÁ;SEM INFORMAÇÃO;SEM INFORMAÇÃO;0;SEM INFORMAÇÃO	;TOCANTINS;PALMAS;BEXIGA, SOE;C679;CARCINOMA PAPILAR DE CELULAS TRANSICIONAIS;81303;BEXIGA, SOE;C679;;;;;false;HISTOLOGIA DO TUMOR PRIMÁRIO;LOCALIZADO;;;;;;;;09/09/2015;;
1165042;RCBP PALMAS;MASCULINO;07/02/1989;26;PARDA;BRASIL;TOCANTINS;TOCANTINÓPOLIS;MÉDIO (ANTIGO SEGUNDO GRAU);SEM INFORMAÇÃO;0;SEM INFORMAÇÃO	;TOCANTINS;PALMAS;PELE DO MEMBRO SUPERIOR E DO OMBRO;C446;ADENOCARCINOMA, SOE;81403;PELE DO MEMBRO SUPERIOR E DO OMBRO;C446;;;CARCINOMA DE PELE;7.2;false;HISTOLOGIA DO TUMOR PRIMÁRIO;LOCALIZADO;;;;;;;;25/02/2015;;
1165060;RCBP PALMAS;FEMININO;19/08/1974;41;SEM INFORMAÇÃO;BRASIL;GOIAS;ITAGUARI;SEM INFORMAÇÃO;CASADO;223;PROFISSIONAIS DA MEDICINA, SAÚDE E AFINS  	;TOCANTINS;PALMAS;COLO DO UTERO, SOE;C539;CARCINOMA ESCAMOCELULAR, SOE;80703;COLO DO UTERO, SOE;C539;;;;;false;HISTOLOGIA DO TUMOR PRIMÁRIO;LOCALIZADO;;;;;;;;29/09/2015;;
1165045;RCBP PALMAS;FEMININO;18/12/1956;58;PARDA;BRASIL;TOCANTINS;;SUPERIOR COMPLETO;SOLTEIRO;516;TRABALHADORES NOS SERVIÇOS DE EMBELEZAMENTO E CUIDADOS PESSOAIS   	;TOCANTINS;PALMAS;MEDULA OSSEA;C421;MIELOMA MULTIPLO;97323;MIELOMA MULTIPLO;C900;;;;;false;HISTOLOGIA DO TUMOR PRIMÁRIO;NÃO SE APLICA;;;;;;;;04/03/2015;;
1165046;RCBP PALMAS;MASCULINO;15/11/1937;77;PARDA;BRASIL;MINAS GERAIS;;FUNDAMENTAL I (1ª A 4ª SÉRIE);CASADO;0;SEM INFORMAÇÃO	;TOCANTINS;PALMAS;PROSTATA, SOE;C619;ADENOCARCINOMA, SOE;81403;PROSTATA;C61;;;;;false;HISTOLOGIA DO TUMOR PRIMÁRIO;METÁSTASE;;;;;;;;28/04/2015;;
1165047;RCBP PALMAS;MASCULINO;01/09/1961;54;PARDA;BRASIL;TOCANTINS;;FUNDAMENTAL II (5ª A 8ª SÉRIE);SOLTEIRO;631;PESCADORES E CAÇADORES	;TOCANTINS;PALMAS;VIAS BILIARES EXTRA-HEPATICAS;C240;ADENOCARCINOMA, SOE;81403;VIAS BILIARES EXTRA-HEPATICAS;C240;;;;;false;HISTOLOGIA DO TUMOR PRIMÁRIO;METÁSTASE;;;;;;;;10/12/2015;;
1165049;RCBP PALMAS;MASCULINO;21/04/1944;71;BRANCO;BRASIL;GOIAS;;SEM ESCOLARIDADE;CASADO;621;TRABALHADORES NA EXPLORAÇÃO AGROPECUÁRIA EM GERAL	;TOCANTINS;PALMAS;OUVIDO EXTERNO;C442;CARCINOMA BASOCELULAR, SOE;80903;PELE DA ORELHA E CONDUTO AUDITIVO EXTERNO;C442;;;;;false;HISTOLOGIA DO TUMOR PRIMÁRIO;LOCALIZADO;;;;;;;;21/05/2015;;
1165050;RCBP PALMAS;MASCULINO;05/01/1950;65;PARDA;BRASIL;MARANHÃO;;FUNDAMENTAL I (1ª A 4ª SÉRIE);SOLTEIRO;621;TRABALHADORES NA EXPLORAÇÃO AGROPECUÁRIA EM GERAL	;TOCANTINS;PALMAS;PROSTATA, SOE;C619;ADENOCARCINOMA, SOE;81403;PROSTATA;C61;;;;;false;HISTOLOGIA DO TUMOR PRIMÁRIO;SEM INFORMAÇÃO;;;;;;;;20/07/2015;;
1165040;RCBP PALMAS;MASCULINO;21/05/1955;60;PARDA;BRASIL;MINAS GERAIS;;MÉDIO (ANTIGO SEGUNDO GRAU);CASADO;0;SEM INFORMAÇÃO	;TOCANTINS;PALMAS;PULMAO, SOE;C349;CARCINOMA ESCAMOCELULAR, SOE;80703;BRONQUIOS OU PULMOES, SOE;C349;;;;;false;HISTOLOGIA DO TUMOR PRIMÁRIO;SEM INFORMAÇÃO;;;;;CÂNCER;01/03/2016;;07/10/2015;;
1165052;RCBP PALMAS;MASCULINO;08/08/1948;67;PARDA;BRASIL;PERNAMBUCO;;SEM ESCOLARIDADE;CASADO;623;TRABALHADORES NA PECUÁRIA 	;TOCANTINS;PALMAS;COLON, SOE;C189;ADENOCARCINOMA TUBULAR;82113;COLON, SOE;C189;;;;;false;HISTOLOGIA DO TUMOR PRIMÁRIO;SEM INFORMAÇÃO;;;;;;;;18/08/2015;;
1165054;RCBP PALMAS;MASCULINO;08/09/1954;60;PARDA;BRASIL;PIAUÍ;;FUNDAMENTAL I (1ª A 4ª SÉRIE);CASADO;521;VENDEDORES E DEMONSTRADORES   	;TOCANTINS;PALMAS;PROSTATA, SOE;C619;ADENOCARCINOMA, SOE;81403;PROSTATA;C61;;;;;false;HISTOLOGIA DO TUMOR PRIMÁRIO;SEM INFORMAÇÃO;;;;;;;;19/03/2015;;
1165044;RCBP PALMAS;FEMININO;28/04/1976;38;PARDA;BRASIL;MARANHÃO;;FUNDAMENTAL II (5ª A 8ª SÉRIE);SOLTEIRO;621;TRABALHADORES NA EXPLORAÇÃO AGROPECUÁRIA EM GERAL	;TOCANTINS;PALMAS;COLO DO UTERO, SOE;C539;CARCINOMA ESCAMOCELULAR, SOE;80703;COLO DO UTERO, SOE;C539;;;;;false;HISTOLOGIA DO TUMOR PRIMÁRIO;METÁSTASE;;;;;CÂNCER;26/07/2015;;17/03/2015;;
1165058;RCBP PALMAS;FEMININO;15/10/1962;52;PRETA;BRASIL;TOCANTINS;;FUNDAMENTAL I (1ª A 4ª SÉRIE);CASADO;0;SEM INFORMAÇÃO	;TOCANTINS;PALMAS;QUADRANTE SUPERIOR EXTERNO DA MAMA;C504;CARCINOMA DUCTAL INFILTRANTE;85003;QUADRANTE SUPERIOR EXTERNO DA MAMA;C504;;;;;false;HISTOLOGIA DO TUMOR PRIMÁRIO;SEM INFORMAÇÃO;;;;;;;;23/09/2015;;
1165059;RCBP PALMAS;MASCULINO;08/12/1948;66;PARDA;BRASIL;TOCANTINS;;FUNDAMENTAL I (1ª A 4ª SÉRIE);SOLTEIRO;0;SEM INFORMAÇÃO	;TOCANTINS;PALMAS;PROSTATA, SOE;C619;ADENOCARCINOMA, SOE;81403;PROSTATA;C61;;;;;false;HISTOLOGIA DO TUMOR PRIMÁRIO;METÁSTASE;;;;;;;;14/07/2015;;
1165063;RCBP PALMAS;FEMININO;02/03/1959;56;PARDA;BRASIL;RIO GRANDE DO SUL;;FUNDAMENTAL II (5ª A 8ª SÉRIE);CASADO;0;SEM INFORMAÇÃO	;TOCANTINS;PALMAS;MAMA , SOE;C509;CARCINOMA DUCTAL INFILTRANTE;85003;MAMA , SOE;C509;;;;;false;HISTOLOGIA DO TUMOR PRIMÁRIO;METÁSTASE;;;;;;;;29/04/2015;;
1165064;RCBP PALMAS;FEMININO;17/10/1962;52;SEM INFORMAÇÃO;BRASIL;SÃO PAULO;;SUPERIOR COMPLETO;SEM INFORMAÇÃO;0;SEM INFORMAÇÃO	;TOCANTINS;PALMAS;MAMA , SOE;C509;CARCINOMA DUCTAL INFILTRANTE;85003;MAMA , SOE;C509;;;;;false;HISTOLOGIA DO TUMOR PRIMÁRIO;LOCALIZADO;;;;;;;;19/05/2015;;
1165067;RCBP PALMAS;FEMININO;24/09/2011;3;PARDA;BRASIL;TOCANTINS;;SEM ESCOLARIDADE;SOLTEIRO;0;SEM INFORMAÇÃO	;TOCANTINS;PALMAS;MEDULA OSSEA;C421;LEUCEMIA LINFOBLASTICA DE CELULAS PRECURSORAS,SOE;98353;LEUCEMIA LINFOBLASTICA AGUDA;C910;Leucemias linfóides;I-A;;;false;HISTOLOGIA DO TUMOR PRIMÁRIO;NÃO SE APLICA;;;;;;;;18/04/2015;;
1165048;RCBP PALMAS;MASCULINO;23/10/1912;103;BRANCO;BRASIL;MARANHÃO;;FUNDAMENTAL I (1ª A 4ª SÉRIE);CASADO;0;SEM INFORMAÇÃO	;TOCANTINS;PALMAS;GLANDULA SALIVAR MAIOR, SOE;C089;CARCINOMA ESCAMOCELULAR, SOE;80703;GLANDULA SALIVAR MAIOR, SOE;C089;;;;;false;HISTOLOGIA DO TUMOR PRIMÁRIO;METÁSTASE;;;;;CÂNCER;09/05/2016;;06/11/2015;;
1165056;RCBP PALMAS;FEMININO;16/02/1949;65;PARDA;BRASIL;TOCANTINS;;FUNDAMENTAL I (1ª A 4ª SÉRIE);SOLTEIRO;0;SEM INFORMAÇÃO	;TOCANTINS;PALMAS;FIGADO, SOE;C220;ADENOCARCINOMA, SOE;81403;FIGADO E VIAS BILIARES INTRA-HEPATICAS;C22;;;;;false;HISTOLOGIA DO TUMOR PRIMÁRIO;SEM INFORMAÇÃO;;;;;CÂNCER;24/03/2015;;02/02/2015;;
1165068;RCBP PALMAS;FEMININO;26/09/1977;37;PARDA;BRASIL;GOIAS;;MÉDIO (ANTIGO SEGUNDO GRAU);CASADO;252;PROFISSIONAIS DE ORGANIZAÇÃO E ADMINISTRAÇÃO DE EMPRESAS E AFINS  	;TOCANTINS;PALMAS;COLO DO UTERO, SOE;C539;CARCINOMA ESCAMOCELULAR, SOE;80703;COLO DO UTERO, SOE;C539;;;;;false;HISTOLOGIA DO TUMOR PRIMÁRIO;METÁSTASE;;;;;CÂNCER;02/04/2015;;14/01/2015;;
1165070;RCBP PALMAS;MASCULINO;25/08/1942;73;PRETA;BRASIL;TOCANTINS;;FUNDAMENTAL I (1ª A 4ª SÉRIE);SOLTEIRO;621;TRABALHADORES NA EXPLORAÇÃO AGROPECUÁRIA EM GERAL	;TOCANTINS;PALMAS;PROSTATA, SOE;C619;ADENOCARCINOMA, SOE;81403;PROSTATA;C61;;;;;false;HISTOLOGIA DO TUMOR PRIMÁRIO;METÁSTASE;;;;;CÂNCER;18/10/2016;;28/12/2015;;
1165065;RCBP PALMAS;FEMININO;25/04/1983;32;PARDA;BRASIL;TOCANTINS;;MÉDIO (ANTIGO SEGUNDO GRAU);CASADO;0;SEM INFORMAÇÃO	;TOCANTINS;PALMAS;MAMA , SOE;C509;CARCINOMA DUCTAL INFILTRANTE;85003;MAMA , SOE;C509;;;;;false;HISTOLOGIA DO TUMOR PRIMÁRIO;METÁSTASE;;;;;CÂNCER;19/07/2016;;20/07/2015;;
1165071;RCBP PALMAS;FEMININO;26/07/1979;36;PARDA;BRASIL;TOCANTINS;;SUPERIOR INCOMPLETO;UNIÃO CONSENSUAL;524;VENDEDORES A DOMICÍLIO, AMBULANTES E EM BANCAS	;TOCANTINS;PALMAS;COLO DO UTERO, SOE;C539;CARCINOMA ESCAMOCELULAR CERATINIZADO, SOE;80713;COLO DO UTERO, SOE;C539;;;;;false;HISTOLOGIA DO TUMOR PRIMÁRIO;METÁSTASE;;;;;CÂNCER;25/09/2017;;22/10/2015;;
1165038;RCBP PALMAS;FEMININO;13/01/1965;50;BRANCO;BRASIL;TOCANTINS;;SEM ESCOLARIDADE;SOLTEIRO;0;SEM INFORMAÇÃO	;TOCANTINS;PALMAS;COLO DO UTERO, SOE;C539;CARCINOMA ESCAMOCELULAR, SOE;80703;COLO DO UTERO, SOE;C539;;;;;false;HISTOLOGIA DO TUMOR PRIMÁRIO;METÁSTASE;;;;;CÂNCER;31/01/2016;;26/11/2015;;
1165053;RCBP PALMAS;MASCULINO;26/06/1965;50;PARDA;BRASIL;TOCANTINS;;FUNDAMENTAL II (5ª A 8ª SÉRIE);CASADO;911;MECÂNICOS DE MANUTENÇÃO DE MÁQUINAS E EQUIPAMENTOS INDUSTRIAIS, COMERCIAIS E RESIDENCIAIS	;TOCANTINS;PALMAS;PULMAO, SOE;C349;ADENOCARCINOMA, SOE;81403;BRONQUIOS OU PULMOES, SOE;C349;;;;;false;HISTOLOGIA DO TUMOR PRIMÁRIO;METÁSTASE;;;;;CÂNCER;28/07/2015;;26/06/2015;;
1165061;RCBP PALMAS;FEMININO;17/08/1986;28;BRANCO;BRASIL;TOCANTINS;GURUPI;SEM INFORMAÇÃO;SEM INFORMAÇÃO;0;SEM INFORMAÇÃO	;TOCANTINS;PALMAS;MAMA , SOE;C509;CARCINOMA DUCTAL INFILTRANTE;85003;MAMA , SOE;C509;;;CARCINOMA DE MAMA;8.4;false;HISTOLOGIA DO TUMOR PRIMÁRIO;LOCALIZADO;;;;;;;;09/01/2015;;
1165062;RCBP PALMAS;MASCULINO;30/05/1983;32;SEM INFORMAÇÃO;BRASIL;MINAS GERAIS;;SUPERIOR COMPLETO;SEM INFORMAÇÃO;0;SEM INFORMAÇÃO	;TOCANTINS;PALMAS;LINFONODOS DA CABECA, FACE E PESCOCO;C770;LINFOMA DE HODGKIN, CELULARIDADE MISTA, SOE;96523;CELULARIDADE MISTA;C812;;;;;false;HISTOLOGIA DO TUMOR PRIMÁRIO;NÃO SE APLICA;;;;;;;;18/12/2015;;
1167910;RCBP PALMAS;FEMININO;10/03/1940;75;SEM INFORMAÇÃO;BRASIL;BAHIA;;FUNDAMENTAL II (5ª A 8ª SÉRIE);SEM INFORMAÇÃO;0;SEM INFORMAÇÃO	;TOCANTINS;PALMAS;ANTRO GASTRICO;C163;LINFOMA MALIGNO, CELS. GRANDES B, DIFUSO, SOE;96803;GRANDES CELULAS (DIFUSO);C833;;;;;false;HISTOLOGIA DO TUMOR PRIMÁRIO;NÃO SE APLICA;;;;;;;;11/11/2015;;
1167892;RCBP PALMAS;MASCULINO;10/02/1923;92;PARDA;BRASIL;BAHIA;CENTRAL;SEM INFORMAÇÃO;SOLTEIRO;0;SEM INFORMAÇÃO	;TOCANTINS;PALMAS;LESAO SOBREPOSTA DA PELE;C448;CARCINOMA BASOCELULAR, SOE;80903;LESAO INVASIVA DA PELE;C448;;;;;false;HISTOLOGIA DO TUMOR PRIMÁRIO;LOCALIZADO;;;;;;;;22/06/2015;;
1167889;RCBP PALMAS;MASCULINO;04/04/1972;43;SEM INFORMAÇÃO;BRASIL;MARANHÃO;;FUNDAMENTAL I (1ª A 4ª SÉRIE);SEM INFORMAÇÃO;0;SEM INFORMAÇÃO	;TOCANTINS;PALMAS;LOBO TEMPORAL;C712;GLIOBLASTOMA, SOE;94403;LOBO TEMPORAL;C712;;;;;false;HISTOLOGIA DO TUMOR PRIMÁRIO;SEM INFORMAÇÃO;;;;;;;;27/08/2015;;
1167890;RCBP PALMAS;MASCULINO;06/09/1925;89;BRANCO;BRASIL;MINAS GERAIS;;SEM INFORMAÇÃO;VIÚVO;0;SEM INFORMAÇÃO	;TOCANTINS;PALMAS;ESOFAGO, SOE;C159;CARCINOMA ESCAMOCELULAR, SOE;80703;ESOFAGO, SOE;C159;;;;;false;HISTOLOGIA DO TUMOR PRIMÁRIO;SEM INFORMAÇÃO;;;;;;;;19/02/2015;;
1167893;RCBP PALMAS;FEMININO;22/06/1974;40;PARDA;BRASIL;TOCANTINS;;SUPERIOR COMPLETO;CASADO;0;SEM INFORMAÇÃO	;TOCANTINS;PALMAS;JUNCAO RETOSSIGMOIDIANA, SOE;C199;ADENOCARCINOMA, SOE;81403;JUNCAO RETOSSIGMOIDE;C19;;;;;false;HISTOLOGIA DO TUMOR PRIMÁRIO;METÁSTASE;;;;;;;;12/05/2015;;
1167894;RCBP PALMAS;FEMININO;25/03/1949;66;BRANCO;BRASIL;TOCANTINS;;FUNDAMENTAL I (1ª A 4ª SÉRIE);CASADO;0;SEM INFORMAÇÃO	;TOCANTINS;PALMAS;TIREOIDE, SOE;C739;ADENOCARCINOMA PAPILAR, SOE;82603;GLANDULA TIREOIDE;C73;;;;;false;HISTOLOGIA DO TUMOR PRIMÁRIO;LOCALIZADO;;;;;;;;16/06/2015;;
1167896;RCBP PALMAS;FEMININO;17/01/1978;37;BRANCO;BRASIL;MARANHÃO;;FUNDAMENTAL II (5ª A 8ª SÉRIE);UNIÃO CONSENSUAL;322;TÉCNICOS DA CIÊNCIA DA SAÚDE HUMANA 	;TOCANTINS;PALMAS;QUADRANTE SUPERIOR EXTERNO DA MAMA;C504;CARCINOMA DUCTAL INFILTRANTE;85003;QUADRANTE SUPERIOR EXTERNO DA MAMA;C504;;;;;false;HISTOLOGIA DO TUMOR PRIMÁRIO;METÁSTASE;;;;;;;;10/04/2015;;
1167897;RCBP PALMAS;FEMININO;05/12/1955;59;AMARELA;BRASIL;TOCANTINS;NATIVIDADE;SEM INFORMAÇÃO;SEM INFORMAÇÃO;0;SEM INFORMAÇÃO	;TOCANTINS;PALMAS;MAMA , SOE;C509;CARCINOMA DUCTAL INFILTRANTE;85003;MAMA , SOE;C509;;;;;false;HISTOLOGIA DO TUMOR PRIMÁRIO;LOCALIZADO;;;;;;;;06/01/2015;;
1167898;RCBP PALMAS;FEMININO;30/03/1971;44;PARDA;BRASIL;BAHIA;;SUPERIOR COMPLETO;UNIÃO CONSENSUAL;234;PROFESSORES DO ENSINO SUPERIOR	;TOCANTINS;PALMAS;OVARIO, SOE;C569;CISTADENOCARCINOMA SEROSO, SOE;84413;OVARIO;C56;;;;;false;HISTOLOGIA DO TUMOR PRIMÁRIO;LOCALIZADO;;;;;;;;22/10/2015;;
1167901;RCBP PALMAS;FEMININO;30/03/1951;63;BRANCO;BRASIL;MINAS GERAIS;NOVA PONTE;SEM INFORMAÇÃO;SEM INFORMAÇÃO;0;SEM INFORMAÇÃO	;TOCANTINS;PALMAS;PELE DO MEMBRO INFERIOR E DO QUADRIL;C447;CARCINOMA FUSOCELULAR, SOE;80323;PELE DO MEMBRO INFERIOR E DO QUADRIL;C447;;;;;false;HISTOLOGIA DO TUMOR PRIMÁRIO;LOCALIZADO;;;;;;;;25/02/2015;;
1167902;RCBP PALMAS;FEMININO;12/09/1968;47;PARDA;BRASIL;TOCANTINS;;MÉDIO (ANTIGO SEGUNDO GRAU);CASADO;0;SEM INFORMAÇÃO	;TOCANTINS;PALMAS;PORCAO CENTRAL DA MAMA;C501;CARCINOMA DUCTAL INFILTRANTE;85003;PORCAO CENTRAL DA MAMA;C501;;;;;false;HISTOLOGIA DO TUMOR PRIMÁRIO;LOCALIZADO;;;;;;;;30/09/2015;;
1167904;RCBP PALMAS;FEMININO;21/11/1958;56;PARDA;BRASIL;RIO DE JANEIRO;;FUNDAMENTAL I (1ª A 4ª SÉRIE);CASADO;0;SEM INFORMAÇÃO	;TOCANTINS;PALMAS;MAMA , SOE;C509;CARCINOMA DUCTAL INFILTRANTE;85003;MAMA , SOE;C509;;;;;false;HISTOLOGIA DO TUMOR PRIMÁRIO;SEM INFORMAÇÃO;;;;;;;;13/11/2015;;
1167907;RCBP PALMAS;FEMININO;04/07/1978;36;PARDA;BRASIL;TOCANTINS;;MÉDIO (ANTIGO SEGUNDO GRAU);SOLTEIRO;517;TRABALHADORES NOS SERVIÇOS DE PROTEÇÃO E SEGURANÇA	;TOCANTINS;PALMAS;MAMA , SOE;C509;CARCINOMA DUCTAL INFILTRANTE;85003;MAMA , SOE;C509;;;;;false;HISTOLOGIA DO TUMOR PRIMÁRIO;METÁSTASE;;;;;;;;28/05/2015;;
1167899;RCBP PALMAS;MASCULINO;14/09/1958;57;PARDA;BRASIL;PERNAMBUCO;;FUNDAMENTAL I (1ª A 4ª SÉRIE);CASADO;0;SEM INFORMAÇÃO	;TOCANTINS;PALMAS;LINFONODOS INTRA-ABDOMINAIS;C772;LINFOMA MALIGNO, TIPO NAO HODGKIN, SOE;95913;LINFOMA NAO-HODGKIN, SOE;C859;;;;;false;HISTOLOGIA DO TUMOR PRIMÁRIO;NÃO SE APLICA;;;;;CÂNCER;23/03/2017;;12/11/2015;;
1167900;RCBP PALMAS;MASCULINO;29/06/1943;72;PARDA;BRASIL;GOIAS;;SUPERIOR COMPLETO;VIÚVO;241;ADVOGADOS, PROCURADORES, TABELIÃES E AFINS	;TOCANTINS;PALMAS;ESTOMAGO, SOE;C169;ADENOCARCINOMA, TIPO INTESTINAL;81443;ESTOMAGO, SOE;C169;;;;;false;HISTOLOGIA DO TUMOR PRIMÁRIO;METÁSTASE;;;;;CÂNCER;24/01/2016;;30/12/2015;;
1167903;RCBP PALMAS;FEMININO;10/04/1986;28;PARDA;BRASIL;TOCANTINS;;MÉDIO (ANTIGO SEGUNDO GRAU);SOLTEIRO;0;SEM INFORMAÇÃO	;TOCANTINS;PALMAS;MEDULA OSSEA;C421;LEUCEMIA MIELOIDE AGUDA, SOE;98613;LEUCEMIA MIELOIDE AGUDA;C920;;;LEUCEMIA MIELÓIDE AGUDA;1.2;false;HISTOLOGIA DO TUMOR PRIMÁRIO;NÃO SE APLICA;;;;;CÂNCER;03/02/2015;;29/01/2015;;
1167891;RCBP PALMAS;MASCULINO;15/09/1955;60;PARDA;BRASIL;TOCANTINS;;FUNDAMENTAL I (1ª A 4ª SÉRIE);SOLTEIRO;611;PRODUTORES AGROPECUÁRIOS EM GERAL 	;TOCANTINS;PALMAS;RETO, SOE;C209;ADENOCARCINOMA, SOE;81403;RETO;C20;;;;;false;HISTOLOGIA DO TUMOR PRIMÁRIO;METÁSTASE;;;;;CÂNCER;03/03/2016;;25/11/2015;;
1167905;RCBP PALMAS;MASCULINO;12/10/1950;64;PRETA;BRASIL;GOIAS;;FUNDAMENTAL I (1ª A 4ª SÉRIE);VIÚVO;0;SEM INFORMAÇÃO	;TOCANTINS;PALMAS;MEDULA OSSEA;C421;LINFOMA DE CELULAS T, MADURAS, SOE;97023;LINFOMA DE CELULAS T, PERIFERICO;C844;;;;;false;HISTOLOGIA DO TUMOR PRIMÁRIO;NÃO SE APLICA;;;;;CÂNCER;10/07/2015;;27/04/2015;;
1167906;RCBP PALMAS;FEMININO;07/06/1989;25;PARDA;BRASIL;TOCANTINS;;SUPERIOR INCOMPLETO;UNIÃO CONSENSUAL;0;SEM INFORMAÇÃO	;TOCANTINS;PALMAS;COLON, SOE;C189;ADENOCARCINOMA, SOE;81403;COLON, SOE;C189;;;CARCINOMA DE CÓLON E RETO;8.6.1;false;HISTOLOGIA DO TUMOR PRIMÁRIO;METÁSTASE;;;;;CÂNCER;13/03/2015;;01/02/2015;;
1167908;RCBP PALMAS;MASCULINO;28/12/1995;19;SEM INFORMAÇÃO;BRASIL;RIO GRANDE DO SUL;;MÉDIO (ANTIGO SEGUNDO GRAU);SEM INFORMAÇÃO;0;SEM INFORMAÇÃO	;TOCANTINS;PALMAS;TESTICULO TOPICO;C621;TUMOR MISTO DE CELULAS GERMINATIVAS;90853;TESTICULO TOPICO;C621;Tumores malignos de células germinativas gonadais;X-C;NEOPLASIAS TROFOBLÁSTICAS E DE CÉLULAS GERMINATIVAS DAS GÔNADAS;6.1;false;HISTOLOGIA DO TUMOR PRIMÁRIO;METÁSTASE;;;;;;;;12/09/2015;;
1167909;RCBP PALMAS;FEMININO;11/02/1936;78;AMARELA;Não informado;Não informado;Não Informado;FUNDAMENTAL II (5ª A 8ª SÉRIE);VIÚVO;0;SEM INFORMAÇÃO	;TOCANTINS;PALMAS;LOCALIZACAO PRIMARIA DESCONHECIDA, SOE;C809;ADENOCARCINOMA, SOE;81403;LOCALIZACAO PRIMARIA DESCONHECIDA;C80;;;;;false;HISTOLOGIA DA METÁSTASE;METÁSTASE;;;;;CÂNCER;28/02/2015;;20/01/2015;;
1164079;RCBP PALMAS;MASCULINO;08/07/1952;63;PARDA;BRASIL;BAHIA;;FUNDAMENTAL I (1ª A 4ª SÉRIE);SOLTEIRO;914;MECÂNICOS DE MANUTENÇÃO VEICULAR  	;TOCANTINS;PALMAS;PROSTATA, SOE;C619;ADENOCARCINOMA, SOE;81403;PROSTATA;C61;;;;;false;HISTOLOGIA DO TUMOR PRIMÁRIO;METÁSTASE;;;;;CÂNCER;30/03/2018;;28/09/2015;;
1441604;RCBP PALMAS;FEMININO;09/12/1960;54;AMARELA;BRASIL;TOCANTINS;ITAPORÃ DO TOCANTINS;SEM INFORMAÇÃO;SEM INFORMAÇÃO;0;SEM INFORMAÇÃO	;TOCANTINS;PALMAS;FIGADO, SOE;C220;ADENOCARCINOMA, SOE;81403;FIGADO E VIAS BILIARES INTRA-HEPATICAS;C22;;;;;false;HISTOLOGIA DA METÁSTASE;METÁSTASE;;;;;;;;24/02/2015;;
1164097;RCBP PALMAS;MASCULINO;28/06/1950;64;PARDA;BRASIL;CEARÁ;;SEM ESCOLARIDADE;CASADO;621;TRABALHADORES NA EXPLORAÇÃO AGROPECUÁRIA EM GERAL	;TOCANTINS;PALMAS;ANTRO GASTRICO;C163;ADENOCARCINOMA, SOE;81403;ANTRO PILORICO;C163;;;;;false;HISTOLOGIA DO TUMOR PRIMÁRIO;METÁSTASE;;;;;;;;12/06/2015;;
1164096;RCBP PALMAS;MASCULINO;30/12/1964;50;PARDA;BRASIL;TOCANTINS;;FUNDAMENTAL II (5ª A 8ª SÉRIE);SOLTEIRO;0;SEM INFORMAÇÃO	;TOCANTINS;PALMAS;PANCREAS, SOE;C259;ADENOCARCINOMA, SOE;81403;PANCREAS, SOE;C259;;;;;false;HISTOLOGIA DO TUMOR PRIMÁRIO;METÁSTASE;;;;;CÂNCER;04/02/2016;;07/10/2015;;
1164094;RCBP PALMAS;MASCULINO;12/11/1952;62;BRANCO;BRASIL;TOCANTINS;;SUPERIOR INCOMPLETO;UNIÃO CONSENSUAL;0;SEM INFORMAÇÃO	;TOCANTINS;PALMAS;FIGADO, SOE;C220;CARCINOMA HEPATOCELULAR, SOE;81703;CARCINOMA DE CELULAS HEPATICAS;C220;;;;;false;HISTOLOGIA DO TUMOR PRIMÁRIO;LOCALIZADO;;;;;CÂNCER;29/01/2015;;04/01/2015;;
1218121;RCBP PALMAS;MASCULINO;07/12/1930;84;PARDA;BRASIL;TOCANTINS;PALMAS;SEM INFORMAÇÃO;CASADO;0;SEM INFORMAÇÃO	;TOCANTINS;PALMAS;LOCALIZACAO PRIMARIA DESCONHECIDA, SOE;C809;NEOPLASIA MALIGNA;80003;LOCALIZACAO PRIMARIA DESCONHECIDA;C80;;;;;false;SDO;METÁSTASE;;;;;CÂNCER;05/03/2015;;05/03/2015;;
1441746;RCBP PALMAS;FEMININO;15/09/1954;60;PARDA;BRASIL;Não informado;Não Informado;SEM ESCOLARIDADE;CASADO;0;SEM INFORMAÇÃO	;TOCANTINS;PALMAS;MEDIASTINO, SOE;C383;NEOPLASIA MALIGNA;80003;MEDIASTINO, PORCAO NAO ESPECIFICADA;C383;;;;;false;SDO;METÁSTASE;;;;;CÂNCER;31/05/2015;;31/05/2015;;
1165055;RCBP PALMAS;MASCULINO;10/03/1950;64;PARDA;BRASIL;PERNAMBUCO;;SEM ESCOLARIDADE;CASADO;524;VENDEDORES A DOMICÍLIO, AMBULANTES E EM BANCAS	;TOCANTINS;PALMAS;OSSOS LONGOS M. INFERIOR E ARTICUL. ASSOCIADAS;C402;SARCOMA FUSOCELULAR;88013;OSSOS LONGOS DOS M. INFERIORES;C402;;;;;false;HISTOLOGIA DO TUMOR PRIMÁRIO;SEM INFORMAÇÃO;;;;;;;;05/02/2015;;
1441748;RCBP PALMAS;FEMININO;08/05/1963;52;PARDA;BRASIL;Não informado;Não Informado;FUNDAMENTAL II (5ª A 8ª SÉRIE);VIÚVO;0;SEM INFORMAÇÃO	;TOCANTINS;PALMAS;LOCALIZACAO PRIMARIA DESCONHECIDA, SOE;C809;NEOPLASIA MALIGNA;80003;LOCALIZACAO PRIMARIA DESCONHECIDA;C80;;;;;false;SDO;METÁSTASE;;;;;CÂNCER;30/12/2015;;30/12/2015;;
1164981;RCBP PALMAS;FEMININO;14/07/1948;66;PARDA;BRASIL;MARANHÃO;;FUNDAMENTAL I (1ª A 4ª SÉRIE);SEPARADO JUDICIALMENTE;0;SEM INFORMAÇÃO	;TOCANTINS;PALMAS;ENDOMETRIO;C541;CARCINOMA ENDOMETRIOIDE, SOE;83803;ENDOMETRIO;C541;;;;;false;HISTOLOGIA DO TUMOR PRIMÁRIO;LOCALIZADO;;;;;;;;08/06/2015;;
1441599;RCBP PALMAS;FEMININO;06/07/1989;25;BRANCO;BRASIL;TOCANTINS;PALMAS;MÉDIO (ANTIGO SEGUNDO GRAU);SOLTEIRO;0;SEM INFORMAÇÃO	;TOCANTINS;PALMAS;FARINGE, SOE;C140;CARCINOMA ESCAMOCELULAR, SOE;80703;FARINGE, SOE;C140;;;OUTROS SÍTIOS NO LÁBIO, CAVIDADE ORAL E FARINGE;8.2.2;false;HISTOLOGIA DO TUMOR PRIMÁRIO;METÁSTASE;;;;;CÂNCER;11/06/2015;;03/01/2015;;
1441597;RCBP PALMAS;MASCULINO;28/11/1963;51;AMARELA;BRASIL;TOCANTINS;COLINAS DO TOCANTINS;SEM INFORMAÇÃO;SEM INFORMAÇÃO;0;SEM INFORMAÇÃO	;TOCANTINS;PALMAS;PROSTATA, SOE;C619;ADENOCARCINOMA, SOE;81403;PROSTATA;C61;;;;;false;HISTOLOGIA DO TUMOR PRIMÁRIO;LOCALIZADO;;;;;;;;27/04/2015;;
1441598;RCBP PALMAS;MASCULINO;25/03/1946;69;PARDA;BRASIL;TOCANTINS;CONCEIÇÃO DO TOCANTINS;SEM INFORMAÇÃO;SEM INFORMAÇÃO;0;SEM INFORMAÇÃO	;TOCANTINS;PALMAS;PROSTATA, SOE;C619;ADENOCARCINOMA, SOE;81403;PROSTATA;C61;;;;;false;HISTOLOGIA DO TUMOR PRIMÁRIO;LOCALIZADO;;;;;;;;08/06/2015;;
1218142;RCBP PALMAS;MASCULINO;25/09/1990;24;BRANCO;BRASIL;DISTRITO FEDERAL;;SUPERIOR COMPLETO;SOLTEIRO;214;ENGENHEIROS, ARQUITETOS E AFINS   	;TOCANTINS;PALMAS;RETO, SOE;C209;ADENOCARCINOMA, SOE;81403;RETO;C20;;;CARCINOMA DE CÓLON E RETO;8.6.1;false;HISTOLOGIA DO TUMOR PRIMÁRIO;SEM INFORMAÇÃO;;;;;;;;10/09/2015;;
1441657;RCBP PALMAS;MASCULINO;30/09/1970;44;PARDA;BRASIL;TOCANTINS;MONTE DO CARMO;FUNDAMENTAL II (5ª A 8ª SÉRIE);SOLTEIRO;0;SEM INFORMAÇÃO	;TOCANTINS;PALMAS;LOCALIZACAO PRIMARIA DESCONHECIDA, SOE;C809;NEOPLASIA MALIGNA;80003;LOCALIZACAO PRIMARIA DESCONHECIDA;C80;;;;;false;SDO;METÁSTASE;;;;;CÂNCER;14/01/2015;;14/01/2015;;
1441658;RCBP PALMAS;FEMININO;18/11/1959;55;PARDA;BRASIL;MARANHÃO;;FUNDAMENTAL II (5ª A 8ª SÉRIE);SEPARADO JUDICIALMENTE;519;OUTROS TRABALHADORES DE SERVIÇOS DIVERSOS 	;TOCANTINS;PALMAS;MAMA , SOE;C509;CARCINOMA DUCTAL INFILTRANTE;85003;MAMA , SOE;C509;;;;;false;HISTOLOGIA DO TUMOR PRIMÁRIO;METÁSTASE;;;;;;;;14/08/2015;;
1441659;RCBP PALMAS;FEMININO;28/04/1950;64;BRANCO;BRASIL;Não informado;Não Informado;SEM INFORMAÇÃO;CASADO;0;SEM INFORMAÇÃO	;TOCANTINS;PALMAS;COLON, SOE;C189;ADENOCARCINOMA EM POLIPOSE ADENOMATOSA DO COLON;82203;COLON, SOE;C189;;;;;false;HISTOLOGIA DO TUMOR PRIMÁRIO;LOCALIZADO;;;;;CÂNCER;10/09/2015;;06/01/2015;;
1165004;RCBP PALMAS;MASCULINO;14/09/1955;60;PARDA;BRASIL;GOIAS;;FUNDAMENTAL II (5ª A 8ª SÉRIE);VIÚVO;141;GERENTES DE PRODUÇÃO E OPERAÇÕES  	;TOCANTINS;PALMAS;ESTOMAGO, SOE;C169;ADENOCARCINOMA, SOE;81403;ESTOMAGO, SOE;C169;;;;;false;HISTOLOGIA DO TUMOR PRIMÁRIO;LOCALIZADO;;;;;;;;22/12/2015;;
1441760;RCBP PALMAS;MASCULINO;01/11/1938;76;PARDA;BRASIL;Não informado;Não Informado;SEM INFORMAÇÃO;CASADO;0;SEM INFORMAÇÃO	;TOCANTINS;PALMAS;ESOFAGO, SOE;C159;CARCINOMA, SOE;80103;ESOFAGO, SOE;C159;;;;;false;HISTOLOGIA DO TUMOR PRIMÁRIO;LOCALIZADO;;;;;CÂNCER;29/08/2015;;26/02/2015;;
1441661;RCBP PALMAS;FEMININO;07/03/1973;42;BRANCO;BRASIL;MARANHÃO;SÃO RAIMUNDO DAS MANGABEIRAS;SUPERIOR COMPLETO;SEPARADO JUDICIALMENTE;0;SEM INFORMAÇÃO	;TOCANTINS;PALMAS;LESAO SOBREPOSTA DA MAMA;C508;CARCINOMA, SOE;80103;LESAO INVASIVA DA MAMA;C508;;;;;false;HISTOLOGIA DO TUMOR PRIMÁRIO;METÁSTASE;;;;;CÂNCER;11/08/2015;;11/08/2015;;
629044;RCBP PALMAS;FEMININO;27/07/1971;43;PARDA;BRASIL;RIO GRANDE DO NORTE;SANTA CRUZ;SEM INFORMAÇÃO;CASADO;;;TOCANTINS;PALMAS;MAMA , SOE;C509;CARCINOMA DUCTAL INFILTRANTE;85003;MAMA , SOE;C509;;;;;false;HISTOLOGIA DO TUMOR PRIMÁRIO;METÁSTASE;;;;;CÂNCER;29/01/2015;;15/01/2015;;
1441662;RCBP PALMAS;MASCULINO;02/06/1938;77;PARDA;BRASIL;PERNAMBUCO;RECIFE;SEM INFORMAÇÃO;SEM INFORMAÇÃO;0;SEM INFORMAÇÃO	;TOCANTINS;PALMAS;PROSTATA, SOE;C619;ADENOCARCINOMA, SOE;81403;PROSTATA;C61;;;;;false;HISTOLOGIA DO TUMOR PRIMÁRIO;LOCALIZADO;;;;;;;;21/10/2015;;
1441718;RCBP PALMAS;MASCULINO;21/08/1951;63;BRANCO;BRASIL;SÃO PAULO;TANABI;FUNDAMENTAL II (5ª A 8ª SÉRIE);CASADO;0;SEM INFORMAÇÃO	;TOCANTINS;PALMAS;LESAO SOBREPOSTA DA LINGUA;C028;CARCINOMA, SOE;80103;LESAO INVASIVA DA LINGUA;C028;;;;;false;HISTOLOGIA DO TUMOR PRIMÁRIO;LOCALIZADO;;;;;CÂNCER;22/06/2015;;22/06/2015;;
1441722;RCBP PALMAS;MASCULINO;23/02/1935;79;PARDA;BRASIL;TOCANTINS;PALMAS;SUPERIOR INCOMPLETO;SEPARADO JUDICIALMENTE;0;SEM INFORMAÇÃO	;TOCANTINS;PALMAS;LESAO SOBREPOSTA DA PELE;C448;MELANOMA DESMOPLASICO MALIGNO;87453;MELANOMA MALIGNO INVASIVO DA PELE;C438;;;;;false;HISTOLOGIA DO TUMOR PRIMÁRIO;METÁSTASE;;;;;CÂNCER;17/02/2015;;17/02/2015;;
1441747;RCBP PALMAS;FEMININO;10/08/1929;85;BRANCO;BRASIL;TOCANTINS;PONTE ALTA DO BOM JESUS;SEM ESCOLARIDADE;SOLTEIRO;763;TRABALHADORES DA CONFECÇÃO DE ROUPAS 	;TOCANTINS;PALMAS;VAGINA, SOE;C529;CARCINOMA, SOE;80103;VAGINA;C52;;;;;false;HISTOLOGIA DO TUMOR PRIMÁRIO;METÁSTASE;;;;;CÂNCER;01/01/2015;;01/01/2015;;
1441719;RCBP PALMAS;MASCULINO;12/02/1934;80;PARDA;BRASIL;Não informado;Não Informado;SEM ESCOLARIDADE;VIÚVO;0;SEM INFORMAÇÃO	;TOCANTINS;PALMAS;ESOFAGO, SOE;C159;CARCINOMA, SOE;80103;ESOFAGO, SOE;C159;;;;;false;HISTOLOGIA DO TUMOR PRIMÁRIO;METÁSTASE;;;;;CÂNCER;28/02/2015;;25/01/2015;;
1441725;RCBP PALMAS;MASCULINO;20/08/1954;60;PARDA;BRASIL;Não informado;Não Informado;SUPERIOR INCOMPLETO;SOLTEIRO;0;SEM INFORMAÇÃO	;TOCANTINS;PALMAS;LOCALIZACAO PRIMARIA DESCONHECIDA, SOE;C809;NEOPLASIA MALIGNA;80003;LOCALIZACAO PRIMARIA DESCONHECIDA;C80;;;;;false;SDO;METÁSTASE;;;;;CÂNCER;06/03/2015;;06/03/2015;;
1441723;RCBP PALMAS;MASCULINO;20/12/1953;61;SEM INFORMAÇÃO;BRASIL;SÃO PAULO;PENÁPOLIS;SUPERIOR COMPLETO;CASADO;142;GERENTES DE ÁREAS DE APOIO	;TOCANTINS;PALMAS;MENINGES CEREBRAIS;C700;MENINGIOMA MALIGNO;95303;MENINGES CEREBRAIS;C700;;;;;false;SDO;LOCALIZADO;;;;;CÂNCER;31/10/2015;;31/10/2015;;
1441724;RCBP PALMAS;MASCULINO;21/06/1933;81;BRANCO;BRASIL;Não informado;Não Informado;FUNDAMENTAL II (5ª A 8ª SÉRIE);CASADO;0;SEM INFORMAÇÃO	;TOCANTINS;PALMAS;LESAO SOBREPOSTA DO RETO, ANUS E CANAL ANAL;C218;CARCINOMA, SOE;80103;LESAO INVASIVA DO RETO, ANUS E DO CANAL ANAL;C218;;;;;false;HISTOLOGIA DO TUMOR PRIMÁRIO;METÁSTASE;;;;;CÂNCER;04/01/2015;;03/01/2015;;
1441720;RCBP PALMAS;MASCULINO;15/01/1936;79;BRANCO;BRASIL;PIAUÍ;VALENÇA DO PIAUÍ;SUPERIOR INCOMPLETO;CASADO;0;SEM INFORMAÇÃO	;TOCANTINS;PALMAS;RIM, SOE;C649;NEOPLASIA MALIGNA;80003;RIM;C64;;;;;false;SDO;METÁSTASE;;;;;CÂNCER;27/02/2015;;27/02/2015;;
1441726;RCBP PALMAS;MASCULINO;16/09/1954;60;BRANCO;BRASIL;Não informado;Não Informado;SUPERIOR INCOMPLETO;CASADO;0;SEM INFORMAÇÃO	;TOCANTINS;PALMAS;PANCREAS, SOE;C259;CARCINOMA, SOE;80103;PANCREAS, SOE;C259;;;;;false;HISTOLOGIA DO TUMOR PRIMÁRIO;LOCALIZADO;;;;;CÂNCER;28/11/2015;;03/01/2015;;
1441717;RCBP PALMAS;MASCULINO;14/05/2000;15;PARDA;BRASIL;TOCANTINS;;MÉDIO (ANTIGO SEGUNDO GRAU);SOLTEIRO;0;SEM INFORMAÇÃO	;TOCANTINS;PALMAS;TECIDOS MOLES DO MEMBRO SUPERIOR E OMBRO;C491;NEOPLASIA MALIGNA;80003;TECIDOS MOLES DO MEMBRO SUPERIOR E OMBRO;C491;Outros tumores malignos não especificados;XII-B;NEOPLASIAS MALIGNAS INESPECÍFICAS;10.1;false;HISTOLOGIA DO TUMOR PRIMÁRIO;LOCALIZADO;;;;;;;;10/12/2015;;
1441721;RCBP PALMAS;MASCULINO;11/06/1943;72;PARDA;BRASIL;TOCANTINS;TOCANTÍNIA;SEM INFORMAÇÃO;SEM INFORMAÇÃO;0;SEM INFORMAÇÃO	;TOCANTINS;PALMAS;PROSTATA, SOE;C619;ADENOCARCINOMA, SOE;81403;PROSTATA;C61;;;;;false;HISTOLOGIA DO TUMOR PRIMÁRIO;LOCALIZADO;;;;;;;;28/08/2015;;
1441727;RCBP PALMAS;MASCULINO;01/06/1950;65;SEM INFORMAÇÃO;BRASIL;TOCANTINS;LIZARDA;SEM INFORMAÇÃO;SEM INFORMAÇÃO;0;SEM INFORMAÇÃO	;TOCANTINS;PALMAS;PROSTATA, SOE;C619;ADENOCARCINOMA, SOE;81403;PROSTATA;C61;;;;;false;HISTOLOGIA DO TUMOR PRIMÁRIO;LOCALIZADO;;;;;;;;26/06/2015;;
1441749;RCBP PALMAS;MASCULINO;29/03/1928;86;BRANCO;BRASIL;MARANHÃO;PASSAGEM FRANCA;FUNDAMENTAL II (5ª A 8ª SÉRIE);CASADO;612;PRODUTORES AGRÍCOLAS 	;TOCANTINS;PALMAS;PROSTATA, SOE;C619;ADENOCARCINOMA, SOE;81403;PROSTATA;C61;;;;;false;HISTOLOGIA DO TUMOR PRIMÁRIO;METÁSTASE;;;;;CÂNCER;17/01/2015;;05/01/2015;;
1441729;RCBP PALMAS;FEMININO;23/06/1976;39;PARDA;BRASIL;TOCANTINS;SÃO SEBASTIÃO DO TOCANTINS;SUPERIOR COMPLETO;SOLTEIRO;239;OUTROS PROFISSIONAIS DO ENSINO NÃO CLASSIFICADOS ANTERIORMENTE	;TOCANTINS;PALMAS;OVARIO, SOE;C569;TERATOMA MALIGNO, SOE;90803;OVARIO;C56;;;;;true;HISTOLOGIA DO TUMOR PRIMÁRIO;METÁSTASE;;;;;;;;02/09/2015;;
1441716;RCBP PALMAS;MASCULINO;16/05/1933;81;BRANCO;BRASIL;Não informado;Não Informado;FUNDAMENTAL II (5ª A 8ª SÉRIE);CASADO;517;TRABALHADORES NOS SERVIÇOS DE PROTEÇÃO E SEGURANÇA	;TOCANTINS;PALMAS;PROSTATA, SOE;C619;ADENOCARCINOMA, SOE;81403;PROSTATA;C61;;;;;false;HISTOLOGIA DO TUMOR PRIMÁRIO;LOCALIZADO;;;;;CÂNCER;12/05/2015;;12/05/2015;;
1441711;RCBP PALMAS;FEMININO;10/03/1924;90;BRANCO;BRASIL;Não informado;Não Informado;SUPERIOR COMPLETO;VIÚVO;;;TOCANTINS;PALMAS;BEXIGA, SOE;C679;CARCINOMA, SOE;80103;BEXIGA, SOE;C679;;;;;false;HISTOLOGIA DO TUMOR PRIMÁRIO;LOCALIZADO;;;;;CÂNCER;08/09/2015;;05/01/2015;;
1441714;RCBP PALMAS;MASCULINO;27/10/1963;51;PRETA;BRASIL;TOCANTINS;PRESIDENTE KENNEDY;SUPERIOR COMPLETO;SEPARADO JUDICIALMENTE;0;SEM INFORMAÇÃO	;TOCANTINS;PALMAS;PANCREAS, SOE;C259;CARCINOMA, SOE;80103;PANCREAS, SOE;C259;;;;;false;HISTOLOGIA DO TUMOR PRIMÁRIO;LOCALIZADO;;;;;CÂNCER;17/05/2015;;06/01/2015;;
1441712;RCBP PALMAS;FEMININO;21/10/1954;60;BRANCO;BRASIL;GOIAS;GOIATUBA;SEM INFORMAÇÃO;CASADO;0;SEM INFORMAÇÃO	;TOCANTINS;PALMAS;ENDOMETRIO;C541;ADENOCARCINOMA ENDOMETRIOIDE, TIPO SECRETOR;83823;ENDOMETRIO;C541;;;;;false;HISTOLOGIA DO TUMOR PRIMÁRIO;LOCALIZADO;;;;;CÂNCER;03/05/2015;;03/01/2015;;
1441713;RCBP PALMAS;MASCULINO;25/04/1946;69;PARDA;BRASIL;BAHIA;CENTRAL;SEM INFORMAÇÃO;SEM INFORMAÇÃO;0;SEM INFORMAÇÃO	;TOCANTINS;PALMAS;PROSTATA, SOE;C619;ADENOCARCINOMA, SOE;81403;PROSTATA;C61;;;;;false;HISTOLOGIA DO TUMOR PRIMÁRIO;LOCALIZADO;;;;;;;;14/12/2015;;
1441715;RCBP PALMAS;MASCULINO;18/01/1946;69;SEM INFORMAÇÃO;BRASIL;CEARÁ;JAGUARETAMA;SEM INFORMAÇÃO;SEM INFORMAÇÃO;782;CONDUTORES DE VEÍCULOS E OPERADORES DE EQUIPAMENTOS DE ELEVAÇÃO E DE MOVIMENTAÇÃO DE CARGAS   	;TOCANTINS;PALMAS;FIGADO, SOE;C220;CARCINOMA HEPATOCELULAR, SOE;81703;CARCINOMA DE CELULAS HEPATICAS;C220;;;;;false;SDO;LOCALIZADO;;;;;CÂNCER;10/06/2015;;10/06/2015;;
1443386;RCBP PALMAS;FEMININO;30/08/1963;52;PARDA;BRASIL;MARANHÃO;BALSAS;SEM INFORMAÇÃO;SEM INFORMAÇÃO;0;SEM INFORMAÇÃO	;TOCANTINS;PALMAS;COLO DO UTERO, SOE;C539;CARCINOMA, SOE;80103;COLO DO UTERO, SOE;C539;;;;;false;HISTOLOGIA DO TUMOR PRIMÁRIO;METÁSTASE;;;;;CÂNCER;21/11/2015;;21/11/2015;;
1443392;RCBP PALMAS;FEMININO;26/01/1939;76;PARDA;BRASIL;Não informado;Não Informado;SEM INFORMAÇÃO;SOLTEIRO;0;SEM INFORMAÇÃO	;TOCANTINS;PALMAS;PANCREAS, SOE;C259;CARCINOMA, SOE;80103;PANCREAS, SOE;C259;;;;;false;HISTOLOGIA DO TUMOR PRIMÁRIO;LOCALIZADO;;;;;CÂNCER;27/10/2015;;07/03/2015;;
1443390;RCBP PALMAS;MASCULINO;09/02/1962;53;PARDA;BRASIL;GOIAS;;FUNDAMENTAL II (5ª A 8ª SÉRIE);CASADO;782;CONDUTORES DE VEÍCULOS E OPERADORES DE EQUIPAMENTOS DE ELEVAÇÃO E DE MOVIMENTAÇÃO DE CARGAS   	;TOCANTINS;PALMAS;RIM, SOE;C649;CARCINOMA, SOE;80103;RIM;C64;;;;;false;HISTOLOGIA DO TUMOR PRIMÁRIO;LOCALIZADO;;;;;;;;02/04/2015;;
1443393;RCBP PALMAS;MASCULINO;01/05/1965;49;PARDA;BRASIL;TOCANTINS;NOVO ACORDO;FUNDAMENTAL II (5ª A 8ª SÉRIE);CASADO;222;AGRÔNOMOS E AFINS 	;TOCANTINS;PALMAS;MANDIBULA;C411;NEOPLASIA MALIGNA;80003;MANDIBULA;C411;;;;;false;SDO;METÁSTASE;;;;;CÂNCER;05/05/2015;;05/04/2015;;
1443388;RCBP PALMAS;FEMININO;17/09/1965;49;PARDA;BRASIL;Não informado;Não Informado;SUPERIOR COMPLETO;CASADO;0;SEM INFORMAÇÃO	;TOCANTINS;PALMAS;MAMA , SOE;C509;CARCINOMA DUCTAL INFILTRANTE;85003;MAMA , SOE;C509;;;;;false;HISTOLOGIA DO TUMOR PRIMÁRIO;METÁSTASE;;;;;CÂNCER;31/12/2015;;05/03/2015;;
1443389;RCBP PALMAS;FEMININO;18/08/1922;92;BRANCO;BRASIL;Não informado;Não Informado;SEM ESCOLARIDADE;VIÚVO;;;TOCANTINS;PALMAS;MAMA , SOE;C509;CARCINOMA DUCTAL INFILTRANTE;85003;MAMA , SOE;C509;;;;;false;HISTOLOGIA DO TUMOR PRIMÁRIO;LOCALIZADO;;;;;CÂNCER;11/08/2015;;11/08/2015;;
1218135;RCBP PALMAS;FEMININO;09/10/1946;69;BRANCO;BRASIL;TOCANTINS;PEDRO AFONSO;MÉDIO (ANTIGO SEGUNDO GRAU);SEPARADO JUDICIALMENTE;0;SEM INFORMAÇÃO	;TOCANTINS;PALMAS;PULMAO, SOE;C349;NEOPLASIA MALIGNA;80003;BRONQUIOS OU PULMOES, SOE;C349;;;;;false;SDO;METÁSTASE;;;;;CÂNCER;24/12/2015;;24/12/2015;;
1184306;RCBP PALMAS;FEMININO;19/07/1956;58;SEM INFORMAÇÃO;BRASIL;BAHIA;;SEM ESCOLARIDADE;SEM INFORMAÇÃO;0;SEM INFORMAÇÃO	;TOCANTINS;PALMAS;MAMA , SOE;C509;CARCINOMA DUCTAL INFILTRANTE;85003;MAMA , SOE;C509;;;;;false;HISTOLOGIA DO TUMOR PRIMÁRIO;METÁSTASE;;;;;CÂNCER;22/06/2015;;24/04/2015;;
1443381;RCBP PALMAS;MASCULINO;08/09/1929;85;BRANCO;BRASIL;Não informado;Não Informado;FUNDAMENTAL II (5ª A 8ª SÉRIE);CASADO;354;TÉCNICOS DE NIVEL MÉDIO EM OPERAÇÕES COMERCIAIS   	;TOCANTINS;PALMAS;LARINGE, SOE;C329;CARCINOMA, SOE;80103;LARINGE, SOE;C329;;;;;false;HISTOLOGIA DO TUMOR PRIMÁRIO;METÁSTASE;;;;;CÂNCER;25/05/2015;;15/01/2015;;
1443383;RCBP PALMAS;FEMININO;13/01/1944;70;BRANCO;BRASIL;Não informado;Não Informado;SEM ESCOLARIDADE;SOLTEIRO;0;SEM INFORMAÇÃO	;TOCANTINS;PALMAS;PANCREAS, SOE;C259;CARCINOMA, SOE;80103;PANCREAS, SOE;C259;;;;;false;HISTOLOGIA DO TUMOR PRIMÁRIO;LOCALIZADO;;;;;CÂNCER;09/03/2015;;03/01/2015;;
1443385;RCBP PALMAS;FEMININO;19/10/1974;40;PARDA;BRASIL;PARÁ;MARABÁ;SUPERIOR INCOMPLETO;UNIÃO CONSENSUAL;0;SEM INFORMAÇÃO	;TOCANTINS;PALMAS;GLANDULA SUPRA-RENAL, SOE;C749;CARCINOMA DO CORTEX SUPRA-RENAL;83703;CORTEX DA SUPRA-RENAL;C740;;;;;false;HISTOLOGIA DO TUMOR PRIMÁRIO;LOCALIZADO;;;;;CÂNCER;24/04/2015;;04/01/2015;;
1443382;RCBP PALMAS;MASCULINO;05/11/1957;57;BRANCO;BRASIL;Não informado;Não Informado;FUNDAMENTAL II (5ª A 8ª SÉRIE);CASADO;0;SEM INFORMAÇÃO	;TOCANTINS;PALMAS;RETO, SOE;C209;ADENOCARCINOMA, SOE;81403;RETO;C20;;;;;false;HISTOLOGIA DO TUMOR PRIMÁRIO;LOCALIZADO;;;;;CÂNCER;31/05/2015;;16/02/2015;;
1443384;RCBP PALMAS;FEMININO;30/12/1933;81;PARDA;BRASIL;TOCANTINS;NOVO ACORDO;SEM ESCOLARIDADE;VIÚVO;0;SEM INFORMAÇÃO	;TOCANTINS;PALMAS;LOCALIZACAO PRIMARIA DESCONHECIDA, SOE;C809;NEOPLASIA MALIGNA;80003;LOCALIZACAO PRIMARIA DESCONHECIDA;C80;;;;;false;SDO;METÁSTASE;;;;;CÂNCER;14/02/2015;;14/02/2015;;
1443380;RCBP PALMAS;FEMININO;17/08/1936;78;PARDA;BRASIL;MARANHÃO;CAROLINA;FUNDAMENTAL II (5ª A 8ª SÉRIE);UNIÃO CONSENSUAL;0;SEM INFORMAÇÃO	;TOCANTINS;PALMAS;ESTOMAGO, SOE;C169;ADENOCARCINOMA, SOE;81403;ESTOMAGO, SOE;C169;;;;;false;HISTOLOGIA DO TUMOR PRIMÁRIO;LOCALIZADO;;;;;CÂNCER;18/04/2015;;06/01/2015;;
1443356;RCBP PALMAS;FEMININO;24/01/1987;28;PARDA;BRASIL;TOCANTINS;PALMAS;SUPERIOR COMPLETO;UNIÃO CONSENSUAL;0;SEM INFORMAÇÃO	;TOCANTINS;PALMAS;MAMA , SOE;C509;CARCINOMA, SOE;80103;MAMA , SOE;C509;;;CARCINOMA DE MAMA;8.4;false;HISTOLOGIA DO TUMOR PRIMÁRIO;LOCALIZADO;;;;;CÂNCER;25/06/2015;;25/06/2015;;
1443352;RCBP PALMAS;MASCULINO;16/03/1946;69;PARDA;BRASIL;MINAS GERAIS;MORADA NOVA DE MINAS;FUNDAMENTAL II (5ª A 8ª SÉRIE);UNIÃO CONSENSUAL;0;SEM INFORMAÇÃO	;TOCANTINS;PALMAS;CABECA DO PANCREAS;C250;CARCINOMA, SOE;80103;CABECA DO PANCREAS;C250;;;;;false;HISTOLOGIA DO TUMOR PRIMÁRIO;METÁSTASE;;;;;CÂNCER;24/11/2015;;21/10/2015;;
1443354;RCBP PALMAS;MASCULINO;06/08/2013;1;BRANCO;BRASIL;TOCANTINS;PALMAS;SEM ESCOLARIDADE;SOLTEIRO;0;SEM INFORMAÇÃO	;TOCANTINS;PALMAS;MEDULA OSSEA;C421;LEUCEMIA AGUDA, SOE;98013;LEUCEMIA AGUDA DE TIPO CELULAR, SOE;C950;Leucemias especificadas e outras não especificadas;I-E;;;false;HISTOLOGIA DO TUMOR PRIMÁRIO;NÃO SE APLICA;;;;;CÂNCER;02/06/2015;;03/02/2015;;
772482;RCBP PALMAS;FEMININO;09/11/1971;44;BRANCO;BRASIL;MARANHÃO;PINDARÉ MIRIM;FUNDAMENTAL II (5ª A 8ª SÉRIE);SOLTEIRO;0;SEM INFORMAÇÃO	;TOCANTINS;PALMAS;FIGADO, SOE;C220;CARCINOMA HEPATOCELULAR, SOE;81703;CARCINOMA DE CELULAS HEPATICAS;C220;;;;;false;SDO;LOCALIZADO;;;;;CÂNCER;12/11/2015;;12/11/2015;;
1443394;RCBP PALMAS;MASCULINO;15/01/1947;68;AMARELA;BRASIL;PIAUÍ;SÃO JOÃO DO PIAUÍ;SEM INFORMAÇÃO;SEM INFORMAÇÃO;0;SEM INFORMAÇÃO	;TOCANTINS;PALMAS;PROSTATA, SOE;C619;ADENOCARCINOMA, SOE;81403;PROSTATA;C61;;;;;false;HISTOLOGIA DO TUMOR PRIMÁRIO;LOCALIZADO;;;;;;;;24/09/2015;;
1443833;RCBP PALMAS;MASCULINO;17/09/1947;67;BRANCO;BRASIL;TOCANTINS;GOIATINS;SEM INFORMAÇÃO;SEM INFORMAÇÃO;0;SEM INFORMAÇÃO	;TOCANTINS;PALMAS;PROSTATA, SOE;C619;ADENOCARCINOMA, SOE;81403;PROSTATA;C61;;;;;false;HISTOLOGIA DO TUMOR PRIMÁRIO;LOCALIZADO;;;;;;;;27/07/2015;;
1443859;RCBP PALMAS;MASCULINO;22/02/1939;75;BRANCO;BRASIL;Não informado;Não Informado;MÉDIO (ANTIGO SEGUNDO GRAU);CASADO;;;TOCANTINS;PALMAS;PULMAO, SOE;C349;CARCINOMA, SOE;80103;BRONQUIOS OU PULMOES, SOE;C349;;;;;false;HISTOLOGIA DA METÁSTASE;METÁSTASE;;;;;CÂNCER;31/03/2015;;15/02/2015;;
1443860;RCBP PALMAS;FEMININO;25/06/1973;41;PARDA;BRASIL;Não informado;Não Informado;SEM INFORMAÇÃO;SOLTEIRO;0;SEM INFORMAÇÃO	;TOCANTINS;PALMAS;ESTOMAGO, SOE;C169;ADENOCARCINOMA, SOE;81403;ESTOMAGO, SOE;C169;;;;;false;HISTOLOGIA DO TUMOR PRIMÁRIO;METÁSTASE;;;;;CÂNCER;20/09/2015;;08/01/2015;;
1184425;RCBP PALMAS;FEMININO;10/04/1961;53;PARDA;BRASIL;TOCANTINS;;SEM INFORMAÇÃO;CASADO;621;TRABALHADORES NA EXPLORAÇÃO AGROPECUÁRIA EM GERAL	;TOCANTINS;PALMAS;MAMA , SOE;C509;CARCINOMA DUCTAL INFILTRANTE;85003;MAMA , SOE;C509;;;;;false;HISTOLOGIA DO TUMOR PRIMÁRIO;METÁSTASE;;;;;;;;20/03/2015;;
1443828;RCBP PALMAS;MASCULINO;12/10/1945;69;BRANCO;BRASIL;MINAS GERAIS;BELO HORIZONTE;FUNDAMENTAL II (5ª A 8ª SÉRIE);CASADO;0;SEM INFORMAÇÃO	;TOCANTINS;PALMAS;BEXIGA, SOE;C679;CARCINOMA, SOE;80103;BEXIGA, SOE;C679;;;;;false;HISTOLOGIA DO TUMOR PRIMÁRIO;LOCALIZADO;;;;;CÂNCER;06/09/2015;;03/05/2015;;
1443826;RCBP PALMAS;FEMININO;25/12/1935;79;PARDA;BRASIL;MARANHÃO;ALTO PARNAÍBA;FUNDAMENTAL I (1ª A 4ª SÉRIE);VIÚVO;0;SEM INFORMAÇÃO	;TOCANTINS;PALMAS;LOCALIZACAO PRIMARIA DESCONHECIDA, SOE;C809;NEOPLASIA MALIGNA;80003;LOCALIZACAO PRIMARIA DESCONHECIDA;C80;;;;;false;SDO;METÁSTASE;;;;;CÂNCER;11/07/2015;;09/07/2015;;
1167895;RCBP PALMAS;FEMININO;17/10/1952;63;PARDA;BRASIL;ALAGOAS;;FUNDAMENTAL I (1ª A 4ª SÉRIE);CASADO;0;SEM INFORMAÇÃO	;TOCANTINS;PALMAS;MAMA , SOE;C509;CARCINOMA DUCTAL INFILTRANTE;85003;MAMA , SOE;C509;;;;;false;HISTOLOGIA DO TUMOR PRIMÁRIO;METÁSTASE;;;;;CÂNCER;25/09/2017;;20/10/2015;;
1184437;RCBP PALMAS;MASCULINO;26/02/1959;56;BRANCO;BRASIL;RIO DE JANEIRO;RIO DE JANEIRO;SEM INFORMAÇÃO;SEM INFORMAÇÃO;0;SEM INFORMAÇÃO	;TOCANTINS;PALMAS;PROSTATA, SOE;C619;ADENOCARCINOMA, SOE;81403;PROSTATA;C61;;;;;false;HISTOLOGIA DO TUMOR PRIMÁRIO;LOCALIZADO;;;;;;;;31/07/2015;;
1443858;RCBP PALMAS;MASCULINO;04/08/1942;73;PARDA;BRASIL;Não informado;Não Informado;SEM ESCOLARIDADE;SEM INFORMAÇÃO;0;SEM INFORMAÇÃO	;TOCANTINS;PALMAS;MEDIASTINO, SOE;C383;NEOPLASIA MALIGNA;80003;MEDIASTINO, PORCAO NAO ESPECIFICADA;C383;;;;;false;SDO;METÁSTASE;;;;;CÂNCER;05/12/2015;;05/12/2015;;
1218168;RCBP PALMAS;MASCULINO;18/11/1970;44;BRANCO;BRASIL;RIO GRANDE DO SUL;;SEM INFORMAÇÃO;SEM INFORMAÇÃO;0;SEM INFORMAÇÃO	;TOCANTINS;PALMAS;FIGADO, SOE;C220;CARCINOMA HEPATOCELULAR, SOE;81703;CARCINOMA DE CELULAS HEPATICAS;C220;;;;;false;HISTOLOGIA DO TUMOR PRIMÁRIO;LOCALIZADO;;;;;;;;22/07/2015;;
1445519;RCBP PALMAS;FEMININO;18/02/1930;85;PARDA;BRASIL;MINAS GERAIS;CATAGUASES;SEM ESCOLARIDADE;VIÚVO;0;SEM INFORMAÇÃO	;TOCANTINS;PALMAS;MEDULA OSSEA;C421;LEUCEMIA MIELOIDE CRONICA, SOE;98633;LEUCEMIA MIELOIDE CRONICA;C921;;;;;false;HISTOLOGIA DO TUMOR PRIMÁRIO;NÃO SE APLICA;;;;;CÂNCER;21/10/2015;;21/10/2015;;
1441605;RCBP PALMAS;MASCULINO;26/11/1945;69;PARDA;BRASIL;BAHIA;POTIRAGUÁ;SEM INFORMAÇÃO;SEM INFORMAÇÃO;;;TOCANTINS;PALMAS;PROSTATA, SOE;C619;ADENOCARCINOMA, SOE;81403;PROSTATA;C61;;;;;false;HISTOLOGIA DO TUMOR PRIMÁRIO;LOCALIZADO;;;;;;;;28/09/2015;;
1218177;RCBP PALMAS;FEMININO;23/12/1977;37;PARDA;BRASIL;DISTRITO FEDERAL;;MÉDIO (ANTIGO SEGUNDO GRAU);CASADO;0;SEM INFORMAÇÃO	;TOCANTINS;PALMAS;VULVA, SOE;C519;CARCINOMA ESCAMOCELULAR "IN SITU", SOE;80702;VULVA;D071;;;;;false;HISTOLOGIA DO TUMOR PRIMÁRIO;"IN SITU";;;;;;;;11/12/2015;;
1445500;RCBP PALMAS;MASCULINO;10/04/1957;57;PARDA;BRASIL;SANTA CATARINA;CONCÓRDIA;FUNDAMENTAL II (5ª A 8ª SÉRIE);SEPARADO JUDICIALMENTE;0;SEM INFORMAÇÃO	;TOCANTINS;PALMAS;FIGADO, SOE;C220;CARCINOMA HEPATOCELULAR, SOE;81703;CARCINOMA DE CELULAS HEPATICAS;C220;;;;;false;HISTOLOGIA DO TUMOR PRIMÁRIO;METÁSTASE;;;;;CÂNCER;08/10/2015;;03/02/2015;;
1445501;RCBP PALMAS;MASCULINO;28/08/1952;62;PARDA;BRASIL;RIO GRANDE DO NORTE;SANTA CRUZ;SEM INFORMAÇÃO;SEM INFORMAÇÃO;0;SEM INFORMAÇÃO	;TOCANTINS;PALMAS;PROSTATA, SOE;C619;ADENOCARCINOMA, SOE;81403;PROSTATA;C61;;;;;false;HISTOLOGIA DO TUMOR PRIMÁRIO;LOCALIZADO;;;;;;;;24/03/2015;;
1441663;RCBP PALMAS;MASCULINO;06/10/1971;43;PARDA;BRASIL;Não informado;Não Informado;SUPERIOR INCOMPLETO;CASADO;351;TÉCNICOS DAS CIÊNCIAS ADMINISTRATIVAS 	;TOCANTINS;PALMAS;ENCEFALO, SOE;C719;EPENDIMOMA, SOE;93913;ENCEFALO, SOE;C719;;;;;false;HISTOLOGIA DO TUMOR PRIMÁRIO;LOCALIZADO;;;;;CÂNCER;23/02/2015;;10/02/2015;;
1445596;RCBP PALMAS;FEMININO;01/10/1960;54;SEM INFORMAÇÃO;BRASIL;CEARÁ;ORÓS;SUPERIOR INCOMPLETO;CASADO;0;SEM INFORMAÇÃO	;TOCANTINS;PALMAS;MEDULA OSSEA;C421;LEUCEMIA, SOE;98003;LEUCEMIA NAO ESPECIFICADA;C959;;;;;false;PESQUISA;NÃO SE APLICA;;;;;CÂNCER;05/03/2015;;02/01/2015;;
1445598;RCBP PALMAS;MASCULINO;13/11/1957;57;BRANCO;BRASIL;TOCANTINS;ARAGUATINS;SEM INFORMAÇÃO;CASADO;0;SEM INFORMAÇÃO	;TOCANTINS;PALMAS;ESOFAGO, SOE;C159;CARCINOMA, SOE;80103;ESOFAGO, SOE;C159;;;;;false;HISTOLOGIA DO TUMOR PRIMÁRIO;LOCALIZADO;;;;;CÂNCER;01/10/2015;;03/02/2015;;
1445597;RCBP PALMAS;MASCULINO;01/08/1946;69;SEM INFORMAÇÃO;BRASIL;Não informado;Não Informado;SEM INFORMAÇÃO;SEM INFORMAÇÃO;;;TOCANTINS;PALMAS;PROSTATA, SOE;C619;ADENOCARCINOMA, SOE;81403;PROSTATA;C61;;;;;false;HISTOLOGIA DO TUMOR PRIMÁRIO;LOCALIZADO;;;;;;;;28/08/2015;;
1443387;RCBP PALMAS;FEMININO;17/10/1934;80;PRETA;BRASIL;MARANHÃO;PORTO FRANCO;SEM INFORMAÇÃO;VIÚVO;0;SEM INFORMAÇÃO	;TOCANTINS;PALMAS;LINFONODOS DE REGIOES MULTIPLAS;C778;LINFOMA MALIGNO, SOE;95903;LINFOMA NAO-HODGKIN, SOE;C859;;;;;false;SDO;NÃO SE APLICA;;;;;CÂNCER;04/05/2015;;04/05/2015;;
1445595;RCBP PALMAS;MASCULINO;24/07/1967;48;PARDA;BRASIL;TOCANTINS;;FUNDAMENTAL I (1ª A 4ª SÉRIE);CASADO;0;SEM INFORMAÇÃO	;TOCANTINS;PALMAS;PANCREAS, SOE;C259;ADENOCARCINOMA, SOE;81403;PANCREAS, SOE;C259;;;;;false;HISTOLOGIA DO TUMOR PRIMÁRIO;METÁSTASE;;;;;CÂNCER;10/06/2016;;31/07/2015;;
1443391;RCBP PALMAS;FEMININO;10/11/1959;55;PARDA;BRASIL;Não informado;Não Informado;SEM ESCOLARIDADE;UNIÃO CONSENSUAL;0;SEM INFORMAÇÃO	;TOCANTINS;PALMAS;PULMAO, SOE;C349;CARCINOMA, SOE;80103;BRONQUIOS OU PULMOES, SOE;C349;;;;;false;HISTOLOGIA DO TUMOR PRIMÁRIO;LOCALIZADO;;;;;CÂNCER;21/05/2015;;05/02/2015;;
1443857;RCBP PALMAS;MASCULINO;04/09/1955;59;PRETA;BRASIL;Não informado;Não Informado;SUPERIOR INCOMPLETO;SEPARADO JUDICIALMENTE;0;SEM INFORMAÇÃO	;TOCANTINS;PALMAS;MEDULA OSSEA;C421;MIELOMA MULTIPLO;97323;MIELOMA MULTIPLO;C900;;;;;false;SDO;NÃO SE APLICA;;;;;CÂNCER;02/04/2015;;02/04/2015;;
1218122;RCBP PALMAS;FEMININO;08/08/1933;81;PARDA;BRASIL;TOCANTINS;NOVO ACORDO;SEM INFORMAÇÃO;VIÚVO;0;SEM INFORMAÇÃO	;TOCANTINS;PALMAS;OVARIO, SOE;C569;CISTADENOCARCINOMA MUCINOSO, SOE;84703;OVARIO;C56;;;;;false;CITOLOGIA;LOCALIZADO;;;;;;;;30/04/2015;;
1445445;RCBP PALMAS;MASCULINO;10/02/1950;65;BRANCO;BRASIL;TOCANTINS;NAZARÉ;SUPERIOR COMPLETO;CASADO;0;SEM INFORMAÇÃO	;TOCANTINS;PALMAS;PROSTATA, SOE;C619;CARCINOMA, SOE;80103;PROSTATA;C61;;;;;false;HISTOLOGIA DO TUMOR PRIMÁRIO;METÁSTASE;;;;;CÂNCER;26/04/2015;;26/04/2015;;
1218140;RCBP PALMAS;MASCULINO;23/07/1945;70;PARDA;BRASIL;MARANHÃO;CAROLINA;SUPERIOR INCOMPLETO;CASADO;141;GERENTES DE PRODUÇÃO E OPERAÇÕES  	;TOCANTINS;PALMAS;PROSTATA, SOE;C619;NEOPLASIA MALIGNA;80003;PROSTATA;C61;;;;;false;PESQUISA;METÁSTASE;;;;;;;;15/08/2015;;
1466492;RCBP PALMAS;FEMININO;19/06/1958;57;PARDA;BRASIL;PIAUÍ;OEIRAS;SEM ESCOLARIDADE;UNIÃO CONSENSUAL;0;SEM INFORMAÇÃO	;TOCANTINS;PALMAS;ENCEFALO, SOE;C719;GLIOMA MALIGNO;93803;ENCEFALO, SOE;C719;;;;;false;HISTOLOGIA DO TUMOR PRIMÁRIO;LOCALIZADO;;;;;CÂNCER;06/12/2016;;18/04/2016;;
1168150;RCBP PALMAS;FEMININO;22/08/1975;40;SEM INFORMAÇÃO;BRASIL;TOCANTINS;LIZARDA;SEM INFORMAÇÃO;SEM INFORMAÇÃO;111;MEMBROS SUPERIORES DO PODER LEGISLATIVO, EXECUTIVO E JUDICIÁRIO   	;TOCANTINS;PALMAS;JUNCAO RETOSSIGMOIDIANA, SOE;C199;SARCOMA ESTROMAL GASTROINTESTINAL;89363;JUNCAO RETOSSIGMOIDE;C19;;;;;true;HISTOLOGIA DO TUMOR PRIMÁRIO;LOCALIZADO;;;;;;;;17/05/2016;;
1168876;RCBP PALMAS;FEMININO;02/04/1981;35;PARDA;BRASIL;ALAGOAS;MACEIÓ;SEM INFORMAÇÃO;SEM INFORMAÇÃO;0;SEM INFORMAÇÃO	;TOCANTINS;PALMAS;FIGADO, SOE;C220;ADENOCARCINOMA, SOE;81403;FIGADO E VIAS BILIARES INTRA-HEPATICAS;C22;;;;;false;HISTOLOGIA DO TUMOR PRIMÁRIO;LOCALIZADO;;;;;;;;13/12/2016;;
1168237;RCBP PALMAS;MASCULINO;24/05/1943;72;BRANCO;BRASIL;SÃO PAULO;TANABI;SEM INFORMAÇÃO;CASADO;0;SEM INFORMAÇÃO	;TOCANTINS;PALMAS;TRATO INTESTINAL, SOE;C260;ADENOCARCINOMA, SOE;81403;TRATO INTESTINAL, SOE;C260;;;;;false;HISTOLOGIA DO TUMOR PRIMÁRIO;LOCALIZADO;;;;;;;;23/02/2016;;
1168893;RCBP PALMAS;FEMININO;26/03/1959;57;BRANCO;BRASIL;BAHIA;CONCEIÇÃO DO COITÉ;SEM INFORMAÇÃO;CASADO;0;SEM INFORMAÇÃO	;TOCANTINS;PALMAS;LOBO SUPERIOR DO PULMAO;C341;ADENOCARCINOMA, SOE;81403;LOBO SUPERIOR, BRONQUIO OU PULMAO;C341;;;;;false;HISTOLOGIA DO TUMOR PRIMÁRIO;METÁSTASE;;;;;CÂNCER;09/09/2016;;16/05/2016;;
1168923;RCBP PALMAS;FEMININO;10/01/1966;50;BRANCO;BRASIL;MINAS GERAIS;ABAETÉ;SEM INFORMAÇÃO;SEM INFORMAÇÃO;0;SEM INFORMAÇÃO	;TOCANTINS;PALMAS;ESTOMAGO, SOE;C169;CARCINOMA DE CELULAS EM ANEL DE SINETE;84903;ESTOMAGO, SOE;C169;;;;;false;HISTOLOGIA DO TUMOR PRIMÁRIO;LOCALIZADO;;;;;;;;17/09/2016;;
1184305;RCBP PALMAS;FEMININO;09/06/1943;72;PARDA;BRASIL;CEARÁ;JATI;SEM INFORMAÇÃO;CASADO;0;SEM INFORMAÇÃO	;TOCANTINS;PALMAS;LOCALIZACAO PRIMARIA DESCONHECIDA, SOE;C809;NEOPLASIA MALIGNA;80003;LOCALIZACAO PRIMARIA DESCONHECIDA;C80;;;;;false;SDO;METÁSTASE;;;;;;;;12/02/2016;;
1167919;RCBP PALMAS;FEMININO;11/09/1953;63;PARDA;BRASIL;TOCANTINS;PORTO NACIONAL;FUNDAMENTAL II (5ª A 8ª SÉRIE);CASADO;0;SEM INFORMAÇÃO	;TOCANTINS;PALMAS;COLO DO UTERO, SOE;C539;CARCINOMA ESCAMOCELULAR, SOE;80703;COLO DO UTERO, SOE;C539;;;;;false;HISTOLOGIA DO TUMOR PRIMÁRIO;LOCALIZADO;;;;;;;;09/11/2016;;
1226925;RCBP PALMAS;MASCULINO;09/04/1996;20;SEM INFORMAÇÃO;BRASIL;TOCANTINS;;SUPERIOR COMPLETO;SEM INFORMAÇÃO;0;SEM INFORMAÇÃO	;TOCANTINS;PALMAS;LINFONODOS DA CABECA, FACE E PESCOCO;C770;LINFOMA DE HODGKIN, ESCLEROSE NODULAR, SOE;96633;ESCLEROSE NODULAR;C811;;;LINFOMA DE HODGKIN;2.2;false;HISTOLOGIA DO TUMOR PRIMÁRIO;NÃO SE APLICA;;;;;;;;18/08/2016;;
1226922;RCBP PALMAS;FEMININO;03/10/1954;61;BRANCO;BRASIL;Não informado;Não Informado;SUPERIOR COMPLETO;CASADO;0;SEM INFORMAÇÃO	;TOCANTINS;PALMAS;OVARIO, SOE;C569;NEOPLASIA MALIGNA;80003;OVARIO;C56;;;;;false;SDO;METÁSTASE;;;;;CÂNCER;28/09/2016;;28/09/2016;;
1226916;RCBP PALMAS;FEMININO;29/10/1951;64;BRANCO;BRASIL;GOIAS;APARECIDA DE GOIÂNIA;SEM ESCOLARIDADE;CASADO;0;SEM INFORMAÇÃO	;TOCANTINS;PALMAS;ENCEFALO, SOE;C719;NEOPLASIA MALIGNA;80003;ENCEFALO, SOE;C719;;;;;false;SDO;METÁSTASE;;;;;CÂNCER;15/08/2016;;15/07/2016;;
1168264;RCBP PALMAS;MASCULINO;09/11/1977;38;SEM INFORMAÇÃO;BRASIL;MATO GROSSO DO SUL;;MÉDIO (ANTIGO SEGUNDO GRAU);SEM INFORMAÇÃO;0;SEM INFORMAÇÃO	;TOCANTINS;PALMAS;RETO, SOE;C209;ADENOCARCINOMA, SOE;81403;RETO;C20;;;;;false;HISTOLOGIA DO TUMOR PRIMÁRIO;LOCALIZADO;;;;;;;;20/07/2016;;
1168891;RCBP PALMAS;FEMININO;16/05/1958;58;PARDA;BRASIL;SÃO PAULO;ROSANA;SUPERIOR INCOMPLETO;UNIÃO CONSENSUAL;0;SEM INFORMAÇÃO	;TOCANTINS;PALMAS;COLO DO UTERO, SOE;C539;ADENOCARCINOMA, SOE;81403;COLO DO UTERO, SOE;C539;;;;;false;HISTOLOGIA DO TUMOR PRIMÁRIO;METÁSTASE;;;;;CÂNCER;27/09/2016;;14/09/2016;;
1168233;RCBP PALMAS;MASCULINO;05/09/1941;74;BRANCO;BRASIL;CEARÁ;PENTECOSTE;SEM INFORMAÇÃO;SEM INFORMAÇÃO;0;SEM INFORMAÇÃO	;TOCANTINS;PALMAS;PROSTATA, SOE;C619;ADENOCARCINOMA, SOE;81403;PROSTATA;C61;;;;;false;HISTOLOGIA DO TUMOR PRIMÁRIO;LOCALIZADO;;;;;;;;08/04/2016;;
1168143;RCBP PALMAS;FEMININO;30/09/1955;60;PARDA;BRASIL;MARANHÃO;CODÓ;SEM INFORMAÇÃO;CASADO;0;SEM INFORMAÇÃO	;TOCANTINS;PALMAS;PANCREAS, SOE;C259;ADENOCARCINOMA, SOE;81403;PANCREAS, SOE;C259;;;;;false;HISTOLOGIA DO TUMOR PRIMÁRIO;LOCALIZADO;;;;;;;;01/03/2016;;
1168222;RCBP PALMAS;MASCULINO;10/10/1938;78;BRANCO;BRASIL;MINAS GERAIS;;FUNDAMENTAL II (5ª A 8ª SÉRIE);CASADO;782;CONDUTORES DE VEÍCULOS E OPERADORES DE EQUIPAMENTOS DE ELEVAÇÃO E DE MOVIMENTAÇÃO DE CARGAS   	;TOCANTINS;PALMAS;LINFONODOS DE REGIOES MULTIPLAS;C778;LINFOMA DE CELULAS DA ZONA DO MANTO;96733;OUTROS TIPOS DE LINFOMA NAO-HODKIN DIFUSO;C838;;;;;false;HISTOLOGIA DO TUMOR PRIMÁRIO;NÃO SE APLICA;;;;;SEM INFORMAÇÃO;25/02/2017;;20/10/2016;;
1168153;RCBP PALMAS;MASCULINO;29/05/1973;42;PARDA;BRASIL;GOIAS;ANÁPOLIS;MÉDIO (ANTIGO SEGUNDO GRAU);CASADO;611;PRODUTORES AGROPECUÁRIOS EM GERAL 	;TOCANTINS;PALMAS;LESAO SOBREPOSTA DO PANCREAS;C258;ADENOCARCINOMA, SOE;81403;LESAO INVASIVA DO PANCRES;C258;;;;;false;HISTOLOGIA DO TUMOR PRIMÁRIO;METÁSTASE;;;;;CÂNCER;20/04/2016;;24/02/2016;;
1168220;RCBP PALMAS;FEMININO;05/08/1952;63;BRANCO;BRASIL;TOCANTINS;;SUPERIOR COMPLETO;VIÚVO;234;PROFESSORES DO ENSINO SUPERIOR	;TOCANTINS;PALMAS;QUADRANTE SUPERIOR EXTERNO DA MAMA;C504;CARCINOMA DUCTAL INFILTRANTE;85003;QUADRANTE SUPERIOR EXTERNO DA MAMA;C504;;;;;false;HISTOLOGIA DO TUMOR PRIMÁRIO;LOCALIZADO;;;;;;;;13/04/2016;;
1168861;RCBP PALMAS;MASCULINO;02/04/1963;53;SEM INFORMAÇÃO;BRASIL;MINAS GERAIS;;FUNDAMENTAL I (1ª A 4ª SÉRIE);SEM INFORMAÇÃO;0;SEM INFORMAÇÃO	;TOCANTINS;PALMAS;PAREDE LATERAL DA BEXIGA;C672;CARCINOMA PAPILAR DE CELULAS TRANSICIONAIS;81303;PAREDE LATERAL DA BEXIGA;C672;;;;;false;HISTOLOGIA DO TUMOR PRIMÁRIO;LOCALIZADO;;;;;;;;14/04/2016;;
1168870;RCBP PALMAS;FEMININO;13/04/1962;53;PARDA;BRASIL;GOIAS;;SEM ESCOLARIDADE;SOLTEIRO;0;SEM INFORMAÇÃO	;TOCANTINS;PALMAS;QUADRANTE SUPERIOR EXTERNO DA MAMA;C504;CARCINOMA DUCTAL INFILTRANTE;85003;QUADRANTE SUPERIOR EXTERNO DA MAMA;C504;;;;;false;HISTOLOGIA DO TUMOR PRIMÁRIO;METÁSTASE;;;;;;;;02/02/2016;;
1168161;RCBP PALMAS;FEMININO;11/12/1979;36;SEM INFORMAÇÃO;BRASIL;DISTRITO FEDERAL;BRASÍLIA;SEM INFORMAÇÃO;CASADO;331;PROFESSORES DE NÍVEL MÉDIO NA EDUCAÇÃO INFANTIL, NO ENSINO FUNDAMENTAL E NO PROFISSIONALIZANTE	;TOCANTINS;PALMAS;TECIDOS MOLES DO MEMBRO INFERIOR E QUADRIL;C492;LIPOSSARCOMA MIXOIDE;88523;TECIDOS MOLES DO MEMBRO INFERIOR E QUADRIL;C492;;;;;false;HISTOLOGIA DO TUMOR PRIMÁRIO;LOCALIZADO;;;;;;;;19/08/2016;;
1168147;RCBP PALMAS;FEMININO;04/05/1995;21;BRANCO;BRASIL;GOIAS;GOIÂNIA;SUPERIOR COMPLETO;CASADO;516;TRABALHADORES NOS SERVIÇOS DE EMBELEZAMENTO E CUIDADOS PESSOAIS   	;TOCANTINS;PALMAS;COLO DO UTERO, SOE;C539;CARCINOMA ESCAMOCELULAR, SOE;80703;COLO DO UTERO, SOE;C539;;;CARCINOMA DE ÚTERO E CÉRVIX;8.5.4;false;HISTOLOGIA DO TUMOR PRIMÁRIO;SEM INFORMAÇÃO;;;;;;;;04/11/2016;;
1168933;RCBP PALMAS;FEMININO;07/10/1965;50;PARDA;BRASIL;MARANHÃO;;MÉDIO (ANTIGO SEGUNDO GRAU);CASADO;513;TRABALHADORES DOS SERVIÇOS DE HOTELARIA E ALIMENTAÇÃO 	;TOCANTINS;PALMAS;QUADRANTE SUPERIOR EXTERNO DA MAMA;C504;CARCINOMA LOBULAR, SOE;85203;QUADRANTE SUPERIOR EXTERNO DA MAMA;C504;;;;;false;HISTOLOGIA DO TUMOR PRIMÁRIO;METÁSTASE;;;;;SEM INFORMAÇÃO;11/09/2016;;08/04/2016;;
1168931;RCBP PALMAS;FEMININO;06/06/2009;7;SEM INFORMAÇÃO;BRASIL;TOCANTINS;;SEM ESCOLARIDADE;SEM INFORMAÇÃO;0;SEM INFORMAÇÃO	;TOCANTINS;PALMAS;MEDULA OSSEA;C421;LEUCEMIA MIELOIDE AGUDA, T(821) (Q22Q22);98963;LEUCEMIA MIELOIDE AGUDA;C920;Leucemias mielóides agudas;I-B;;;false;HISTOLOGIA DO TUMOR PRIMÁRIO;NÃO SE APLICA;;;;;;;;28/10/2016;;
1168928;RCBP PALMAS;MASCULINO;17/10/1954;61;PARDA;BRASIL;PIAUÍ;;FUNDAMENTAL I (1ª A 4ª SÉRIE);CASADO;715;TRABALHADORES DA CONSTRUÇÃO CIVIL E OBRAS PÚBLICAS	;TOCANTINS;PALMAS;LINFONODOS DA AXILA E DOS MEMBROS SUPERIORES;C773;LINFOMA MALIGNO, SOE;95903;LINFOMA NAO-HODGKIN, SOE;C859;;;;;false;HISTOLOGIA DO TUMOR PRIMÁRIO;NÃO SE APLICA;;;;;;;;28/03/2016;;
1168929;RCBP PALMAS;MASCULINO;15/12/1967;48;BRANCO;BRASIL;TOCANTINS;PINDORAMA DO TOCANTINS;SEM INFORMAÇÃO;SEM INFORMAÇÃO;0;SEM INFORMAÇÃO	;TOCANTINS;PALMAS;RIM, SOE;C649;CARCINOMA DE CELULAS RENAIS, SOE;83123;RIM;C64;;;;;false;HISTOLOGIA DO TUMOR PRIMÁRIO;LOCALIZADO;;;;;;;;30/11/2016;;
1168930;RCBP PALMAS;MASCULINO;08/08/1930;86;PARDA;BRASIL;TOCANTINS;FILADÉLFIA;SEM INFORMAÇÃO;SEM INFORMAÇÃO;0;SEM INFORMAÇÃO	;TOCANTINS;PALMAS;PROSTATA, SOE;C619;ADENOCARCINOMA, SOE;81403;PROSTATA;C61;;;;;false;HISTOLOGIA DO TUMOR PRIMÁRIO;LOCALIZADO;;;;;;;;14/10/2016;;
1168932;RCBP PALMAS;FEMININO;28/10/1961;54;PARDA;BRASIL;TOCANTINS;;SEM INFORMAÇÃO;SEM INFORMAÇÃO;0;SEM INFORMAÇÃO	;TOCANTINS;PALMAS;MAMA , SOE;C509;CARCINOMA DUCTAL INFILTRANTE;85003;MAMA , SOE;C509;;;;;false;HISTOLOGIA DO TUMOR PRIMÁRIO;LOCALIZADO;;;;;;;;01/02/2016;;
1168927;RCBP PALMAS;FEMININO;30/08/1967;48;PARDA;BRASIL;TOCANTINS;ALMAS;SEM INFORMAÇÃO;CASADO;512;TRABALHADORES DOS SERVIÇOS DOMÉSTICOS EM GERAL	;TOCANTINS;PALMAS;TECIDOS MOLES DO TORAX;C493;LIPOSSARCOMA, SOE;88503;TECIDOS MOLES DO TORAX;C493;;;;;false;HISTOLOGIA DO TUMOR PRIMÁRIO;LOCALIZADO;;;;;NÃO CÂNCER;20/09/2016;;08/08/2016;;
1168892;RCBP PALMAS;FEMININO;17/07/1973;43;SEM INFORMAÇÃO;BRASIL;TOCANTINS;;SUPERIOR COMPLETO;SEM INFORMAÇÃO;0;SEM INFORMAÇÃO	;TOCANTINS;PALMAS;LOCALIZACAO PRIMARIA DESCONHECIDA, SOE;C809;CARCINOMA DE CELULAS EM ANEL DE SINETE;84903;LOCALIZACAO PRIMARIA DESCONHECIDA;C80;;;;;false;HISTOLOGIA DO TUMOR PRIMÁRIO;METÁSTASE;;;;;SEM INFORMAÇÃO;20/09/2016;;19/07/2016;;
1168894;RCBP PALMAS;FEMININO;02/04/2004;11;SEM INFORMAÇÃO;BRASIL;TOCANTINS;;FUNDAMENTAL I (1ª A 4ª SÉRIE);SEM INFORMAÇÃO;0;SEM INFORMAÇÃO	;TOCANTINS;PALMAS;MEDULA OSSEA;C421;LEUCEMIA MIELOMONOCITICA AGUDA;98673;LEUCEMIA MIELOMONOCITICA AGUDA;C925;Leucemias mielóides agudas;I-B;;;false;HISTOLOGIA DO TUMOR PRIMÁRIO;NÃO SE APLICA;;;;;;;;04/02/2016;;
1168895;RCBP PALMAS;MASCULINO;06/05/1986;30;PARDA;BRASIL;MARANHÃO;;FUNDAMENTAL I (1ª A 4ª SÉRIE);CASADO;516;TRABALHADORES NOS SERVIÇOS DE EMBELEZAMENTO E CUIDADOS PESSOAIS   	;TOCANTINS;PALMAS;LOBO TEMPORAL;C712;ASTROCITOMA ANAPLASICO;94013;LOBO TEMPORAL;C712;;;;;false;HISTOLOGIA DO TUMOR PRIMÁRIO;SEM INFORMAÇÃO;;;;;;;;13/05/2016;;
1168896;RCBP PALMAS;MASCULINO;06/05/1946;70;PARDA;BRASIL;TOCANTINS;PORTO NACIONAL;SEM INFORMAÇÃO;SEM INFORMAÇÃO;0;SEM INFORMAÇÃO	;TOCANTINS;PALMAS;PROSTATA, SOE;C619;ADENOCARCINOMA, SOE;81403;PROSTATA;C61;;;;;false;HISTOLOGIA DO TUMOR PRIMÁRIO;LOCALIZADO;;;;;;;;17/06/2016;;
1168898;RCBP PALMAS;FEMININO;30/11/1981;34;PARDA;BRASIL;PARÁ;;MÉDIO (ANTIGO SEGUNDO GRAU);SOLTEIRO;514;TRABALHADORES NOS SERVIÇOS DE ADMINISTRAÇÃO, CONSERVAÇÃO E MANUTENÇÃO DE EDIFÍCIOS E LOGRADOUROS  	;TOCANTINS;PALMAS;ENCEFALO, SOE;C719;EPENDIMOMA, SOE;93913;ENCEFALO, SOE;C719;;;;;false;HISTOLOGIA DO TUMOR PRIMÁRIO;SEM INFORMAÇÃO;;;;;SEM INFORMAÇÃO;21/03/2017;;15/11/2016;;
1168900;RCBP PALMAS;MASCULINO;08/09/1949;67;PARDA;BRASIL;GOIAS;;FUNDAMENTAL I (1ª A 4ª SÉRIE);CASADO;0;SEM INFORMAÇÃO	;TOCANTINS;PALMAS;PROSTATA, SOE;C619;ADENOCARCINOMA, SOE;81403;PROSTATA;C61;;;;;false;HISTOLOGIA DO TUMOR PRIMÁRIO;METÁSTASE;;;;;SEM INFORMAÇÃO;14/04/2017;;29/10/2016;;
1168901;RCBP PALMAS;FEMININO;22/08/1970;46;PARDA;BRASIL;PARÁ;;FUNDAMENTAL I (1ª A 4ª SÉRIE);SOLTEIRO;0;SEM INFORMAÇÃO	;TOCANTINS;PALMAS;MEDULA OSSEA;C421;TROMBOCITEMIA ESSENCIAL;99623;LEUCEMIA DE TIPO CELULAR, SOE;C95;;;;;false;HISTOLOGIA DO TUMOR PRIMÁRIO;NÃO SE APLICA;;;;;;;;14/09/2016;;
1168902;RCBP PALMAS;FEMININO;25/10/1953;62;BRANCO;BRASIL;MINAS GERAIS;CAPINÓPOLIS;FUNDAMENTAL I (1ª A 4ª SÉRIE);SOLTEIRO;0;SEM INFORMAÇÃO	;TOCANTINS;PALMAS;QUADRANTE SUPERIOR EXTERNO DA MAMA;C504;CARCINOMA DUCTAL INFILTRANTE;85003;QUADRANTE SUPERIOR EXTERNO DA MAMA;C504;;;;;false;HISTOLOGIA DO TUMOR PRIMÁRIO;LOCALIZADO;;;;;;;;06/01/2016;;
1168903;RCBP PALMAS;FEMININO;09/07/1961;54;PARDA;BRASIL;TOCANTINS;PORTO NACIONAL;SUPERIOR COMPLETO;SEM INFORMAÇÃO;0;SEM INFORMAÇÃO	;TOCANTINS;PALMAS;MAMA , SOE;C509;CARCINOMA METAPLASICO, SOE;85753;MAMA , SOE;C509;;;;;false;HISTOLOGIA DO TUMOR PRIMÁRIO;METÁSTASE;;;;;;;;06/06/2016;;
1168904;RCBP PALMAS;MASCULINO;18/09/1945;71;SEM INFORMAÇÃO;BRASIL;MARANHÃO;;FUNDAMENTAL I (1ª A 4ª SÉRIE);SEM INFORMAÇÃO;0;SEM INFORMAÇÃO	;TOCANTINS;PALMAS;ESTOMAGO, SOE;C169;ADENOCARCINOMA, SOE;81403;ESTOMAGO, SOE;C169;;;;;false;HISTOLOGIA DO TUMOR PRIMÁRIO;METÁSTASE;;;;;;;;13/12/2016;;
1168905;RCBP PALMAS;MASCULINO;12/03/1968;48;PARDA;BRASIL;BAHIA;SANTA RITA DE CÁSSIA;SEM INFORMAÇÃO;SEM INFORMAÇÃO;0;SEM INFORMAÇÃO	;TOCANTINS;PALMAS;RETO, SOE;C209;ADENOCARCINOMA, SOE;81403;RETO;C20;;;;;false;HISTOLOGIA DO TUMOR PRIMÁRIO;LOCALIZADO;;;;;;;;18/08/2016;;
1168897;RCBP PALMAS;FEMININO;03/11/1941;74;PARDA;BRASIL;BAHIA;BARREIRAS;MÉDIO (ANTIGO SEGUNDO GRAU);SEM INFORMAÇÃO;0;SEM INFORMAÇÃO	;TOCANTINS;PALMAS;PULMAO, SOE;C349;CARCINOMA ESCAMOCELULAR, SOE;80703;BRONQUIOS OU PULMOES, SOE;C349;;;;;false;HISTOLOGIA DO TUMOR PRIMÁRIO;LOCALIZADO;;;;;;;;15/02/2016;;
1168899;RCBP PALMAS;FEMININO;31/05/1951;65;SEM INFORMAÇÃO;BRASIL;TOCANTINS;PALMAS;SEM INFORMAÇÃO;SEM INFORMAÇÃO;0;SEM INFORMAÇÃO	;TOCANTINS;PALMAS;PELE DE OUTRAS PARTES DA FACE;C443;CARCINOMA BASOCELULAR, TIPO MORFEIA;80923;PELE DE OUTRAS PARTES DA FACE;C443;;;;;false;HISTOLOGIA DO TUMOR PRIMÁRIO;LOCALIZADO;;;;;;;;17/08/2016;;
1168908;RCBP PALMAS;FEMININO;17/08/1953;62;PRETA;BRASIL;MARANHÃO;;FUNDAMENTAL I (1ª A 4ª SÉRIE);VIÚVO;621;TRABALHADORES NA EXPLORAÇÃO AGROPECUÁRIA EM GERAL	;TOCANTINS;PALMAS;TECIDOS MOLES DO ABDOMEM;C494;LEIOMIOSSARCOMA, SOE;88903;TECIDOS MOLES DO ABDOMEM;C494;;;;;false;HISTOLOGIA DO TUMOR PRIMÁRIO;METÁSTASE;;;;;SEM INFORMAÇÃO;28/04/2016;;18/02/2016;;
1168909;RCBP PALMAS;FEMININO;15/07/1939;77;PARDA;BRASIL;MARANHÃO;;SEM ESCOLARIDADE;SOLTEIRO;0;SEM INFORMAÇÃO	;TOCANTINS;PALMAS;ENDOCERVIX;C530;CARCINOMA ESCAMOCELULAR, SOE;80703;ENDOCERVIX;C530;;;;;false;HISTOLOGIA DO TUMOR PRIMÁRIO;SEM INFORMAÇÃO;;;;;;;;14/09/2016;;
1168910;RCBP PALMAS;MASCULINO;30/08/1952;63;BRANCO;BRASIL;MARANHÃO;;MÉDIO (ANTIGO SEGUNDO GRAU);CASADO;0;SEM INFORMAÇÃO	;TOCANTINS;PALMAS;COLON ASCENDENTE;C182;ADENOCARCINOMA MUCINOSO;84803;COLON ASCENDENTE;C182;;;;;false;HISTOLOGIA DO TUMOR PRIMÁRIO;SEM INFORMAÇÃO;;;;;;;;20/07/2016;;
1168911;RCBP PALMAS;MASCULINO;16/01/1966;50;PARDA;BRASIL;TOCANTINS;;FUNDAMENTAL I (1ª A 4ª SÉRIE);UNIÃO CONSENSUAL;0;SEM INFORMAÇÃO	;TOCANTINS;PALMAS;MEDULA OSSEA;C421;MIELOMA MULTIPLO;97323;MIELOMA MULTIPLO;C900;;;;;false;HISTOLOGIA DO TUMOR PRIMÁRIO;NÃO SE APLICA;;;;;;;;31/08/2016;;
1168912;RCBP PALMAS;MASCULINO;28/01/1952;64;SEM INFORMAÇÃO;BRASIL;TOCANTINS;FILADÉLFIA;MÉDIO (ANTIGO SEGUNDO GRAU);CASADO;;;TOCANTINS;PALMAS;PROSTATA, SOE;C619;ADENOCARCINOMA, SOE;81403;PROSTATA;C61;;;;;true;HISTOLOGIA DO TUMOR PRIMÁRIO;LOCALIZADO;;;;;;;;07/04/2016;;
1168913;RCBP PALMAS;MASCULINO;12/12/1935;80;SEM INFORMAÇÃO;BRASIL;MARANHÃO;MIRADOR;SEM INFORMAÇÃO;SEM INFORMAÇÃO;0;SEM INFORMAÇÃO	;TOCANTINS;PALMAS;PROSTATA, SOE;C619;ADENOCARCINOMA, SOE;81403;PROSTATA;C61;;;;;false;HISTOLOGIA DO TUMOR PRIMÁRIO;LOCALIZADO;;;;;;;;23/02/2016;;
1168914;RCBP PALMAS;MASCULINO;20/09/1954;62;PARDA;BRASIL;MARANHÃO;PASSAGEM FRANCA;SEM INFORMAÇÃO;SEM INFORMAÇÃO;0;SEM INFORMAÇÃO	;TOCANTINS;PALMAS;GLANDE DO PENIS;C601;CARCINOMA ESCAMOCELULAR, SOE;80703;GLANDE;C601;;;;;false;HISTOLOGIA DO TUMOR PRIMÁRIO;SEM INFORMAÇÃO;;;;;;;;29/12/2016;;
1168915;RCBP PALMAS;FEMININO;17/03/1964;52;SEM INFORMAÇÃO;BRASIL;TOCANTINS;;FUNDAMENTAL I (1ª A 4ª SÉRIE);SEM INFORMAÇÃO;0;SEM INFORMAÇÃO	;TOCANTINS;PALMAS;QUADRANTE SUPERIOR EXTERNO DA MAMA;C504;CARCINOMA DUCTAL INFILTRANTE;85003;QUADRANTE SUPERIOR EXTERNO DA MAMA;C504;;;;;false;HISTOLOGIA DO TUMOR PRIMÁRIO;METÁSTASE;;;;;;;;21/09/2016;;
1168916;RCBP PALMAS;FEMININO;11/11/1973;42;BRANCO;BRASIL;TOCANTINS;;MÉDIO (ANTIGO SEGUNDO GRAU);SOLTEIRO;0;SEM INFORMAÇÃO	;TOCANTINS;PALMAS;PELE DO MEMBRO SUPERIOR E DO OMBRO;C446;CARCINOMA BASOCELULAR, SOE;80903;PELE DO MEMBRO SUPERIOR E DO OMBRO;C446;;;;;false;HISTOLOGIA DO TUMOR PRIMÁRIO;SEM INFORMAÇÃO;;;;;;;;07/06/2016;;
1168917;RCBP PALMAS;MASCULINO;04/09/1948;67;PARDA;BRASIL;RIO DE JANEIRO;;FUNDAMENTAL I (1ª A 4ª SÉRIE);CASADO;0;SEM INFORMAÇÃO	;TOCANTINS;PALMAS;COLON DESCENDENTE;C186;ADENOCARCINOMA TUBULAR;82113;COLON DESCENDENTE;C186;;;;;false;HISTOLOGIA DO TUMOR PRIMÁRIO;METÁSTASE;;;;;;;;14/06/2016;;
1168919;RCBP PALMAS;MASCULINO;20/01/1988;28;PARDA;BRASIL;MARANHÃO;;FUNDAMENTAL I (1ª A 4ª SÉRIE);CASADO;517;TRABALHADORES NOS SERVIÇOS DE PROTEÇÃO E SEGURANÇA	;TOCANTINS;PALMAS;LINFONODOS DA CABECA, FACE E PESCOCO;C770;LINFOMA MALIGNO, TIPO NAO HODGKIN, SOE;95913;LINFOMA NAO-HODGKIN, SOE;C859;;;LINFOMA NÃO-HODGKIN;2.1;false;HISTOLOGIA DO TUMOR PRIMÁRIO;NÃO SE APLICA;;;;;;;;12/12/2016;;
1168920;RCBP PALMAS;MASCULINO;16/08/2002;13;SEM INFORMAÇÃO;BRASIL;TOCANTINS;;FUNDAMENTAL I (1ª A 4ª SÉRIE);SEM INFORMAÇÃO;0;SEM INFORMAÇÃO	;TOCANTINS;PALMAS;OSSOS LONGOS M. INFERIOR E ARTICUL. ASSOCIADAS;C402;OSTEOSSARCOMA, SOE;91803;OSSOS LONGOS DOS M. INFERIORES;C402;Osteossarcoma;VIII-A;;;false;HISTOLOGIA DO TUMOR PRIMÁRIO;SEM INFORMAÇÃO;;;;;;;;27/05/2016;;
1168921;RCBP PALMAS;FEMININO;18/03/1973;43;BRANCO;BRASIL;SÃO PAULO;;MÉDIO (ANTIGO SEGUNDO GRAU);CASADO;141;GERENTES DE PRODUÇÃO E OPERAÇÕES  	;TOCANTINS;PALMAS;MAMILO;C500;CARCINOMA DUCTAL INFILTRANTE;85003;MAMILO E AREOLA;C500;;;;;false;HISTOLOGIA DO TUMOR PRIMÁRIO;LOCALIZADO;;;;;;;;30/11/2016;;
1168922;RCBP PALMAS;FEMININO;04/01/1996;20;SEM INFORMAÇÃO;BRASIL;TOCANTINS;;SUPERIOR COMPLETO;SEM INFORMAÇÃO;0;SEM INFORMAÇÃO	;TOCANTINS;PALMAS;TIREOIDE, SOE;C739;ADENOCARCINOMA PAPILAR, SOE;82603;GLANDULA TIREOIDE;C73;;;CARCINOMA DE TIREÓIDE;8.1;false;HISTOLOGIA DO TUMOR PRIMÁRIO;METÁSTASE;;;;;;;;21/10/2016;;
1168924;RCBP PALMAS;FEMININO;13/03/1961;55;BRANCO;BRASIL;SÃO PAULO;SÃO PAULO;SEM INFORMAÇÃO;SEM INFORMAÇÃO;0;SEM INFORMAÇÃO	;TOCANTINS;PALMAS;COLO DO UTERO, SOE;C539;ADENOCARCINOMA "IN SITU", SOE;81402;COLO DO UTERO, SOE;D069;;;;;false;HISTOLOGIA DO TUMOR PRIMÁRIO;"IN SITU";;;;;;;;19/12/2016;;
1168926;RCBP PALMAS;FEMININO;16/08/1942;73;SEM INFORMAÇÃO;BRASIL;RIO GRANDE DO NORTE;;FUNDAMENTAL I (1ª A 4ª SÉRIE);SEM INFORMAÇÃO;0;SEM INFORMAÇÃO	;TOCANTINS;PALMAS;COLO DO UTERO, SOE;C539;CARCINOMA ESCAMOCELULAR, SOE;80703;COLO DO UTERO, SOE;C539;;;;;false;HISTOLOGIA DO TUMOR PRIMÁRIO;SEM INFORMAÇÃO;;;;;;;;16/03/2016;;
1168872;RCBP PALMAS;FEMININO;25/03/1962;54;PARDA;BRASIL;MARANHÃO;TUNTUM;SEM INFORMAÇÃO;SOLTEIRO;0;SEM INFORMAÇÃO	;TOCANTINS;PALMAS;CABECA DO PANCREAS;C250;CARCINOMA "IN SITU", SOE;80102;OUTROS ORGAOS ESPECIFICADOS DO APARELHO DIGESTIVO;D017;;;;;false;CLÍNICO;"IN SITU";;;;;;;;23/11/2016;;
1168873;RCBP PALMAS;FEMININO;07/05/1951;64;PARDA;BRASIL;TOCANTINS;;FUNDAMENTAL I (1ª A 4ª SÉRIE);VIÚVO;0;SEM INFORMAÇÃO	;TOCANTINS;PALMAS;ENDOMETRIO;C541;CARCINOMA ENDOMETRIOIDE, SOE;83803;ENDOMETRIO;C541;;;;;false;HISTOLOGIA DO TUMOR PRIMÁRIO;SEM INFORMAÇÃO;;;;;;;;01/03/2016;;
1168874;RCBP PALMAS;FEMININO;27/03/1941;75;PARDA;BRASIL;MARANHÃO;;FUNDAMENTAL II (5ª A 8ª SÉRIE);VIÚVO;0;SEM INFORMAÇÃO	;TOCANTINS;PALMAS;TECIDOS MOLES DO MEMBRO INFERIOR E QUADRIL;C492;LIPOSSARCOMA, TIPO BEM DIFERENCIADO;88513;TECIDOS MOLES DO MEMBRO INFERIOR E QUADRIL;C492;;;;;false;HISTOLOGIA DO TUMOR PRIMÁRIO;SEM INFORMAÇÃO;;;;;;;;26/10/2016;;
1168875;RCBP PALMAS;FEMININO;26/03/1959;57;PARDA;BRASIL;BAHIA;;MÉDIO (ANTIGO SEGUNDO GRAU);CASADO;0;SEM INFORMAÇÃO	;TOCANTINS;PALMAS;PULMAO, SOE;C349;ADENOCARCINOMA, SOE;81403;BRONQUIOS OU PULMOES, SOE;C349;;;;;false;HISTOLOGIA DO TUMOR PRIMÁRIO;METÁSTASE;;;;;SEM INFORMAÇÃO;09/09/2016;;25/05/2016;;
1168877;RCBP PALMAS;FEMININO;08/06/1941;75;SEM INFORMAÇÃO;BRASIL;MARANHÃO;;SEM ESCOLARIDADE;SEM INFORMAÇÃO;0;SEM INFORMAÇÃO	;TOCANTINS;PALMAS;COLO DO UTERO, SOE;C539;CARCINOMA ESCAMOCELULAR, SOE;80703;COLO DO UTERO, SOE;C539;;;;;false;HISTOLOGIA DO TUMOR PRIMÁRIO;SEM INFORMAÇÃO;;;;;SEM INFORMAÇÃO;13/05/2018;;30/08/2016;;
1168878;RCBP PALMAS;FEMININO;03/01/1952;64;SEM INFORMAÇÃO;BRASIL;AMAPA;;SEM INFORMAÇÃO;SEM INFORMAÇÃO;0;SEM INFORMAÇÃO	;TOCANTINS;PALMAS;COLO DO UTERO, SOE;C539;CARCINOMA ESCAMOCELULAR, SOE;80703;COLO DO UTERO, SOE;C539;;;;;false;HISTOLOGIA DO TUMOR PRIMÁRIO;METÁSTASE;;;;;SEM INFORMAÇÃO;10/03/2016;;07/02/2016;;
1168879;RCBP PALMAS;FEMININO;25/08/2012;3;SEM INFORMAÇÃO;BRASIL;CEARÁ;;SEM ESCOLARIDADE;SEM INFORMAÇÃO;0;SEM INFORMAÇÃO	;TOCANTINS;PALMAS;MEDULA OSSEA;C421;LEUCEMIA LINFOBLASTICA DE CEL. PRECURSORAS TIPO B;98363;LEUCEMIA LINFOBLASTICA AGUDA;C910;Leucemias linfóides;I-A;;;false;HISTOLOGIA DO TUMOR PRIMÁRIO;NÃO SE APLICA;;;;;;;;10/08/2016;;
1168880;RCBP PALMAS;FEMININO;12/12/1961;54;BRANCO;BRASIL;MINAS GERAIS;;FUNDAMENTAL I (1ª A 4ª SÉRIE);CASADO;0;SEM INFORMAÇÃO	;TOCANTINS;PALMAS;PULMAO, SOE;C349;ADENOCARCINOMA, SOE;81403;BRONQUIOS OU PULMOES, SOE;C349;;;;;false;HISTOLOGIA DO TUMOR PRIMÁRIO;SEM INFORMAÇÃO;;;;;SEM INFORMAÇÃO;09/08/2016;;19/05/2016;;
1168881;RCBP PALMAS;FEMININO;08/03/1959;57;SEM INFORMAÇÃO;BRASIL;SANTA CATARINA;;SUPERIOR COMPLETO;SEM INFORMAÇÃO;0;SEM INFORMAÇÃO	;TOCANTINS;PALMAS;LINFONODOS DA CABECA, FACE E PESCOCO;C770;LINFOMA MALIGNO, CELS. GRANDES B, DIFUSO, SOE;96803;GRANDES CELULAS (DIFUSO);C833;;;;;false;HISTOLOGIA DO TUMOR PRIMÁRIO;NÃO SE APLICA;;;;;;;;02/05/2016;;
1168882;RCBP PALMAS;FEMININO;03/08/1938;77;BRANCO;BRASIL;TOCANTINS;CONCEIÇÃO DO TOCANTINS;SUPERIOR COMPLETO;VIÚVO;239;OUTROS PROFISSIONAIS DO ENSINO NÃO CLASSIFICADOS ANTERIORMENTE	;TOCANTINS;PALMAS;COLON ASCENDENTE;C182;CARCINOMA NEUROENDOCRINO, SOE;82463;COLON ASCENDENTE;C182;;;;;false;HISTOLOGIA DO TUMOR PRIMÁRIO;LOCALIZADO;;;;;;;;19/05/2016;;
1168883;RCBP PALMAS;FEMININO;29/01/1961;54;PARDA;BRASIL;TOCANTINS;;FUNDAMENTAL I (1ª A 4ª SÉRIE);SOLTEIRO;0;SEM INFORMAÇÃO	;TOCANTINS;PALMAS;PELE DO MEMBRO INFERIOR E DO QUADRIL;C447;MELANOMA MALIGNO, SOE;87203;MELANOMA MALIGNO DO MEMBRO INFERIOR E QUADRIL;C437;;;;;false;HISTOLOGIA DO TUMOR PRIMÁRIO;SEM INFORMAÇÃO;;;;;;;;15/01/2016;;
1168884;RCBP PALMAS;FEMININO;21/01/1977;39;PARDA;BRASIL;TOCANTINS;ITAGUATINS;SEM INFORMAÇÃO;CASADO;322;TÉCNICOS DA CIÊNCIA DA SAÚDE HUMANA 	;TOCANTINS;PALMAS;COLON SIGMOIDE;C187;ADENOCARCINOMA MUCINOSO;84803;COLON SIGMOIDE;C187;;;;;false;HISTOLOGIA DO TUMOR PRIMÁRIO;LOCALIZADO;;;;;;;;24/05/2016;;
1168885;RCBP PALMAS;FEMININO;03/07/1974;41;BRANCO;BRASIL;TOCANTINS;;SUPERIOR INCOMPLETO;CASADO;311;TÉCNICO EM CIÊNCIAS FÍSICAS E QUÍMICAS	;TOCANTINS;PALMAS;MAMILO;C500;CARCINOMA DUCTAL INFILTRANTE;85003;MAMILO E AREOLA;C500;;;;;false;HISTOLOGIA DO TUMOR PRIMÁRIO;SEM INFORMAÇÃO;;;;;;;;24/05/2016;;
1168886;RCBP PALMAS;FEMININO;16/06/1949;67;BRANCO;BRASIL;CEARÁ;;FUNDAMENTAL I (1ª A 4ª SÉRIE);VIÚVO;0;SEM INFORMAÇÃO	;TOCANTINS;PALMAS;MAMILO;C500;CARCINOMA DUCTAL INFILTRANTE;85003;MAMILO E AREOLA;C500;;;;;false;HISTOLOGIA DO TUMOR PRIMÁRIO;METÁSTASE;;;;;;;;29/09/2016;;
1168887;RCBP PALMAS;MASCULINO;05/10/2003;12;SEM INFORMAÇÃO;BRASIL;TOCANTINS;;FUNDAMENTAL II (5ª A 8ª SÉRIE);SEM INFORMAÇÃO;0;SEM INFORMAÇÃO	;TOCANTINS;PALMAS;MEDULA OSSEA;C421;LEUCEMIA LINFOBLASTICA DE CEL. PRECURSORAS TIPO B;98363;LEUCEMIA LINFOBLASTICA AGUDA;C910;Leucemias linfóides;I-A;;;false;HISTOLOGIA DO TUMOR PRIMÁRIO;NÃO SE APLICA;;;;;;;;30/09/2016;;
1168918;RCBP PALMAS;FEMININO;16/02/1981;35;PARDA;BRASIL;AMAZONAS;MANAUS;SEM INFORMAÇÃO;SEM INFORMAÇÃO;0;SEM INFORMAÇÃO	;TOCANTINS;PALMAS;ECTOCERVIX;C531;CARCINOMA ENDOMETRIOIDE, SOE;83803;ECTOCERVIX;C531;;;;;false;HISTOLOGIA DO TUMOR PRIMÁRIO;LOCALIZADO;;;;;;;;21/12/2016;;
1168925;RCBP PALMAS;MASCULINO;01/07/1942;74;AMARELA;BRASIL;TOCANTINS;NOVO ACORDO;SEM INFORMAÇÃO;SEM INFORMAÇÃO;0;SEM INFORMAÇÃO	;TOCANTINS;PALMAS;PROSTATA, SOE;C619;ADENOCARCINOMA, SOE;81403;PROSTATA;C61;;;;;false;HISTOLOGIA DO TUMOR PRIMÁRIO;LOCALIZADO;;;;;;;;06/12/2016;;
1168888;RCBP PALMAS;FEMININO;06/06/1972;44;PARDA;BRASIL;TOCANTINS;;FUNDAMENTAL I (1ª A 4ª SÉRIE);CASADO;0;SEM INFORMAÇÃO	;TOCANTINS;PALMAS;GLANDULA PAROTIDA, SOE;C079;MIOEPITELIOMA MALIGNO;89823;GLANDULA PAROTIDA;C07;;;;;false;HISTOLOGIA DO TUMOR PRIMÁRIO;SEM INFORMAÇÃO;;;;;;;;07/11/2016;;
1168890;RCBP PALMAS;MASCULINO;04/08/1962;53;SEM INFORMAÇÃO;BRASIL;TOCANTINS;;FUNDAMENTAL II (5ª A 8ª SÉRIE);SEM INFORMAÇÃO;0;SEM INFORMAÇÃO	;TOCANTINS;PALMAS;LINFONODOS DA CABECA, FACE E PESCOCO;C770;LINFOMA DE HODGKIN, CELULARIDADE MISTA, SOE;96523;CELULARIDADE MISTA;C812;;;;;false;HISTOLOGIA DO TUMOR PRIMÁRIO;NÃO SE APLICA;;;;;;;;18/05/2016;;
1168862;RCBP PALMAS;FEMININO;31/10/1947;68;PARDA;BRASIL;TOCANTINS;;SEM INFORMAÇÃO;CASADO;768;TRABALHADORES ARTESANAIS DAS ATIVIDADES TÊXTEIS, DO VESTUÁRIO E DAS ARTES GRÁFICAS	;TOCANTINS;PALMAS;MEDULA OSSEA;C421;LINFOMA MALIGNO, TIPO NAO HODGKIN, SOE;95913;LINFOMA NAO-HODGKIN, SOE;C859;;;;;false;HISTOLOGIA DO TUMOR PRIMÁRIO;NÃO SE APLICA;;;;;SEM INFORMAÇÃO;03/07/2017;;20/10/2016;;
1168863;RCBP PALMAS;FEMININO;26/07/1982;33;SEM INFORMAÇÃO;BRASIL;MINAS GERAIS;;SUPERIOR COMPLETO;SEM INFORMAÇÃO;0;SEM INFORMAÇÃO	;TOCANTINS;PALMAS;LESAO SOBREPOSTA DA MAMA;C508;CARCINOMA DUCTAL INFILTRANTE;85003;LESAO INVASIVA DA MAMA;C508;;;;;false;HISTOLOGIA DO TUMOR PRIMÁRIO;METÁSTASE;;;;;;;;25/04/2016;;
1168864;RCBP PALMAS;MASCULINO;20/10/1948;67;PARDA;BRASIL;SERGIPE;;SEM ESCOLARIDADE;CASADO;0;SEM INFORMAÇÃO	;TOCANTINS;PALMAS;PROSTATA, SOE;C619;ADENOCARCINOMA, SOE;81403;PROSTATA;C61;;;;;false;HISTOLOGIA DO TUMOR PRIMÁRIO;METÁSTASE;;;;;;;;02/06/2016;;
1168865;RCBP PALMAS;MASCULINO;26/06/1952;63;PARDA;BRASIL;GOIAS;;FUNDAMENTAL I (1ª A 4ª SÉRIE);SOLTEIRO;0;SEM INFORMAÇÃO	;TOCANTINS;PALMAS;PROSTATA, SOE;C619;ADENOCARCINOMA, SOE;81403;PROSTATA;C61;;;;;false;HISTOLOGIA DO TUMOR PRIMÁRIO;METÁSTASE;;;;;;;;21/06/2016;;
1168866;RCBP PALMAS;MASCULINO;24/02/1958;58;PARDA;BRASIL;TOCANTINS;MIRACEMA DO TOCANTINS;SEM INFORMAÇÃO;SEM INFORMAÇÃO;0;SEM INFORMAÇÃO	;TOCANTINS;PALMAS;PROSTATA, SOE;C619;ADENOCARCINOMA, SOE;81403;PROSTATA;C61;;;;;false;HISTOLOGIA DO TUMOR PRIMÁRIO;LOCALIZADO;;;;;;;;25/02/2016;;
1168867;RCBP PALMAS;FEMININO;08/08/1963;52;SEM INFORMAÇÃO;BRASIL;MARANHÃO;;MÉDIO (ANTIGO SEGUNDO GRAU);SEM INFORMAÇÃO;0;SEM INFORMAÇÃO	;TOCANTINS;PALMAS;QUADRANTE INFERIOR INTERNO DA MAMA;C503;CARCINOMA DUCTAL INFILTRANTE;85003;QUADRANTE INFERIOR INTERNO DA MAMA;C503;;;;;false;HISTOLOGIA DO TUMOR PRIMÁRIO;LOCALIZADO;;;;;;;;29/06/2016;;
1168868;RCBP PALMAS;FEMININO;08/12/1988;27;PARDA;BRASIL;TOCANTINS;;FUNDAMENTAL I (1ª A 4ª SÉRIE);SOLTEIRO;0;SEM INFORMAÇÃO	;TOCANTINS;PALMAS;ECTOCERVIX;C531;CARCINOMA ESCAMOCELULAR, SOE;80703;ECTOCERVIX;C531;;;CARCINOMA DE ÚTERO E CÉRVIX;8.5.4;false;HISTOLOGIA DO TUMOR PRIMÁRIO;METÁSTASE;;;;;;;;04/04/2016;;
1168869;RCBP PALMAS;FEMININO;31/07/1957;58;PARDA;BRASIL;TOCANTINS;;FUNDAMENTAL I (1ª A 4ª SÉRIE);SOLTEIRO;0;SEM INFORMAÇÃO	;TOCANTINS;PALMAS;MEDULA OSSEA;C421;POLICITEMIA VERA;99503;ERITREMIA CRONICA;C941;;;;;false;HISTOLOGIA DO TUMOR PRIMÁRIO;NÃO SE APLICA;;;;;;;;12/04/2016;;
1168906;RCBP PALMAS;MASCULINO;09/05/1959;56;PARDA;BRASIL;MINAS GERAIS;;FUNDAMENTAL I (1ª A 4ª SÉRIE);CASADO;141;GERENTES DE PRODUÇÃO E OPERAÇÕES  	;TOCANTINS;PALMAS;COLON, SOE;C189;ADENOCARCINOMA, SOE;81403;COLON, SOE;C189;;;;;false;HISTOLOGIA DO TUMOR PRIMÁRIO;METÁSTASE;;;;;;;;20/01/2016;;
1168907;RCBP PALMAS;MASCULINO;22/07/1967;48;PARDA;BRASIL;TOCANTINS;;FUNDAMENTAL I (1ª A 4ª SÉRIE);CASADO;514;TRABALHADORES NOS SERVIÇOS DE ADMINISTRAÇÃO, CONSERVAÇÃO E MANUTENÇÃO DE EDIFÍCIOS E LOGRADOUROS  	;TOCANTINS;PALMAS;MEDULA OSSEA;C421;LEUCEMIA MIELOIDE CRONICA, SOE;98633;LEUCEMIA MIELOIDE CRONICA;C921;;;;;false;HISTOLOGIA DO TUMOR PRIMÁRIO;NÃO SE APLICA;;;;;;;;20/04/2016;;
1168889;RCBP PALMAS;MASCULINO;06/06/1977;38;AMARELA;BRASIL;TOCANTINS;PEIXE;SEM INFORMAÇÃO;SEM INFORMAÇÃO;0;SEM INFORMAÇÃO	;TOCANTINS;PALMAS;PELE DO MEMBRO INFERIOR E DO QUADRIL;C447;CARCINOMA ESCAMOCELULAR, SOE;80703;PELE DO MEMBRO INFERIOR E DO QUADRIL;C447;;;;;false;HISTOLOGIA DO TUMOR PRIMÁRIO;LOCALIZADO;;;;;;;;18/04/2016;;
1168871;RCBP PALMAS;FEMININO;14/01/1972;44;PARDA;BRASIL;PIAUÍ;;FUNDAMENTAL I (1ª A 4ª SÉRIE);SEPARADO JUDICIALMENTE;516;TRABALHADORES NOS SERVIÇOS DE EMBELEZAMENTO E CUIDADOS PESSOAIS   	;TOCANTINS;PALMAS;VIAS BILIARES INTRA-HEPATICAS;C221;ADENOCARCINOMA, SOE;81403;FIGADO E VIAS BILIARES INTRA-HEPATICAS;C22;;;;;false;HISTOLOGIA DO TUMOR PRIMÁRIO;METÁSTASE;;;;;SEM INFORMAÇÃO;10/12/2016;;01/03/2016;;
1168169;RCBP PALMAS;FEMININO;25/10/1944;71;PARDA;BRASIL;MARANHÃO;BACABAL;SEM INFORMAÇÃO;SEM INFORMAÇÃO;0;SEM INFORMAÇÃO	;TOCANTINS;PALMAS;FIGADO, SOE;C220;CARCINOMA HEPAT. E COLANGIOCARCINOMA COMBINADOS;81803;CARCINOMA DE CELULAS HEPATICAS;C220;;;;;false;HISTOLOGIA DO TUMOR PRIMÁRIO;LOCALIZADO;;;;;CÂNCER;14/01/2016;;01/01/2016;;
1168225;RCBP PALMAS;MASCULINO;02/05/1947;68;SEM INFORMAÇÃO;BRASIL;TOCANTINS;PEDRO AFONSO;SEM INFORMAÇÃO;SEM INFORMAÇÃO;0;SEM INFORMAÇÃO	;TOCANTINS;PALMAS;PROSTATA, SOE;C619;ADENOCARCINOMA, SOE;81403;PROSTATA;C61;;;;;false;HISTOLOGIA DO TUMOR PRIMÁRIO;SEM INFORMAÇÃO;;;;;;;;26/02/2016;;
1168227;RCBP PALMAS;MASCULINO;06/05/1949;66;PARDA;BRASIL;PIAUÍ;;FUNDAMENTAL II (5ª A 8ª SÉRIE);SOLTEIRO;0;SEM INFORMAÇÃO	;TOCANTINS;PALMAS;TECIDOS MOLES DO MEMBRO INFERIOR E QUADRIL;C492;SARCOMA FUSOCELULAR;88013;TECIDOS MOLES DO MEMBRO INFERIOR E QUADRIL;C492;;;;;false;HISTOLOGIA DO TUMOR PRIMÁRIO;SEM INFORMAÇÃO;;;;;SEM INFORMAÇÃO;26/11/2017;;26/02/2016;;
1168228;RCBP PALMAS;MASCULINO;18/11/1963;52;PARDA;BRASIL;TOCANTINS;;FUNDAMENTAL II (5ª A 8ª SÉRIE);SOLTEIRO;0;SEM INFORMAÇÃO	;TOCANTINS;PALMAS;FIGADO, SOE;C220;NEOPLASIA MALIGNA;80003;FIGADO E VIAS BILIARES INTRA-HEPATICAS;C22;;;;;false;HISTOLOGIA DO TUMOR PRIMÁRIO;SEM INFORMAÇÃO;;;;;SEM INFORMAÇÃO;26/05/2016;;30/03/2016;;
1168229;RCBP PALMAS;MASCULINO;24/06/1956;60;SEM INFORMAÇÃO;BRASIL;TOCANTINS;;SUPERIOR COMPLETO;SEM INFORMAÇÃO;0;SEM INFORMAÇÃO	;TOCANTINS;PALMAS;PROSTATA, SOE;C619;CARCINOMA DE CELULAS ACINOSAS;85503;PROSTATA;C61;;;;;false;HISTOLOGIA DO TUMOR PRIMÁRIO;SEM INFORMAÇÃO;;;;;;;;27/06/2016;;
1168230;RCBP PALMAS;MASCULINO;14/04/1932;84;PARDA;BRASIL;GOIAS;;FUNDAMENTAL I (1ª A 4ª SÉRIE);SEPARADO JUDICIALMENTE;0;SEM INFORMAÇÃO	;TOCANTINS;PALMAS;FUNDO DO ESTOMAGO;C161;ADENOCARCINOMA, SOE;81403;FUNDO DO ESTOMAGO;C161;;;;;false;HISTOLOGIA DO TUMOR PRIMÁRIO;METÁSTASE;;;;;;;;30/06/2016;;
1168231;RCBP PALMAS;MASCULINO;12/05/1950;66;AMARELA;BRASIL;SÃO PAULO;;SUPERIOR COMPLETO;CASADO;214;ENGENHEIROS, ARQUITETOS E AFINS   	;TOCANTINS;PALMAS;COLON, SOE;C189;ADENOCARCINOMA TUBULAR;82113;COLON, SOE;C189;;;;;false;HISTOLOGIA DO TUMOR PRIMÁRIO;SEM INFORMAÇÃO;;;;;;;;22/06/2016;;
1168232;RCBP PALMAS;MASCULINO;18/08/1941;75;SEM INFORMAÇÃO;BRASIL;PIAUÍ;;SEM INFORMAÇÃO;SEM INFORMAÇÃO;0;SEM INFORMAÇÃO	;TOCANTINS;PALMAS;PELE DE OUTRAS PARTES DA FACE;C443;CARCINOMA BASOCELULAR, SOE;80903;PELE DE OUTRAS PARTES DA FACE;C443;;;;;false;HISTOLOGIA DO TUMOR PRIMÁRIO;LOCALIZADO;;;;;;;;18/10/2016;;
1168234;RCBP PALMAS;MASCULINO;30/05/1965;50;PARDA;BRASIL;BAHIA;;MÉDIO (ANTIGO SEGUNDO GRAU);CASADO;0;SEM INFORMAÇÃO	;TOCANTINS;PALMAS;MEDULA OSSEA;C421;LEUCEMIA MIELOIDE AGUDA, SOE;98613;LEUCEMIA MIELOIDE AGUDA;C920;;;;;false;HISTOLOGIA DO TUMOR PRIMÁRIO;NÃO SE APLICA;;;;;;;;30/03/2016;;
1168247;RCBP PALMAS;FEMININO;12/10/1979;36;PARDA;BRASIL;PIAUÍ;;MÉDIO (ANTIGO SEGUNDO GRAU);SOLTEIRO;0;SEM INFORMAÇÃO	;TOCANTINS;PALMAS;QUADRANTE SUPERIOR EXTERNO DA MAMA;C504;CARCINOMA DUCTAL INFILTRANTE;85003;QUADRANTE SUPERIOR EXTERNO DA MAMA;C504;;;;;false;HISTOLOGIA DO TUMOR PRIMÁRIO;METÁSTASE;;;;;SEM INFORMAÇÃO;17/03/2018;;21/03/2016;;
1168250;RCBP PALMAS;MASCULINO;29/11/1942;73;PARDA;BRASIL;GOIAS;;FUNDAMENTAL I (1ª A 4ª SÉRIE);CASADO;524;VENDEDORES A DOMICÍLIO, AMBULANTES E EM BANCAS	;TOCANTINS;PALMAS;LINFONODOS INTRA-ABDOMINAIS;C772;LINFOMA MALIGNO, TIPO NAO HODGKIN, SOE;95913;LINFOMA NAO-HODGKIN, SOE;C859;;;;;false;HISTOLOGIA DO TUMOR PRIMÁRIO;NÃO SE APLICA;;;;;SEM INFORMAÇÃO;25/04/2017;;22/08/2016;;
1168251;RCBP PALMAS;FEMININO;23/09/1950;65;PARDA;BRASIL;TOCANTINS;;SEM ESCOLARIDADE;CASADO;621;TRABALHADORES NA EXPLORAÇÃO AGROPECUÁRIA EM GERAL	;TOCANTINS;PALMAS;MEDULA OSSEA;C421;LEUCEMIA MIELOIDE CRONICA, SOE;98633;LEUCEMIA MIELOIDE CRONICA;C921;;;;;false;HISTOLOGIA DO TUMOR PRIMÁRIO;NÃO SE APLICA;;;;;;;;10/05/2016;;
1168253;RCBP PALMAS;FEMININO;08/08/1943;72;BRANCO;BRASIL;GOIAS;INHUMAS;MÉDIO (ANTIGO SEGUNDO GRAU);SEM INFORMAÇÃO;0;SEM INFORMAÇÃO	;TOCANTINS;PALMAS;COLON TRANSVERSO;C184;ADENOCARCINOMA "IN SITU", SOE;81402;COLON;D010;;;;;false;HISTOLOGIA DO TUMOR PRIMÁRIO;"IN SITU";;;;;;;;18/03/2016;;
1168254;RCBP PALMAS;FEMININO;10/08/1956;59;PARDA;BRASIL;MARANHÃO;BALSAS;SEM INFORMAÇÃO;SOLTEIRO;111;MEMBROS SUPERIORES DO PODER LEGISLATIVO, EXECUTIVO E JUDICIÁRIO   	;TOCANTINS;PALMAS;MAMA , SOE;C509;CARCINOMA DUCTAL INFILTRANTE;85003;MAMA , SOE;C509;;;;;false;HISTOLOGIA DO TUMOR PRIMÁRIO;SEM INFORMAÇÃO;;;;;;;;17/02/2016;;
1168255;RCBP PALMAS;FEMININO;06/01/1935;81;PARDA;BRASIL;MARANHÃO;TASSO FRAGOSO;SEM INFORMAÇÃO;SEM INFORMAÇÃO;0;SEM INFORMAÇÃO	;TOCANTINS;PALMAS;COLO DO UTERO, SOE;C539;CARCINOMA ESCAMOSO MICRO-INVASOR;80763;COLO DO UTERO, SOE;C539;;;;;false;HISTOLOGIA DO TUMOR PRIMÁRIO;LOCALIZADO;;;;;;;;10/10/2016;;
1168256;RCBP PALMAS;FEMININO;03/06/1980;35;PARDA;BRASIL;TOCANTINS;;SUPERIOR COMPLETO;CASADO;239;OUTROS PROFISSIONAIS DO ENSINO NÃO CLASSIFICADOS ANTERIORMENTE	;TOCANTINS;PALMAS;QUADRANTE SUPERIOR EXTERNO DA MAMA;C504;CARCINOMA DUCTAL INFILTRANTE;85003;QUADRANTE SUPERIOR EXTERNO DA MAMA;C504;;;;;false;HISTOLOGIA DO TUMOR PRIMÁRIO;SEM INFORMAÇÃO;;;;;;;;14/04/2016;;
1168257;RCBP PALMAS;FEMININO;19/03/1964;52;SEM INFORMAÇÃO;BRASIL;RIO DE JANEIRO;;SUPERIOR COMPLETO;SEM INFORMAÇÃO;0;SEM INFORMAÇÃO	;TOCANTINS;PALMAS;MUCOSA DA BOCHECHA;C060;CARCINOMA ADENOIDE CISTICO;82003;MUCOSA ORAL;C060;;;;;false;HISTOLOGIA DO TUMOR PRIMÁRIO;METÁSTASE;;;;;SEM INFORMAÇÃO;11/05/2018;;25/11/2016;;
1168258;RCBP PALMAS;MASCULINO;11/03/1946;70;BRANCO;BRASIL;PARANÁ;;FUNDAMENTAL I (1ª A 4ª SÉRIE);CASADO;611;PRODUTORES AGROPECUÁRIOS EM GERAL 	;TOCANTINS;PALMAS;LINFONODOS DA AXILA E DOS MEMBROS SUPERIORES;C773;LINFOMA DE CELULAS T, MADURAS, SOE;97023;LINFOMA DE CELULAS T, PERIFERICO;C844;;;;;false;HISTOLOGIA DO TUMOR PRIMÁRIO;NÃO SE APLICA;;;;;SEM INFORMAÇÃO;21/08/2016;;15/04/2016;;
1168260;RCBP PALMAS;FEMININO;12/12/1981;34;BRANCO;BRASIL;MARANHÃO;;FUNDAMENTAL I (1ª A 4ª SÉRIE);UNIÃO CONSENSUAL;0;SEM INFORMAÇÃO	;TOCANTINS;PALMAS;ECTOCERVIX;C531;CARCINOMA ESCAMOCELULAR, SOE;80703;ECTOCERVIX;C531;;;;;false;HISTOLOGIA DO TUMOR PRIMÁRIO;SEM INFORMAÇÃO;;;;;;;;10/06/2016;;
1168261;RCBP PALMAS;FEMININO;12/12/1939;76;SEM INFORMAÇÃO;BRASIL;TOCANTINS;PEDRO AFONSO;SEM INFORMAÇÃO;SEM INFORMAÇÃO;0;SEM INFORMAÇÃO	;TOCANTINS;PALMAS;OVARIO, SOE;C569;ADENOCARCINOMA, SOE;81403;OVARIO;C56;;;;;false;HISTOLOGIA DO TUMOR PRIMÁRIO;SEM INFORMAÇÃO;;;;;;;;22/03/2016;;
1168248;RCBP PALMAS;FEMININO;16/04/1941;74;SEM INFORMAÇÃO;BRASIL;SÃO PAULO;BASTOS;SEM INFORMAÇÃO;SOLTEIRO;0;SEM INFORMAÇÃO	;TOCANTINS;PALMAS;COLON TRANSVERSO;C184;ADENOCARCINOMA TUBULAR;82113;COLON TRANSVERSO;C184;;;;;false;HISTOLOGIA DO TUMOR PRIMÁRIO;LOCALIZADO;;;;;;;;19/01/2016;;
1168249;RCBP PALMAS;MASCULINO;08/09/1950;65;SEM INFORMAÇÃO;BRASIL;ESPIRITO SANTO;LINHARES;SEM INFORMAÇÃO;SEM INFORMAÇÃO;0;SEM INFORMAÇÃO	;TOCANTINS;PALMAS;COLON SIGMOIDE;C187;ADENOCARCINOMA, SOE;81403;COLON SIGMOIDE;C187;;;;;false;HISTOLOGIA DO TUMOR PRIMÁRIO;LOCALIZADO;;;;;;;;18/05/2016;;
1168252;RCBP PALMAS;MASCULINO;05/03/1953;63;BRANCO;BRASIL;MINAS GERAIS;CARLOS CHAGAS;SUPERIOR COMPLETO;SEM INFORMAÇÃO;0;SEM INFORMAÇÃO	;TOCANTINS;PALMAS;PELE, SOE;C449;CARCINOMA ESCAMOCELULAR CERATINIZADO, SOE;80713;NEOPLASIA MALIGNA DA PELE;C449;;;;;false;HISTOLOGIA DO TUMOR PRIMÁRIO;LOCALIZADO;;;;;;;;10/10/2016;;
1168226;RCBP PALMAS;MASCULINO;22/11/1949;66;PARDA;BRASIL;PIAUÍ;VALENÇA DO PIAUÍ;SEM INFORMAÇÃO;CASADO;0;SEM INFORMAÇÃO	;TOCANTINS;PALMAS;PROSTATA, SOE;C619;ADENOCARCINOMA, SOE;81403;PROSTATA;C61;;;;;false;HISTOLOGIA DO TUMOR PRIMÁRIO;LOCALIZADO;;;;;CÂNCER;15/08/2016;;29/04/2016;;
1168170;RCBP PALMAS;FEMININO;07/07/1954;61;BRANCO;BRASIL;TOCANTINS;ALMAS;SEM INFORMAÇÃO;CASADO;517;TRABALHADORES NOS SERVIÇOS DE PROTEÇÃO E SEGURANÇA	;TOCANTINS;PALMAS;MAMA , SOE;C509;CARCINOMA DUCTAL INFILTRANTE;85003;MAMA , SOE;C509;;;;;false;HISTOLOGIA DO TUMOR PRIMÁRIO;SEM INFORMAÇÃO;;;;;;;;04/02/2016;;
1168193;RCBP PALMAS;MASCULINO;15/10/1998;17;SEM INFORMAÇÃO;BRASIL;TOCANTINS;;MÉDIO (ANTIGO SEGUNDO GRAU);SEM INFORMAÇÃO;0;SEM INFORMAÇÃO	;TOCANTINS;PALMAS;MEDULA OSSEA;C421;LEUCEMIA PROMIELOCITICA AGUDA;98663;LEUCEMIA PRO-MIELOCITICA AGUDA;C924;Leucemias mielóides agudas;I-B;LEUCEMIA MIELÓIDE AGUDA;1.2;false;HISTOLOGIA DO TUMOR PRIMÁRIO;NÃO SE APLICA;;;;;;;;23/03/2016;;
1168194;RCBP PALMAS;FEMININO;23/05/1988;28;BRANCO;BRASIL;PERNAMBUCO;;SUPERIOR COMPLETO;CASADO;239;OUTROS PROFISSIONAIS DO ENSINO NÃO CLASSIFICADOS ANTERIORMENTE	;TOCANTINS;PALMAS;MEDULA OSSEA;C421;LEUCEMIA DE CELULAS DE BURKITT;98263;LEUCEMIA LINFOBLASTICA AGUDA;C910;;;LEUCEMIA LINFÓIDE AGUDA;1.1;false;HISTOLOGIA DO TUMOR PRIMÁRIO;NÃO SE APLICA;;;;;SEM INFORMAÇÃO;11/03/2017;;26/09/2016;;
1168195;RCBP PALMAS;FEMININO;16/08/1983;32;PARDA;BRASIL;RIO DE JANEIRO;;FUNDAMENTAL I (1ª A 4ª SÉRIE);SOLTEIRO;0;SEM INFORMAÇÃO	;TOCANTINS;PALMAS;QUADRANTE SUPERIOR INTERNO DA MAMA;C502;CARCINOMA DUCTAL INFILTRANTE;85003;QUADRANTE SUPERIOR INTERNO DA MAMA;C502;;;;;false;HISTOLOGIA DO TUMOR PRIMÁRIO;METÁSTASE;;;;;;;;23/05/2016;;
1168196;RCBP PALMAS;FEMININO;17/12/1963;52;SEM INFORMAÇÃO;BRASIL;TOCANTINS;;FUNDAMENTAL I (1ª A 4ª SÉRIE);SEM INFORMAÇÃO;0;SEM INFORMAÇÃO	;TOCANTINS;PALMAS;COLO DO UTERO, SOE;C539;CARCINOMA ESCAMOCELULAR, SOE;80703;COLO DO UTERO, SOE;C539;;;;;false;HISTOLOGIA DO TUMOR PRIMÁRIO;SEM INFORMAÇÃO;;;;;;;;30/11/2016;;
1168197;RCBP PALMAS;FEMININO;05/01/1968;48;PARDA;BRASIL;PERNAMBUCO;SERRITA;FUNDAMENTAL II (5ª A 8ª SÉRIE);CASADO;0;SEM INFORMAÇÃO	;TOCANTINS;PALMAS;CORTEX DA GLANDULA SUPRA-RENAL;C740;CARCINOMA DO CORTEX SUPRA-RENAL;83703;CORTEX DA SUPRA-RENAL;C740;;;;;false;HISTOLOGIA DO TUMOR PRIMÁRIO;SEM INFORMAÇÃO;;;;;SEM INFORMAÇÃO;18/11/2016;;10/09/2016;;
1168198;RCBP PALMAS;MASCULINO;18/11/1945;70;PARDA;BRASIL;CEARÁ;;FUNDAMENTAL I (1ª A 4ª SÉRIE);CASADO;0;SEM INFORMAÇÃO	;TOCANTINS;PALMAS;BEXIGA, SOE;C679;CARCINOMA PAPILAR DE CELULAS TRANSICIONAIS;81303;BEXIGA, SOE;C679;;;;;false;HISTOLOGIA DO TUMOR PRIMÁRIO;SEM INFORMAÇÃO;;;;;;;;18/02/2016;;
1168199;RCBP PALMAS;MASCULINO;06/11/1987;28;PARDA;BRASIL;TOCANTINS;;FUNDAMENTAL II (5ª A 8ª SÉRIE);SOLTEIRO;521;VENDEDORES E DEMONSTRADORES   	;TOCANTINS;PALMAS;MEDULA OSSEA;C421;LEUCEMIA LINFOBLASTICA DE CELULAS PRECURSORAS,SOE;98353;LEUCEMIA LINFOBLASTICA AGUDA;C910;;;LEUCEMIA LINFÓIDE AGUDA;1.1;false;HISTOLOGIA DO TUMOR PRIMÁRIO;NÃO SE APLICA;;;;;SEM INFORMAÇÃO;06/08/2016;;18/01/2016;;
1168200;RCBP PALMAS;MASCULINO;04/10/1953;63;PARDA;BRASIL;MARANHÃO;;FUNDAMENTAL I (1ª A 4ª SÉRIE);CASADO;0;SEM INFORMAÇÃO	;TOCANTINS;PALMAS;PROSTATA, SOE;C619;ADENOCARCINOMA, SOE;81403;PROSTATA;C61;;;;;false;HISTOLOGIA DO TUMOR PRIMÁRIO;SEM INFORMAÇÃO;;;;;;;;21/10/2016;;
1168201;RCBP PALMAS;MASCULINO;11/08/1939;77;PARDA;BRASIL;MARANHÃO;;FUNDAMENTAL II (5ª A 8ª SÉRIE);SOLTEIRO;0;SEM INFORMAÇÃO	;TOCANTINS;PALMAS;MEDULA OSSEA;C421;LEUCEMIA LINFOBLASTICA DE CELULAS PRECURSORAS,SOE;98353;LEUCEMIA LINFOBLASTICA AGUDA;C910;;;;;false;HISTOLOGIA DO TUMOR PRIMÁRIO;NÃO SE APLICA;;;;;SEM INFORMAÇÃO;10/04/2017;;03/11/2016;;
1168202;RCBP PALMAS;MASCULINO;12/01/1943;73;AMARELA;BRASIL;CEARÁ;SOBRAL;SEM INFORMAÇÃO;SEM INFORMAÇÃO;0;SEM INFORMAÇÃO	;TOCANTINS;PALMAS;COLON ASCENDENTE;C182;ADENOCARCINOMA, SOE;81403;COLON ASCENDENTE;C182;;;;;false;HISTOLOGIA DO TUMOR PRIMÁRIO;LOCALIZADO;;;;;;;;22/06/2016;;
1168203;RCBP PALMAS;FEMININO;14/09/1945;70;BRANCO;BRASIL;MINAS GERAIS;CEDRO DO ABAETÉ;MÉDIO (ANTIGO SEGUNDO GRAU);VIÚVO;0;SEM INFORMAÇÃO	;TOCANTINS;PALMAS;MAMA , SOE;C509;CARCINOMA, SOE;80103;MAMA , SOE;C509;;;;;false;HISTOLOGIA DO TUMOR PRIMÁRIO;LOCALIZADO;;;;;;;;18/07/2016;;
1168204;RCBP PALMAS;MASCULINO;09/02/1954;62;SEM INFORMAÇÃO;BRASIL;RIO GRANDE DO SUL;;SEM INFORMAÇÃO;SEM INFORMAÇÃO;0;SEM INFORMAÇÃO	;TOCANTINS;PALMAS;LINFONODOS DA CABECA, FACE E PESCOCO;C770;LINFOMA MALIGNO, CELS. GRANDES B, DIFUSO, SOE;96803;GRANDES CELULAS (DIFUSO);C833;;;;;false;HISTOLOGIA DO TUMOR PRIMÁRIO;NÃO SE APLICA;;;;;;;;09/12/2016;;
1168205;RCBP PALMAS;MASCULINO;18/05/1955;61;PARDA;BRASIL;TOCANTINS;MIRACEMA DO TOCANTINS;FUNDAMENTAL II (5ª A 8ª SÉRIE);SEM INFORMAÇÃO;0;SEM INFORMAÇÃO	;TOCANTINS;PALMAS;PROSTATA, SOE;C619;ADENOCARCINOMA, SOE;81403;PROSTATA;C61;;;;;false;HISTOLOGIA DO TUMOR PRIMÁRIO;LOCALIZADO;;;;;;;;19/07/2016;;
1168206;RCBP PALMAS;FEMININO;10/04/1979;37;BRANCO;BRASIL;PARANÁ;CURITIBA;SUPERIOR COMPLETO;CASADO;223;PROFISSIONAIS DA MEDICINA, SAÚDE E AFINS  	;TOCANTINS;PALMAS;MAMA , SOE;C509;CARCINOMA, SOE;80103;MAMA , SOE;C509;;;;;false;HISTOLOGIA DO TUMOR PRIMÁRIO;LOCALIZADO;;;;;;;;07/11/2016;;
1168262;RCBP PALMAS;MASCULINO;14/01/1962;54;PARDA;BRASIL;TOCANTINS;PORTO NACIONAL;SEM INFORMAÇÃO;SEM INFORMAÇÃO;0;SEM INFORMAÇÃO	;TOCANTINS;PALMAS;PROSTATA, SOE;C619;ADENOCARCINOMA, SOE;81403;PROSTATA;C61;;;;;false;HISTOLOGIA DO TUMOR PRIMÁRIO;LOCALIZADO;;;;;;;;24/08/2016;;
1168263;RCBP PALMAS;MASCULINO;20/06/1950;66;PARDA;BRASIL;MARANHÃO;;FUNDAMENTAL I (1ª A 4ª SÉRIE);SEPARADO JUDICIALMENTE;622;TRABALHADORES AGRÍCOLAS   	;TOCANTINS;PALMAS;ILEO;C172;CARCINOMA, SOE;80103;ILEO;C172;;;;;false;HISTOLOGIA DO TUMOR PRIMÁRIO;METÁSTASE;;;;;;;;20/12/2016;;
1168207;RCBP PALMAS;FEMININO;09/10/1952;63;SEM INFORMAÇÃO;BRASIL;TOCANTINS;TAGUATINGA;SEM INFORMAÇÃO;CASADO;331;PROFESSORES DE NÍVEL MÉDIO NA EDUCAÇÃO INFANTIL, NO ENSINO FUNDAMENTAL E NO PROFISSIONALIZANTE	;TOCANTINS;PALMAS;CEREBRO;C710;GLIOBLASTOMA, SOE;94403;CEREBRO;C710;;;;;false;HISTOLOGIA DO TUMOR PRIMÁRIO;LOCALIZADO;;;;;;;;21/09/2016;;
1168152;RCBP PALMAS;MASCULINO;19/10/1963;52;PARDA;BRASIL;TOCANTINS;;FUNDAMENTAL II (5ª A 8ª SÉRIE);CASADO;782;CONDUTORES DE VEÍCULOS E OPERADORES DE EQUIPAMENTOS DE ELEVAÇÃO E DE MOVIMENTAÇÃO DE CARGAS   	;TOCANTINS;PALMAS;COLON SIGMOIDE;C187;ADENOCARCINOMA TUBULAR;82113;COLON SIGMOIDE;C187;;;;;false;HISTOLOGIA DO TUMOR PRIMÁRIO;METÁSTASE;;;;;SEM INFORMAÇÃO;08/07/2017;;20/06/2016;;
1168154;RCBP PALMAS;FEMININO;29/09/1968;47;BRANCO;BRASIL;PIAUÍ;TERESINA;SEM INFORMAÇÃO;SEM INFORMAÇÃO;111;MEMBROS SUPERIORES DO PODER LEGISLATIVO, EXECUTIVO E JUDICIÁRIO   	;TOCANTINS;PALMAS;MAMA , SOE;C509;NEOPLASIA MALIGNA;80003;MAMA , SOE;C509;;;;;false;SEM INFORMAÇÃO;SEM INFORMAÇÃO;;;;;;;;08/08/2016;;
1168155;RCBP PALMAS;FEMININO;15/05/1959;56;SEM INFORMAÇÃO;BRASIL;PARANÁ;SERTANEJA;SEM INFORMAÇÃO;SEPARADO JUDICIALMENTE;111;MEMBROS SUPERIORES DO PODER LEGISLATIVO, EXECUTIVO E JUDICIÁRIO   	;TOCANTINS;PALMAS;BEXIGA, SOE;C679;CARCINOMA PAPILAR DE CELULAS TRANSICIONAIS;81303;BEXIGA, SOE;C679;;;;;false;HISTOLOGIA DO TUMOR PRIMÁRIO;LOCALIZADO;;;;;;;;04/01/2016;;
1168156;RCBP PALMAS;FEMININO;05/02/1970;46;SEM INFORMAÇÃO;BRASIL;TOCANTINS;GURUPI;SEM INFORMAÇÃO;CASADO;841;OPERADORES DE EQUIPAMENTOS NA PREPARAÇÃO DE ALIMENTOS E BEBIDAS   	;TOCANTINS;PALMAS;MAMA , SOE;C509;CARCINOMA, SOE;80103;MAMA , SOE;C509;;;;;false;HISTOLOGIA DO TUMOR PRIMÁRIO;LOCALIZADO;;;;;;;;11/04/2016;;
1168157;RCBP PALMAS;FEMININO;13/10/1967;49;SEM INFORMAÇÃO;BRASIL;MARANHÃO;;SUPERIOR COMPLETO;SEM INFORMAÇÃO;0;SEM INFORMAÇÃO	;TOCANTINS;PALMAS;ENDOMETRIO;C541;ADENOCARCINOMA, SOE;81403;ENDOMETRIO;C541;;;;;false;HISTOLOGIA DO TUMOR PRIMÁRIO;SEM INFORMAÇÃO;;;;;;;;08/12/2016;;
1168158;RCBP PALMAS;FEMININO;21/04/1969;47;PARDA;BRASIL;PARANÁ;;MÉDIO (ANTIGO SEGUNDO GRAU);CASADO;141;GERENTES DE PRODUÇÃO E OPERAÇÕES  	;TOCANTINS;PALMAS;MAMA , SOE;C509;CARCINOMA DUCTAL INFILTRANTE;85003;MAMA , SOE;C509;;;;;false;HISTOLOGIA DO TUMOR PRIMÁRIO;SEM INFORMAÇÃO;;;;;;;;17/11/2016;;
1168215;RCBP PALMAS;FEMININO;29/12/1954;61;SEM INFORMAÇÃO;BRASIL;GOIAS;CERES;SEM INFORMAÇÃO;CASADO;512;TRABALHADORES DOS SERVIÇOS DOMÉSTICOS EM GERAL	;TOCANTINS;PALMAS;MAMA , SOE;C509;CARCINOMA DUCTAL INFILTRANTE;85003;MAMA , SOE;C509;;;;;false;HISTOLOGIA DO TUMOR PRIMÁRIO;LOCALIZADO;;;;;;;;05/08/2016;;
1168214;RCBP PALMAS;FEMININO;17/01/1990;26;PARDA;BRASIL;TOCANTINS;COLINAS DO TOCANTINS;SEM INFORMAÇÃO;SEM INFORMAÇÃO;0;SEM INFORMAÇÃO	;TOCANTINS;PALMAS;COLO DO UTERO, SOE;C539;CARCINOMA, SOE;80103;COLO DO UTERO, SOE;C539;;;CARCINOMA DE ÚTERO E CÉRVIX;8.5.4;false;HISTOLOGIA DO TUMOR PRIMÁRIO;LOCALIZADO;;;;;;;;22/11/2016;;
1168217;RCBP PALMAS;FEMININO;12/02/1956;60;BRANCO;BRASIL;MARANHÃO;;FUNDAMENTAL I (1ª A 4ª SÉRIE);CASADO;0;SEM INFORMAÇÃO	;TOCANTINS;PALMAS;RETO, SOE;C209;ADENOCARCINOMA TUBULAR;82113;RETO;C20;;;;;false;HISTOLOGIA DO TUMOR PRIMÁRIO;SEM INFORMAÇÃO;;;;;;;;07/12/2016;;
1168218;RCBP PALMAS;FEMININO;10/11/1955;61;PARDA;BRASIL;TOCANTINS;;FUNDAMENTAL I (1ª A 4ª SÉRIE);CASADO;0;SEM INFORMAÇÃO	;TOCANTINS;PALMAS;MAMILO;C500;CARCINOMA DUCTAL INFILTRANTE;85003;MAMILO E AREOLA;C500;;;;;false;HISTOLOGIA DO TUMOR PRIMÁRIO;SEM INFORMAÇÃO;;;;;;;;22/12/2016;;
1168219;RCBP PALMAS;MASCULINO;30/04/1970;46;PARDA;BRASIL;TOCANTINS;MONTE DO CARMO;SEM INFORMAÇÃO;SOLTEIRO;0;SEM INFORMAÇÃO	;TOCANTINS;PALMAS;COLON ASCENDENTE;C182;ADENOCARCINOMA TUBULAR;82113;COLON ASCENDENTE;C182;;;;;false;HISTOLOGIA DO TUMOR PRIMÁRIO;SEM INFORMAÇÃO;;;;;CÂNCER;11/08/2016;;11/08/2016;;
1168151;RCBP PALMAS;FEMININO;24/01/1947;69;PARDA;BRASIL;RIO DE JANEIRO;;SUPERIOR COMPLETO;VIÚVO;251;CIENTISTAS SOCIAIS, PSICÓLOGOS E AFINS	;TOCANTINS;PALMAS;MAMA , SOE;C509;CARCINOMA DUCTAL INFILTRANTE;85003;MAMA , SOE;C509;;;;;false;HISTOLOGIA DO TUMOR PRIMÁRIO;LOCALIZADO;;;;;;;;21/03/2016;;
1168190;RCBP PALMAS;FEMININO;15/04/1958;58;SEM INFORMAÇÃO;BRASIL;AMAPA;;SUPERIOR COMPLETO;SEM INFORMAÇÃO;0;SEM INFORMAÇÃO	;TOCANTINS;PALMAS;QUADRANTE SUPERIOR EXTERNO DA MAMA;C504;CARCINOMA DUCTAL INFILTRANTE;85003;QUADRANTE SUPERIOR EXTERNO DA MAMA;C504;;;;;false;HISTOLOGIA DO TUMOR PRIMÁRIO;METÁSTASE;;;;;;;;01/12/2016;;
1168224;RCBP PALMAS;MASCULINO;24/06/1943;73;SEM INFORMAÇÃO;BRASIL;TOCANTINS;;FUNDAMENTAL I (1ª A 4ª SÉRIE);SEM INFORMAÇÃO;0;SEM INFORMAÇÃO	;TOCANTINS;PALMAS;PULMAO, SOE;C349;CARCINOMA ESCAMOCELULAR, SOE;80703;BRONQUIOS OU PULMOES, SOE;C349;;;;;false;HISTOLOGIA DO TUMOR PRIMÁRIO;METÁSTASE;;;;;;;;16/12/2016;;
1168235;RCBP PALMAS;MASCULINO;11/02/1935;81;PARDA;BRASIL;MARANHÃO;;FUNDAMENTAL I (1ª A 4ª SÉRIE);VIÚVO;621;TRABALHADORES NA EXPLORAÇÃO AGROPECUÁRIA EM GERAL	;TOCANTINS;PALMAS;PROSTATA, SOE;C619;ADENOCARCINOMA, SOE;81403;PROSTATA;C61;;;;;false;HISTOLOGIA DO TUMOR PRIMÁRIO;LOCALIZADO;;;;;;;;04/08/2016;;
1168238;RCBP PALMAS;MASCULINO;20/04/1949;67;SEM INFORMAÇÃO;BRASIL;RIO GRANDE DO SUL;;FUNDAMENTAL I (1ª A 4ª SÉRIE);SEM INFORMAÇÃO;0;SEM INFORMAÇÃO	;TOCANTINS;PALMAS;PROSTATA, SOE;C619;CARCINOMA DE CELULAS ACINOSAS;85503;PROSTATA;C61;;;;;false;HISTOLOGIA DO TUMOR PRIMÁRIO;LOCALIZADO;;;;;;;;21/11/2016;;
1168239;RCBP PALMAS;MASCULINO;16/11/1945;70;SEM INFORMAÇÃO;BRASIL;MARANHÃO;;FUNDAMENTAL I (1ª A 4ª SÉRIE);SEM INFORMAÇÃO;0;SEM INFORMAÇÃO	;TOCANTINS;PALMAS;CEREBRO;C710;GLIOMA MALIGNO;93803;CEREBRO;C710;;;;;false;HISTOLOGIA DO TUMOR PRIMÁRIO;SEM INFORMAÇÃO;;;;;;;;21/06/2016;;
1168240;RCBP PALMAS;MASCULINO;04/09/1948;67;PARDA;BRASIL;TOCANTINS;PALMAS;SEM INFORMAÇÃO;SEM INFORMAÇÃO;0;SEM INFORMAÇÃO	;TOCANTINS;PALMAS;PROSTATA, SOE;C619;ADENOCARCINOMA, SOE;81403;PROSTATA;C61;;;;;false;HISTOLOGIA DO TUMOR PRIMÁRIO;LOCALIZADO;;;;;;;;26/02/2016;;
1168241;RCBP PALMAS;MASCULINO;10/09/1955;61;PARDA;BRASIL;MATO GROSSO DO SUL;TERENOS;SEM INFORMAÇÃO;SEM INFORMAÇÃO;0;SEM INFORMAÇÃO	;TOCANTINS;PALMAS;PROSTATA, SOE;C619;ADENOCARCINOMA, SOE;81403;PROSTATA;C61;;;;;false;HISTOLOGIA DO TUMOR PRIMÁRIO;METÁSTASE;;;;;;;;25/11/2016;;
1168242;RCBP PALMAS;MASCULINO;23/12/1946;69;PARDA;BRASIL;RIO GRANDE DO SUL;;SUPERIOR COMPLETO;UNIÃO CONSENSUAL;239;OUTROS PROFISSIONAIS DO ENSINO NÃO CLASSIFICADOS ANTERIORMENTE	;TOCANTINS;PALMAS;PROSTATA, SOE;C619;ADENOCARCINOMA, SOE;81403;PROSTATA;C61;;;;;false;HISTOLOGIA DO TUMOR PRIMÁRIO;SEM INFORMAÇÃO;;;;;;;;08/11/2016;;
1168244;RCBP PALMAS;MASCULINO;13/01/1935;81;PARDA;BRASIL;RIO GRANDE DO NORTE;ACARI;SEM INFORMAÇÃO;SEM INFORMAÇÃO;0;SEM INFORMAÇÃO	;TOCANTINS;PALMAS;PROSTATA, SOE;C619;ADENOCARCINOMA, SOE;81403;PROSTATA;C61;;;;;false;HISTOLOGIA DO TUMOR PRIMÁRIO;LOCALIZADO;;;;;;;;19/12/2016;;
1168245;RCBP PALMAS;FEMININO;26/11/1949;67;PARDA;BRASIL;MARANHÃO;;FUNDAMENTAL I (1ª A 4ª SÉRIE);SOLTEIRO;0;SEM INFORMAÇÃO	;TOCANTINS;PALMAS;CORPO DO UTERO, SOE;C549;CARCINOMA ENDOMETRIOIDE, SOE;83803;CORPO DO UTERO, SOE;C549;;;;;false;HISTOLOGIA DO TUMOR PRIMÁRIO;LOCALIZADO;;;;;;;;12/12/2016;;
1168246;RCBP PALMAS;FEMININO;30/07/1935;80;SEM INFORMAÇÃO;BRASIL;BAHIA;;SEM INFORMAÇÃO;CASADO;0;SEM INFORMAÇÃO	;TOCANTINS;PALMAS;COLON SIGMOIDE;C187;ADENOCARCINOMA, SOE;81403;COLON SIGMOIDE;C187;;;;;false;HISTOLOGIA DO TUMOR PRIMÁRIO;SEM INFORMAÇÃO;;;;;;;;18/05/2016;;
1168243;RCBP PALMAS;MASCULINO;02/10/1959;56;BRANCO;BRASIL;PIAUÍ;ANGICAL DO PIAUÍ;MÉDIO (ANTIGO SEGUNDO GRAU);SEM INFORMAÇÃO;0;SEM INFORMAÇÃO	;TOCANTINS;PALMAS;PROSTATA, SOE;C619;ADENOCARCINOMA, SOE;81403;PROSTATA;C61;;;;;false;HISTOLOGIA DO TUMOR PRIMÁRIO;LOCALIZADO;;;;;;;;25/05/2016;;
1168236;RCBP PALMAS;MASCULINO;22/08/1942;74;AMARELA;BRASIL;TOCANTINS;GOIATINS;SEM ESCOLARIDADE;SEM INFORMAÇÃO;0;SEM INFORMAÇÃO	;TOCANTINS;PALMAS;PENIS, SOE;C609;CARCINOMA ESCAMOCELULAR CERATINIZADO, SOE;80713;PENIS, SOE;C609;;;;;false;HISTOLOGIA DO TUMOR PRIMÁRIO;METÁSTASE;;;;;;;;03/11/2016;;
1168182;RCBP PALMAS;FEMININO;07/11/1976;39;BRANCO;BRASIL;MARANHÃO;IMPERATRIZ;SEM INFORMAÇÃO;SEM INFORMAÇÃO;0;SEM INFORMAÇÃO	;TOCANTINS;PALMAS;COLO DO UTERO, SOE;C539;CARCINOMA ESCAMOCELULAR, SOE;80703;COLO DO UTERO, SOE;C539;;;;;false;HISTOLOGIA DO TUMOR PRIMÁRIO;LOCALIZADO;;;;;;;;17/02/2016;;
1168171;RCBP PALMAS;FEMININO;25/06/1975;41;PARDA;BRASIL;TOCANTINS;;MÉDIO (ANTIGO SEGUNDO GRAU);CASADO;514;TRABALHADORES NOS SERVIÇOS DE ADMINISTRAÇÃO, CONSERVAÇÃO E MANUTENÇÃO DE EDIFÍCIOS E LOGRADOUROS  	;TOCANTINS;PALMAS;QUADRANTE SUPERIOR EXTERNO DA MAMA;C504;CARCINOMA DUCTAL INFILTRANTE;85003;QUADRANTE SUPERIOR EXTERNO DA MAMA;C504;;;;;false;HISTOLOGIA DO TUMOR PRIMÁRIO;METÁSTASE;;;;;;;;04/08/2016;;
1168172;RCBP PALMAS;MASCULINO;05/06/1986;29;SEM INFORMAÇÃO;BRASIL;MARANHÃO;;MÉDIO (ANTIGO SEGUNDO GRAU);SEM INFORMAÇÃO;0;SEM INFORMAÇÃO	;TOCANTINS;PALMAS;CECO;C180;ADENOCARCINOMA, SOE;81403;CECO;C180;;;CARCINOMA DE CÓLON E RETO;8.6.1;false;HISTOLOGIA DO TUMOR PRIMÁRIO;SEM INFORMAÇÃO;;;;;;;;14/04/2016;;
1168173;RCBP PALMAS;FEMININO;14/03/1963;53;PARDA;BRASIL;TOCANTINS;GURUPI;SEM INFORMAÇÃO;SEM INFORMAÇÃO;0;SEM INFORMAÇÃO	;TOCANTINS;PALMAS;PELE DE OUTRAS PARTES DA FACE;C443;CARCINOMA BASOCELULAR NODULAR;80973;PELE DE OUTRAS PARTES DA FACE;C443;;;;;false;HISTOLOGIA DO TUMOR PRIMÁRIO;LOCALIZADO;;;;;;;;20/04/2016;;
1168174;RCBP PALMAS;FEMININO;04/04/1975;41;PARDA;BRASIL;TOCANTINS;;SEM ESCOLARIDADE;CASADO;0;SEM INFORMAÇÃO	;TOCANTINS;PALMAS;LOCALIZACAO PRIMARIA DESCONHECIDA, SOE;C809;ADENOCARCINOMA, SOE;81403;LOCALIZACAO PRIMARIA DESCONHECIDA;C80;;;;;false;HISTOLOGIA DO TUMOR PRIMÁRIO;SEM INFORMAÇÃO;;;;;SEM INFORMAÇÃO;27/12/2016;;29/09/2016;;
1168175;RCBP PALMAS;FEMININO;25/05/1970;46;PARDA;BRASIL;ESPIRITO SANTO;;FUNDAMENTAL I (1ª A 4ª SÉRIE);CASADO;0;SEM INFORMAÇÃO	;TOCANTINS;PALMAS;ECTOCERVIX;C531;CARCINOMA ESCAMOCELULAR, SOE;80703;ECTOCERVIX;C531;;;;;false;HISTOLOGIA DO TUMOR PRIMÁRIO;SEM INFORMAÇÃO;;;;;;;;30/09/2016;;
1168176;RCBP PALMAS;FEMININO;17/01/1975;41;SEM INFORMAÇÃO;BRASIL;TOCANTINS;BERNARDO SAYÃO;SEM INFORMAÇÃO;CASADO;353;TÉCNICOS DE NÍVEL MÉDIO EM OPERAÇÕES FINANCEIRAS  	;TOCANTINS;PALMAS;MAMA , SOE;C509;CARCINOMA DUCTAL INFILTRANTE;85003;MAMA , SOE;C509;;;;;false;HISTOLOGIA DO TUMOR PRIMÁRIO;LOCALIZADO;;;;;;;;30/12/2016;;
1168177;RCBP PALMAS;MASCULINO;16/07/1967;48;PARDA;BRASIL;MATO GROSSO ;;MÉDIO (ANTIGO SEGUNDO GRAU);CASADO;524;VENDEDORES A DOMICÍLIO, AMBULANTES E EM BANCAS	;TOCANTINS;PALMAS;COLON DESCENDENTE;C186;ADENOCARCINOMA TUBULAR;82113;COLON DESCENDENTE;C186;;;;;false;HISTOLOGIA DO TUMOR PRIMÁRIO;SEM INFORMAÇÃO;;;;;;;;10/02/2016;;
1168179;RCBP PALMAS;FEMININO;24/12/1964;51;PARDA;BRASIL;TOCANTINS;;FUNDAMENTAL I (1ª A 4ª SÉRIE);CASADO;0;SEM INFORMAÇÃO	;TOCANTINS;PALMAS;PANCREAS, SOE;C259;CARCINOMA DE CELULAS ACINOSAS;85503;PANCREAS, SOE;C259;;;;;false;HISTOLOGIA DO TUMOR PRIMÁRIO;METÁSTASE;;;;;SEM INFORMAÇÃO;22/01/2017;;18/07/2016;;
1168180;RCBP PALMAS;FEMININO;09/01/1967;49;PARDA;BRASIL;TOCANTINS;ARAGUAÇU;FUNDAMENTAL II (5ª A 8ª SÉRIE);CASADO;524;VENDEDORES A DOMICÍLIO, AMBULANTES E EM BANCAS	;TOCANTINS;PALMAS;RIM, SOE;C649;CARCINOMA DE CELULAS RENAIS, SOE;83123;RIM;C64;;;;;false;HISTOLOGIA DO TUMOR PRIMÁRIO;METÁSTASE;;;;;;;;02/02/2016;;
1168181;RCBP PALMAS;FEMININO;12/02/1993;23;PARDA;BRASIL;TOCANTINS;;MÉDIO (ANTIGO SEGUNDO GRAU);SOLTEIRO;0;SEM INFORMAÇÃO	;TOCANTINS;PALMAS;TECIDOS MOLES DO MEMBRO SUPERIOR E OMBRO;C491;SARCOMA, SOE;88003;TECIDOS MOLES DO MEMBRO SUPERIOR E OMBRO;C491;;;OUTROS SARCOMAS DE PARTES MOLES INESPECÍFICOS;5.3.2;false;HISTOLOGIA DO TUMOR PRIMÁRIO;SEM INFORMAÇÃO;;;;;;;;08/06/2016;;
1168183;RCBP PALMAS;FEMININO;19/03/1977;38;BRANCO;BRASIL;TOCANTINS;PORTO NACIONAL;SEM INFORMAÇÃO;CASADO;111;MEMBROS SUPERIORES DO PODER LEGISLATIVO, EXECUTIVO E JUDICIÁRIO   	;TOCANTINS;PALMAS;MAMA , SOE;C509;CARCINOMA DUCTAL INFILTRANTE;85003;MAMA , SOE;C509;;;;;false;HISTOLOGIA DO TUMOR PRIMÁRIO;LOCALIZADO;;;;;;;;27/01/2016;;
1168185;RCBP PALMAS;FEMININO;03/12/1980;35;SEM INFORMAÇÃO;BRASIL;TOCANTINS;PORTO NACIONAL;SUPERIOR COMPLETO;SOLTEIRO;241;ADVOGADOS, PROCURADORES, TABELIÃES E AFINS	;TOCANTINS;PALMAS;COLON, SOE;C189;ADENOCARCINOMA, SOE;81403;COLON, SOE;C189;;;;;false;HISTOLOGIA DO TUMOR PRIMÁRIO;METÁSTASE;;;;;SEM INFORMAÇÃO;24/06/2017;;13/10/2016;;
1168186;RCBP PALMAS;FEMININO;03/09/1944;72;PARDA;BRASIL;MINAS GERAIS;;FUNDAMENTAL I (1ª A 4ª SÉRIE);VIÚVO;0;SEM INFORMAÇÃO	;TOCANTINS;PALMAS;VIAS BILIARES INTRA-HEPATICAS;C221;ADENOCARCINOMA, SOE;81403;FIGADO E VIAS BILIARES INTRA-HEPATICAS;C22;;;;;false;HISTOLOGIA DO TUMOR PRIMÁRIO;SEM INFORMAÇÃO;;;;;SEM INFORMAÇÃO;09/06/2017;;26/09/2016;;
1168187;RCBP PALMAS;FEMININO;30/03/1966;49;PARDA;BRASIL;GOIAS;;FUNDAMENTAL II (5ª A 8ª SÉRIE);CASADO;0;SEM INFORMAÇÃO	;TOCANTINS;PALMAS;COLON, SOE;C189;ADENOCARCINOMA TUBULAR;82113;COLON, SOE;C189;;;;;false;HISTOLOGIA DO TUMOR PRIMÁRIO;SEM INFORMAÇÃO;;;;;SEM INFORMAÇÃO;26/04/2016;;22/02/2016;;
1168188;RCBP PALMAS;FEMININO;08/02/1966;50;PARDA;BRASIL;MARANHÃO;VITÓRIA DO MEARIM;SUPERIOR COMPLETO;VIÚVO;111;MEMBROS SUPERIORES DO PODER LEGISLATIVO, EXECUTIVO E JUDICIÁRIO   	;TOCANTINS;PALMAS;MAMA , SOE;C509;CARCINOMA DUCTAL INFILTRANTE;85003;MAMA , SOE;C509;;;;;false;HISTOLOGIA DO TUMOR PRIMÁRIO;LOCALIZADO;;;;;;;;02/09/2016;;
1168189;RCBP PALMAS;MASCULINO;16/12/1936;79;PARDA;BRASIL;MATO GROSSO ;;FUNDAMENTAL I (1ª A 4ª SÉRIE);CASADO;0;SEM INFORMAÇÃO	;TOCANTINS;PALMAS;RETO, SOE;C209;ADENOCARCINOMA, SOE;81403;RETO;C20;;;;;false;HISTOLOGIA DO TUMOR PRIMÁRIO;METÁSTASE;;;;;;;;30/05/2016;;
1168184;RCBP PALMAS;FEMININO;07/11/1965;50;PARDA;BRASIL;MARANHÃO;IMPERATRIZ;SEM INFORMAÇÃO;SEPARADO JUDICIALMENTE;111;MEMBROS SUPERIORES DO PODER LEGISLATIVO, EXECUTIVO E JUDICIÁRIO   	;TOCANTINS;PALMAS;MAMA , SOE;C509;CARCINOMA DUCTAL INFILTRANTE;85213;MAMA , SOE;C509;;;;;true;HISTOLOGIA DO TUMOR PRIMÁRIO;LOCALIZADO;;;;;;;;16/02/2016;;
1168192;RCBP PALMAS;FEMININO;23/08/1975;40;PARDA;BRASIL;TOCANTINS;;FUNDAMENTAL II (5ª A 8ª SÉRIE);SOLTEIRO;413;ESCRITURÁRIOS CONTÁBEIS E DE FINANÇAS	;TOCANTINS;PALMAS;PELE DE OUTRAS PARTES DA FACE;C443;CARCINOMA BASOCELULAR, SOE;80903;PELE DE OUTRAS PARTES DA FACE;C443;;;;;false;HISTOLOGIA DO TUMOR PRIMÁRIO;SEM INFORMAÇÃO;;;;;;;;16/05/2016;;
1168208;RCBP PALMAS;FEMININO;15/09/1945;71;SEM INFORMAÇÃO;BRASIL;PIAUÍ;;SEM ESCOLARIDADE;SEM INFORMAÇÃO;0;SEM INFORMAÇÃO	;TOCANTINS;PALMAS;COLO DO UTERO, SOE;C539;CARCINOMA ESCAMOCELULAR, SOE;80703;COLO DO UTERO, SOE;C539;;;;;false;HISTOLOGIA DO TUMOR PRIMÁRIO;SEM INFORMAÇÃO;;;;;;;;26/10/2016;;
1168209;RCBP PALMAS;MASCULINO;08/02/1958;58;PARDA;BRASIL;MARANHÃO;;FUNDAMENTAL I (1ª A 4ª SÉRIE);CASADO;0;SEM INFORMAÇÃO	;TOCANTINS;PALMAS;PULMAO, SOE;C349;CARCINOMA ESCAMOCELULAR, SOE;80703;BRONQUIOS OU PULMOES, SOE;C349;;;;;false;HISTOLOGIA DO TUMOR PRIMÁRIO;METÁSTASE;;;;;;;;18/07/2016;;
1168210;RCBP PALMAS;MASCULINO;10/04/1937;78;BRANCO;BRASIL;TOCANTINS;;FUNDAMENTAL II (5ª A 8ª SÉRIE);CASADO;0;SEM INFORMAÇÃO	;TOCANTINS;PALMAS;BEXIGA, SOE;C679;CARCINOMA DE CELULAS TRANSICIONAIS, SOE;81203;BEXIGA, SOE;C679;;;;;false;HISTOLOGIA DO TUMOR PRIMÁRIO;SEM INFORMAÇÃO;;;;;;;;18/01/2016;;
1168211;RCBP PALMAS;FEMININO;24/09/1964;51;SEM INFORMAÇÃO;BRASIL;MARANHÃO;CAROLINA;SUPERIOR COMPLETO;SEPARADO JUDICIALMENTE;223;PROFISSIONAIS DA MEDICINA, SAÚDE E AFINS  	;TOCANTINS;PALMAS;MAMA , SOE;C509;CARCINOMA DUCTAL INFILTRANTE;85003;MAMA , SOE;C509;;;;;false;HISTOLOGIA DO TUMOR PRIMÁRIO;LOCALIZADO;;;;;;;;26/08/2016;;
1168212;RCBP PALMAS;MASCULINO;20/05/1950;66;SEM INFORMAÇÃO;BRASIL;TOCANTINS;;FUNDAMENTAL I (1ª A 4ª SÉRIE);SEM INFORMAÇÃO;0;SEM INFORMAÇÃO	;TOCANTINS;PALMAS;PROSTATA, SOE;C619;CARCINOMA DE CELULAS ACINOSAS;85503;PROSTATA;C61;;;;;false;HISTOLOGIA DO TUMOR PRIMÁRIO;SEM INFORMAÇÃO;;;;;;;;23/11/2016;;
1168213;RCBP PALMAS;MASCULINO;18/03/1987;29;SEM INFORMAÇÃO;BRASIL;MINAS GERAIS;;SUPERIOR COMPLETO;SEM INFORMAÇÃO;0;SEM INFORMAÇÃO	;TOCANTINS;PALMAS;LINFONODOS DA CABECA, FACE E PESCOCO;C770;LINFOMA DE HODGKIN, CELULARIDADE MISTA, SOE;96523;CELULARIDADE MISTA;C812;;;LINFOMA DE HODGKIN;2.2;false;HISTOLOGIA DO TUMOR PRIMÁRIO;NÃO SE APLICA;;;;;;;;11/04/2016;;
1168191;RCBP PALMAS;FEMININO;29/04/1977;39;BRANCO;BRASIL;TOCANTINS;PARAÍSO DO TOCANTINS;SEM ESCOLARIDADE;SEM INFORMAÇÃO;0;SEM INFORMAÇÃO	;TOCANTINS;PALMAS;CECO;C180;ADENOCARCINOMA, SOE;81403;CECO;C180;;;;;false;HISTOLOGIA DO TUMOR PRIMÁRIO;LOCALIZADO;;;;;;;;30/11/2016;;
1163901;RCBP PALMAS;FEMININO;03/07/1935;81;BRANCO;BRASIL;MARANHÃO;BALSAS;SEM ESCOLARIDADE;CASADO;0;SEM INFORMAÇÃO	;TOCANTINS;PALMAS;MAMA , SOE;C509;CARCINOMA DUCTAL INFILTRANTE;85003;MAMA , SOE;C509;;;;;false;HISTOLOGIA DO TUMOR PRIMÁRIO;LOCALIZADO;;;;;;;;05/07/2016;;
1168148;RCBP PALMAS;MASCULINO;17/05/1957;58;BRANCO;BRASIL;GOIAS;;FUNDAMENTAL II (5ª A 8ª SÉRIE);VIÚVO;810;SUPERVISORES DE PRODUÇÃO, EM INDÚSTRIAS QUÍMICAS, PETROQUÍMICAS E AFINS   	;TOCANTINS;PALMAS;PROSTATA, SOE;C619;ADENOCARCINOMA, SOE;81403;PROSTATA;C61;;;;;false;HISTOLOGIA DO TUMOR PRIMÁRIO;METÁSTASE;;;;;;;;14/04/2016;;
1168145;RCBP PALMAS;MASCULINO;07/10/2015;1;SEM INFORMAÇÃO;BRASIL;TOCANTINS;;SEM ESCOLARIDADE;SEM INFORMAÇÃO;0;SEM INFORMAÇÃO	;TOCANTINS;PALMAS;MEDULA OSSEA;C421;HISTIOCITOSE MALIGNA;97503;HISTIOCITOSE MALIGNA;C961;Miscelânia de neoplasias linforeticulares;II-D;;;false;HISTOLOGIA DO TUMOR PRIMÁRIO;NÃO SE APLICA;;;;;SEM INFORMAÇÃO;07/02/2017;;02/12/2016;;
1168146;RCBP PALMAS;MASCULINO;05/03/2013;3;SEM INFORMAÇÃO;BRASIL;TOCANTINS;;SEM ESCOLARIDADE;SEM INFORMAÇÃO;0;SEM INFORMAÇÃO	;TOCANTINS;PALMAS;MEDULA OSSEA;C421;LEUCEMIA LINFOBLASTICA DE CEL. PRECURSORAS TIPO B;98363;LEUCEMIA LINFOBLASTICA AGUDA;C910;Leucemias linfóides;I-A;;;false;HISTOLOGIA DO TUMOR PRIMÁRIO;NÃO SE APLICA;;;;;;;;16/05/2016;;
1168149;RCBP PALMAS;FEMININO;26/11/1981;34;PARDA;BRASIL;TOCANTINS;;FUNDAMENTAL I (1ª A 4ª SÉRIE);SOLTEIRO;0;SEM INFORMAÇÃO	;TOCANTINS;PALMAS;OSSOS LONGOS M. INFERIOR E ARTICUL. ASSOCIADAS;C402;OSTEOSSARCOMA, SOE;91803;OSSOS LONGOS DOS M. INFERIORES;C402;;;;;false;HISTOLOGIA DO TUMOR PRIMÁRIO;SEM INFORMAÇÃO;;;;;;;;25/11/2016;;
1168159;RCBP PALMAS;MASCULINO;02/04/1943;73;PARDA;BRASIL;SANTA CATARINA;;FUNDAMENTAL II (5ª A 8ª SÉRIE);CASADO;0;SEM INFORMAÇÃO	;TOCANTINS;PALMAS;RETO, SOE;C209;ADENOCARCINOMA, SOE;81403;RETO;C20;;;;;false;HISTOLOGIA DO TUMOR PRIMÁRIO;SEM INFORMAÇÃO;;;;;;;;17/06/2016;;
1168160;RCBP PALMAS;FEMININO;24/03/1970;45;PARDA;BRASIL;TOCANTINS;PONTE ALTA DO TOCANTINS;MÉDIO (ANTIGO SEGUNDO GRAU);CASADO;322;TÉCNICOS DA CIÊNCIA DA SAÚDE HUMANA 	;TOCANTINS;PALMAS;COLON, SOE;C189;ADENOCARCINOMA, SOE;81403;COLON, SOE;C189;;;;;false;HISTOLOGIA DO TUMOR PRIMÁRIO;METÁSTASE;;;;;SEM INFORMAÇÃO;07/07/2017;;17/02/2016;;
1168141;RCBP PALMAS;MASCULINO;03/09/1946;70;SEM INFORMAÇÃO;BRASIL;TOCANTINS;;MÉDIO (ANTIGO SEGUNDO GRAU);SEM INFORMAÇÃO;0;SEM INFORMAÇÃO	;TOCANTINS;PALMAS;LINFONODOS DA CABECA, FACE E PESCOCO;C770;LINFOMA FOLICULAR, GRAU II;96913;MISTO, PEQUENAS E GRANDES CEL. CLIVADAS, FOLICULAR;C821;;;;;false;HISTOLOGIA DO TUMOR PRIMÁRIO;NÃO SE APLICA;;;;;;;;07/12/2016;;
1168142;RCBP PALMAS;MASCULINO;13/11/1949;66;PARDA;BRASIL;GOIAS;;MÉDIO (ANTIGO SEGUNDO GRAU);CASADO;715;TRABALHADORES DA CONSTRUÇÃO CIVIL E OBRAS PÚBLICAS	;TOCANTINS;PALMAS;ESOFAGO, SOE;C159;NEOPLASIA MALIGNA;80003;ESOFAGO, SOE;C159;;;;;false;HISTOLOGIA DO TUMOR PRIMÁRIO;SEM INFORMAÇÃO;;;;;;;;21/05/2016;;
1168144;RCBP PALMAS;MASCULINO;29/08/2005;10;SEM INFORMAÇÃO;BRASIL;TOCANTINS;;FUNDAMENTAL I (1ª A 4ª SÉRIE);SEM INFORMAÇÃO;0;SEM INFORMAÇÃO	;TOCANTINS;PALMAS;OSSOS LONGOS M. INFERIOR E ARTICUL. ASSOCIADAS;C402;OSTEOSSARCOMA, SOE;91803;OSSOS LONGOS DOS M. INFERIORES;C402;Osteossarcoma;VIII-A;;;false;HISTOLOGIA DO TUMOR PRIMÁRIO;METÁSTASE;;;;;;;;22/01/2016;;
1168162;RCBP PALMAS;FEMININO;29/10/1950;65;SEM INFORMAÇÃO;BRASIL;AMAZONAS;MANAUS;SUPERIOR COMPLETO;CASADO;515;TRABALHADORES DOS SERVIÇOS DE SAÚDE  	;TOCANTINS;PALMAS;MAMA , SOE;C509;CARCINOMA DUCTAL INFILTRANTE;85003;MAMA , SOE;C509;;;;;false;HISTOLOGIA DO TUMOR PRIMÁRIO;LOCALIZADO;;;;;;;;13/05/2016;;
1168163;RCBP PALMAS;FEMININO;03/03/1973;42;SEM INFORMAÇÃO;BRASIL;TOCANTINS;;SUPERIOR COMPLETO;SEM INFORMAÇÃO;0;SEM INFORMAÇÃO	;TOCANTINS;PALMAS;COLO DO UTERO, SOE;C539;CARCINOMA ESCAMOCELULAR, SOE;80703;COLO DO UTERO, SOE;C539;;;;;false;HISTOLOGIA DO TUMOR PRIMÁRIO;SEM INFORMAÇÃO;;;;;;;;29/02/2016;;
1168164;RCBP PALMAS;MASCULINO;23/05/1928;87;BRANCO;BRASIL;PIAUÍ;SÃO RAIMUNDO NONATO;SEM INFORMAÇÃO;SEM INFORMAÇÃO;0;SEM INFORMAÇÃO	;TOCANTINS;PALMAS;PROSTATA, SOE;C619;ADENOCARCINOMA, SOE;81403;PROSTATA;C61;;;;;false;HISTOLOGIA DO TUMOR PRIMÁRIO;LOCALIZADO;;;;;;;;17/03/2016;;
1168165;RCBP PALMAS;FEMININO;22/01/1962;54;PARDA;BRASIL;TOCANTINS;;MÉDIO (ANTIGO SEGUNDO GRAU);CASADO;0;SEM INFORMAÇÃO	;TOCANTINS;PALMAS;QUADRANTE SUPERIOR INTERNO DA MAMA;C502;CARCINOMA DUCTAL INFILTRANTE;85003;QUADRANTE SUPERIOR INTERNO DA MAMA;C502;;;;;false;HISTOLOGIA DO TUMOR PRIMÁRIO;METÁSTASE;;;;;;;;24/11/2016;;
1168166;RCBP PALMAS;FEMININO;08/09/1965;50;PARDA;BRASIL;TOCANTINS;;MÉDIO (ANTIGO SEGUNDO GRAU);CASADO;0;SEM INFORMAÇÃO	;TOCANTINS;PALMAS;QUADRANTE SUPERIOR EXTERNO DA MAMA;C504;CARCINOMA DUCTAL INFILTRANTE;85003;QUADRANTE SUPERIOR EXTERNO DA MAMA;C504;;;;;false;HISTOLOGIA DO TUMOR PRIMÁRIO;METÁSTASE;;;;;;;;14/06/2016;;
1168167;RCBP PALMAS;MASCULINO;23/03/2006;10;AMARELA;BRASIL;BAHIA;WANDERLEY;SEM INFORMAÇÃO;SEM INFORMAÇÃO;0;SEM INFORMAÇÃO	;TOCANTINS;PALMAS;CEREBELO, SOE;C716;MEDULOBLASTOMA, SOE;94703;CEREBELO;C716;Tumores neuroectodérmicos primitivos;III-C;;;false;HISTOLOGIA DO TUMOR PRIMÁRIO;LOCALIZADO;;;;;;;;08/08/2016;;
1168223;RCBP PALMAS;MASCULINO;23/10/1990;25;SEM INFORMAÇÃO;BRASIL;PARÁ;;MÉDIO (ANTIGO SEGUNDO GRAU);SEM INFORMAÇÃO;0;SEM INFORMAÇÃO	;TOCANTINS;PALMAS;TESTICULO TOPICO;C621;TUMOR MISTO DE CELULAS GERMINATIVAS;90853;TESTICULO TOPICO;C621;;;NEOPLASIAS TROFOBLÁSTICAS E DE CÉLULAS GERMINATIVAS DAS GÔNADAS;6.1;false;HISTOLOGIA DO TUMOR PRIMÁRIO;METÁSTASE;;;;;;;;26/05/2016;;
1168221;RCBP PALMAS;FEMININO;05/12/2004;11;SEM INFORMAÇÃO;BRASIL;TOCANTINS;;SEM ESCOLARIDADE;SEM INFORMAÇÃO;0;SEM INFORMAÇÃO	;TOCANTINS;PALMAS;MEDULA OSSEA;C421;LEUCEMIA LINFOBLASTICA DE CEL. PRECURSORAS TIPO B;98363;LEUCEMIA LINFOBLASTICA AGUDA;C910;Leucemias linfóides;I-A;;;false;HISTOLOGIA DO TUMOR PRIMÁRIO;NÃO SE APLICA;;;;;;;;30/08/2016;;
1167911;RCBP PALMAS;MASCULINO;05/07/1937;78;PARDA;BRASIL;PERNAMBUCO;;FUNDAMENTAL I (1ª A 4ª SÉRIE);VIÚVO;0;SEM INFORMAÇÃO	;TOCANTINS;PALMAS;PROSTATA, SOE;C619;ADENOCARCINOMA, SOE;81403;PROSTATA;C61;;;;;false;HISTOLOGIA DO TUMOR PRIMÁRIO;SEM INFORMAÇÃO;;;;;;;;23/05/2016;;
1167912;RCBP PALMAS;MASCULINO;13/09/1946;69;PARDA;BRASIL;GOIAS;;FUNDAMENTAL I (1ª A 4ª SÉRIE);SEPARADO JUDICIALMENTE;621;TRABALHADORES NA EXPLORAÇÃO AGROPECUÁRIA EM GERAL	;TOCANTINS;PALMAS;CANAL ANAL;C211;CARCINOMA ESCAMOCELULAR, SOE;80703;CANAL ANAL;C211;;;;;false;HISTOLOGIA DO TUMOR PRIMÁRIO;SEM INFORMAÇÃO;;;;;;;;25/03/2016;;
1167913;RCBP PALMAS;FEMININO;13/06/1957;58;SEM INFORMAÇÃO;BRASIL;TOCANTINS;CRISTALÂNDIA;SEM INFORMAÇÃO;SEPARADO JUDICIALMENTE;0;SEM INFORMAÇÃO	;TOCANTINS;PALMAS;COLON DESCENDENTE;C186;ADENOCARCINOMA TUBULAR;82113;COLON DESCENDENTE;C186;;;;;false;HISTOLOGIA DO TUMOR PRIMÁRIO;LOCALIZADO;;;;;;;;18/05/2016;;
1167915;RCBP PALMAS;MASCULINO;03/10/1958;57;PARDA;BRASIL;SÃO PAULO;;FUNDAMENTAL I (1ª A 4ª SÉRIE);CASADO;514;TRABALHADORES NOS SERVIÇOS DE ADMINISTRAÇÃO, CONSERVAÇÃO E MANUTENÇÃO DE EDIFÍCIOS E LOGRADOUROS  	;TOCANTINS;PALMAS;RIM, SOE;C649;CARCINOMA DE CELULAS RENAIS, SOE;83123;RIM;C64;;;;;false;HISTOLOGIA DO TUMOR PRIMÁRIO;METÁSTASE;;;;;SEM INFORMAÇÃO;28/10/2017;;26/02/2016;;
1167916;RCBP PALMAS;MASCULINO;19/08/1956;60;PARDA;BRASIL;PARÁ;SANTARÉM;FUNDAMENTAL II (5ª A 8ª SÉRIE);SEM INFORMAÇÃO;0;SEM INFORMAÇÃO	;TOCANTINS;PALMAS;PROSTATA, SOE;C619;ADENOCARCINOMA, SOE;81403;PROSTATA;C61;;;;;false;HISTOLOGIA DO TUMOR PRIMÁRIO;LOCALIZADO;;;;;;;;08/12/2016;;
1167918;RCBP PALMAS;FEMININO;16/01/1936;80;BRANCO;BRASIL;RIO GRANDE DO SUL;CAÇAPAVA DO SUL;SEM INFORMAÇÃO;SOLTEIRO;;;TOCANTINS;PALMAS;RETO, SOE;C209;ADENOCARCINOMA, SOE;81403;RETO;C20;;;;;false;HISTOLOGIA DO TUMOR PRIMÁRIO;LOCALIZADO;;;;;;;;11/05/2016;;
1167921;RCBP PALMAS;MASCULINO;06/02/1952;64;PARDA;BRASIL;TOCANTINS;MIRACEMA DO TOCANTINS;SEM INFORMAÇÃO;SEM INFORMAÇÃO;0;SEM INFORMAÇÃO	;TOCANTINS;PALMAS;ANTRO GASTRICO;C163;CARCINOMA DE CELULAS EM ANEL DE SINETE;84903;ANTRO PILORICO;C163;;;;;false;HISTOLOGIA DO TUMOR PRIMÁRIO;LOCALIZADO;;;;;;;;17/03/2016;;
1167922;RCBP PALMAS;FEMININO;27/09/1947;69;BRANCO;BRASIL;RIO GRANDE DO SUL;;FUNDAMENTAL I (1ª A 4ª SÉRIE);CASADO;0;SEM INFORMAÇÃO	;TOCANTINS;PALMAS;TECIDOS MOLES DO MEMBRO INFERIOR E QUADRIL;C492;LIPOSSARCOMA, SOE;88503;TECIDOS MOLES DO MEMBRO INFERIOR E QUADRIL;C492;;;;;false;HISTOLOGIA DO TUMOR PRIMÁRIO;SEM INFORMAÇÃO;;;;;;;;13/10/2016;;
1167923;RCBP PALMAS;FEMININO;15/07/1929;86;SEM INFORMAÇÃO;BRASIL;PIAUÍ;RIBEIRO GONÇALVES;SEM INFORMAÇÃO;CASADO;0;SEM INFORMAÇÃO	;TOCANTINS;PALMAS;BEXIGA, SOE;C679;CARCINOMA PAPILAR DE CELULAS TRANSICIONAIS;81303;BEXIGA, SOE;C679;;;;;false;HISTOLOGIA DO TUMOR PRIMÁRIO;LOCALIZADO;;;;;;;;06/04/2016;;
1167925;RCBP PALMAS;FEMININO;28/07/1965;50;SEM INFORMAÇÃO;BRASIL;GOIAS;;SUPERIOR COMPLETO;SEM INFORMAÇÃO;0;SEM INFORMAÇÃO	;TOCANTINS;PALMAS;COLON TRANSVERSO;C184;ADENOCARCINOMA, SOE;81403;COLON TRANSVERSO;C184;;;;;false;HISTOLOGIA DO TUMOR PRIMÁRIO;SEM INFORMAÇÃO;;;;;;;;21/05/2016;;
1167927;RCBP PALMAS;FEMININO;25/07/1966;50;BRANCO;BRASIL;CEARÁ;;MÉDIO (ANTIGO SEGUNDO GRAU);CASADO;239;OUTROS PROFISSIONAIS DO ENSINO NÃO CLASSIFICADOS ANTERIORMENTE	;TOCANTINS;PALMAS;MAMILO;C500;CARCINOMA DUCTAL INFILTRANTE;85003;MAMILO E AREOLA;C500;;;;;false;HISTOLOGIA DO TUMOR PRIMÁRIO;SEM INFORMAÇÃO;;;;;;;;07/11/2016;;
1167928;RCBP PALMAS;MASCULINO;03/11/1934;82;PARDA;BRASIL;TOCANTINS;NATIVIDADE;SEM INFORMAÇÃO;SOLTEIRO;0;SEM INFORMAÇÃO	;TOCANTINS;PALMAS;PROSTATA, SOE;C619;ADENOCARCINOMA, SOE;81403;PROSTATA;C61;;;;;false;HISTOLOGIA DA METÁSTASE;METÁSTASE;;;;;;;;09/11/2016;;
1167929;RCBP PALMAS;MASCULINO;11/10/1958;58;SEM INFORMAÇÃO;BRASIL;TOCANTINS;;MÉDIO (ANTIGO SEGUNDO GRAU);SEM INFORMAÇÃO;0;SEM INFORMAÇÃO	;TOCANTINS;PALMAS;LESAO SOBREPOSTA DO PANCREAS;C258;ADENOCARCINOMA, SOE;81403;LESAO INVASIVA DO PANCRES;C258;;;;;false;HISTOLOGIA DO TUMOR PRIMÁRIO;METÁSTASE;;;;;;;;15/11/2016;;
1167933;RCBP PALMAS;MASCULINO;15/01/1932;84;PARDA;BRASIL;MARANHÃO;SÃO FRANCISCO DO BREJÃO;SEM ESCOLARIDADE;CASADO;0;SEM INFORMAÇÃO	;TOCANTINS;PALMAS;PROSTATA, SOE;C619;ADENOCARCINOMA, SOE;81403;PROSTATA;C61;;;;;false;HISTOLOGIA DO TUMOR PRIMÁRIO;METÁSTASE;;;;;;;;28/01/2016;;
1167934;RCBP PALMAS;MASCULINO;17/07/1943;72;PARDA;BRASIL;PIAUÍ;SÃO MIGUEL DO TAPUIO;SEM INFORMAÇÃO;SEM INFORMAÇÃO;0;SEM INFORMAÇÃO	;TOCANTINS;PALMAS;PROSTATA, SOE;C619;ADENOCARCINOMA, SOE;81403;PROSTATA;C61;;;;;false;HISTOLOGIA DO TUMOR PRIMÁRIO;LOCALIZADO;;;;;;;;20/04/2016;;
1167935;RCBP PALMAS;FEMININO;06/09/1963;52;PARDA;BRASIL;GOIAS;;MÉDIO (ANTIGO SEGUNDO GRAU);CASADO;516;TRABALHADORES NOS SERVIÇOS DE EMBELEZAMENTO E CUIDADOS PESSOAIS   	;TOCANTINS;PALMAS;MAMA , SOE;C509;CARCINOMA DUCTAL INFILTRANTE;85003;MAMA , SOE;C509;;;;;false;HISTOLOGIA DO TUMOR PRIMÁRIO;METÁSTASE;;;;;;;;26/07/2016;;
1167937;RCBP PALMAS;MASCULINO;05/03/1951;64;SEM INFORMAÇÃO;BRASIL;TOCANTINS;CONCEIÇÃO DO TOCANTINS;SEM INFORMAÇÃO;SEM INFORMAÇÃO;0;SEM INFORMAÇÃO	;TOCANTINS;PALMAS;PROSTATA, SOE;C619;NEOPLASIA MALIGNA;80003;PROSTATA;C61;;;;;false;CLÍNICO;LOCALIZADO;;;;;;;;26/02/2016;;
1167931;RCBP PALMAS;FEMININO;05/09/1927;88;AMARELA;BRASIL;GOIAS;POSSE;SEM INFORMAÇÃO;SEM INFORMAÇÃO;0;SEM INFORMAÇÃO	;TOCANTINS;PALMAS;COLO DO UTERO, SOE;C539;CARCINOMA ESCAMOSO MICRO-INVASOR;80763;COLO DO UTERO, SOE;C539;;;;;false;HISTOLOGIA DO TUMOR PRIMÁRIO;LOCALIZADO;;;;;;;;20/04/2016;;
1167924;RCBP PALMAS;FEMININO;20/07/1963;52;PARDA;BRASIL;MATO GROSSO ;SANTA TEREZINHA;MÉDIO (ANTIGO SEGUNDO GRAU);SOLTEIRO;0;SEM INFORMAÇÃO	;TOCANTINS;PALMAS;COLO DO UTERO, SOE;C539;CARCINOMA ESCAMOCELULAR, SOE;80703;COLO DO UTERO, SOE;C539;;;;;false;HISTOLOGIA DO TUMOR PRIMÁRIO;METÁSTASE;;;;;CÂNCER;11/04/2016;;04/02/2016;;
1167917;RCBP PALMAS;FEMININO;19/10/1972;43;AMARELA;BRASIL;TOCANTINS;GUARAÍ;SEM INFORMAÇÃO;SEM INFORMAÇÃO;0;SEM INFORMAÇÃO	;TOCANTINS;PALMAS;COLO DO UTERO, SOE;C539;CARCINOMA ESCAMOCELULAR, SOE;80703;COLO DO UTERO, SOE;C539;;;;;false;HISTOLOGIA DO TUMOR PRIMÁRIO;LOCALIZADO;;;;;;;;25/07/2016;;
1167920;RCBP PALMAS;FEMININO;04/11/1970;46;SEM INFORMAÇÃO;BRASIL;TOCANTINS;GURUPI;SEM INFORMAÇÃO;SEM INFORMAÇÃO;0;SEM INFORMAÇÃO	;TOCANTINS;PALMAS;TIREOIDE, SOE;C739;CARCINOMA PAPILAR, SOE;80503;GLANDULA TIREOIDE;C73;;;;;false;HISTOLOGIA DO TUMOR PRIMÁRIO;LOCALIZADO;;;;;;;;15/12/2016;;
1167926;RCBP PALMAS;FEMININO;07/09/1938;77;PRETA;BRASIL;TOCANTINS;BREJINHO DE NAZARÉ;SEM INFORMAÇÃO;SEM INFORMAÇÃO;0;SEM INFORMAÇÃO	;TOCANTINS;PALMAS;OUVIDO EXTERNO;C442;CARCINOMA BASOCELULAR, SOE;80903;PELE DA ORELHA E CONDUTO AUDITIVO EXTERNO;C442;;;;;false;HISTOLOGIA DO TUMOR PRIMÁRIO;LOCALIZADO;;;;;;;;28/07/2016;;
1167930;RCBP PALMAS;MASCULINO;14/08/1957;58;AMARELA;BRASIL;MINAS GERAIS;CENTRAL DE MINAS;SEM INFORMAÇÃO;SEM INFORMAÇÃO;0;SEM INFORMAÇÃO	;TOCANTINS;PALMAS;FUNDO DO ESTOMAGO;C161;ADENOCARCINOMA, SOE;81403;FUNDO DO ESTOMAGO;C161;;;;;false;HISTOLOGIA DO TUMOR PRIMÁRIO;LOCALIZADO;;;;;;;;25/02/2016;;
1167932;RCBP PALMAS;MASCULINO;18/05/1949;67;BRANCO;BRASIL;MARANHÃO;LORETO;SEM INFORMAÇÃO;SEM INFORMAÇÃO;0;SEM INFORMAÇÃO	;TOCANTINS;PALMAS;PROSTATA, SOE;C619;ADENOCARCINOMA, SOE;81403;PROSTATA;C61;;;;;false;HISTOLOGIA DO TUMOR PRIMÁRIO;LOCALIZADO;;;;;;;;22/06/2016;;
1167936;RCBP PALMAS;MASCULINO;25/01/1943;73;AMARELA;BRASIL;MINAS GERAIS;SÃO JOÃO DO PARAÍSO;SEM INFORMAÇÃO;SEM INFORMAÇÃO;0;SEM INFORMAÇÃO	;TOCANTINS;PALMAS;PELE DE OUTRAS PARTES DA FACE;C443;CARCINOMA ESCAMOCELULAR, SOE;80703;PELE DE OUTRAS PARTES DA FACE;C443;;;;;false;HISTOLOGIA DO TUMOR PRIMÁRIO;LOCALIZADO;;;;;;;;30/09/2016;;
1167914;RCBP PALMAS;MASCULINO;23/03/1939;77;SEM INFORMAÇÃO;BRASIL;Não informado;Não Informado;SEM ESCOLARIDADE;SEM INFORMAÇÃO;0;SEM INFORMAÇÃO	;TOCANTINS;PALMAS;LOCALIZACAO PRIMARIA DESCONHECIDA, SOE;C809;NEOPLASIA MALIGNA;80003;LOCALIZACAO PRIMARIA DESCONHECIDA;C80;;;;;false;SDO;METÁSTASE;;;;;CÂNCER;26/06/2016;;23/05/2016;;
1168216;RCBP PALMAS;FEMININO;29/12/1968;47;PARDA;BRASIL;MARANHÃO;;FUNDAMENTAL I (1ª A 4ª SÉRIE);CASADO;0;SEM INFORMAÇÃO	;TOCANTINS;PALMAS;HIPOFARINGE, SOE;C139;CARCINOMA ESCAMOCELULAR, SOE;80703;HIPOFARINGE, SOE;C139;;;;;false;HISTOLOGIA DO TUMOR PRIMÁRIO;METÁSTASE;;;;;;;;15/02/2016;;
1222430;RCBP PALMAS;MASCULINO;23/08/1951;65;PARDA;BRASIL;TOCANTINS;;FUNDAMENTAL II (5ª A 8ª SÉRIE);SOLTEIRO;0;SEM INFORMAÇÃO	;TOCANTINS;PALMAS;PROSTATA, SOE;C619;ADENOCARCINOMA, SOE;81403;PROSTATA;C61;;;;;false;HISTOLOGIA DO TUMOR PRIMÁRIO;SEM INFORMAÇÃO;;;;;;;;08/05/2017;;
1222448;RCBP PALMAS;FEMININO;27/02/1938;79;PARDA;BRASIL;MINAS GERAIS;;FUNDAMENTAL II (5ª A 8ª SÉRIE);VIÚVO;0;SEM INFORMAÇÃO	;TOCANTINS;PALMAS;MAMA , SOE;C509;ADENOCARCINOMA PAPILAR INTRADUCTAL COM INVASAO;85033;MAMA , SOE;C509;;;;;false;HISTOLOGIA DO TUMOR PRIMÁRIO;SEM INFORMAÇÃO;;;;;;;;11/04/2017;;
1453416;RCBP PALMAS;MASCULINO;23/11/1941;75;BRANCO;BRASIL;MARANHÃO;;FUNDAMENTAL I (1ª A 4ª SÉRIE);VIÚVO;621;TRABALHADORES NA EXPLORAÇÃO AGROPECUÁRIA EM GERAL	;TOCANTINS;PALMAS;PELE DE OUTRAS PARTES DA FACE;C443;CARCINOMA BASOCELULAR, SOE;80903;PELE DE OUTRAS PARTES DA FACE;C443;;;;;false;HISTOLOGIA DO TUMOR PRIMÁRIO;LOCALIZADO;;;;;;;;15/03/2017;;
1453420;RCBP PALMAS;MASCULINO;03/01/1922;95;SEM INFORMAÇÃO;BRASIL;MARANHÃO;BALSAS;SEM ESCOLARIDADE;CASADO;0;SEM INFORMAÇÃO	;TOCANTINS;PALMAS;PROSTATA, SOE;C619;ADENOCARCINOMA, SOE;81403;PROSTATA;C61;;;;;false;HISTOLOGIA DO TUMOR PRIMÁRIO;LOCALIZADO;;;;;CÂNCER;13/10/2017;;13/04/2017;;
1453431;RCBP PALMAS;MASCULINO;29/07/1943;73;PARDA;BRASIL;Não informado;Não Informado;FUNDAMENTAL II (5ª A 8ª SÉRIE);CASADO;0;SEM INFORMAÇÃO	;TOCANTINS;PALMAS;COLON, SOE;C189;ADENOCARCINOMA, SOE;81403;COLON, SOE;C189;;;;;false;HISTOLOGIA DO TUMOR PRIMÁRIO;METÁSTASE;;;;;CÂNCER;08/04/2017;;02/01/2017;;
1455000;RCBP PALMAS;FEMININO;17/03/1975;42;PARDA;BRASIL;GOIAS;;FUNDAMENTAL I (1ª A 4ª SÉRIE);CASADO;0;SEM INFORMAÇÃO	;TOCANTINS;PALMAS;CANAL ANAL;C211;NEOPLASIA INTRA-EPITELIAL ESCAMOSA,GRAU IIII;80772;ANUS E CANAL ANAL;D013;;;;;false;HISTOLOGIA DO TUMOR PRIMÁRIO;"IN SITU";;;;;;;;22/08/2017;;
1455001;RCBP PALMAS;MASCULINO;17/06/1937;80;SEM INFORMAÇÃO;BRASIL;MINAS GERAIS;;FUNDAMENTAL II (5ª A 8ª SÉRIE);CASADO;0;SEM INFORMAÇÃO	;TOCANTINS;PALMAS;PELE DO COURO CABELUDO E DO PESCOCO;C444;LINFOMA CUTANEO DE CELULAS T, SOE;97093;OUTROS LINFOMAS DE CELULAS T, SOE;C845;;;;;false;HISTOLOGIA DO TUMOR PRIMÁRIO;NÃO SE APLICA;;;;;;;;25/08/2017;;
1455003;RCBP PALMAS;MASCULINO;25/06/1957;59;BRANCO;BRASIL;SANTA CATARINA;;FUNDAMENTAL I (1ª A 4ª SÉRIE);CASADO;0;SEM INFORMAÇÃO	;TOCANTINS;PALMAS;MEDULA OSSEA;C421;MIELOMA MULTIPLO;97323;MIELOMA MULTIPLO;C900;;;;;false;HISTOLOGIA DO TUMOR PRIMÁRIO;NÃO SE APLICA;;;;;;;;11/04/2017;;
1455004;RCBP PALMAS;MASCULINO;15/01/1970;47;PARDA;BRASIL;TOCANTINS;;SEM INFORMAÇÃO;CASADO;0;SEM INFORMAÇÃO	;TOCANTINS;PALMAS;PULMAO, SOE;C349;NEOPLASIA MALIGNA;80003;BRONQUIOS OU PULMOES, SOE;C349;;;;;false;HISTOLOGIA DO TUMOR PRIMÁRIO;SEM INFORMAÇÃO;;;;;CÂNCER;27/03/2018;;08/11/2017;;
1453230;RCBP PALMAS;MASCULINO;08/02/1959;57;BRANCO;BRASIL;AMAZONAS;ATALAIA DO NORTE;FUNDAMENTAL II (5ª A 8ª SÉRIE);CASADO;0;SEM INFORMAÇÃO	;TOCANTINS;PALMAS;BEXIGA, SOE;C679;CARCINOMA, SOE;80103;BEXIGA, SOE;C679;;;;;false;HISTOLOGIA DO TUMOR PRIMÁRIO;LOCALIZADO;;;;;CÂNCER;31/01/2017;;02/01/2017;;
1453415;RCBP PALMAS;MASCULINO;02/07/1947;69;PARDA;BRASIL;MINAS GERAIS;IGUATAMA;MÉDIO (ANTIGO SEGUNDO GRAU);CASADO;0;SEM INFORMAÇÃO	;TOCANTINS;PALMAS;JUNCAO RETOSSIGMOIDIANA, SOE;C199;CARCINOMA, SOE;80103;JUNCAO RETOSSIGMOIDE;C19;;;;;false;HISTOLOGIA DO TUMOR PRIMÁRIO;METÁSTASE;;;;;CÂNCER;16/04/2017;;06/03/2017;;
1466490;RCBP PALMAS;FEMININO;04/01/1983;34;BRANCO;BRASIL;BAHIA;RIACHÃO DO JACUÍPE;SUPERIOR INCOMPLETO;SEM INFORMAÇÃO;0;SEM INFORMAÇÃO	;TOCANTINS;PALMAS;LOCALIZACAO PRIMARIA DESCONHECIDA, SOE;C809;NEOPLASIA MALIGNA;80003;LOCALIZACAO PRIMARIA DESCONHECIDA;C80;;;;;false;SDO;SEM INFORMAÇÃO;;;;;CÂNCER;20/02/2017;;16/01/2017;;
1222504;RCBP PALMAS;MASCULINO;19/07/1935;82;BRANCO;BRASIL;TOCANTINS;ITACAJÁ;SEM INFORMAÇÃO;CASADO;0;SEM INFORMAÇÃO	;TOCANTINS;PALMAS;PELE DO TRONCO;C445;CARCINOMA ESCAMOSO MICRO-INVASOR;80763;PELE DO TRONCO;C445;;;;;false;HISTOLOGIA DO TUMOR PRIMÁRIO;LOCALIZADO;;;;;;;;06/09/2017;;
1222504;RCBP PALMAS;MASCULINO;19/07/1935;82;BRANCO;BRASIL;TOCANTINS;ITACAJÁ;SEM INFORMAÇÃO;CASADO;0;SEM INFORMAÇÃO	;TOCANTINS;PALMAS;PELE DE OUTRAS PARTES DA FACE;C443;CARCINOMA BASAL ADENOIDE;80983;PELE DE OUTRAS PARTES DA FACE;C443;;;;;false;HISTOLOGIA DO TUMOR PRIMÁRIO;LOCALIZADO;;;;;;;;06/09/2017;;
435881;RCBP PALMAS;MASCULINO;27/04/1949;68;BRANCO;BRASIL;BAHIA;RIACHÃO DO JACUÍPE;SEM INFORMAÇÃO;SEM INFORMAÇÃO;0;SEM INFORMAÇÃO	;TOCANTINS;PALMAS;PELE DO MEMBRO SUPERIOR E DO OMBRO;C446;DOENCA DE BOWEN;80812;PELE DOS MEMBROS SUPERIORES, INCLUINDO OMBRO;D046;;;;;false;HISTOLOGIA DO TUMOR PRIMÁRIO;"IN SITU";;;;;;;;20/06/2017;;
1169004;RCBP PALMAS;MASCULINO;04/01/1955;62;BRANCO;BRASIL;TOCANTINS;MIRACEMA DO TOCANTINS;FUNDAMENTAL II (5ª A 8ª SÉRIE);CASADO;0;SEM INFORMAÇÃO	;TOCANTINS;PALMAS;PROSTATA, SOE;C619;ADENOCARCINOMA, SOE;81403;PROSTATA;C61;;;;;false;HISTOLOGIA DO TUMOR PRIMÁRIO;METÁSTASE;;;;;CÂNCER;04/09/2017;;19/06/2017;;
1168960;RCBP PALMAS;FEMININO;22/11/1982;34;BRANCO;BRASIL;TOCANTINS;ITACAJÁ;SEM INFORMAÇÃO;CASADO;231;PROFESSORES DE NÍVEL SUPERIOR NA EDUCAÇÃO INFANTIL E NO ENSINO FUNDAMENTAL	;TOCANTINS;PALMAS;ECTOCERVIX;C531;CARCINOMA ESCAMOCELULAR, SOE;80703;ECTOCERVIX;C531;;;;;false;HISTOLOGIA DO TUMOR PRIMÁRIO;LOCALIZADO;;;;;;;;15/08/2017;;
772068;RCBP PALMAS;MASCULINO;27/09/1950;67;PARDA;BRASIL;MARANHÃO;BENEDITO LEITE;FUNDAMENTAL II (5ª A 8ª SÉRIE);CASADO;782;CONDUTORES DE VEÍCULOS E OPERADORES DE EQUIPAMENTOS DE ELEVAÇÃO E DE MOVIMENTAÇÃO DE CARGAS   	;TOCANTINS;PALMAS;PELE DE OUTRAS PARTES DA FACE;C443;CARCINOMA BASOCELULAR, SOE;80903;PELE DE OUTRAS PARTES DA FACE;C443;;;;;false;HISTOLOGIA DO TUMOR PRIMÁRIO;LOCALIZADO;;;;;;;;04/10/2017;;
629248;RCBP PALMAS;FEMININO;26/02/1969;48;SEM INFORMAÇÃO;BRASIL;TOCANTINS;PORTO NACIONAL;SUPERIOR COMPLETO;SEPARADO JUDICIALMENTE;252;PROFISSIONAIS DE ORGANIZAÇÃO E ADMINISTRAÇÃO DE EMPRESAS E AFINS  	;TOCANTINS;PALMAS;PROLONGAMENTO AXILAR DA MAMA;C506;CARCINOMA, SOE;80103;PROLONGAMENTO AXILAR DA MAMA;C506;;;;;false;HISTOLOGIA DO TUMOR PRIMÁRIO;METÁSTASE;;;;;CÂNCER;06/10/2017;;06/10/2017;;
1168939;RCBP PALMAS;MASCULINO;30/07/1945;72;SEM INFORMAÇÃO;BRASIL;SÃO PAULO;;FUNDAMENTAL II (5ª A 8ª SÉRIE);SEPARADO JUDICIALMENTE;0;SEM INFORMAÇÃO	;TOCANTINS;PALMAS;PROSTATA, SOE;C619;ADENOCARCINOMA, SOE;81403;PROSTATA;C61;;;;;false;HISTOLOGIA DO TUMOR PRIMÁRIO;LOCALIZADO;;;;;;;;25/09/2017;;
1226924;RCBP PALMAS;FEMININO;03/10/1957;59;PARDA;BRASIL;TOCANTINS;;FUNDAMENTAL II (5ª A 8ª SÉRIE);SOLTEIRO;0;SEM INFORMAÇÃO	;TOCANTINS;PALMAS;PELE DO TRONCO;C445;CARCINOMA ESCAMOCELULAR, SOE;80703;PELE DO TRONCO;C445;;;;;false;HISTOLOGIA DO TUMOR PRIMÁRIO;LOCALIZADO;;;;;;;;28/04/2017;;
1226917;RCBP PALMAS;FEMININO;19/11/1941;75;BRANCO;BRASIL;GOIAS;;FUNDAMENTAL I (1ª A 4ª SÉRIE);VIÚVO;0;SEM INFORMAÇÃO	;TOCANTINS;PALMAS;COLON, SOE;C189;ADENOCARCINOMA, SOE;81403;COLON, SOE;C189;;;;;false;HISTOLOGIA DO TUMOR PRIMÁRIO;METÁSTASE;;;;;SEM INFORMAÇÃO;04/09/2017;;09/03/2017;;
1226919;RCBP PALMAS;FEMININO;23/03/1940;77;BRANCO;BRASIL;Não informado;Não Informado;FUNDAMENTAL II (5ª A 8ª SÉRIE);VIÚVO;0;SEM INFORMAÇÃO	;TOCANTINS;PALMAS;MAMA , SOE;C509;CARCINOMA, SOE;80103;MAMA , SOE;C509;;;;;false;HISTOLOGIA DO TUMOR PRIMÁRIO;METÁSTASE;;;;;CÂNCER;23/12/2017;;23/12/2017;;
1226921;RCBP PALMAS;FEMININO;07/06/1966;50;PARDA;BRASIL;TOCANTINS;;FUNDAMENTAL I (1ª A 4ª SÉRIE);VIÚVO;0;SEM INFORMAÇÃO	;TOCANTINS;PALMAS;COLON, SOE;C189;CARCINOMA ADENOESCAMOSO;85603;COLON, SOE;C189;;;;;false;HISTOLOGIA DO TUMOR PRIMÁRIO;METÁSTASE;;;;;;;;09/02/2017;;
1226913;RCBP PALMAS;MASCULINO;11/06/1956;61;PARDA;BRASIL;TOCANTINS;;FUNDAMENTAL II (5ª A 8ª SÉRIE);CASADO;0;SEM INFORMAÇÃO	;TOCANTINS;PALMAS;PROSTATA, SOE;C619;ADENOCARCINOMA, SOE;81403;PROSTATA;C61;;;;;false;HISTOLOGIA DO TUMOR PRIMÁRIO;METÁSTASE;;;;;SEM INFORMAÇÃO;11/07/2018;;19/09/2017;;
1226915;RCBP PALMAS;FEMININO;03/10/1958;58;PARDA;BRASIL;MARANHÃO;;FUNDAMENTAL I (1ª A 4ª SÉRIE);CASADO;239;OUTROS PROFISSIONAIS DO ENSINO NÃO CLASSIFICADOS ANTERIORMENTE	;TOCANTINS;PALMAS;PELE DE OUTRAS PARTES DA FACE;C443;CARCINOMA BASOCELULAR, SOE;80903;PELE DE OUTRAS PARTES DA FACE;C443;;;;;false;HISTOLOGIA DO TUMOR PRIMÁRIO;LOCALIZADO;;;;;;;;30/01/2017;;
435701;RCBP PALMAS;FEMININO;27/06/1962;54;SEM INFORMAÇÃO;BRASIL;SÃO PAULO;LINS;SUPERIOR COMPLETO;SOLTEIRO;234;PROFESSORES DO ENSINO SUPERIOR	;TOCANTINS;PALMAS;MAMA , SOE;C509;CARCINOMA, SOE;80103;MAMA , SOE;C509;;;;;false;HISTOLOGIA DO TUMOR PRIMÁRIO;METÁSTASE;;;;;CÂNCER;20/05/2017;;20/05/2017;;
1169059;RCBP PALMAS;MASCULINO;01/07/1964;52;BRANCO;BRASIL;TOCANTINS;;FUNDAMENTAL I (1ª A 4ª SÉRIE);CASADO;782;CONDUTORES DE VEÍCULOS E OPERADORES DE EQUIPAMENTOS DE ELEVAÇÃO E DE MOVIMENTAÇÃO DE CARGAS   	;TOCANTINS;PALMAS;RETO, SOE;C209;ADENOCARCINOMA, SOE;81403;RETO;C20;;;;;false;HISTOLOGIA DO TUMOR PRIMÁRIO;METÁSTASE;;;;;;;;20/03/2017;;
1169035;RCBP PALMAS;FEMININO;12/08/1939;77;BRANCO;BRASIL;CEARÁ;BOA VIAGEM;FUNDAMENTAL I (1ª A 4ª SÉRIE);SOLTEIRO;0;SEM INFORMAÇÃO	;TOCANTINS;PALMAS;COLO DO UTERO, SOE;C539;CARCINOMA ESCAMOCELULAR, SOE;80703;COLO DO UTERO, SOE;C539;;;;;false;HISTOLOGIA DO TUMOR PRIMÁRIO;LOCALIZADO;;;;;SEM INFORMAÇÃO;11/08/2018;;20/07/2017;;
1222514;RCBP PALMAS;FEMININO;09/01/1950;67;BRANCO;BRASIL;TOCANTINS;GOIATINS;FUNDAMENTAL I (1ª A 4ª SÉRIE);SOLTEIRO;0;SEM INFORMAÇÃO	;TOCANTINS;PALMAS;ESTOMAGO, SOE;C169;CARCINOMA, SOE;80103;ESTOMAGO, SOE;C169;;;;;false;HISTOLOGIA DO TUMOR PRIMÁRIO;LOCALIZADO;;;;;SEM INFORMAÇÃO;28/06/2017;;10/05/2017;;
1222508;RCBP PALMAS;MASCULINO;02/12/1952;64;BRANCO;BRASIL;SÃO PAULO;LUCIANÓPOLIS;SEM INFORMAÇÃO;SEM INFORMAÇÃO;0;SEM INFORMAÇÃO	;TOCANTINS;PALMAS;PROSTATA, SOE;C619;ADENOCARCINOMA, SOE;81403;PROSTATA;C61;;;;;false;HISTOLOGIA DO TUMOR PRIMÁRIO;LOCALIZADO;;;;;;;;16/02/2017;;
515225;RCBP PALMAS;FEMININO;14/12/1968;48;SEM INFORMAÇÃO;BRASIL;TOCANTINS;TOCANTÍNIA;MÉDIO (ANTIGO SEGUNDO GRAU);CASADO;841;OPERADORES DE EQUIPAMENTOS NA PREPARAÇÃO DE ALIMENTOS E BEBIDAS   	;TOCANTINS;PALMAS;AMPOLA DE VATER;C241;CARCINOMA, SOE;80103;AMPOLA DE VATER;C241;;;;;false;HISTOLOGIA DO TUMOR PRIMÁRIO;LOCALIZADO;;;;;CÂNCER;05/05/2017;;05/05/2017;;
1222457;RCBP PALMAS;FEMININO;26/05/1956;61;SEM INFORMAÇÃO;BRASIL;TOCANTINS;;SEM ESCOLARIDADE;SEM INFORMAÇÃO;0;SEM INFORMAÇÃO	;TOCANTINS;PALMAS;QUADRANTE INFERIOR INTERNO DA MAMA;C503;CARCINOMA DUCTAL INFILTRANTE;85003;QUADRANTE INFERIOR INTERNO DA MAMA;C503;;;;;false;HISTOLOGIA DO TUMOR PRIMÁRIO;METÁSTASE;;;;;;;;17/08/2017;;
1222458;RCBP PALMAS;FEMININO;06/02/1951;66;PARDA;BRASIL;TOCANTINS;;SEM INFORMAÇÃO;CASADO;0;SEM INFORMAÇÃO	;TOCANTINS;PALMAS;MAMA , SOE;C509;CARCINOMA DUCTAL INFILTRANTE;85003;MAMA , SOE;C509;;;;;false;HISTOLOGIA DO TUMOR PRIMÁRIO;LOCALIZADO;;;;;;;;10/07/2017;;
1222459;RCBP PALMAS;MASCULINO;03/11/1952;64;PARDA;BRASIL;GOIAS;;FUNDAMENTAL I (1ª A 4ª SÉRIE);SOLTEIRO;0;SEM INFORMAÇÃO	;TOCANTINS;PALMAS;PELE DE OUTRAS PARTES DA FACE;C443;CARCINOMA BASOCELULAR, SOE;80903;PELE DE OUTRAS PARTES DA FACE;C443;;;;;false;HISTOLOGIA DO TUMOR PRIMÁRIO;SEM INFORMAÇÃO;;;;;;;;07/07/2017;;
1222461;RCBP PALMAS;FEMININO;21/02/1938;79;PARDA;BRASIL;PARÁ;MARABÁ;SEM INFORMAÇÃO;SEM INFORMAÇÃO;0;SEM INFORMAÇÃO	;TOCANTINS;PALMAS;PELE DO LABIO, SOE;C440;CARCINOMA BASOCELULAR, TIPO FIBROEPITELIAL;80933;PELE DO LABIO;C440;;;;;false;HISTOLOGIA DO TUMOR PRIMÁRIO;LOCALIZADO;;;;;;;;28/12/2017;;
1222462;RCBP PALMAS;MASCULINO;21/08/1972;44;AMARELA;BRASIL;PARÁ;CONCEIÇÃO DO ARAGUAIA;SEM INFORMAÇÃO;SEM INFORMAÇÃO;0;SEM INFORMAÇÃO	;TOCANTINS;PALMAS;PELE DO MEMBRO SUPERIOR E DO OMBRO;C446;CARCINOMA BASOCELULAR, SOE;80903;PELE DO MEMBRO SUPERIOR E DO OMBRO;C446;;;;;false;HISTOLOGIA DO TUMOR PRIMÁRIO;LOCALIZADO;;;;;;;;17/07/2017;;
1222465;RCBP PALMAS;FEMININO;20/12/1952;64;AMARELA;BRASIL;MARANHÃO;;FUNDAMENTAL I (1ª A 4ª SÉRIE);SEPARADO JUDICIALMENTE;0;SEM INFORMAÇÃO	;TOCANTINS;PALMAS;FIGADO, SOE;C220;SARCOMA  EPITELIOIDE;88043;FIGADO E VIAS BILIARES INTRA-HEPATICAS;C22;;;;;false;HISTOLOGIA DO TUMOR PRIMÁRIO;SEM INFORMAÇÃO;;;;;;;;07/04/2017;;
1222471;RCBP PALMAS;MASCULINO;09/11/1940;76;SEM INFORMAÇÃO;BRASIL;MARANHÃO;;FUNDAMENTAL I (1ª A 4ª SÉRIE);CASADO;0;SEM INFORMAÇÃO	;TOCANTINS;PALMAS;PROSTATA, SOE;C619;ADENOCARCINOMA, SOE;81403;PROSTATA;C61;;;;;false;HISTOLOGIA DO TUMOR PRIMÁRIO;SEM INFORMAÇÃO;;;;;;;;26/10/2017;;
1222472;RCBP PALMAS;MASCULINO;24/08/1960;56;PARDA;BRASIL;TOCANTINS;;FUNDAMENTAL I (1ª A 4ª SÉRIE);CASADO;0;SEM INFORMAÇÃO	;TOCANTINS;PALMAS;COLON TRANSVERSO;C184;ADENOCARCINOMA MUCINOSO;84803;COLON TRANSVERSO;C184;;;;;false;HISTOLOGIA DO TUMOR PRIMÁRIO;SEM INFORMAÇÃO;;;;;;;;09/05/2017;;
1222473;RCBP PALMAS;MASCULINO;27/07/1956;60;PARDA;BRASIL;PIAUÍ;;FUNDAMENTAL I (1ª A 4ª SÉRIE);CASADO;621;TRABALHADORES NA EXPLORAÇÃO AGROPECUÁRIA EM GERAL	;TOCANTINS;PALMAS;PROSTATA, SOE;C619;ADENOCARCINOMA, SOE;81403;PROSTATA;C61;;;;;false;HISTOLOGIA DO TUMOR PRIMÁRIO;SEM INFORMAÇÃO;;;;;;;;12/06/2017;;
1222474;RCBP PALMAS;MASCULINO;09/11/1974;42;PARDA;BRASIL;MARANHÃO;;MÉDIO (ANTIGO SEGUNDO GRAU);CASADO;141;GERENTES DE PRODUÇÃO E OPERAÇÕES  	;TOCANTINS;PALMAS;PULMAO, SOE;C349;ADENOCARCINOMA MUCINOSO;84803;BRONQUIOS OU PULMOES, SOE;C349;;;;;false;HISTOLOGIA DO TUMOR PRIMÁRIO;SEM INFORMAÇÃO;;;;;;;;19/09/2017;;
1222475;RCBP PALMAS;FEMININO;18/03/1962;55;PARDA;BRASIL;BAHIA;;FUNDAMENTAL I (1ª A 4ª SÉRIE);CASADO;524;VENDEDORES A DOMICÍLIO, AMBULANTES E EM BANCAS	;TOCANTINS;PALMAS;VESICULA BILIAR, SOE;C239;ADENOCARCINOMA, SOE;81403;VESICULA BILIAR;C23;;;;;false;HISTOLOGIA DO TUMOR PRIMÁRIO;METÁSTASE;;;;;;;;10/08/2017;;
1222480;RCBP PALMAS;MASCULINO;17/07/1951;65;SEM INFORMAÇÃO;BRASIL;MARANHÃO;;SUPERIOR COMPLETO;SEM INFORMAÇÃO;0;SEM INFORMAÇÃO	;TOCANTINS;PALMAS;LESAO SOBREPOSTA DA OROFARINGE;C108;CARCINOMA ESCAMOCELULAR, SOE;80703;OROFARINGE;C10;;;;;false;HISTOLOGIA DO TUMOR PRIMÁRIO;METÁSTASE;;;;;;;;24/03/2017;;
1222493;RCBP PALMAS;MASCULINO;14/12/1942;74;SEM INFORMAÇÃO;BRASIL;MINAS GERAIS;;MÉDIO (ANTIGO SEGUNDO GRAU);SEM INFORMAÇÃO;0;SEM INFORMAÇÃO	;TOCANTINS;PALMAS;PELE DE OUTRAS PARTES DA FACE;C443;CARCINOMA BASOCELULAR, SOE;80903;PELE DE OUTRAS PARTES DA FACE;C443;;;;;false;HISTOLOGIA DO TUMOR PRIMÁRIO;LOCALIZADO;;;;;;;;03/05/2017;;
1222494;RCBP PALMAS;MASCULINO;01/09/1953;63;SEM INFORMAÇÃO;BRASIL;TOCANTINS;;FUNDAMENTAL II (5ª A 8ª SÉRIE);SEM INFORMAÇÃO;0;SEM INFORMAÇÃO	;TOCANTINS;PALMAS;RETO, SOE;C209;ADENOCARCINOMA, SOE;81403;RETO;C20;;;;;false;HISTOLOGIA DO TUMOR PRIMÁRIO;SEM INFORMAÇÃO;;;;;;;;14/08/2017;;
1168998;RCBP PALMAS;MASCULINO;15/02/1922;94;BRANCO;BRASIL;MARANHÃO;SÃO LUÍS;SEM INFORMAÇÃO;SEM INFORMAÇÃO;0;SEM INFORMAÇÃO	;TOCANTINS;PALMAS;PROSTATA, SOE;C619;ADENOCARCINOMA, SOE;81403;PROSTATA;C61;;;;;false;HISTOLOGIA DO TUMOR PRIMÁRIO;LOCALIZADO;;;;;;;;19/01/2017;;
1222428;RCBP PALMAS;FEMININO;11/10/1964;52;PARDA;BRASIL;PIAUÍ;TERESINA;FUNDAMENTAL I (1ª A 4ª SÉRIE);VIÚVO;0;SEM INFORMAÇÃO	;TOCANTINS;PALMAS;OVARIO, SOE;C569;ADENOCARCINOMA MUCINOSO;84803;OVARIO;C56;;;;;false;HISTOLOGIA DO TUMOR PRIMÁRIO;METÁSTASE;;;;;CÂNCER;11/12/2017;;19/07/2017;;
1222449;RCBP PALMAS;FEMININO;15/10/1961;55;PARDA;BRASIL;TOCANTINS;ARAGUAÍNA;SEM INFORMAÇÃO;SEM INFORMAÇÃO;0;SEM INFORMAÇÃO	;TOCANTINS;PALMAS;PELE DO MEMBRO SUPERIOR E DO OMBRO;C446;CARCINOMA BASOCELULAR, SOE;80903;PELE DO MEMBRO SUPERIOR E DO OMBRO;C446;;;;;false;HISTOLOGIA DO TUMOR PRIMÁRIO;LOCALIZADO;;;;;;;;03/10/2017;;
1222460;RCBP PALMAS;MASCULINO;19/02/1966;51;PARDA;BRASIL;GOIAS;;FUNDAMENTAL II (5ª A 8ª SÉRIE);SOLTEIRO;516;TRABALHADORES NOS SERVIÇOS DE EMBELEZAMENTO E CUIDADOS PESSOAIS   	;TOCANTINS;PALMAS;COLON ASCENDENTE;C182;ADENOCARCINOMA MUCINOSO;84803;COLON ASCENDENTE;C182;;;;;false;HISTOLOGIA DO TUMOR PRIMÁRIO;METÁSTASE;;;;;SEM INFORMAÇÃO;18/11/2018;;12/05/2017;;
1222463;RCBP PALMAS;MASCULINO;11/06/1967;49;PARDA;BRASIL;TOCANTINS;;SEM INFORMAÇÃO;UNIÃO CONSENSUAL;715;TRABALHADORES DA CONSTRUÇÃO CIVIL E OBRAS PÚBLICAS	;TOCANTINS;PALMAS;PULMAO, SOE;C349;ADENOCARCINOMA, SOE;81403;BRONQUIOS OU PULMOES, SOE;C349;;;;;false;HISTOLOGIA DO TUMOR PRIMÁRIO;METÁSTASE;;;;;;;;05/06/2017;;
1222466;RCBP PALMAS;FEMININO;17/04/1959;58;BRANCO;BRASIL;PERNAMBUCO;;FUNDAMENTAL I (1ª A 4ª SÉRIE);VIÚVO;0;SEM INFORMAÇÃO	;TOCANTINS;PALMAS;MAMA , SOE;C509;CARCINOMA DUCTAL INFILTRANTE;85003;MAMA , SOE;C509;;;;;false;HISTOLOGIA DO TUMOR PRIMÁRIO;SEM INFORMAÇÃO;;;;;;;;05/06/2017;;
1222467;RCBP PALMAS;FEMININO;01/07/1973;44;PARDA;BRASIL;MARANHÃO;OLHO D'ÁGUA DAS CUNHÃS;FUNDAMENTAL I (1ª A 4ª SÉRIE);CASADO;715;TRABALHADORES DA CONSTRUÇÃO CIVIL E OBRAS PÚBLICAS	;TOCANTINS;PALMAS;FUNDO DO ESTOMAGO;C161;ADENOCARCINOMA, SOE;81403;FUNDO DO ESTOMAGO;C161;;;;;false;HISTOLOGIA DO TUMOR PRIMÁRIO;SEM INFORMAÇÃO;;;;;;;;19/07/2017;;
1222468;RCBP PALMAS;MASCULINO;28/09/1929;87;PARDA;BRASIL;CEARÁ;;FUNDAMENTAL II (5ª A 8ª SÉRIE);CASADO;0;SEM INFORMAÇÃO	;TOCANTINS;PALMAS;BASE DA LINGUA, SOE;C019;LINFOMA MALIGNO, TIPO NAO HODGKIN, SOE;95913;LINFOMA NAO-HODGKIN, SOE;C859;;;;;false;HISTOLOGIA DO TUMOR PRIMÁRIO;NÃO SE APLICA;;;;;;;;19/04/2017;;
1222469;RCBP PALMAS;MASCULINO;12/09/1965;51;PARDA;BRASIL;RIO GRANDE DO NORTE;;FUNDAMENTAL I (1ª A 4ª SÉRIE);SOLTEIRO;514;TRABALHADORES NOS SERVIÇOS DE ADMINISTRAÇÃO, CONSERVAÇÃO E MANUTENÇÃO DE EDIFÍCIOS E LOGRADOUROS  	;TOCANTINS;PALMAS;MEDULA OSSEA;C421;MIELOMA MULTIPLO;97323;MIELOMA MULTIPLO;C900;;;;;false;HISTOLOGIA DO TUMOR PRIMÁRIO;NÃO SE APLICA;;;;;;;;13/06/2017;;
1222470;RCBP PALMAS;MASCULINO;18/06/1931;85;BRANCO;BRASIL;BAHIA;;FUNDAMENTAL I (1ª A 4ª SÉRIE);CASADO;621;TRABALHADORES NA EXPLORAÇÃO AGROPECUÁRIA EM GERAL	;TOCANTINS;PALMAS;COLON SIGMOIDE;C187;ADENOCARCINOMA, SOE;81403;COLON SIGMOIDE;C187;;;;;false;HISTOLOGIA DO TUMOR PRIMÁRIO;METÁSTASE;;;;;SEM INFORMAÇÃO;06/04/2018;;29/05/2017;;
1222476;RCBP PALMAS;MASCULINO;27/08/1954;63;SEM INFORMAÇÃO;BRASIL;TOCANTINS;;FUNDAMENTAL I (1ª A 4ª SÉRIE);SOLTEIRO;621;TRABALHADORES NA EXPLORAÇÃO AGROPECUÁRIA EM GERAL	;TOCANTINS;PALMAS;MEDULA OSSEA;C421;MIELOMA MULTIPLO;97323;MIELOMA MULTIPLO;C900;;;;;false;HISTOLOGIA DO TUMOR PRIMÁRIO;NÃO SE APLICA;;;;;SEM INFORMAÇÃO;24/10/2017;;03/10/2017;;
1222477;RCBP PALMAS;FEMININO;15/06/1957;60;AMARELA;BRASIL;TOCANTINS;NOVO ACORDO;SEM INFORMAÇÃO;SEM INFORMAÇÃO;0;SEM INFORMAÇÃO	;TOCANTINS;PALMAS;MAMA , SOE;C509;CARCINOMA, SOE;80103;MAMA , SOE;C509;;;;;false;HISTOLOGIA DO TUMOR PRIMÁRIO;LOCALIZADO;;;;;;;;23/08/2017;;
1222478;RCBP PALMAS;MASCULINO;14/08/1960;57;SEM INFORMAÇÃO;BRASIL;RIO GRANDE DO SUL;;MÉDIO (ANTIGO SEGUNDO GRAU);SEM INFORMAÇÃO;0;SEM INFORMAÇÃO	;TOCANTINS;PALMAS;AMIGDALA, SOE;C099;CARCINOMA ESCAMOCELULAR, SOE;80703;AMIGDALA, SOE;C099;;;;;false;HISTOLOGIA DO TUMOR PRIMÁRIO;METÁSTASE;;;;;;;;17/10/2017;;
1222479;RCBP PALMAS;FEMININO;31/08/1944;72;SEM INFORMAÇÃO;BRASIL;SÃO PAULO;;FUNDAMENTAL I (1ª A 4ª SÉRIE);SEM INFORMAÇÃO;0;SEM INFORMAÇÃO	;TOCANTINS;PALMAS;COLON DESCENDENTE;C186;ADENOCARCINOMA, SOE;81403;COLON DESCENDENTE;C186;;;;;false;HISTOLOGIA DO TUMOR PRIMÁRIO;METÁSTASE;;;;;SEM INFORMAÇÃO;28/02/2018;;22/02/2017;;
1222481;RCBP PALMAS;FEMININO;05/07/1938;78;PARDA;BRASIL;MARANHÃO;;FUNDAMENTAL I (1ª A 4ª SÉRIE);CASADO;0;SEM INFORMAÇÃO	;TOCANTINS;PALMAS;MAMILO;C500;CARCINOMA DUCTAL INFILTRANTE;85003;MAMILO E AREOLA;C500;;;;;false;HISTOLOGIA DO TUMOR PRIMÁRIO;SEM INFORMAÇÃO;;;;;;;;26/01/2017;;
1222483;RCBP PALMAS;MASCULINO;18/09/1980;36;PARDA;BRASIL;BAHIA;;MÉDIO (ANTIGO SEGUNDO GRAU);CASADO;782;CONDUTORES DE VEÍCULOS E OPERADORES DE EQUIPAMENTOS DE ELEVAÇÃO E DE MOVIMENTAÇÃO DE CARGAS   	;TOCANTINS;PALMAS;RIM, SOE;C649;CARCINOMA DE CELULAS RENAIS, SARCOMATOIDE;83183;RIM;C64;;;;;false;HISTOLOGIA DO TUMOR PRIMÁRIO;SEM INFORMAÇÃO;;;;;;;;01/09/2017;;
1222488;RCBP PALMAS;FEMININO;18/09/1985;31;SEM INFORMAÇÃO;BRASIL;TOCANTINS;;SUPERIOR COMPLETO;SEM INFORMAÇÃO;0;SEM INFORMAÇÃO	;TOCANTINS;PALMAS;QUADRANTE SUPERIOR INTERNO DA MAMA;C502;CARCINOMA DUCTAL INFILTRANTE;85003;QUADRANTE SUPERIOR INTERNO DA MAMA;C502;;;;;false;HISTOLOGIA DO TUMOR PRIMÁRIO;METÁSTASE;;;;;;;;26/04/2017;;
1222491;RCBP PALMAS;MASCULINO;16/07/1937;80;PARDA;BRASIL;TOCANTINS;PALMAS;SEM INFORMAÇÃO;SEM INFORMAÇÃO;0;SEM INFORMAÇÃO	;TOCANTINS;PALMAS;PELE DO MEMBRO INFERIOR E DO QUADRIL;C447;CARCINOMA BASOCELULAR, SOE;80903;PELE DO MEMBRO INFERIOR E DO QUADRIL;C447;;;;;false;HISTOLOGIA DO TUMOR PRIMÁRIO;LOCALIZADO;;;;;;;;20/10/2017;;
1168999;RCBP PALMAS;MASCULINO;20/06/1964;53;AMARELA;BRASIL;MARANHÃO;;SEM INFORMAÇÃO;SEM INFORMAÇÃO;0;SEM INFORMAÇÃO	;TOCANTINS;PALMAS;PELE DE OUTRAS PARTES DA FACE;C443;CARCINOMA BASOCELULAR, SOE;80903;PELE DE OUTRAS PARTES DA FACE;C443;;;;;false;HISTOLOGIA DO TUMOR PRIMÁRIO;LOCALIZADO;;;;;;;;14/12/2017;;
1222406;RCBP PALMAS;FEMININO;10/08/1970;46;BRANCO;BRASIL;PERNAMBUCO;;FUNDAMENTAL II (5ª A 8ª SÉRIE);CASADO;141;GERENTES DE PRODUÇÃO E OPERAÇÕES  	;TOCANTINS;PALMAS;COLO DO UTERO, SOE;C539;CARCINOMA ESCAMOCELULAR, SOE;80703;COLO DO UTERO, SOE;C539;;;;;false;HISTOLOGIA DO TUMOR PRIMÁRIO;METÁSTASE;;;;;SEM INFORMAÇÃO;20/05/2018;;27/01/2017;;
1222408;RCBP PALMAS;FEMININO;05/02/1983;34;PARDA;BRASIL;TOCANTINS;;SEM INFORMAÇÃO;CASADO;0;SEM INFORMAÇÃO	;TOCANTINS;PALMAS;ECTOCERVIX;C531;CARCINOMA ESCAMOCELULAR, SOE;80703;ECTOCERVIX;C531;;;;;false;HISTOLOGIA DO TUMOR PRIMÁRIO;SEM INFORMAÇÃO;;;;;;;;22/06/2017;;
1222409;RCBP PALMAS;FEMININO;28/11/1972;44;BRANCO;BRASIL;GOIAS;;FUNDAMENTAL I (1ª A 4ª SÉRIE);SOLTEIRO;0;SEM INFORMAÇÃO	;TOCANTINS;PALMAS;PELE DE OUTRAS PARTES DA FACE;C443;CARCINOMA BASOCELULAR, SOE;80903;PELE DE OUTRAS PARTES DA FACE;C443;;;;;false;HISTOLOGIA DO TUMOR PRIMÁRIO;SEM INFORMAÇÃO;;;;;;;;09/03/2017;;
1222419;RCBP PALMAS;MASCULINO;23/12/1953;63;PARDA;BRASIL;PIAUÍ;;FUNDAMENTAL I (1ª A 4ª SÉRIE);CASADO;0;SEM INFORMAÇÃO	;TOCANTINS;PALMAS;TIMO, SOE;C379;TIMOMA, TIPO AB, MALIGNO;85823;TIMO;C37;;;;;false;HISTOLOGIA DO TUMOR PRIMÁRIO;SEM INFORMAÇÃO;;;;;;;;13/09/2017;;
1222420;RCBP PALMAS;MASCULINO;12/05/1954;62;PARDA;BRASIL;MINAS GERAIS;;FUNDAMENTAL II (5ª A 8ª SÉRIE);VIÚVO;621;TRABALHADORES NA EXPLORAÇÃO AGROPECUÁRIA EM GERAL	;TOCANTINS;PALMAS;LINGUA, SOE;C029;CARCINOMA ADENOESCAMOSO;85603;LINGUA, SOE;C029;;;;;false;HISTOLOGIA DO TUMOR PRIMÁRIO;METÁSTASE;;;;;;;;11/05/2017;;
1222436;RCBP PALMAS;FEMININO;14/11/1946;70;SEM INFORMAÇÃO;Não informado;Não informado;Não Informado;SEM INFORMAÇÃO;VIÚVO;0;SEM INFORMAÇÃO	;TOCANTINS;PALMAS;PELE DO MEMBRO INFERIOR E DO QUADRIL;C447;CARCINOMA BASOCELULAR, SOE;80903;PELE DO MEMBRO INFERIOR E DO QUADRIL;C447;;;;;false;HISTOLOGIA DO TUMOR PRIMÁRIO;SEM INFORMAÇÃO;;;;;;;;03/05/2017;;
1222505;RCBP PALMAS;MASCULINO;15/03/1949;68;PARDA;BRASIL;MARANHÃO;;FUNDAMENTAL I (1ª A 4ª SÉRIE);CASADO;514;TRABALHADORES NOS SERVIÇOS DE ADMINISTRAÇÃO, CONSERVAÇÃO E MANUTENÇÃO DE EDIFÍCIOS E LOGRADOUROS  	;TOCANTINS;PALMAS;PROSTATA, SOE;C619;ADENOCARCINOMA, SOE;81403;PROSTATA;C61;;;;;false;HISTOLOGIA DO TUMOR PRIMÁRIO;SEM INFORMAÇÃO;;;;;;;;02/10/2017;;
1222506;RCBP PALMAS;MASCULINO;01/12/1962;54;AMARELA;BRASIL;MARANHÃO;PASSAGEM FRANCA;SEM INFORMAÇÃO;SEM INFORMAÇÃO;0;SEM INFORMAÇÃO	;TOCANTINS;PALMAS;PELE DO TRONCO;C445;CARCINOMA BASOCELULAR, SOE;80903;PELE DO TRONCO;C445;;;;;false;HISTOLOGIA DO TUMOR PRIMÁRIO;LOCALIZADO;;;;;;;;23/05/2017;;
1222422;RCBP PALMAS;MASCULINO;16/08/1931;86;BRANCO;BRASIL;MARANHÃO;CHAPADINHA;SEM INFORMAÇÃO;SEM INFORMAÇÃO;0;SEM INFORMAÇÃO	;TOCANTINS;PALMAS;PELE DE OUTRAS PARTES DA FACE;C443;CARCINOMA BASOCELULAR, SOE;80903;PELE DE OUTRAS PARTES DA FACE;C443;;;;;false;HISTOLOGIA DO TUMOR PRIMÁRIO;METÁSTASE;;;;;;;;17/10/2017;;
1222397;RCBP PALMAS;FEMININO;11/07/1988;29;SEM INFORMAÇÃO;BRASIL;TOCANTINS;PALMAS;SEM INFORMAÇÃO;SEM INFORMAÇÃO;0;SEM INFORMAÇÃO	;TOCANTINS;PALMAS;PELE DO MEMBRO SUPERIOR E DO OMBRO;C446;CARCINOMA BASOCELULAR, SOE;80903;PELE DO MEMBRO SUPERIOR E DO OMBRO;C446;;;CARCINOMA DE PELE;7.2;false;HISTOLOGIA DO TUMOR PRIMÁRIO;LOCALIZADO;;;;;;;;06/10/2017;;
1222422;RCBP PALMAS;MASCULINO;16/08/1931;86;BRANCO;BRASIL;MARANHÃO;CHAPADINHA;SEM INFORMAÇÃO;SEM INFORMAÇÃO;0;SEM INFORMAÇÃO	;TOCANTINS;PALMAS;PELE DE OUTRAS PARTES DA FACE;C443;CARCINOMA BASOCELULAR, SOE;80903;PELE DE OUTRAS PARTES DA FACE;C443;;;;;false;HISTOLOGIA DO TUMOR PRIMÁRIO;LOCALIZADO;;;;;;;;14/12/2017;;
1222423;RCBP PALMAS;FEMININO;03/09/1971;46;SEM INFORMAÇÃO;BRASIL;TOCANTINS;;FUNDAMENTAL II (5ª A 8ª SÉRIE);SEM INFORMAÇÃO;0;SEM INFORMAÇÃO	;TOCANTINS;PALMAS;MAMA , SOE;C509;CARCINOMA DUCTAL INFILTRANTE;85003;MAMA , SOE;C509;;;;;false;HISTOLOGIA DO TUMOR PRIMÁRIO;METÁSTASE;;;;;;;;21/11/2017;;
1222427;RCBP PALMAS;MASCULINO;05/02/1951;66;PARDA;BRASIL;TOCANTINS;CONCEIÇÃO DO TOCANTINS;FUNDAMENTAL I (1ª A 4ª SÉRIE);VIÚVO;0;SEM INFORMAÇÃO	;TOCANTINS;PALMAS;RETO, SOE;C209;NEOPLASIA MALIGNA;80003;RETO;C20;;;;;false;SEM INFORMAÇÃO;METÁSTASE;;;;;;;;16/05/2017;;
1222445;RCBP PALMAS;FEMININO;01/08/1947;69;PARDA;BRASIL;GOIAS;;SEM INFORMAÇÃO;SEM INFORMAÇÃO;0;SEM INFORMAÇÃO	;TOCANTINS;PALMAS;OVARIO, SOE;C569;ADENOCARCINOMA, SOE;81403;OVARIO;C56;;;;;false;HISTOLOGIA DO TUMOR PRIMÁRIO;SEM INFORMAÇÃO;;;;;;;;17/03/2017;;
1222489;RCBP PALMAS;MASCULINO;20/10/1964;52;PARDA;BRASIL;ALAGOAS;;FUNDAMENTAL I (1ª A 4ª SÉRIE);CASADO;514;TRABALHADORES NOS SERVIÇOS DE ADMINISTRAÇÃO, CONSERVAÇÃO E MANUTENÇÃO DE EDIFÍCIOS E LOGRADOUROS  	;TOCANTINS;PALMAS;MEDULA OSSEA;C421;LEUCEMIA MIELOIDE AGUDA, SOE;98613;LEUCEMIA MIELOIDE AGUDA;C920;;;;;false;HISTOLOGIA DO TUMOR PRIMÁRIO;NÃO SE APLICA;;;;;SEM INFORMAÇÃO;17/05/2018;;11/05/2017;;
1222490;RCBP PALMAS;MASCULINO;07/08/2008;9;SEM INFORMAÇÃO;BRASIL;MARANHÃO;;SEM INFORMAÇÃO;SOLTEIRO;0;SEM INFORMAÇÃO	;TOCANTINS;PALMAS;GLANDULA SUPRA-RENAL, SOE;C749;PARAGANGLIOMA EXTRA-SUPRA-RENAL MALIGNO;86933;GLANDULA SUPRA-RENAL, SOE;C749;Outros tumores do sistema nervoso simpático;IV-B;;;false;HISTOLOGIA DO TUMOR PRIMÁRIO;SEM INFORMAÇÃO;;;;;;;;06/11/2017;;
1169001;RCBP PALMAS;FEMININO;16/07/1937;80;SEM INFORMAÇÃO;BRASIL;MARANHÃO;CAXIAS;SEM INFORMAÇÃO;SEM INFORMAÇÃO;910;SUPERVISORES EM SERVIÇOS DE REPARAÇÃO E MANUTENÇÃO MECÂNICA  	;TOCANTINS;PALMAS;PELE DO MEMBRO SUPERIOR E DO OMBRO;C446;CARCINOMA ESCAMOCELULAR, SOE;80703;PELE DO MEMBRO SUPERIOR E DO OMBRO;C446;;;;;false;HISTOLOGIA DO TUMOR PRIMÁRIO;LOCALIZADO;;;;;;;;19/07/2017;;
1222496;RCBP PALMAS;MASCULINO;08/12/1941;75;BRANCO;BRASIL;MARANHÃO;GRAJAÚ;FUNDAMENTAL I (1ª A 4ª SÉRIE);SEM INFORMAÇÃO;0;SEM INFORMAÇÃO	;TOCANTINS;PALMAS;PELE DE OUTRAS PARTES DA FACE;C443;CARCINOMA BASOCELULAR, SOE;80903;PELE DE OUTRAS PARTES DA FACE;C443;;;;;false;HISTOLOGIA DO TUMOR PRIMÁRIO;LOCALIZADO;;;;;;;;23/06/2017;;
1222500;RCBP PALMAS;MASCULINO;02/11/1953;63;BRANCO;BRASIL;PIAUÍ;;FUNDAMENTAL II (5ª A 8ª SÉRIE);CASADO;810;SUPERVISORES DE PRODUÇÃO, EM INDÚSTRIAS QUÍMICAS, PETROQUÍMICAS E AFINS   	;TOCANTINS;PALMAS;PROSTATA, SOE;C619;ADENOCARCINOMA, SOE;81403;PROSTATA;C61;;;;;false;HISTOLOGIA DO TUMOR PRIMÁRIO;METÁSTASE;;;;;;;;30/01/2017;;
1222501;RCBP PALMAS;MASCULINO;23/07/1945;71;PARDA;BRASIL;PERNAMBUCO;;MÉDIO (ANTIGO SEGUNDO GRAU);CASADO;0;SEM INFORMAÇÃO	;TOCANTINS;PALMAS;PROSTATA, SOE;C619;ADENOCARCINOMA, SOE;81403;PROSTATA;C61;;;;;false;HISTOLOGIA DO TUMOR PRIMÁRIO;SEM INFORMAÇÃO;;;;;;;;10/07/2017;;
1222509;RCBP PALMAS;MASCULINO;09/02/1960;57;PRETA;BRASIL;TOCANTINS;BREJINHO DE NAZARÉ;SEM INFORMAÇÃO;SEM INFORMAÇÃO;0;SEM INFORMAÇÃO	;TOCANTINS;PALMAS;CORPO DO ESTOMAGO;C162;CARCINOMA, SOE;80103;CORPO DO ESTOMAGO;C162;;;;;false;HISTOLOGIA DO TUMOR PRIMÁRIO;LOCALIZADO;;;;;;;;02/10/2017;;
1222499;RCBP PALMAS;FEMININO;01/11/1936;80;PARDA;BRASIL;MARANHÃO;;FUNDAMENTAL I (1ª A 4ª SÉRIE);CASADO;621;TRABALHADORES NA EXPLORAÇÃO AGROPECUÁRIA EM GERAL	;TOCANTINS;PALMAS;FIGADO, SOE;C220;ADENOCARCINOMA, SOE;81403;FIGADO E VIAS BILIARES INTRA-HEPATICAS;C22;;;;;false;HISTOLOGIA DO TUMOR PRIMÁRIO;METÁSTASE;;;;;;;;10/04/2017;;
1222429;RCBP PALMAS;MASCULINO;04/07/1965;51;PARDA;BRASIL;GOIAS;;SEM ESCOLARIDADE;SOLTEIRO;715;TRABALHADORES DA CONSTRUÇÃO CIVIL E OBRAS PÚBLICAS	;TOCANTINS;PALMAS;OROFARINGE, SOE;C109;CARCINOMA ESCAMOCELULAR, SOE;80703;OROFARINGE, SOE;C109;;;;;false;HISTOLOGIA DO TUMOR PRIMÁRIO;SEM INFORMAÇÃO;;;;;SEM INFORMAÇÃO;06/02/2018;;07/02/2017;;
1222437;RCBP PALMAS;FEMININO;20/10/1963;53;BRANCO;BRASIL;GOIAS;PORANGATU;SEM ESCOLARIDADE;SEM INFORMAÇÃO;0;SEM INFORMAÇÃO	;TOCANTINS;PALMAS;PELE DE OUTRAS PARTES DA FACE;C443;CARCINOMA BASOCELULAR, SOE;80903;PELE DE OUTRAS PARTES DA FACE;C443;;;;;false;HISTOLOGIA DO TUMOR PRIMÁRIO;LOCALIZADO;;;;;;;;18/03/2017;;
1222442;RCBP PALMAS;FEMININO;12/08/1982;35;PARDA;BRASIL;TOCANTINS;;FUNDAMENTAL II (5ª A 8ª SÉRIE);SOLTEIRO;516;TRABALHADORES NOS SERVIÇOS DE EMBELEZAMENTO E CUIDADOS PESSOAIS   	;TOCANTINS;PALMAS;MAMA , SOE;C509;CARCINOMA DUCTAL INFILTRANTE;85003;MAMA , SOE;C509;;;;;false;HISTOLOGIA DO TUMOR PRIMÁRIO;SEM INFORMAÇÃO;;;;;;;;25/09/2017;;
1222443;RCBP PALMAS;FEMININO;01/10/1980;36;PARDA;BRASIL;TOCANTINS;MIRACEMA DO TOCANTINS;SUPERIOR COMPLETO;SEM INFORMAÇÃO;0;SEM INFORMAÇÃO	;TOCANTINS;PALMAS;PALPEBRA;C441;CARCINOMA BASOCELULAR, SOE;80903;PELE DA PALPEBRA E CANTO;C441;;;;;false;HISTOLOGIA DO TUMOR PRIMÁRIO;LOCALIZADO;;;;;;;;20/02/2017;;
1222495;RCBP PALMAS;MASCULINO;01/01/1955;62;PARDA;BRASIL;SÃO PAULO;;FUNDAMENTAL I (1ª A 4ª SÉRIE);SOLTEIRO;0;SEM INFORMAÇÃO	;TOCANTINS;PALMAS;PROSTATA, SOE;C619;ADENOCARCINOMA, SOE;81403;PROSTATA;C61;;;;;false;HISTOLOGIA DO TUMOR PRIMÁRIO;SEM INFORMAÇÃO;;;;;;;;13/09/2017;;
1222451;RCBP PALMAS;MASCULINO;13/07/1973;44;PARDA;BRASIL;TOCANTINS;;FUNDAMENTAL II (5ª A 8ª SÉRIE);CASADO;0;SEM INFORMAÇÃO	;TOCANTINS;PALMAS;MEDULA OSSEA;C421;LEUCEMIA MIELOIDE AGUDA, SOE;98613;LEUCEMIA MIELOIDE AGUDA;C920;;;;;false;HISTOLOGIA DO TUMOR PRIMÁRIO;NÃO SE APLICA;;;;;SEM INFORMAÇÃO;15/09/2017;;27/08/2017;;
1222482;RCBP PALMAS;FEMININO;30/12/1950;66;PARDA;BRASIL;PARÁ;;FUNDAMENTAL I (1ª A 4ª SÉRIE);CASADO;0;SEM INFORMAÇÃO	;TOCANTINS;PALMAS;VESICULA BILIAR, SOE;C239;ADENOCARCINOMA, SOE;81403;VESICULA BILIAR;C23;;;;;false;HISTOLOGIA DO TUMOR PRIMÁRIO;SEM INFORMAÇÃO;;;;;SEM INFORMAÇÃO;27/09/2017;;17/08/2017;;
1222486;RCBP PALMAS;MASCULINO;20/08/2009;7;SEM INFORMAÇÃO;BRASIL;TOCANTINS;;FUNDAMENTAL I (1ª A 4ª SÉRIE);SEM INFORMAÇÃO;0;SEM INFORMAÇÃO	;TOCANTINS;PALMAS;LINFONODOS DA CABECA, FACE E PESCOCO;C770;LINFOMA DE HODGKIN, SOE;96503;DOENCA DE HODGKIN, SOE;C819;Linfomas de Hodgkin;II-A;;;false;HISTOLOGIA DO TUMOR PRIMÁRIO;NÃO SE APLICA;;;;;;;;04/07/2017;;
1222510;RCBP PALMAS;MASCULINO;03/10/1963;54;PARDA;BRASIL;TOCANTINS;;FUNDAMENTAL I (1ª A 4ª SÉRIE);SOLTEIRO;0;SEM INFORMAÇÃO	;TOCANTINS;PALMAS;RIM, SOE;C649;CARCINOMA DE CELULAS RENAIS, SOE;83123;RIM;C64;;;;;false;HISTOLOGIA DO TUMOR PRIMÁRIO;LOCALIZADO;;;;;;;;14/10/2017;;
1222404;RCBP PALMAS;FEMININO;13/08/1960;56;AMARELA;BRASIL;MARANHÃO;BALSAS;SEM INFORMAÇÃO;CASADO;111;MEMBROS SUPERIORES DO PODER LEGISLATIVO, EXECUTIVO E JUDICIÁRIO   	;TOCANTINS;PALMAS;COLO DO UTERO, SOE;C539;CARCINOMA ESCAMOCELULAR, SOE;80703;COLO DO UTERO, SOE;C539;;;;;false;HISTOLOGIA DO TUMOR PRIMÁRIO;LOCALIZADO;;;;;;;;13/06/2017;;
1222395;RCBP PALMAS;MASCULINO;09/09/1942;74;AMARELA;BRASIL;GOIAS;ITABERAÍ;SEM INFORMAÇÃO;SEM INFORMAÇÃO;0;SEM INFORMAÇÃO	;TOCANTINS;PALMAS;FARINGE, SOE;C140;NEOPLASIA MALIGNA;80003;FARINGE, SOE;C140;;;;;false;HISTOLOGIA DO TUMOR PRIMÁRIO;LOCALIZADO;;;;;;;;07/02/2017;;
1222400;RCBP PALMAS;MASCULINO;07/01/1960;57;PARDA;BRASIL;TOCANTINS;TOCANTINÓPOLIS;SEM INFORMAÇÃO;SEM INFORMAÇÃO;0;SEM INFORMAÇÃO	;TOCANTINS;PALMAS;PELE DO MEMBRO SUPERIOR E DO OMBRO;C446;CARCINOMA BASOCELULAR, SOE;80903;PELE DO MEMBRO SUPERIOR E DO OMBRO;C446;;;;;false;HISTOLOGIA DO TUMOR PRIMÁRIO;LOCALIZADO;;;;;;;;14/11/2017;;
1222401;RCBP PALMAS;MASCULINO;20/11/1963;53;PARDA;BRASIL;CEARÁ;;FUNDAMENTAL I (1ª A 4ª SÉRIE);SOLTEIRO;715;TRABALHADORES DA CONSTRUÇÃO CIVIL E OBRAS PÚBLICAS	;TOCANTINS;PALMAS;LINFONODOS DA CABECA, FACE E PESCOCO;C770;LINFOMA NASAL E TIPO NASAL DE CELULAS T / NK;97193;OUTROS TIPOS ESPECIFICOS DE LINFOMA NAO-HODGKIN;C857;;;;;false;HISTOLOGIA DO TUMOR PRIMÁRIO;NÃO SE APLICA;;;;;;;;30/01/2017;;
1222402;RCBP PALMAS;MASCULINO;03/01/1962;55;PARDA;BRASIL;GOIAS;;SEM ESCOLARIDADE;SEM INFORMAÇÃO;0;SEM INFORMAÇÃO	;TOCANTINS;PALMAS;TECIDOS MOLES DA CABECA, FACE E PESCOCO;C490;SARCOMA, SOE;88003;TECIDOS MOLES DA CABECA, FACE E PESCOCO;C490;;;;;false;HISTOLOGIA DO TUMOR PRIMÁRIO;LOCALIZADO;;;;;;;;27/10/2017;;
1222405;RCBP PALMAS;FEMININO;13/04/1973;44;AMARELA;BRASIL;PARÁ;;SUPERIOR COMPLETO;SOLTEIRO;231;PROFESSORES DE NÍVEL SUPERIOR NA EDUCAÇÃO INFANTIL E NO ENSINO FUNDAMENTAL	;TOCANTINS;PALMAS;MAMA , SOE;C509;CARCINOMA DUCTAL INFILTRANTE;85003;MAMA , SOE;C509;;;;;false;HISTOLOGIA DO TUMOR PRIMÁRIO;METÁSTASE;;;;;SEM INFORMAÇÃO;18/04/2019;;25/10/2017;;
1222407;RCBP PALMAS;FEMININO;12/01/1961;56;BRANCO;BRASIL;GOIAS;;SUPERIOR COMPLETO;SEPARADO JUDICIALMENTE;232;PROFESSORES DO ENSINO MÉDIO   	;TOCANTINS;PALMAS;QUADRANTE SUPERIOR EXTERNO DA MAMA;C504;CARCINOMA DUCTAL INFILTRANTE;85003;QUADRANTE SUPERIOR EXTERNO DA MAMA;C504;;;;;false;HISTOLOGIA DO TUMOR PRIMÁRIO;SEM INFORMAÇÃO;;;;;;;;22/08/2017;;
1222439;RCBP PALMAS;FEMININO;08/10/2012;4;PARDA;BRASIL;TOCANTINS;PALMAS;SEM ESCOLARIDADE;SOLTEIRO;0;SEM INFORMAÇÃO	;TOCANTINS;PALMAS;ENCEFALO, SOE;C719;EPENDIMOMA, SOE;93913;ENCEFALO, SOE;C719;Ependimomas e tumor do plexo coróide;III-A;;;false;HISTOLOGIA DO TUMOR PRIMÁRIO;SEM INFORMAÇÃO;;;;;SEM INFORMAÇÃO;25/07/2017;;01/06/2017;;
1222441;RCBP PALMAS;FEMININO;20/10/1978;38;PARDA;BRASIL;GOIAS;;FUNDAMENTAL I (1ª A 4ª SÉRIE);SOLTEIRO;0;SEM INFORMAÇÃO	;TOCANTINS;PALMAS;OSSOS CRANIO, FACE E ARTICUL. ASSOCIADAS;C410;OSTEOSSARCOMA, SOE;91803;OSSOS CRANIO E DA FACE;C410;;;;;false;HISTOLOGIA DO TUMOR PRIMÁRIO;SEM INFORMAÇÃO;;;;;;;;17/05/2017;;
1222444;RCBP PALMAS;MASCULINO;09/10/1949;67;PARDA;BRASIL;MARANHÃO;;SEM ESCOLARIDADE;CASADO;621;TRABALHADORES NA EXPLORAÇÃO AGROPECUÁRIA EM GERAL	;TOCANTINS;PALMAS;PULMAO, SOE;C349;CARCINOMA ESCAMOCELULAR, SOE;80703;BRONQUIOS OU PULMOES, SOE;C349;;;;;false;HISTOLOGIA DO TUMOR PRIMÁRIO;METÁSTASE;;;;;;;;24/03/2017;;
1222450;RCBP PALMAS;FEMININO;12/04/1957;60;SEM INFORMAÇÃO;BRASIL;MINAS GERAIS;;FUNDAMENTAL II (5ª A 8ª SÉRIE);SEM INFORMAÇÃO;0;SEM INFORMAÇÃO	;TOCANTINS;PALMAS;PORCAO CENTRAL DA MAMA;C501;CARCINOMA LOBULAR, SOE;85203;PORCAO CENTRAL DA MAMA;C501;;;;;false;HISTOLOGIA DO TUMOR PRIMÁRIO;METÁSTASE;;;;;;;;09/11/2017;;
1222452;RCBP PALMAS;FEMININO;06/08/1980;36;PARDA;Não informado;Não informado;Não Informado;SEM INFORMAÇÃO;SOLTEIRO;0;SEM INFORMAÇÃO	;TOCANTINS;PALMAS;COLO DO UTERO, SOE;C539;CARCINOMA ESCAMOCELULAR, SOE;80703;COLO DO UTERO, SOE;C539;;;;;false;HISTOLOGIA DO TUMOR PRIMÁRIO;SEM INFORMAÇÃO;;;;;;;;15/03/2017;;
1222454;RCBP PALMAS;MASCULINO;01/04/1963;53;BRANCO;BRASIL;GOIAS;RUBIATABA;SEM INFORMAÇÃO;SEM INFORMAÇÃO;0;SEM INFORMAÇÃO	;TOCANTINS;PALMAS;BEXIGA, SOE;C679;CARCINOMA DE CELULAS TRANSICIONAIS, SOE;81203;BEXIGA, SOE;C679;;;;;false;HISTOLOGIA DO TUMOR PRIMÁRIO;LOCALIZADO;;;;;;;;14/02/2017;;
1222456;RCBP PALMAS;FEMININO;17/07/1979;37;PARDA;BRASIL;TOCANTINS;;FUNDAMENTAL II (5ª A 8ª SÉRIE);SOLTEIRO;0;SEM INFORMAÇÃO	;TOCANTINS;PALMAS;ANTRO GASTRICO;C163;NEOPLASIA MALIGNA;80003;ANTRO PILORICO;C163;;;;;false;HISTOLOGIA DO TUMOR PRIMÁRIO;SEM INFORMAÇÃO;;;;;SEM INFORMAÇÃO;27/02/2017;;11/01/2017;;
1222421;RCBP PALMAS;MASCULINO;09/02/1956;61;PARDA;BRASIL;TOCANTINS;PIUM;FUNDAMENTAL II (5ª A 8ª SÉRIE);CASADO;621;TRABALHADORES NA EXPLORAÇÃO AGROPECUÁRIA EM GERAL	;TOCANTINS;PALMAS;LOBO SUPERIOR DO PULMAO;C341;CARC. BRONQ. ALVEOLAR MISTO, MUCIN. E NAO MUCINOSO;82543;LOBO SUPERIOR, BRONQUIO OU PULMAO;C341;;;;;false;HISTOLOGIA DO TUMOR PRIMÁRIO;SEM INFORMAÇÃO;;;;;;;;30/07/2017;;
1222426;RCBP PALMAS;MASCULINO;29/07/1962;54;PARDA;BRASIL;TOCANTINS;;FUNDAMENTAL II (5ª A 8ª SÉRIE);SOLTEIRO;621;TRABALHADORES NA EXPLORAÇÃO AGROPECUÁRIA EM GERAL	;TOCANTINS;PALMAS;TERCO MEDIO DO ESOFAGO;C154;CARCINOMA ESCAMOCELULAR, SOE;80703;TERCO MEDIO DO ESOFAGO;C154;;;;;false;HISTOLOGIA DO TUMOR PRIMÁRIO;SEM INFORMAÇÃO;;;;;;;;28/06/2017;;
1222438;RCBP PALMAS;MASCULINO;22/02/1963;53;PARDA;BRASIL;PERNAMBUCO;;SUPERIOR COMPLETO;SOLTEIRO;214;ENGENHEIROS, ARQUITETOS E AFINS   	;TOCANTINS;PALMAS;PELE DO MEMBRO INFERIOR E DO QUADRIL;C447;CARCINOMA BASOCELULAR, SOE;80903;PELE DO MEMBRO INFERIOR E DO QUADRIL;C447;;;;;false;HISTOLOGIA DO TUMOR PRIMÁRIO;LOCALIZADO;;;;;;;;10/01/2017;;
1222411;RCBP PALMAS;FEMININO;04/09/1988;28;AMARELA;BRASIL;MARANHÃO;CAXIAS;SEM INFORMAÇÃO;SEM INFORMAÇÃO;0;SEM INFORMAÇÃO	;TOCANTINS;PALMAS;PELE DO MEMBRO SUPERIOR E DO OMBRO;C446;CARCINOMA BASOCELULAR, SOE;80903;PELE DO MEMBRO SUPERIOR E DO OMBRO;C446;;;CARCINOMA DE PELE;7.2;false;HISTOLOGIA DO TUMOR PRIMÁRIO;LOCALIZADO;;;;;;;;25/03/2017;;
1222413;RCBP PALMAS;MASCULINO;20/01/1973;44;PARDA;BRASIL;MINAS GERAIS;CARATINGA;SEM INFORMAÇÃO;SEM INFORMAÇÃO;0;SEM INFORMAÇÃO	;TOCANTINS;PALMAS;PULMAO, SOE;C349;CARCINOMA DE CELULAS PEQUENAS, SOE;80413;BRONQUIOS OU PULMOES, SOE;C349;;;;;false;HISTOLOGIA DO TUMOR PRIMÁRIO;LOCALIZADO;;;;;;;;09/10/2017;;
1222414;RCBP PALMAS;FEMININO;01/07/1993;24;PRETA;BRASIL;TOCANTINS;CONCEIÇÃO DO TOCANTINS;SEM INFORMAÇÃO;SEM INFORMAÇÃO;0;SEM INFORMAÇÃO	;TOCANTINS;PALMAS;PELE DO MEMBRO SUPERIOR E DO OMBRO;C446;CARCINOMA BASOCELULAR, SOE;80903;PELE DO MEMBRO SUPERIOR E DO OMBRO;C446;;;CARCINOMA DE PELE;7.2;false;HISTOLOGIA DO TUMOR PRIMÁRIO;LOCALIZADO;;;;;;;;26/07/2017;;
1222415;RCBP PALMAS;FEMININO;06/05/1981;36;PARDA;BRASIL;MARANHÃO;;FUNDAMENTAL I (1ª A 4ª SÉRIE);CASADO;514;TRABALHADORES NOS SERVIÇOS DE ADMINISTRAÇÃO, CONSERVAÇÃO E MANUTENÇÃO DE EDIFÍCIOS E LOGRADOUROS  	;TOCANTINS;PALMAS;COLO DO UTERO, SOE;C539;CARCINOMA ESCAMOCELULAR, SOE;80703;COLO DO UTERO, SOE;C539;;;;;false;HISTOLOGIA DO TUMOR PRIMÁRIO;SEM INFORMAÇÃO;;;;;SEM INFORMAÇÃO;08/09/2018;;16/08/2017;;
1222416;RCBP PALMAS;FEMININO;06/04/1941;76;PARDA;BRASIL;PERNAMBUCO;;SEM INFORMAÇÃO;SOLTEIRO;0;SEM INFORMAÇÃO	;TOCANTINS;PALMAS;PELE DE OUTRAS PARTES DA FACE;C443;CARCINOMA BASOCELULAR, SOE;80903;PELE DE OUTRAS PARTES DA FACE;C443;;;;;false;HISTOLOGIA DO TUMOR PRIMÁRIO;SEM INFORMAÇÃO;;;;;;;;30/10/2017;;
1222417;RCBP PALMAS;FEMININO;13/06/1949;67;PARDA;BRASIL;TOCANTINS;;FUNDAMENTAL I (1ª A 4ª SÉRIE);VIÚVO;0;SEM INFORMAÇÃO	;TOCANTINS;PALMAS;CORPO DO UTERO, SOE;C549;ADENOCARCINOMA, SOE;81403;CORPO DO UTERO, SOE;C549;;;;;false;HISTOLOGIA DO TUMOR PRIMÁRIO;SEM INFORMAÇÃO;;;;;;;;20/05/2017;;
1222431;RCBP PALMAS;MASCULINO;21/11/1936;80;PARDA;BRASIL;BAHIA;;FUNDAMENTAL I (1ª A 4ª SÉRIE);SOLTEIRO;611;PRODUTORES AGROPECUÁRIOS EM GERAL 	;TOCANTINS;PALMAS;PROSTATA, SOE;C619;ADENOCARCINOMA, SOE;81403;PROSTATA;C61;;;;;false;HISTOLOGIA DO TUMOR PRIMÁRIO;METÁSTASE;;;;;;;;26/01/2017;;
1222432;RCBP PALMAS;FEMININO;27/08/1980;36;SEM INFORMAÇÃO;BRASIL;PARÁ;TUCURUÍ;SUPERIOR COMPLETO;SEM INFORMAÇÃO;0;SEM INFORMAÇÃO	;TOCANTINS;PALMAS;TECIDOS MOLES, SOE;C499;SARCOMA, SOE;88003;NEOPLASIA MALIGNA DE TECIDOS MOLES;C499;;;;;false;HISTOLOGIA DO TUMOR PRIMÁRIO;LOCALIZADO;;;;;;;;11/04/2017;;
1222433;RCBP PALMAS;MASCULINO;26/04/1964;53;SEM INFORMAÇÃO;BRASIL;RIO GRANDE DO SUL;;FUNDAMENTAL I (1ª A 4ª SÉRIE);SEM INFORMAÇÃO;0;SEM INFORMAÇÃO	;TOCANTINS;PALMAS;BORDO DA LINGUA;C021;CARCINOMA ESCAMOCELULAR, SOE;80703;BORDA DA LINGUA;C021;;;;;false;HISTOLOGIA DO TUMOR PRIMÁRIO;SEM INFORMAÇÃO;;;;;;;;11/07/2017;;
1222434;RCBP PALMAS;MASCULINO;13/09/1976;40;BRANCO;BRASIL;TOCANTINS;;FUNDAMENTAL I (1ª A 4ª SÉRIE);CASADO;0;SEM INFORMAÇÃO	;TOCANTINS;PALMAS;COLON SIGMOIDE;C187;ADENOCARCINOMA VILOSO;82623;COLON SIGMOIDE;C187;;;;;false;HISTOLOGIA DO TUMOR PRIMÁRIO;SEM INFORMAÇÃO;;;;;;;;01/02/2017;;
1222435;RCBP PALMAS;MASCULINO;22/07/1940;76;PARDA;BRASIL;SÃO PAULO;;FUNDAMENTAL I (1ª A 4ª SÉRIE);VIÚVO;611;PRODUTORES AGROPECUÁRIOS EM GERAL 	;TOCANTINS;PALMAS;RETO, SOE;C209;ADENOCARCINOMA TUBULAR;82113;RETO;C20;;;;;false;HISTOLOGIA DO TUMOR PRIMÁRIO;METÁSTASE;;;;;;;;28/04/2017;;
1222425;RCBP PALMAS;FEMININO;11/11/1941;75;SEM INFORMAÇÃO;BRASIL;BAHIA;CACHOEIRA;SEM INFORMAÇÃO;SEM INFORMAÇÃO;0;SEM INFORMAÇÃO	;TOCANTINS;PALMAS;PALPEBRA;C441;CARCINOMA BASOCELULAR, SOE;80903;PELE DA PALPEBRA E CANTO;C441;;;;;false;HISTOLOGIA DO TUMOR PRIMÁRIO;LOCALIZADO;;;;;;;;16/10/2017;;
1222396;RCBP PALMAS;MASCULINO;22/12/1963;53;BRANCO;BRASIL;MINAS GERAIS;;FUNDAMENTAL I (1ª A 4ª SÉRIE);CASADO;621;TRABALHADORES NA EXPLORAÇÃO AGROPECUÁRIA EM GERAL	;TOCANTINS;PALMAS;OUVIDO EXTERNO;C442;CARCINOMA ESCAMOCELULAR, SOE;80703;PELE DA ORELHA E CONDUTO AUDITIVO EXTERNO;C442;;;;;false;HISTOLOGIA DO TUMOR PRIMÁRIO;SEM INFORMAÇÃO;;;;;;;;29/05/2017;;
1222403;RCBP PALMAS;MASCULINO;25/04/1959;58;PARDA;BRASIL;GOIAS;ALEXÂNIA;SEM INFORMAÇÃO;SEM INFORMAÇÃO;0;SEM INFORMAÇÃO	;TOCANTINS;PALMAS;LARINGE, SOE;C329;CARCINOMA ESCAMOCELULAR, SOE;80703;LARINGE, SOE;C329;;;;;false;HISTOLOGIA DO TUMOR PRIMÁRIO;LOCALIZADO;;;;;CÂNCER;04/09/2017;;12/06/2017;;
1222485;RCBP PALMAS;FEMININO;10/09/1939;77;PARDA;BRASIL;PARAÍBA;TAVARES;FUNDAMENTAL II (5ª A 8ª SÉRIE);VIÚVO;0;SEM INFORMAÇÃO	;TOCANTINS;PALMAS;COLO DO UTERO, SOE;C539;CARCINOMA ESCAMOCELULAR, SOE;80703;COLO DO UTERO, SOE;C539;;;;;false;HISTOLOGIA DO TUMOR PRIMÁRIO;SEM INFORMAÇÃO;;;;;CÂNCER;28/07/2017;;13/06/2017;;
1222438;RCBP PALMAS;MASCULINO;22/02/1963;53;PARDA;BRASIL;PERNAMBUCO;;SUPERIOR COMPLETO;SOLTEIRO;214;ENGENHEIROS, ARQUITETOS E AFINS   	;TOCANTINS;PALMAS;PELE DE OUTRAS PARTES DA FACE;C443;CARCINOMA BASOCELULAR, SOE;80903;PELE DE OUTRAS PARTES DA FACE;C443;;;;;false;HISTOLOGIA DO TUMOR PRIMÁRIO;LOCALIZADO;;;;;;;;10/01/2017;;
1222492;RCBP PALMAS;MASCULINO;14/07/1947;69;PARDA;BRASIL;MARANHÃO;PRESIDENTE DUTRA;SEM ESCOLARIDADE;CASADO;0;SEM INFORMAÇÃO	;TOCANTINS;PALMAS;ESTOMAGO, SOE;C169;ADENOCARCINOMA, SOE;81403;ESTOMAGO, SOE;C169;;;;;false;HISTOLOGIA DO TUMOR PRIMÁRIO;SEM INFORMAÇÃO;;;;;SEM INFORMAÇÃO;24/06/2017;;20/03/2017;;
1169050;RCBP PALMAS;FEMININO;25/01/1979;38;AMARELA;BRASIL;TOCANTINS;NOVO ACORDO;FUNDAMENTAL I (1ª A 4ª SÉRIE);SOLTEIRO;0;SEM INFORMAÇÃO	;TOCANTINS;PALMAS;COLO DO UTERO, SOE;C539;CARCINOMA ESCAMOCELULAR, SOE;80703;COLO DO UTERO, SOE;C539;;;;;false;HISTOLOGIA DO TUMOR PRIMÁRIO;METÁSTASE;;;;;;;;26/04/2017;;
1222521;RCBP PALMAS;FEMININO;25/04/1986;31;PARDA;BRASIL;MARANHÃO;;FUNDAMENTAL I (1ª A 4ª SÉRIE);CASADO;0;SEM INFORMAÇÃO	;TOCANTINS;PALMAS;COLO DO UTERO, SOE;C539;CARCINOMA ESCAMOCELULAR, SOE;80703;COLO DO UTERO, SOE;C539;;;;;false;HISTOLOGIA DO TUMOR PRIMÁRIO;LOCALIZADO;;;;;;;;16/05/2017;;
1222517;RCBP PALMAS;FEMININO;23/05/1980;37;BRANCO;BRASIL;TOCANTINS;;MÉDIO (ANTIGO SEGUNDO GRAU);SOLTEIRO;411;ESCRITURÁRIOS EM GERAL, AGENTES, ASSISTENTES E AUXILIARES ADMINISTRATIVOS 	;TOCANTINS;PALMAS;MAMILO;C500;CARCINOMA DUCTAL INFILTRANTE;85003;MAMILO E AREOLA;C500;;;;;false;HISTOLOGIA DO TUMOR PRIMÁRIO;LOCALIZADO;;;;;;;;27/06/2017;;
1222516;RCBP PALMAS;MASCULINO;21/07/1948;69;SEM INFORMAÇÃO;BRASIL;TOCANTINS;;FUNDAMENTAL I (1ª A 4ª SÉRIE);SEM INFORMAÇÃO;0;SEM INFORMAÇÃO	;TOCANTINS;PALMAS;PROSTATA, SOE;C619;CARCINOMA DE CELULAS ACINOSAS;85503;PROSTATA;C61;;;;;false;HISTOLOGIA DO TUMOR PRIMÁRIO;METÁSTASE;;;;;;;;08/08/2017;;
1222520;RCBP PALMAS;FEMININO;28/03/1931;86;SEM INFORMAÇÃO;BRASIL;GOIAS;;FUNDAMENTAL I (1ª A 4ª SÉRIE);SOLTEIRO;0;SEM INFORMAÇÃO	;TOCANTINS;PALMAS;PULMAO, SOE;C349;ADENOCARCINOMA, SOE;81403;BRONQUIOS OU PULMOES, SOE;C349;;;;;false;HISTOLOGIA DO TUMOR PRIMÁRIO;LOCALIZADO;;;;;SEM INFORMAÇÃO;06/03/2018;;17/08/2017;;
1222518;RCBP PALMAS;MASCULINO;28/11/1968;48;PARDA;BRASIL;DISTRITO FEDERAL;;FUNDAMENTAL I (1ª A 4ª SÉRIE);SEPARADO JUDICIALMENTE;914;MECÂNICOS DE MANUTENÇÃO VEICULAR  	;TOCANTINS;PALMAS;OROFARINGE, SOE;C109;CARCINOMA ESCAMOCELULAR, SOE;80703;OROFARINGE, SOE;C109;;;;;false;HISTOLOGIA DO TUMOR PRIMÁRIO;LOCALIZADO;;;;;SEM INFORMAÇÃO;26/07/2018;;01/10/2017;;
1222522;RCBP PALMAS;FEMININO;27/07/1976;41;SEM INFORMAÇÃO;BRASIL;Não informado;Não Informado;SEM ESCOLARIDADE;SEM INFORMAÇÃO;0;SEM INFORMAÇÃO	;TOCANTINS;PALMAS;PELE, SOE;C449;CARCINOMA BASOCELULAR, SOE;80903;NEOPLASIA MALIGNA DA PELE;C449;;;;;false;HISTOLOGIA DO TUMOR PRIMÁRIO;LOCALIZADO;;;;;;;;14/12/2017;;
1222524;RCBP PALMAS;MASCULINO;29/09/1955;62;PARDA;BRASIL;GOIAS;;SUPERIOR COMPLETO;UNIÃO CONSENSUAL;354;TÉCNICOS DE NIVEL MÉDIO EM OPERAÇÕES COMERCIAIS   	;TOCANTINS;PALMAS;FUNDO DO ESTOMAGO;C161;CARCINOMA, TIPO DIFUSO;81453;FUNDO DO ESTOMAGO;C161;;;;;false;HISTOLOGIA DO TUMOR PRIMÁRIO;METÁSTASE;;;;;SEM INFORMAÇÃO;07/06/2018;;25/10/2017;;
1222525;RCBP PALMAS;MASCULINO;15/06/1950;67;PARDA;BRASIL;GOIAS;;MÉDIO (ANTIGO SEGUNDO GRAU);CASADO;0;SEM INFORMAÇÃO	;TOCANTINS;PALMAS;PANCREAS, SOE;C259;ADENOCARCINOMA, SOE;81403;PANCREAS, SOE;C259;;;;;false;HISTOLOGIA DO TUMOR PRIMÁRIO;METÁSTASE;;;;;SEM INFORMAÇÃO;07/01/2018;;14/10/2017;;
1222528;RCBP PALMAS;FEMININO;13/12/1949;67;PARDA;BRASIL;PIAUÍ;;FUNDAMENTAL II (5ª A 8ª SÉRIE);CASADO;0;SEM INFORMAÇÃO	;TOCANTINS;PALMAS;MAMA , SOE;C509;CARCINOMA DUCTAL INFILTRANTE;85003;MAMA , SOE;C509;;;;;false;HISTOLOGIA DO TUMOR PRIMÁRIO;METÁSTASE;;;;;;;;20/08/2017;;
1222515;RCBP PALMAS;FEMININO;10/07/1928;88;PARDA;BRASIL;MARANHÃO;;FUNDAMENTAL I (1ª A 4ª SÉRIE);VIÚVO;0;SEM INFORMAÇÃO	;TOCANTINS;PALMAS;MAMILO;C500;CARCINOMA DUCTAL INFILTRANTE;85003;MAMILO E AREOLA;C500;;;;;false;HISTOLOGIA DO TUMOR PRIMÁRIO;LOCALIZADO;;;;;;;;24/05/2017;;
1222527;RCBP PALMAS;MASCULINO;06/04/1951;65;PARDA;BRASIL;GOIAS;;MÉDIO (ANTIGO SEGUNDO GRAU);CASADO;0;SEM INFORMAÇÃO	;TOCANTINS;PALMAS;PELE DO TRONCO;C445;MELANOMA NODULAR;87213;MELANOMA MALIGNO DO TRONCO;C435;;;;;false;HISTOLOGIA DO TUMOR PRIMÁRIO;LOCALIZADO;;;;;;;;22/02/2017;;
1222526;RCBP PALMAS;FEMININO;17/09/1953;63;PARDA;BRASIL;MINAS GERAIS;;MÉDIO (ANTIGO SEGUNDO GRAU);CASADO;524;VENDEDORES A DOMICÍLIO, AMBULANTES E EM BANCAS	;TOCANTINS;PALMAS;PULMAO, SOE;C349;CARCINOMA ESCAMO ADENOIDE;80753;BRONQUIOS OU PULMOES, SOE;C349;;;;;false;HISTOLOGIA DO TUMOR PRIMÁRIO;LOCALIZADO;;;;;;;;07/06/2017;;
1222513;RCBP PALMAS;FEMININO;15/08/1969;47;PARDA;BRASIL;SERGIPE;;FUNDAMENTAL I (1ª A 4ª SÉRIE);SOLTEIRO;0;SEM INFORMAÇÃO	;TOCANTINS;PALMAS;MAMA , SOE;C509;CARCINOMA DUCTAL INFILTRANTE;85003;MAMA , SOE;C509;;;;;false;HISTOLOGIA DO TUMOR PRIMÁRIO;LOCALIZADO;;;;;;;;20/01/2017;;
1168984;RCBP PALMAS;FEMININO;30/11/1956;60;BRANCO;BRASIL;GOIAS;GOIATUBA;SEM INFORMAÇÃO;SEM INFORMAÇÃO;0;SEM INFORMAÇÃO	;TOCANTINS;PALMAS;PELE DE OUTRAS PARTES DA FACE;C443;CARCINOMA BASOCELULAR, SOE;80903;PELE DE OUTRAS PARTES DA FACE;C443;;;;;false;HISTOLOGIA DO TUMOR PRIMÁRIO;LOCALIZADO;;;;;;;;17/03/2017;;
1168985;RCBP PALMAS;FEMININO;03/07/1955;61;SEM INFORMAÇÃO;BRASIL;BAHIA;SENTO SÉ;SEM INFORMAÇÃO;SOLTEIRO;111;MEMBROS SUPERIORES DO PODER LEGISLATIVO, EXECUTIVO E JUDICIÁRIO   	;TOCANTINS;PALMAS;ABDOME, SOE;C762;CARCINOMA ESCAMOCELULAR, SOE;80703;ABDOME;C762;;;;;false;HISTOLOGIA DA METÁSTASE;METÁSTASE;;;;;;;;01/03/2017;;
1168986;RCBP PALMAS;MASCULINO;01/03/1963;54;SEM INFORMAÇÃO;BRASIL;Não informado;Não Informado;SEM INFORMAÇÃO;SEM INFORMAÇÃO;0;SEM INFORMAÇÃO	;TOCANTINS;PALMAS;BEXIGA, SOE;C679;CARCINOMA PAPILAR DE CELULAS TRANSICIONAIS;81303;BEXIGA, SOE;C679;;;;;false;HISTOLOGIA DO TUMOR PRIMÁRIO;LOCALIZADO;;;;;;;;10/04/2017;;
1168973;RCBP PALMAS;FEMININO;03/09/1967;50;SEM INFORMAÇÃO;BRASIL;Não informado;Não Informado;SEM INFORMAÇÃO;CASADO;111;MEMBROS SUPERIORES DO PODER LEGISLATIVO, EXECUTIVO E JUDICIÁRIO   	;TOCANTINS;PALMAS;MAMA , SOE;C509;CARCINOMA DUCTAL INFILTRANTE;85003;MAMA , SOE;C509;;;;;false;HISTOLOGIA DO TUMOR PRIMÁRIO;LOCALIZADO;;;;;;;;06/10/2017;;
436845;RCBP PALMAS;FEMININO;20/10/1951;66;SEM INFORMAÇÃO;BRASIL;TOCANTINS;PONTE ALTA DO BOM JESUS;SEM INFORMAÇÃO;CASADO;0;SEM INFORMAÇÃO	;TOCANTINS;PALMAS;MAMA , SOE;C509;CARCINOMA DUCTAL INFILTRANTE;85003;MAMA , SOE;C509;;;;;false;HISTOLOGIA DO TUMOR PRIMÁRIO;LOCALIZADO;;;;;;;;20/12/2017;;
1466491;RCBP PALMAS;FEMININO;22/02/1949;68;PARDA;BRASIL;TOCANTINS;LIZARDA;FUNDAMENTAL II (5ª A 8ª SÉRIE);CASADO;0;SEM INFORMAÇÃO	;TOCANTINS;PALMAS;PULMAO, SOE;C349;NEOPLASIA MALIGNA;80003;BRONQUIOS OU PULMOES, SOE;C349;;;;;false;SDO;METÁSTASE;;;;;CÂNCER;15/03/2017;;15/03/2017;;
1222487;RCBP PALMAS;MASCULINO;01/03/1981;36;AMARELA;BRASIL;PARÁ;SANTANA DO ARAGUAIA;SEM INFORMAÇÃO;SEM INFORMAÇÃO;0;SEM INFORMAÇÃO	;TOCANTINS;PALMAS;COLON, SOE;C189;ADENOCARCINOMA, SOE;81403;COLON, SOE;C189;;;;;false;HISTOLOGIA DO TUMOR PRIMÁRIO;LOCALIZADO;;;;;;;;04/09/2017;;
1453447;RCBP PALMAS;MASCULINO;25/10/1929;87;PRETA;BRASIL;ALAGOAS;ÁGUA BRANCA;SEM ESCOLARIDADE;CASADO;612;PRODUTORES AGRÍCOLAS 	;TOCANTINS;PALMAS;PROSTATA, SOE;C619;ADENOCARCINOMA, SOE;81403;PROSTATA;C61;;;;;false;HISTOLOGIA DO TUMOR PRIMÁRIO;METÁSTASE;;;;;CÂNCER;08/01/2017;;04/01/2017;;
1168947;RCBP PALMAS;MASCULINO;15/10/1959;58;PARDA;BRASIL;PERNAMBUCO;SERRA TALHADA;SEM INFORMAÇÃO;SEM INFORMAÇÃO;0;SEM INFORMAÇÃO	;TOCANTINS;PALMAS;PELE, SOE;C449;CARCINOMA BASOCELULAR, SOE;80903;NEOPLASIA MALIGNA DA PELE;C449;;;;;false;HISTOLOGIA DO TUMOR PRIMÁRIO;LOCALIZADO;;;;;;;;20/11/2017;;
1169033;RCBP PALMAS;MASCULINO;15/10/1951;65;AMARELA;BRASIL;MARANHÃO;BALSAS;FUNDAMENTAL II (5ª A 8ª SÉRIE);SEM INFORMAÇÃO;0;SEM INFORMAÇÃO	;TOCANTINS;PALMAS;PELE DO TRONCO;C445;CARCINOMA BASOCELULAR, SOE;80903;PELE DO TRONCO;C445;;;;;false;HISTOLOGIA DO TUMOR PRIMÁRIO;LOCALIZADO;;;;;;;;14/09/2017;;
1169031;RCBP PALMAS;MASCULINO;31/03/1945;72;PARDA;BRASIL;PERNAMBUCO;BOM CONSELHO;SEM INFORMAÇÃO;SEM INFORMAÇÃO;0;SEM INFORMAÇÃO	;TOCANTINS;PALMAS;PROSTATA, SOE;C619;ADENOCARCINOMA, SOE;81403;PROSTATA;C61;;;;;false;HISTOLOGIA DO TUMOR PRIMÁRIO;LOCALIZADO;;;;;;;;12/04/2017;;
1169841;RCBP PALMAS;FEMININO;04/03/1967;50;BRANCO;BRASIL;TOCANTINS;MIRANORTE;SEM INFORMAÇÃO;SEM INFORMAÇÃO;0;SEM INFORMAÇÃO	;TOCANTINS;PALMAS;PELE, SOE;C449;CARCINOMA BASOCELULAR, SOE;80903;NEOPLASIA MALIGNA DA PELE;C449;;;;;false;HISTOLOGIA DO TUMOR PRIMÁRIO;LOCALIZADO;;;;;;;;16/03/2017;;
1169839;RCBP PALMAS;MASCULINO;07/07/1953;63;BRANCO;BRASIL;GOIAS;RUBIATABA;SEM INFORMAÇÃO;SEM INFORMAÇÃO;0;SEM INFORMAÇÃO	;TOCANTINS;PALMAS;PELE DE OUTRAS PARTES DA FACE;C443;CARCINOMA BASOCELULAR, SOE;80903;PELE DE OUTRAS PARTES DA FACE;C443;;;;;false;HISTOLOGIA DO TUMOR PRIMÁRIO;LOCALIZADO;;;;;;;;19/01/2017;;
1169837;RCBP PALMAS;FEMININO;11/08/1947;69;AMARELA;BRASIL;CEARÁ;SANTA QUITÉRIA;SEM INFORMAÇÃO;SEM INFORMAÇÃO;0;SEM INFORMAÇÃO	;TOCANTINS;PALMAS;TIREOIDE, SOE;C739;CARCINOMA PAPILAR, SOE;80503;GLANDULA TIREOIDE;C73;;;;;false;HISTOLOGIA DO TUMOR PRIMÁRIO;LOCALIZADO;;;;;;;;11/05/2017;;
1169032;RCBP PALMAS;MASCULINO;07/07/1893;124;PARDA;BRASIL;TOCANTINS;PEDRO AFONSO;SEM INFORMAÇÃO;SEM INFORMAÇÃO;0;SEM INFORMAÇÃO	;TOCANTINS;PALMAS;PROSTATA, SOE;C619;ADENOCARCINOMA, SOE;81403;PROSTATA;C61;;;;;false;HISTOLOGIA DO TUMOR PRIMÁRIO;LOCALIZADO;;;;;;;;20/09/2017;;
1169838;RCBP PALMAS;FEMININO;30/01/1959;58;BRANCO;BRASIL;GOIAS;;SEM INFORMAÇÃO;SEM INFORMAÇÃO;0;SEM INFORMAÇÃO	;TOCANTINS;PALMAS;PELE DO LABIO, SOE;C440;CARCINOMA BASOCELULAR, SOE;80903;PELE DO LABIO;C440;;;;;false;HISTOLOGIA DO TUMOR PRIMÁRIO;LOCALIZADO;;;;;;;;06/02/2017;;
1169078;RCBP PALMAS;MASCULINO;02/10/1948;68;PARDA;BRASIL;PIAUÍ;LUZILÂNDIA;SEM ESCOLARIDADE;SEM INFORMAÇÃO;0;SEM INFORMAÇÃO	;TOCANTINS;PALMAS;CABECA, FACE E PESCOCO, SOE;C760;CARCINOMA DE CELULAS GIGANTES E FUSOCELULAR;80303;CABECA, FACE E PESCOCO;C760;;;;;false;HISTOLOGIA DO TUMOR PRIMÁRIO;LOCALIZADO;;;;;;;;12/06/2017;;
1169079;RCBP PALMAS;MASCULINO;27/09/1937;80;PRETA;BRASIL;Não informado;Não Informado;SEM INFORMAÇÃO;SEM INFORMAÇÃO;0;SEM INFORMAÇÃO	;TOCANTINS;PALMAS;PELE, SOE;C449;CARCINOMA ESCAMOCELULAR, SOE;80703;NEOPLASIA MALIGNA DA PELE;C449;;;;;false;HISTOLOGIA DO TUMOR PRIMÁRIO;LOCALIZADO;;;;;;;;14/12/2017;;
1169082;RCBP PALMAS;FEMININO;05/12/1960;56;SEM INFORMAÇÃO;BRASIL;MARANHÃO;IMPERATRIZ;SEM INFORMAÇÃO;SEM INFORMAÇÃO;0;SEM INFORMAÇÃO	;TOCANTINS;PALMAS;PELE DE OUTRAS PARTES DA FACE;C443;CARCINOMA BASOCELULAR, SOE;80903;PELE DE OUTRAS PARTES DA FACE;C443;;;;;false;HISTOLOGIA DO TUMOR PRIMÁRIO;LOCALIZADO;;;;;;;;27/09/2017;;
1169081;RCBP PALMAS;MASCULINO;06/08/1942;75;BRANCO;BRASIL;SANTA CATARINA;PALMITOS;SEM ESCOLARIDADE;SEM INFORMAÇÃO;0;SEM INFORMAÇÃO	;TOCANTINS;PALMAS;PELE DE OUTRAS PARTES DA FACE;C443;CARCINOMA BASOCELULAR, SOE;80903;PELE DE OUTRAS PARTES DA FACE;C443;;;;;false;HISTOLOGIA DO TUMOR PRIMÁRIO;LOCALIZADO;;;;;;;;18/10/2017;;
1169086;RCBP PALMAS;MASCULINO;19/04/1932;85;BRANCO;BRASIL;PERNAMBUCO;CUPIRA;SEM INFORMAÇÃO;SEM INFORMAÇÃO;0;SEM INFORMAÇÃO	;TOCANTINS;PALMAS;PELE, SOE;C449;CARCINOMA BASOCELULAR, SOE;80903;NEOPLASIA MALIGNA DA PELE;C449;;;;;false;HISTOLOGIA DO TUMOR PRIMÁRIO;LOCALIZADO;;;;;;;;28/12/2017;;
1169087;RCBP PALMAS;FEMININO;24/07/1975;42;BRANCO;BRASIL;RIO GRANDE DO SUL;NÃO-ME-TOQUE;SEM INFORMAÇÃO;SEM INFORMAÇÃO;0;SEM INFORMAÇÃO	;TOCANTINS;PALMAS;LESAO SOBREPOSTA DA PELE;C448;CARCINOMA BASOCELULAR, SOE;80903;LESAO INVASIVA DA PELE;C448;;;;;false;HISTOLOGIA DO TUMOR PRIMÁRIO;LOCALIZADO;;;;;;;;27/10/2017;;
1169088;RCBP PALMAS;MASCULINO;11/10/1948;69;BRANCO;BRASIL;MINAS GERAIS;BELO HORIZONTE;SEM INFORMAÇÃO;SEM INFORMAÇÃO;0;SEM INFORMAÇÃO	;TOCANTINS;PALMAS;PELE DE OUTRAS PARTES DA FACE;C443;CARCINOMA BASOCELULAR, SOE;80903;PELE DE OUTRAS PARTES DA FACE;C443;;;;;false;HISTOLOGIA DO TUMOR PRIMÁRIO;LOCALIZADO;;;;;;;;28/12/2017;;
1169061;RCBP PALMAS;MASCULINO;25/03/1952;65;PARDA;BRASIL;SÃO PAULO;CATANDUVA;SEM INFORMAÇÃO;SEM INFORMAÇÃO;0;SEM INFORMAÇÃO	;TOCANTINS;PALMAS;PELE DE OUTRAS PARTES DA FACE;C443;CARCINOMA BASOCELULAR, SOE;80903;PELE DE OUTRAS PARTES DA FACE;C443;;;;;false;HISTOLOGIA DO TUMOR PRIMÁRIO;LOCALIZADO;;;;;;;;28/12/2017;;
1169021;RCBP PALMAS;MASCULINO;15/06/1949;68;PRETA;BRASIL;TOCANTINS;PONTE ALTA DO BOM JESUS;SEM INFORMAÇÃO;SEM INFORMAÇÃO;0;SEM INFORMAÇÃO	;TOCANTINS;PALMAS;PROSTATA, SOE;C619;ADENOCARCINOMA, SOE;81403;PROSTATA;C61;;;;;false;HISTOLOGIA DO TUMOR PRIMÁRIO;LOCALIZADO;;;;;;;;05/09/2017;;
1169018;RCBP PALMAS;MASCULINO;06/11/1936;80;PARDA;BRASIL;TOCANTINS;PIUM;SEM INFORMAÇÃO;SEM INFORMAÇÃO;0;SEM INFORMAÇÃO	;TOCANTINS;PALMAS;PROSTATA, SOE;C619;ADENOCARCINOMA, SOE;81403;PROSTATA;C61;;;;;false;HISTOLOGIA DO TUMOR PRIMÁRIO;LOCALIZADO;;;;;;;;02/02/2017;;
1169020;RCBP PALMAS;FEMININO;22/04/1983;33;BRANCO;BRASIL;TOCANTINS;PORTO NACIONAL;SEM INFORMAÇÃO;SEM INFORMAÇÃO;0;SEM INFORMAÇÃO	;TOCANTINS;PALMAS;COLO DO UTERO, SOE;C539;CARCINOMA ESCAMOSO, PAPILAR NAO INVASIVO;80522;COLO DO UTERO, SOE;D069;;;;;false;HISTOLOGIA DO TUMOR PRIMÁRIO;"IN SITU";;;;;;;;16/04/2017;;
1169023;RCBP PALMAS;MASCULINO;15/03/1938;78;BRANCO;BRASIL;PIAUÍ;BERTOLÍNIA;SEM INFORMAÇÃO;SEM INFORMAÇÃO;0;SEM INFORMAÇÃO	;TOCANTINS;PALMAS;PROSTATA, SOE;C619;ADENOCARCINOMA, SOE;81403;PROSTATA;C61;;;;;false;HISTOLOGIA DO TUMOR PRIMÁRIO;LOCALIZADO;;;;;;;;16/02/2017;;
1169024;RCBP PALMAS;MASCULINO;27/04/1941;76;AMARELA;BRASIL;MARANHÃO;PRESIDENTE DUTRA;SEM INFORMAÇÃO;SEM INFORMAÇÃO;0;SEM INFORMAÇÃO	;TOCANTINS;PALMAS;LESAO SOBREPOSTA DO APARELHO DIGESTIVO;C268;ADENOCARCINOMA, SOE;81403;LESAO INVASIVA DO APARELHO DIGESTIVO;C268;;;;;false;HISTOLOGIA DO TUMOR PRIMÁRIO;LOCALIZADO;;;;;;;;12/06/2017;;
1169054;RCBP PALMAS;MASCULINO;24/09/1979;37;AMARELA;BRASIL;TOCANTINS;PORTO NACIONAL;MÉDIO (ANTIGO SEGUNDO GRAU);SEM INFORMAÇÃO;0;SEM INFORMAÇÃO	;TOCANTINS;PALMAS;PELE DE OUTRAS PARTES DA FACE;C443;TUMOR MALIGNO DE CELULAS GIGANTES;80033;PELE DE OUTRAS PARTES DA FACE;C443;;;;;false;HISTOLOGIA DO TUMOR PRIMÁRIO;LOCALIZADO;;;;;;;;13/07/2017;;
1169044;RCBP PALMAS;FEMININO;26/07/1963;53;AMARELA;BRASIL;PARÁ;SÃO FÉLIX DO XINGU;FUNDAMENTAL II (5ª A 8ª SÉRIE);SEM INFORMAÇÃO;0;SEM INFORMAÇÃO	;TOCANTINS;PALMAS;PELE DE OUTRAS PARTES DA FACE;C443;CARCINOMA BASOCELULAR, SOE;80903;PELE DE OUTRAS PARTES DA FACE;C443;;;;;false;HISTOLOGIA DO TUMOR PRIMÁRIO;LOCALIZADO;;;;;;;;23/06/2017;;
1169055;RCBP PALMAS;FEMININO;25/01/1970;47;BRANCO;BRASIL;PARANÁ;CURITIBA;SEM INFORMAÇÃO;SEM INFORMAÇÃO;0;SEM INFORMAÇÃO	;TOCANTINS;PALMAS;PELE, SOE;C449;CARCINOMA ESCAMOCELULAR, SOE;80703;NEOPLASIA MALIGNA DA PELE;C449;;;;;false;HISTOLOGIA DO TUMOR PRIMÁRIO;LOCALIZADO;;;;;;;;11/10/2017;;
1169060;RCBP PALMAS;MASCULINO;16/06/1939;78;AMARELA;BRASIL;MARANHÃO;PASSAGEM FRANCA;SEM INFORMAÇÃO;SEM INFORMAÇÃO;0;SEM INFORMAÇÃO	;TOCANTINS;PALMAS;PELE, SOE;C449;CARCINOMA ESCAMOCELULAR, SOE;80703;NEOPLASIA MALIGNA DA PELE;C449;;;;;false;HISTOLOGIA DO TUMOR PRIMÁRIO;LOCALIZADO;;;;;;;;03/10/2017;;
1169062;RCBP PALMAS;MASCULINO;07/07/1953;64;PARDA;BRASIL;GOIAS;GOIÁS;SEM INFORMAÇÃO;SEM INFORMAÇÃO;0;SEM INFORMAÇÃO	;TOCANTINS;PALMAS;PROSTATA, SOE;C619;ADENOCARCINOMA, SOE;81403;PROSTATA;C61;;;;;false;HISTOLOGIA DO TUMOR PRIMÁRIO;LOCALIZADO;;;;;;;;11/09/2017;;
1169063;RCBP PALMAS;MASCULINO;23/10/1933;84;AMARELA;BRASIL;TOCANTINS;MIRACEMA DO TOCANTINS;SEM INFORMAÇÃO;SEM INFORMAÇÃO;0;SEM INFORMAÇÃO	;TOCANTINS;PALMAS;PELE DO MEMBRO SUPERIOR E DO OMBRO;C446;CARCINOMA BASOCELULAR, SOE;80903;PELE DO MEMBRO SUPERIOR E DO OMBRO;C446;;;;;false;HISTOLOGIA DO TUMOR PRIMÁRIO;LOCALIZADO;;;;;;;;24/11/2017;;
1169064;RCBP PALMAS;MASCULINO;07/08/1939;77;PARDA;BRASIL;Não informado;Não Informado;FUNDAMENTAL II (5ª A 8ª SÉRIE);SEM INFORMAÇÃO;0;SEM INFORMAÇÃO	;TOCANTINS;PALMAS;PROSTATA, SOE;C619;ADENOCARCINOMA, SOE;81403;PROSTATA;C61;;;;;false;HISTOLOGIA DO TUMOR PRIMÁRIO;LOCALIZADO;;;;;;;;23/05/2017;;
1169075;RCBP PALMAS;FEMININO;07/07/1967;49;BRANCO;BRASIL;MARANHÃO;PINDARÉ MIRIM;SEM INFORMAÇÃO;SEM INFORMAÇÃO;0;SEM INFORMAÇÃO	;TOCANTINS;PALMAS;COLO DO UTERO, SOE;C539;ADENOCARCINOMA, SOE;81403;COLO DO UTERO, SOE;C539;;;;;false;HISTOLOGIA DO TUMOR PRIMÁRIO;LOCALIZADO;;;;;;;;19/05/2017;;
1169076;RCBP PALMAS;MASCULINO;05/05/1943;74;PARDA;BRASIL;PIAUÍ;SÃO JOÃO DO PIAUÍ;FUNDAMENTAL I (1ª A 4ª SÉRIE);SEM INFORMAÇÃO;0;SEM INFORMAÇÃO	;TOCANTINS;PALMAS;PELE DE OUTRAS PARTES DA FACE;C443;CARCINOMA BASOCELULAR, SOE;80903;PELE DE OUTRAS PARTES DA FACE;C443;;;;;false;HISTOLOGIA DO TUMOR PRIMÁRIO;LOCALIZADO;;;;;;;;18/12/2017;;
1169077;RCBP PALMAS;MASCULINO;29/11/1944;72;AMARELA;BRASIL;TOCANTINS;;SEM INFORMAÇÃO;SEM INFORMAÇÃO;0;SEM INFORMAÇÃO	;TOCANTINS;PALMAS;PROSTATA, SOE;C619;ADENOCARCINOMA ESQUIRROSO;81413;PROSTATA;C61;;;;;false;HISTOLOGIA DO TUMOR PRIMÁRIO;LOCALIZADO;;;;;;;;23/05/2017;;
1169083;RCBP PALMAS;FEMININO;05/09/1938;78;BRANCO;BRASIL;SERGIPE;MARUIM;SEM INFORMAÇÃO;SEM INFORMAÇÃO;0;SEM INFORMAÇÃO	;TOCANTINS;PALMAS;PULMAO, SOE;C349;ADENOCARCINOMA DE CELULAS CLARAS, SOE;83103;BRONQUIOS OU PULMOES, SOE;C349;;;;;false;HISTOLOGIA DO TUMOR PRIMÁRIO;LOCALIZADO;;;;;;;;04/04/2017;;
1169034;RCBP PALMAS;MASCULINO;14/11/1965;51;AMARELA;BRASIL;SÃO PAULO;SÃO PAULO;SEM INFORMAÇÃO;SEM INFORMAÇÃO;0;SEM INFORMAÇÃO	;TOCANTINS;PALMAS;PROSTATA, SOE;C619;ADENOCARCINOMA, SOE;81403;PROSTATA;C61;;;;;false;HISTOLOGIA DO TUMOR PRIMÁRIO;LOCALIZADO;;;;;;;;19/06/2017;;
1169036;RCBP PALMAS;FEMININO;05/12/1943;74;BRANCO;BRASIL;TOCANTINS;ARAGUACEMA;SEM INFORMAÇÃO;SEM INFORMAÇÃO;0;SEM INFORMAÇÃO	;TOCANTINS;PALMAS;PELE DO MEMBRO SUPERIOR E DO OMBRO;C446;DOENCA DE BOWEN;80812;PELE DOS MEMBROS SUPERIORES, INCLUINDO OMBRO;D046;;;;;false;HISTOLOGIA DO TUMOR PRIMÁRIO;"IN SITU";;;;;;;;08/12/2017;;
1169037;RCBP PALMAS;FEMININO;02/02/1959;58;SEM INFORMAÇÃO;BRASIL;TOCANTINS;SÃO FÉLIX DO TOCANTINS;SEM INFORMAÇÃO;SEM INFORMAÇÃO;0;SEM INFORMAÇÃO	;TOCANTINS;PALMAS;PELE DE OUTRAS PARTES DA FACE;C443;CARCINOMA BASOCELULAR, SOE;80903;PELE DE OUTRAS PARTES DA FACE;C443;;;;;false;HISTOLOGIA DO TUMOR PRIMÁRIO;LOCALIZADO;;;;;;;;24/04/2017;;
1169038;RCBP PALMAS;FEMININO;16/07/1947;69;PRETA;BRASIL;TOCANTINS;MONTE DO CARMO;SEM INFORMAÇÃO;SOLTEIRO;0;SEM INFORMAÇÃO	;TOCANTINS;PALMAS;VESICULA BILIAR, SOE;C239;ADENOCARCINOMA, SOE;81403;VESICULA BILIAR;C23;;;;;false;HISTOLOGIA DO TUMOR PRIMÁRIO;METÁSTASE;;;;;CÂNCER;11/06/2017;;04/04/2017;;
1169040;RCBP PALMAS;FEMININO;27/10/1938;78;SEM INFORMAÇÃO;BRASIL;MARANHÃO;CAROLINA;SEM INFORMAÇÃO;SEM INFORMAÇÃO;910;SUPERVISORES EM SERVIÇOS DE REPARAÇÃO E MANUTENÇÃO MECÂNICA  	;TOCANTINS;PALMAS;PELE DO MEMBRO SUPERIOR E DO OMBRO;C446;CARCINOMA BASOCELULAR, SOE;80903;PELE DO MEMBRO SUPERIOR E DO OMBRO;C446;;;;;false;HISTOLOGIA DO TUMOR PRIMÁRIO;LOCALIZADO;;;;;;;;10/02/2017;;
1169045;RCBP PALMAS;FEMININO;22/09/1962;55;PARDA;BRASIL;PARAÍBA;NOVA OLINDA;MÉDIO (ANTIGO SEGUNDO GRAU);SEM INFORMAÇÃO;0;SEM INFORMAÇÃO	;TOCANTINS;PALMAS;COLO DO UTERO, SOE;C539;CARCINOMA "IN SITU", SOE;80102;COLO DO UTERO, SOE;D069;;;;;false;HISTOLOGIA DO TUMOR PRIMÁRIO;"IN SITU";;;;;;;;13/10/2017;;
1169046;RCBP PALMAS;MASCULINO;05/03/1941;76;BRANCO;BRASIL;PIAUÍ;PIRIPIRI;SEM INFORMAÇÃO;SEM INFORMAÇÃO;0;SEM INFORMAÇÃO	;TOCANTINS;PALMAS;PELE DO MEMBRO SUPERIOR E DO OMBRO;C446;CARCINOMA ESCAMOCELULAR, SOE;80703;PELE DO MEMBRO SUPERIOR E DO OMBRO;C446;;;;;false;HISTOLOGIA DO TUMOR PRIMÁRIO;LOCALIZADO;;;;;;;;17/05/2017;;
1169047;RCBP PALMAS;FEMININO;28/07/1930;87;BRANCO;BRASIL;PARÁ;BELÉM;SEM INFORMAÇÃO;SEM INFORMAÇÃO;0;SEM INFORMAÇÃO	;TOCANTINS;PALMAS;PELE, SOE;C449;DOENCA DE BOWEN;80812;PELE, SOE;D049;;;;;false;HISTOLOGIA DO TUMOR PRIMÁRIO;"IN SITU";;;;;;;;06/12/2017;;
1169048;RCBP PALMAS;FEMININO;25/12/1960;56;SEM INFORMAÇÃO;BRASIL;Não informado;Não Informado;SEM INFORMAÇÃO;SEM INFORMAÇÃO;0;SEM INFORMAÇÃO	;TOCANTINS;PALMAS;PULMAO, SOE;C349;ADENOCARCINOMA, SOE;81403;BRONQUIOS OU PULMOES, SOE;C349;;;;;false;HISTOLOGIA DO TUMOR PRIMÁRIO;LOCALIZADO;;;;;;;;03/03/2017;;
1169049;RCBP PALMAS;FEMININO;13/04/1942;75;BRANCO;BRASIL;MINAS GERAIS;SABARÁ;SEM INFORMAÇÃO;SEM INFORMAÇÃO;0;SEM INFORMAÇÃO	;TOCANTINS;PALMAS;PELE DE OUTRAS PARTES DA FACE;C443;CARCINOMA BASOCELULAR, SOE;80903;PELE DE OUTRAS PARTES DA FACE;C443;;;;;false;HISTOLOGIA DO TUMOR PRIMÁRIO;LOCALIZADO;;;;;;;;13/09/2017;;
1169051;RCBP PALMAS;MASCULINO;21/06/1933;84;PARDA;BRASIL;TOCANTINS;LIZARDA;SEM INFORMAÇÃO;SEM INFORMAÇÃO;0;SEM INFORMAÇÃO	;TOCANTINS;PALMAS;PROSTATA, SOE;C619;ADENOCARCINOMA, SOE;81403;PROSTATA;C61;;;;;false;HISTOLOGIA DO TUMOR PRIMÁRIO;LOCALIZADO;;;;;;;;04/09/2017;;
1169053;RCBP PALMAS;MASCULINO;29/09/1958;59;SEM INFORMAÇÃO;BRASIL;TOCANTINS;PALMAS;SEM ESCOLARIDADE;SEM INFORMAÇÃO;0;SEM INFORMAÇÃO	;TOCANTINS;PALMAS;OUVIDO EXTERNO;C442;CARCINOMA BASOCELULAR, SOE;80903;PELE DA ORELHA E CONDUTO AUDITIVO EXTERNO;C442;;;;;false;HISTOLOGIA DO TUMOR PRIMÁRIO;LOCALIZADO;;;;;;;;09/10/2017;;
1169056;RCBP PALMAS;MASCULINO;26/08/1965;51;BRANCO;BRASIL;BAHIA;CORRENTINA;FUNDAMENTAL II (5ª A 8ª SÉRIE);SEM INFORMAÇÃO;0;SEM INFORMAÇÃO	;TOCANTINS;PALMAS;PELE DE OUTRAS PARTES DA FACE;C443;CARCINOMA BASOCELULAR, SOE;80903;PELE DE OUTRAS PARTES DA FACE;C443;;;;;false;HISTOLOGIA DO TUMOR PRIMÁRIO;LOCALIZADO;;;;;;;;19/01/2017;;
1169057;RCBP PALMAS;MASCULINO;06/05/1939;78;BRANCO;BRASIL;TOCANTINS;ARAGUAÇU;SEM INFORMAÇÃO;SEM INFORMAÇÃO;0;SEM INFORMAÇÃO	;TOCANTINS;PALMAS;PROSTATA, SOE;C619;ADENOCARCINOMA, SOE;81403;PROSTATA;C61;;;;;false;HISTOLOGIA DO TUMOR PRIMÁRIO;LOCALIZADO;;;;;;;;25/08/2017;;
1169058;RCBP PALMAS;MASCULINO;20/07/1930;86;SEM INFORMAÇÃO;BRASIL;GOIAS;MORRINHOS;SEM INFORMAÇÃO;SEM INFORMAÇÃO;0;SEM INFORMAÇÃO	;TOCANTINS;PALMAS;RETO, SOE;C209;ADENOCARCINOMA, SOE;81403;RETO;C20;;;;;false;HISTOLOGIA DO TUMOR PRIMÁRIO;LOCALIZADO;;;;;;;;24/03/2017;;
1168971;RCBP PALMAS;FEMININO;19/08/1949;68;BRANCO;BRASIL;MARANHÃO;ITAPECURU MIRIM;SEM INFORMAÇÃO;VIÚVO;0;SEM INFORMAÇÃO	;TOCANTINS;PALMAS;PANCREAS, SOE;C259;CARCINOMA NEUROENDOCRINO, SOE;82463;PANCREAS, SOE;C259;;;;;false;HISTOLOGIA DO TUMOR PRIMÁRIO;LOCALIZADO;;;;;;;;28/08/2017;;
1168972;RCBP PALMAS;FEMININO;04/06/1976;41;BRANCO;BRASIL;GOIAS;PORANGATU;MÉDIO (ANTIGO SEGUNDO GRAU);SEM INFORMAÇÃO;0;SEM INFORMAÇÃO	;TOCANTINS;PALMAS;OLHO, SOE;C699;CARCINOMA "IN SITU", SOE;80102;OLHO;D092;;;;;false;HISTOLOGIA DO TUMOR PRIMÁRIO;"IN SITU";;;;;;;;18/09/2017;;
1168974;RCBP PALMAS;MASCULINO;15/03/1985;32;SEM INFORMAÇÃO;BRASIL;Não informado;Não Informado;SEM INFORMAÇÃO;SEM INFORMAÇÃO;0;SEM INFORMAÇÃO	;TOCANTINS;PALMAS;PENIS, SOE;C609;CARCINOMA ESCAMOCELULAR, SOE;80703;PENIS, SOE;C609;;;;;false;HISTOLOGIA DO TUMOR PRIMÁRIO;LOCALIZADO;;;;;;;;28/03/2017;;
1168975;RCBP PALMAS;FEMININO;08/11/1959;57;SEM INFORMAÇÃO;BRASIL;MINAS GERAIS;;SEM INFORMAÇÃO;SEPARADO JUDICIALMENTE;252;PROFISSIONAIS DE ORGANIZAÇÃO E ADMINISTRAÇÃO DE EMPRESAS E AFINS  	;TOCANTINS;PALMAS;LOBO SUPERIOR DO PULMAO;C341;CARCINOMA DE CELULAS ACINOSAS;85503;LOBO SUPERIOR, BRONQUIO OU PULMAO;C341;;;;;false;HISTOLOGIA DO TUMOR PRIMÁRIO;LOCALIZADO;;;;;;;;14/08/2017;;
1168977;RCBP PALMAS;MASCULINO;20/05/1958;59;PARDA;BRASIL;MINAS GERAIS;MONTE CARMELO;FUNDAMENTAL I (1ª A 4ª SÉRIE);SEM INFORMAÇÃO;0;SEM INFORMAÇÃO	;TOCANTINS;PALMAS;PELE DO MEMBRO SUPERIOR E DO OMBRO;C446;CARCINOMA BASOCELULAR, SOE;80903;PELE DO MEMBRO SUPERIOR E DO OMBRO;C446;;;;;false;HISTOLOGIA DO TUMOR PRIMÁRIO;LOCALIZADO;;;;;;;;13/12/2017;;
1168979;RCBP PALMAS;MASCULINO;12/09/1940;76;AMARELA;BRASIL;MINAS GERAIS;CÁSSIA;SEM INFORMAÇÃO;SEM INFORMAÇÃO;0;SEM INFORMAÇÃO	;TOCANTINS;PALMAS;PROSTATA, SOE;C619;ADENOCARCINOMA, SOE;81403;PROSTATA;C61;;;;;false;HISTOLOGIA DO TUMOR PRIMÁRIO;LOCALIZADO;;;;;;;;20/06/2017;;
1168982;RCBP PALMAS;MASCULINO;02/09/1948;69;PARDA;BRASIL;Não informado;Não Informado;SEM INFORMAÇÃO;SEM INFORMAÇÃO;0;SEM INFORMAÇÃO	;TOCANTINS;PALMAS;ESOFAGO, SOE;C159;CARCINOMA ESCAMOCELULAR, SOE;80703;ESOFAGO, SOE;C159;;;;;false;HISTOLOGIA DO TUMOR PRIMÁRIO;LOCALIZADO;;;;;;;;17/10/2017;;
1168990;RCBP PALMAS;FEMININO;23/08/1959;57;SEM INFORMAÇÃO;BRASIL;MARANHÃO;CAJARI;SEM INFORMAÇÃO;CASADO;0;SEM INFORMAÇÃO	;TOCANTINS;PALMAS;INTESTINO DELGADO, SOE;C179;SARCOMA ESTROMAL GASTROINTESTINAL;89363;INTESTINO DELGADO, SOE;C179;;;;;false;HISTOLOGIA DO TUMOR PRIMÁRIO;LOCALIZADO;;;;;;;;06/07/2017;;
1168988;RCBP PALMAS;FEMININO;19/07/1950;67;BRANCO;BRASIL;MARANHÃO;ALDEIAS ALTAS;FUNDAMENTAL I (1ª A 4ª SÉRIE);SEM INFORMAÇÃO;0;SEM INFORMAÇÃO	;TOCANTINS;PALMAS;PELE, SOE;C449;CARCINOMA BASOCELULAR, SOE;80903;NEOPLASIA MALIGNA DA PELE;C449;;;;;false;HISTOLOGIA DO TUMOR PRIMÁRIO;LOCALIZADO;;;;;;;;27/10/2017;;
1168991;RCBP PALMAS;FEMININO;28/09/1964;52;PARDA;BRASIL;TOCANTINS;MIRACEMA DO TOCANTINS;SEM INFORMAÇÃO;SEM INFORMAÇÃO;0;SEM INFORMAÇÃO	;TOCANTINS;PALMAS;COLON SIGMOIDE;C187;ADENOCARCINOMA TUBULAR;82113;COLON SIGMOIDE;C187;;;;;false;HISTOLOGIA DO TUMOR PRIMÁRIO;LOCALIZADO;;;;;;;;20/06/2017;;
1168993;RCBP PALMAS;MASCULINO;11/03/1941;76;BRANCO;BRASIL;BAHIA;POÇÕES;FUNDAMENTAL II (5ª A 8ª SÉRIE);SEM INFORMAÇÃO;0;SEM INFORMAÇÃO	;TOCANTINS;PALMAS;OUVIDO EXTERNO;C442;CARCINOMA BASOCELULAR, SOE;80903;PELE DA ORELHA E CONDUTO AUDITIVO EXTERNO;C442;;;;;false;HISTOLOGIA DO TUMOR PRIMÁRIO;LOCALIZADO;;;;;;;;20/10/2017;;
1168994;RCBP PALMAS;MASCULINO;05/06/1966;51;BRANCO;BRASIL;GOIAS;URUAÇU;FUNDAMENTAL II (5ª A 8ª SÉRIE);SEM INFORMAÇÃO;0;SEM INFORMAÇÃO	;TOCANTINS;PALMAS;PELE DE OUTRAS PARTES DA FACE;C443;CARCINOMA BASOCELULAR, SOE;80903;PELE DE OUTRAS PARTES DA FACE;C443;;;;;false;HISTOLOGIA DO TUMOR PRIMÁRIO;SEM INFORMAÇÃO;;;;;;;;23/08/2017;;
1168995;RCBP PALMAS;MASCULINO;02/08/1940;77;BRANCO;BRASIL;MARANHÃO;PORTO FRANCO;SEM INFORMAÇÃO;SEM INFORMAÇÃO;0;SEM INFORMAÇÃO	;TOCANTINS;PALMAS;PROSTATA, SOE;C619;ADENOCARCINOMA, SOE;81403;PROSTATA;C61;;;;;false;HISTOLOGIA DO TUMOR PRIMÁRIO;LOCALIZADO;;;;;;;;27/09/2017;;
1168992;RCBP PALMAS;FEMININO;17/02/1945;72;BRANCO;BRASIL;BAHIA;CENTRAL;SEM INFORMAÇÃO;SEM INFORMAÇÃO;0;SEM INFORMAÇÃO	;TOCANTINS;PALMAS;PELE, SOE;C449;CARCINOMA BASOCELULAR, SOE;80903;NEOPLASIA MALIGNA DA PELE;C449;;;;;false;HISTOLOGIA DO TUMOR PRIMÁRIO;LOCALIZADO;;;;;;;;20/12/2017;;
1168987;RCBP PALMAS;FEMININO;06/10/1963;53;SEM INFORMAÇÃO;BRASIL;MATO GROSSO ;ROSÁRIO OESTE;SEM INFORMAÇÃO;VIÚVO;141;GERENTES DE PRODUÇÃO E OPERAÇÕES  	;TOCANTINS;PALMAS;MAMA , SOE;C509;CARCINOMA DUCTAL INFILTRANTE;85003;MAMA , SOE;C509;;;;;false;HISTOLOGIA DO TUMOR PRIMÁRIO;LOCALIZADO;;;;;;;;22/09/2017;;
1168966;RCBP PALMAS;FEMININO;01/07/1950;66;BRANCO;BRASIL;MARANHÃO;;SEM INFORMAÇÃO;SEM INFORMAÇÃO;;;TOCANTINS;PALMAS;BEXIGA, SOE;C679;CARCINOMA PAPILAR DE CELULAS TRANSICIONAIS;81303;BEXIGA, SOE;C679;;;;;false;HISTOLOGIA DO TUMOR PRIMÁRIO;LOCALIZADO;;;;;;;;28/04/2017;;
1168969;RCBP PALMAS;MASCULINO;15/06/1943;74;PARDA;BRASIL;TOCANTINS;MIRACEMA DO TOCANTINS;SEM INFORMAÇÃO;SEM INFORMAÇÃO;0;SEM INFORMAÇÃO	;TOCANTINS;PALMAS;FARINGE, SOE;C140;CARCINOMA ESCAMOCELULAR, SOE;80703;FARINGE, SOE;C140;;;;;false;HISTOLOGIA DO TUMOR PRIMÁRIO;LOCALIZADO;;;;;;;;18/07/2017;;
1168970;RCBP PALMAS;FEMININO;31/10/1929;87;PRETA;BRASIL;TOCANTINS;LIZARDA;SEM INFORMAÇÃO;VIÚVO;0;SEM INFORMAÇÃO	;TOCANTINS;PALMAS;GENGIVA, SOE;C039;CARCINOMA ESCAMOCELULAR, SOE;80703;GENGIVA, SOE;C039;;;;;false;HISTOLOGIA DO TUMOR PRIMÁRIO;LOCALIZADO;;;;;;;;24/02/2017;;
1168989;RCBP PALMAS;MASCULINO;19/03/1958;59;BRANCO;BRASIL;TOCANTINS;PORTO NACIONAL;SEM INFORMAÇÃO;SEM INFORMAÇÃO;0;SEM INFORMAÇÃO	;TOCANTINS;PALMAS;PELE DE OUTRAS PARTES DA FACE;C443;CARCINOMA BASOCELULAR, SOE;80903;PELE DE OUTRAS PARTES DA FACE;C443;;;;;false;HISTOLOGIA DO TUMOR PRIMÁRIO;LOCALIZADO;;;;;;;;11/12/2017;;
1168962;RCBP PALMAS;FEMININO;10/11/1949;67;PARDA;BRASIL;MARANHÃO;BARRA DO CORDA;MÉDIO (ANTIGO SEGUNDO GRAU);SEM INFORMAÇÃO;0;SEM INFORMAÇÃO	;TOCANTINS;PALMAS;PELE DE OUTRAS PARTES DA FACE;C443;CARCINOMA BASOCELULAR, SOE;80903;PELE DE OUTRAS PARTES DA FACE;C443;;;;;false;HISTOLOGIA DO TUMOR PRIMÁRIO;LOCALIZADO;;;;;;;;01/08/2017;;
1168963;RCBP PALMAS;FEMININO;20/01/1954;63;BRANCO;BRASIL;GOIAS;GOIANÉSIA;SEM INFORMAÇÃO;SEM INFORMAÇÃO;0;SEM INFORMAÇÃO	;TOCANTINS;PALMAS;PELE DE OUTRAS PARTES DA FACE;C443;CARCINOMA BASOCELULAR, SOE;80903;PELE DE OUTRAS PARTES DA FACE;C443;;;;;false;HISTOLOGIA DO TUMOR PRIMÁRIO;LOCALIZADO;;;;;;;;15/03/2017;;
1168965;RCBP PALMAS;MASCULINO;10/05/1942;74;PARDA;BRASIL;TOCANTINS;NATIVIDADE;SEM INFORMAÇÃO;SEM INFORMAÇÃO;0;SEM INFORMAÇÃO	;TOCANTINS;PALMAS;PROSTATA, SOE;C619;ADENOCARCINOMA, SOE;81403;PROSTATA;C61;;;;;false;HISTOLOGIA DO TUMOR PRIMÁRIO;LOCALIZADO;;;;;;;;17/03/2017;;
1168967;RCBP PALMAS;FEMININO;05/11/1929;87;AMARELA;BRASIL;PARÁ;SÃO JOÃO DO ARAGUAIA;SEM INFORMAÇÃO;VIÚVO;0;SEM INFORMAÇÃO	;TOCANTINS;PALMAS;BEXIGA, SOE;C679;CARCINOMA, SOE;80103;BEXIGA, SOE;C679;;;;;false;HISTOLOGIA DO TUMOR PRIMÁRIO;LOCALIZADO;;;;;;;;27/02/2017;;
1168968;RCBP PALMAS;MASCULINO;25/05/1957;59;BRANCO;BRASIL;BAHIA;UNA;SEM INFORMAÇÃO;SEM INFORMAÇÃO;0;SEM INFORMAÇÃO	;TOCANTINS;PALMAS;PROSTATA, SOE;C619;CARCINOMA DE CELULAS ACINOSAS;85503;PROSTATA;C61;;;;;false;HISTOLOGIA DO TUMOR PRIMÁRIO;LOCALIZADO;;;;;;;;26/01/2017;;
1168953;RCBP PALMAS;MASCULINO;09/03/1994;22;PARDA;BRASIL;TOCANTINS;PORTO NACIONAL;FUNDAMENTAL II (5ª A 8ª SÉRIE);SEM INFORMAÇÃO;0;SEM INFORMAÇÃO	;TOCANTINS;PALMAS;PELE, SOE;C449;CARCINOMA BASOCELULAR, SOE;80903;NEOPLASIA MALIGNA DA PELE;C449;;;CARCINOMA DE PELE;7.2;false;HISTOLOGIA DO TUMOR PRIMÁRIO;LOCALIZADO;;;;;;;;17/01/2017;;
1168934;RCBP PALMAS;FEMININO;27/10/1927;90;SEM INFORMAÇÃO;BRASIL;GOIAS;CATALÃO;SEM INFORMAÇÃO;SEM INFORMAÇÃO;0;SEM INFORMAÇÃO	;TOCANTINS;PALMAS;OVARIO, SOE;C569;CARCINOMA, SOE;80103;OVARIO;C56;;;;;false;HISTOLOGIA DO TUMOR PRIMÁRIO;LOCALIZADO;;;;;;;;13/12/2017;;
1168935;RCBP PALMAS;MASCULINO;28/04/1963;54;PARDA;BRASIL;ALAGOAS;;FUNDAMENTAL II (5ª A 8ª SÉRIE);SEM INFORMAÇÃO;0;SEM INFORMAÇÃO	;TOCANTINS;PALMAS;PROSTATA, SOE;C619;ADENOCARCINOMA, SOE;81403;PROSTATA;C61;;;;;false;HISTOLOGIA DO TUMOR PRIMÁRIO;LOCALIZADO;;;;;;;;21/06/2017;;
1168936;RCBP PALMAS;FEMININO;20/08/1935;82;BRANCO;BRASIL;TOCANTINS;NATIVIDADE;FUNDAMENTAL I (1ª A 4ª SÉRIE);SEM INFORMAÇÃO;0;SEM INFORMAÇÃO	;TOCANTINS;PALMAS;CORPO DO ESTOMAGO;C162;ADENOCARCINOMA TUBULAR;82113;CORPO DO ESTOMAGO;C162;;;;;false;HISTOLOGIA DO TUMOR PRIMÁRIO;LOCALIZADO;;;;;;;;26/09/2017;;
1168937;RCBP PALMAS;MASCULINO;01/01/1936;81;AMARELA;BRASIL;BAHIA;ANDARAÍ;SEM INFORMAÇÃO;SEM INFORMAÇÃO;0;SEM INFORMAÇÃO	;TOCANTINS;PALMAS;PROSTATA, SOE;C619;ADENOCARCINOMA, SOE;81403;PROSTATA;C61;;;;;false;HISTOLOGIA DO TUMOR PRIMÁRIO;LOCALIZADO;;;;;;;;29/03/2017;;
1168940;RCBP PALMAS;FEMININO;21/08/1980;37;SEM INFORMAÇÃO;BRASIL;RIO GRANDE DO SUL;ITAQUI;SUPERIOR COMPLETO;CASADO;214;ENGENHEIROS, ARQUITETOS E AFINS   	;TOCANTINS;PALMAS;COLO DO UTERO, SOE;C539;CARCINOMA ESCAMOCELULAR, SOE;80703;COLO DO UTERO, SOE;C539;;;;;false;HISTOLOGIA DO TUMOR PRIMÁRIO;SEM INFORMAÇÃO;;;;;;;;22/11/2017;;
1168941;RCBP PALMAS;MASCULINO;13/09/1951;65;AMARELA;BRASIL;GOIAS;ANÁPOLIS;SEM INFORMAÇÃO;SEM INFORMAÇÃO;0;SEM INFORMAÇÃO	;TOCANTINS;PALMAS;PROSTATA, SOE;C619;ADENOCARCINOMA, SOE;81403;PROSTATA;C61;;;;;false;HISTOLOGIA DO TUMOR PRIMÁRIO;LOCALIZADO;;;;;;;;22/05/2017;;
1168942;RCBP PALMAS;FEMININO;04/01/1963;54;AMARELA;BRASIL;PARANÁ;LIDIANÓPOLIS;SEM INFORMAÇÃO;SEM INFORMAÇÃO;;;TOCANTINS;PALMAS;COLO DO UTERO, SOE;C539;CARCINOMA ESCAMOCELULAR, SOE;80703;COLO DO UTERO, SOE;C539;;;;;false;HISTOLOGIA DO TUMOR PRIMÁRIO;LOCALIZADO;;;;;;;;31/01/2017;;
1168944;RCBP PALMAS;FEMININO;12/02/1961;56;SEM INFORMAÇÃO;BRASIL;TOCANTINS;GOIATINS;SEM INFORMAÇÃO;SEM INFORMAÇÃO;0;SEM INFORMAÇÃO	;TOCANTINS;PALMAS;MAMA , SOE;C509;CARCINOMA DUCTAL INFILTRANTE;85003;MAMA , SOE;C509;;;;;false;HISTOLOGIA DO TUMOR PRIMÁRIO;LOCALIZADO;;;;;;;;22/08/2017;;
1168945;RCBP PALMAS;FEMININO;04/01/1963;54;AMARELA;BRASIL;MARANHÃO;GRAJAÚ;SEM INFORMAÇÃO;SEM INFORMAÇÃO;0;SEM INFORMAÇÃO	;TOCANTINS;PALMAS;COLO DO UTERO, SOE;C539;CARCINOMA ESCAMOSO MICRO-INVASOR;80763;COLO DO UTERO, SOE;C539;;;;;false;HISTOLOGIA DO TUMOR PRIMÁRIO;LOCALIZADO;;;;;;;;31/01/2017;;
1168946;RCBP PALMAS;FEMININO;16/01/1942;75;SEM INFORMAÇÃO;BRASIL;Não informado;Não Informado;SEM INFORMAÇÃO;CASADO;0;SEM INFORMAÇÃO	;TOCANTINS;PALMAS;FIGADO, SOE;C220;ADENOCARCINOMA, SOE;81403;FIGADO E VIAS BILIARES INTRA-HEPATICAS;C22;;;;;false;HISTOLOGIA DO TUMOR PRIMÁRIO;METÁSTASE;;;;;;;;05/09/2017;;
1168949;RCBP PALMAS;MASCULINO;27/10/1946;70;SEM INFORMAÇÃO;BRASIL;Não informado;Não Informado;SEM INFORMAÇÃO;SEM INFORMAÇÃO;0;SEM INFORMAÇÃO	;TOCANTINS;PALMAS;PELE DO MEMBRO INFERIOR E DO QUADRIL;C447;CARCINOMA ESCAMOCELULAR, SOE;80703;PELE DO MEMBRO INFERIOR E DO QUADRIL;C447;;;;;false;HISTOLOGIA DO TUMOR PRIMÁRIO;LOCALIZADO;;;;;;;;18/10/2017;;
1168950;RCBP PALMAS;FEMININO;15/10/1949;68;PARDA;BRASIL;GOIAS;PARANAIGUARA;SEM INFORMAÇÃO;SEM INFORMAÇÃO;0;SEM INFORMAÇÃO	;TOCANTINS;PALMAS;PELE DE OUTRAS PARTES DA FACE;C443;CARCINOMA BASOCELULAR, SOE;80903;PELE DE OUTRAS PARTES DA FACE;C443;;;;;false;HISTOLOGIA DO TUMOR PRIMÁRIO;LOCALIZADO;;;;;;;;29/12/2017;;
1168948;RCBP PALMAS;MASCULINO;26/04/1943;74;BRANCO;BRASIL;MINAS GERAIS;CEDRO DO ABAETÉ;SEM INFORMAÇÃO;SEM INFORMAÇÃO;0;SEM INFORMAÇÃO	;TOCANTINS;PALMAS;LESAO SOBREPOSTA DA PELE;C448;CARCINOMA BASOCELULAR, SOE;80903;LESAO INVASIVA DA PELE;C448;;;;;false;HISTOLOGIA DO TUMOR PRIMÁRIO;LOCALIZADO;;;;;;;;02/06/2017;;
1168943;RCBP PALMAS;FEMININO;14/06/1960;56;SEM INFORMAÇÃO;BRASIL;GOIAS;SANTA TEREZINHA DE GOIÁS;SEM INFORMAÇÃO;SEPARADO JUDICIALMENTE;0;SEM INFORMAÇÃO	;TOCANTINS;PALMAS;FUNDO DO UTERO;C543;ADENOCARCINOMA, SOE;81403;FUNDO DO UTERO;C543;;;;;false;HISTOLOGIA DO TUMOR PRIMÁRIO;LOCALIZADO;;;;;;;;09/05/2017;;
1168951;RCBP PALMAS;MASCULINO;20/12/1941;75;PRETA;BRASIL;MARANHÃO;LORETO;SEM INFORMAÇÃO;SEM INFORMAÇÃO;0;SEM INFORMAÇÃO	;TOCANTINS;PALMAS;PROSTATA, SOE;C619;ADENOCARCINOMA, SOE;81403;PROSTATA;C61;;;;;false;HISTOLOGIA DO TUMOR PRIMÁRIO;LOCALIZADO;;;;;;;;04/09/2017;;
1168956;RCBP PALMAS;MASCULINO;04/12/1975;41;BRANCO;BRASIL;TOCANTINS;CRISTALÂNDIA;SEM INFORMAÇÃO;SEM INFORMAÇÃO;0;SEM INFORMAÇÃO	;TOCANTINS;PALMAS;RETO, SOE;C209;TUMOR CARCINOIDE, SOE;82403;RETO;C20;;;;;false;HISTOLOGIA DO TUMOR PRIMÁRIO;LOCALIZADO;;;;;;;;10/08/2017;;
1168957;RCBP PALMAS;MASCULINO;13/04/1968;48;PARDA;BRASIL;TOCANTINS;PARAÍSO DO TOCANTINS;SEM INFORMAÇÃO;SEM INFORMAÇÃO;0;SEM INFORMAÇÃO	;TOCANTINS;PALMAS;PROSTATA, SOE;C619;ADENOCARCINOMA, SOE;81403;PROSTATA;C61;;;;;false;HISTOLOGIA DO TUMOR PRIMÁRIO;LOCALIZADO;;;;;;;;11/04/2017;;
1168961;RCBP PALMAS;FEMININO;10/02/1931;85;SEM INFORMAÇÃO;BRASIL;TOCANTINS;LAJEADO;SEM INFORMAÇÃO;VIÚVO;0;SEM INFORMAÇÃO	;TOCANTINS;PALMAS;ENDOMETRIO;C541;CARCINOMA ENDOMETRIOIDE, SOE;83803;ENDOMETRIO;C541;;;;;false;HISTOLOGIA DO TUMOR PRIMÁRIO;LOCALIZADO;;;;;;;;24/01/2017;;
1168978;RCBP PALMAS;MASCULINO;15/09/1922;95;BRANCO;BRASIL;MARANHÃO;PORTO FRANCO;SEM INFORMAÇÃO;SEM INFORMAÇÃO;0;SEM INFORMAÇÃO	;TOCANTINS;PALMAS;PELE DE OUTRAS PARTES DA FACE;C443;CARCINOMA BASOCELULAR, SOE;80903;PELE DE OUTRAS PARTES DA FACE;C443;;;;;false;HISTOLOGIA DO TUMOR PRIMÁRIO;LOCALIZADO;;;;;;;;08/12/2017;;
1168997;RCBP PALMAS;MASCULINO;16/08/1953;64;PARDA;BRASIL;MINAS GERAIS;ITUIUTABA;SEM INFORMAÇÃO;SEM INFORMAÇÃO;0;SEM INFORMAÇÃO	;TOCANTINS;PALMAS;PELE DE OUTRAS PARTES DA FACE;C443;CARCINOMA BASOCELULAR, SOE;80903;PELE DE OUTRAS PARTES DA FACE;C443;;;;;false;HISTOLOGIA DO TUMOR PRIMÁRIO;LOCALIZADO;;;;;;;;13/12/2017;;
1169002;RCBP PALMAS;MASCULINO;13/08/1942;74;BRANCO;BRASIL;SÃO PAULO;SÃO PAULO;SEM INFORMAÇÃO;SEM INFORMAÇÃO;0;SEM INFORMAÇÃO	;TOCANTINS;PALMAS;RETO, SOE;C209;ADENOCARCINOMA, SOE;81403;RETO;C20;;;;;false;HISTOLOGIA DO TUMOR PRIMÁRIO;LOCALIZADO;;;;;;;;29/03/2017;;
1169003;RCBP PALMAS;MASCULINO;29/11/1962;54;PARDA;BRASIL;TOCANTINS;PALMAS;SEM INFORMAÇÃO;SEM INFORMAÇÃO;0;SEM INFORMAÇÃO	;TOCANTINS;PALMAS;PELE, SOE;C449;CARCINOMA ESCAMOCELULAR, SOE;80703;NEOPLASIA MALIGNA DA PELE;C449;;;;;false;HISTOLOGIA DO TUMOR PRIMÁRIO;LOCALIZADO;;;;;;;;06/11/2017;;
1169005;RCBP PALMAS;MASCULINO;31/05/1973;43;AMARELA;BRASIL;PERNAMBUCO;ALIANÇA;SUPERIOR COMPLETO;SEM INFORMAÇÃO;0;SEM INFORMAÇÃO	;TOCANTINS;PALMAS;RIM, SOE;C649;ADENOCARCINOMA DE CELULAS CLARAS, SOE;83103;RIM;C64;;;;;false;HISTOLOGIA DO TUMOR PRIMÁRIO;LOCALIZADO;;;;;;;;25/01/2017;;
1169006;RCBP PALMAS;MASCULINO;15/09/1951;65;PARDA;BRASIL;SÃO PAULO;SÃO PAULO;SEM INFORMAÇÃO;SEM INFORMAÇÃO;0;SEM INFORMAÇÃO	;TOCANTINS;PALMAS;PROSTATA, SOE;C619;ADENOCARCINOMA, SOE;81403;PROSTATA;C61;;;;;false;HISTOLOGIA DO TUMOR PRIMÁRIO;LOCALIZADO;;;;;;;;06/02/2017;;
1169008;RCBP PALMAS;MASCULINO;26/07/1957;59;AMARELA;BRASIL;TOCANTINS;PORTO NACIONAL;SEM INFORMAÇÃO;SEM INFORMAÇÃO;0;SEM INFORMAÇÃO	;TOCANTINS;PALMAS;PROSTATA, SOE;C619;ADENOCARCINOMA, SOE;81403;PROSTATA;C61;;;;;false;HISTOLOGIA DO TUMOR PRIMÁRIO;LOCALIZADO;;;;;;;;14/07/2017;;
1453331;RCBP PALMAS;MASCULINO;31/08/1959;57;BRANCO;BRASIL;TOCANTINS;GUARAÍ;SEM INFORMAÇÃO;SEM INFORMAÇÃO;0;SEM INFORMAÇÃO	;TOCANTINS;PALMAS;ESOFAGO, SOE;C159;CARCINOMA, SOE;80103;ESOFAGO, SOE;C159;;;;;false;HISTOLOGIA DA METÁSTASE;METÁSTASE;;;;;CÂNCER;19/02/2017;;02/02/2017;;
1222410;RCBP PALMAS;FEMININO;24/07/1962;55;SEM INFORMAÇÃO;BRASIL;TOCANTINS;;FUNDAMENTAL II (5ª A 8ª SÉRIE);SEM INFORMAÇÃO;0;SEM INFORMAÇÃO	;TOCANTINS;PALMAS;LINFONODOS DA CABECA, FACE E PESCOCO;C770;LINFOMA MALIGNO, TIPO NAO HODGKIN, SOE;95913;LINFOMA NAO-HODGKIN, SOE;C859;;;;;false;HISTOLOGIA DO TUMOR PRIMÁRIO;NÃO SE APLICA;;;;;;;;30/10/2017;;
1453329;RCBP PALMAS;MASCULINO;12/01/1936;81;PARDA;BRASIL;MARANHÃO;BURITI BRAVO;FUNDAMENTAL II (5ª A 8ª SÉRIE);CASADO;0;SEM INFORMAÇÃO	;TOCANTINS;PALMAS;LOCALIZACAO PRIMARIA DESCONHECIDA, SOE;C809;NEOPLASIA MALIGNA;80003;LOCALIZACAO PRIMARIA DESCONHECIDA;C80;;;;;false;SDO;METÁSTASE;;;;;CÂNCER;31/08/2017;;31/08/2017;;
1453328;RCBP PALMAS;FEMININO;26/11/1981;35;PARDA;BRASIL;TOCANTINS;ITACAJÁ;SEM INFORMAÇÃO;SEM INFORMAÇÃO;0;SEM INFORMAÇÃO	;TOCANTINS;PALMAS;LESAO SOBREPOSTA DA PELE;C448;CARCINOMA, SOE;80103;LESAO INVASIVA DA PELE;C448;;;;;false;HISTOLOGIA DO TUMOR PRIMÁRIO;LOCALIZADO;;;;;;;;18/08/2017;;
1222512;RCBP PALMAS;MASCULINO;15/07/2004;12;SEM INFORMAÇÃO;BRASIL;TOCANTINS;;FUNDAMENTAL I (1ª A 4ª SÉRIE);SEM INFORMAÇÃO;0;SEM INFORMAÇÃO	;TOCANTINS;PALMAS;LINFONODOS DA CABECA, FACE E PESCOCO;C770;LINFOMA DE HODGKIN, ESCLEROSE NODULAR, SOE;96633;ESCLEROSE NODULAR;C811;Linfomas de Hodgkin;II-A;;;false;HISTOLOGIA DO TUMOR PRIMÁRIO;NÃO SE APLICA;;;;;;;;23/03/2017;;
1222511;RCBP PALMAS;MASCULINO;16/02/1951;66;PARDA;BRASIL;TOCANTINS;;FUNDAMENTAL I (1ª A 4ª SÉRIE);SEPARADO JUDICIALMENTE;621;TRABALHADORES NA EXPLORAÇÃO AGROPECUÁRIA EM GERAL	;TOCANTINS;PALMAS;PELE DE OUTRAS PARTES DA FACE;C443;CARCINOMA BASOCELULAR, SOE;80903;PELE DE OUTRAS PARTES DA FACE;C443;;;;;false;HISTOLOGIA DO TUMOR PRIMÁRIO;SEM INFORMAÇÃO;;;;;;;;20/12/2017;;
1453330;RCBP PALMAS;MASCULINO;10/07/1960;57;PARDA;BRASIL;CEARÁ;;FUNDAMENTAL II (5ª A 8ª SÉRIE);SEPARADO JUDICIALMENTE;782;CONDUTORES DE VEÍCULOS E OPERADORES DE EQUIPAMENTOS DE ELEVAÇÃO E DE MOVIMENTAÇÃO DE CARGAS   	;TOCANTINS;PALMAS;RETO, SOE;C209;ADENOCARCINOMA, SOE;81403;RETO;C20;;;;;false;HISTOLOGIA DO TUMOR PRIMÁRIO;LOCALIZADO;;;;;;;;08/11/2017;;
1222438;RCBP PALMAS;MASCULINO;22/02/1963;53;PARDA;BRASIL;PERNAMBUCO;;SUPERIOR COMPLETO;SOLTEIRO;214;ENGENHEIROS, ARQUITETOS E AFINS   	;TOCANTINS;PALMAS;PELE DO MEMBRO SUPERIOR E DO OMBRO;C446;CARCINOMA BASOCELULAR, SOE;80903;PELE DO MEMBRO SUPERIOR E DO OMBRO;C446;;;;;false;HISTOLOGIA DO TUMOR PRIMÁRIO;LOCALIZADO;;;;;;;;10/01/2017;;
1222424;RCBP PALMAS;MASCULINO;29/07/1952;64;PARDA;BRASIL;TOCANTINS;;SEM ESCOLARIDADE;VIÚVO;0;SEM INFORMAÇÃO	;TOCANTINS;PALMAS;PAREDE LATERAL DA OROFARINGE;C102;CARCINOMA ESCAMOCELULAR, SOE;80703;PAREDE LATERAL DA OROFARINGE;C102;;;;;false;HISTOLOGIA DO TUMOR PRIMÁRIO;METÁSTASE;;;;;;;;12/05/2017;;
1222398;RCBP PALMAS;MASCULINO;16/10/1955;61;PARDA;BRASIL;BAHIA;;FUNDAMENTAL I (1ª A 4ª SÉRIE);CASADO;621;TRABALHADORES NA EXPLORAÇÃO AGROPECUÁRIA EM GERAL	;TOCANTINS;PALMAS;ANTRO GASTRICO;C163;ADENOCARCINOMA TUBULAR;82113;ANTRO PILORICO;C163;;;;;false;HISTOLOGIA DO TUMOR PRIMÁRIO;METÁSTASE;;;;;;;;17/02/2017;;
1222399;RCBP PALMAS;MASCULINO;18/02/1968;49;PARDA;BRASIL;TOCANTINS;;MÉDIO (ANTIGO SEGUNDO GRAU);UNIÃO CONSENSUAL;204;PROFISSIONAIS DE INVESTIGAÇÃO CRIMINAL	;TOCANTINS;PALMAS;TIREOIDE, SOE;C739;ADENOCARCINOMA PAPILAR, SOE;82603;GLANDULA TIREOIDE;C73;;;;;false;HISTOLOGIA DO TUMOR PRIMÁRIO;LOCALIZADO;;;;;;;;21/02/2017;;
1168938;RCBP PALMAS;MASCULINO;28/01/1968;49;AMARELA;BRASIL;GOIAS;PORANGATU;FUNDAMENTAL II (5ª A 8ª SÉRIE);SEM INFORMAÇÃO;0;SEM INFORMAÇÃO	;TOCANTINS;PALMAS;PELE DO MEMBRO INFERIOR E DO QUADRIL;C447;MELANOMA MALIGNO, SOE;87203;MELANOMA MALIGNO DO MEMBRO INFERIOR E QUADRIL;C437;;;;;false;HISTOLOGIA DO TUMOR PRIMÁRIO;SEM INFORMAÇÃO;;;;;;;;23/05/2017;;
1222418;RCBP PALMAS;FEMININO;03/11/1967;49;BRANCO;BRASIL;TOCANTINS;;SUPERIOR COMPLETO;SEPARADO JUDICIALMENTE;252;PROFISSIONAIS DE ORGANIZAÇÃO E ADMINISTRAÇÃO DE EMPRESAS E AFINS  	;TOCANTINS;PALMAS;TECIDOS MOLES DO MEMBRO SUPERIOR E OMBRO;C491;SARCOMA DE CELULAS GIGANTES;88023;TECIDOS MOLES DO MEMBRO SUPERIOR E OMBRO;C491;;;;;false;HISTOLOGIA DO TUMOR PRIMÁRIO;SEM INFORMAÇÃO;;;;;;;;27/03/2017;;
1453211;RCBP PALMAS;FEMININO;27/03/1932;84;SEM INFORMAÇÃO;BRASIL;Não informado;Não Informado;SUPERIOR COMPLETO;SEPARADO JUDICIALMENTE;0;SEM INFORMAÇÃO	;TOCANTINS;PALMAS;COLON ASCENDENTE;C182;CARCINOMA, SOE;80103;COLON ASCENDENTE;C182;;;;;false;HISTOLOGIA DO TUMOR PRIMÁRIO;LOCALIZADO;;;;;CÂNCER;16/11/2017;;08/02/2017;;
1453212;RCBP PALMAS;MASCULINO;24/02/1941;75;BRANCO;BRASIL;SÃO PAULO;SÃO PAULO;SUPERIOR COMPLETO;UNIÃO CONSENSUAL;0;SEM INFORMAÇÃO	;TOCANTINS;PALMAS;GLANDULA PAROTIDA, SOE;C079;CARCINOMA, SOE;80103;GLANDULA PAROTIDA;C07;;;;;false;HISTOLOGIA DO TUMOR PRIMÁRIO;LOCALIZADO;;;;;CÂNCER;28/09/2017;;03/02/2017;;
1453218;RCBP PALMAS;FEMININO;03/08/1949;67;SEM INFORMAÇÃO;BRASIL;MARANHÃO;PORTO FRANCO;SEM INFORMAÇÃO;SEM INFORMAÇÃO;0;SEM INFORMAÇÃO	;TOCANTINS;PALMAS;VESICULA BILIAR, SOE;C239;ADENOCARCINOMA, SOE;81403;VESICULA BILIAR;C23;;;;;false;HISTOLOGIA DO TUMOR PRIMÁRIO;LOCALIZADO;;;;;;;;22/03/2017;;
1453216;RCBP PALMAS;FEMININO;22/10/1934;83;AMARELA;BRASIL;MARANHÃO;CAROLINA;MÉDIO (ANTIGO SEGUNDO GRAU);VIÚVO;0;SEM INFORMAÇÃO	;TOCANTINS;PALMAS;TRATO INTESTINAL, SOE;C260;CARCINOMA, SOE;80103;TRATO INTESTINAL, SOE;C260;;;;;false;HISTOLOGIA DA METÁSTASE;METÁSTASE;;;;;CÂNCER;31/12/2017;;30/11/2017;;
1453226;RCBP PALMAS;MASCULINO;03/05/1950;66;BRANCO;BRASIL;PARANÁ;ROLÂNDIA;FUNDAMENTAL II (5ª A 8ª SÉRIE);CASADO;0;SEM INFORMAÇÃO	;TOCANTINS;PALMAS;PULMAO, SOE;C349;CARCINOMA, SOE;80103;BRONQUIOS OU PULMOES, SOE;C349;;;;;false;HISTOLOGIA DO TUMOR PRIMÁRIO;LOCALIZADO;;;;;CÂNCER;07/10/2017;;05/04/2017;;
1453217;RCBP PALMAS;FEMININO;17/12/1990;26;BRANCO;BRASIL;PARANÁ;NOVA AURORA;SEM INFORMAÇÃO;SOLTEIRO;0;SEM INFORMAÇÃO	;TOCANTINS;PALMAS;ENCEFALO, SOE;C719;GLIOMA MALIGNO;93803;ENCEFALO, SOE;C719;;;OUTROS GLIOMAS;3.2;false;PESQUISA;LOCALIZADO;;;;;CÂNCER;07/06/2017;;07/06/2017;;
1453213;RCBP PALMAS;MASCULINO;14/01/1963;54;AMARELA;BRASIL;TOCANTINS;PEIXE;MÉDIO (ANTIGO SEGUNDO GRAU);SEM INFORMAÇÃO;0;SEM INFORMAÇÃO	;TOCANTINS;PALMAS;CEREBRO;C710;NEOPLASIA MALIGNA;80003;CEREBRO;C710;;;;;false;SDO;METÁSTASE;;;;;CÂNCER;16/02/2017;;16/02/2017;;
1453229;RCBP PALMAS;FEMININO;11/10/1964;52;PARDA;BRASIL;PIAUÍ;;FUNDAMENTAL I (1ª A 4ª SÉRIE);VIÚVO;0;SEM INFORMAÇÃO	;TOCANTINS;PALMAS;OVARIO, SOE;C569;ADENOCARCINOMA MUCINOSO;84803;OVARIO;C56;;;;;false;HISTOLOGIA DO TUMOR PRIMÁRIO;METÁSTASE;;;;;CÂNCER;11/12/2017;;19/07/2017;;
1453227;RCBP PALMAS;MASCULINO;15/04/1946;71;PARDA;BRASIL;CEARÁ;ASSARÉ;FUNDAMENTAL II (5ª A 8ª SÉRIE);CASADO;0;SEM INFORMAÇÃO	;TOCANTINS;PALMAS;ESTOMAGO, SOE;C169;ADENOCARCINOMA, SOE;81403;ESTOMAGO, SOE;C169;;;;;false;HISTOLOGIA DO TUMOR PRIMÁRIO;METÁSTASE;;;;;CÂNCER;26/08/2017;;05/05/2017;;
1453225;RCBP PALMAS;MASCULINO;03/04/1946;71;PARDA;BRASIL;TOCANTINS;;FUNDAMENTAL I (1ª A 4ª SÉRIE);CASADO;0;SEM INFORMAÇÃO	;TOCANTINS;PALMAS;PROSTATA, SOE;C619;ADENOCARCINOMA, SOE;81403;PROSTATA;C61;;;;;false;HISTOLOGIA DO TUMOR PRIMÁRIO;LOCALIZADO;;;;;;;;06/09/2017;;
1453219;RCBP PALMAS;FEMININO;08/10/1958;59;PARDA;BRASIL;MARANHÃO;;FUNDAMENTAL I (1ª A 4ª SÉRIE);CASADO;621;TRABALHADORES NA EXPLORAÇÃO AGROPECUÁRIA EM GERAL	;TOCANTINS;PALMAS;MAMILO;C500;CARCINOMA DUCTAL INFILTRANTE;85003;MAMILO E AREOLA;C500;;;;;false;HISTOLOGIA DO TUMOR PRIMÁRIO;LOCALIZADO;;;;;;;;23/11/2017;;
1453220;RCBP PALMAS;FEMININO;08/12/1975;41;PARDA;BRASIL;CEARÁ;;FUNDAMENTAL I (1ª A 4ª SÉRIE);SOLTEIRO;0;SEM INFORMAÇÃO	;TOCANTINS;PALMAS;MAMA , SOE;C509;CARCINOMA DUCTAL INFILTRANTE;85003;MAMA , SOE;C509;;;;;false;HISTOLOGIA DO TUMOR PRIMÁRIO;LOCALIZADO;;;;;;;;28/04/2017;;
1453222;RCBP PALMAS;MASCULINO;29/11/1932;85;PARDA;BRASIL;GOIAS;;FUNDAMENTAL I (1ª A 4ª SÉRIE);SOLTEIRO;0;SEM INFORMAÇÃO	;TOCANTINS;PALMAS;BEXIGA, SOE;C679;CARCINOMA DE CELULAS TRANSICIONAIS, SOE;81203;BEXIGA, SOE;C679;;;;;false;HISTOLOGIA DO TUMOR PRIMÁRIO;LOCALIZADO;;;;;;;;01/12/2017;;
1453228;RCBP PALMAS;MASCULINO;17/09/1961;56;PARDA;BRASIL;CEARÁ;;FUNDAMENTAL I (1ª A 4ª SÉRIE);SOLTEIRO;621;TRABALHADORES NA EXPLORAÇÃO AGROPECUÁRIA EM GERAL	;TOCANTINS;PALMAS;PANCREAS, SOE;C259;CARCINOMA, SOE;80103;PANCREAS, SOE;C259;;;;;false;HISTOLOGIA DO TUMOR PRIMÁRIO;LOCALIZADO;;;;;SEM INFORMAÇÃO;25/06/2018;;25/10/2017;;
1222440;RCBP PALMAS;FEMININO;27/08/1952;64;BRANCO;BRASIL;TOCANTINS;;FUNDAMENTAL I (1ª A 4ª SÉRIE);VIÚVO;0;SEM INFORMAÇÃO	;TOCANTINS;PALMAS;ESOFAGO, SOE;C159;CARCINOMA ESCAMOCELULAR, SOE;80703;ESOFAGO, SOE;C159;;;;;false;HISTOLOGIA DO TUMOR PRIMÁRIO;SEM INFORMAÇÃO;;;;;SEM INFORMAÇÃO;11/10/2018;;26/06/2017;;
1453407;RCBP PALMAS;MASCULINO;11/09/1962;55;PARDA;BRASIL;TOCANTINS;PEDRO AFONSO;MÉDIO (ANTIGO SEGUNDO GRAU);CASADO;0;SEM INFORMAÇÃO	;TOCANTINS;PALMAS;PANCREAS, SOE;C259;CARCINOMA, SOE;80103;PANCREAS, SOE;C259;;;;;false;HISTOLOGIA DO TUMOR PRIMÁRIO;METÁSTASE;;;;;CÂNCER;20/12/2017;;27/11/2017;;
1453412;RCBP PALMAS;MASCULINO;25/09/1946;70;PRETA;BRASIL;TOCANTINS;PEDRO AFONSO;SEM INFORMAÇÃO;SEM INFORMAÇÃO;0;SEM INFORMAÇÃO	;TOCANTINS;PALMAS;INTESTINO DELGADO, SOE;C179;CARCINOMA, SOE;80103;INTESTINO DELGADO, SOE;C179;;;;;false;HISTOLOGIA DO TUMOR PRIMÁRIO;METÁSTASE;;;;;CÂNCER;07/08/2017;;19/02/2017;;
1222447;RCBP PALMAS;FEMININO;11/06/1966;50;BRANCO;BRASIL;PARÁ;;FUNDAMENTAL I (1ª A 4ª SÉRIE);CASADO;763;TRABALHADORES DA CONFECÇÃO DE ROUPAS 	;TOCANTINS;PALMAS;MAMILO;C500;CARCINOMA DUCTAL INFILTRANTE;85003;MAMILO E AREOLA;C500;;;;;false;HISTOLOGIA DO TUMOR PRIMÁRIO;METÁSTASE;;;;;;;;20/03/2017;;
1453409;RCBP PALMAS;FEMININO;02/02/1985;32;BRANCO;CUBA;Não informado;Não Informado;SEM INFORMAÇÃO;SEM INFORMAÇÃO;0;SEM INFORMAÇÃO	;TOCANTINS;PALMAS;PELE DO MEMBRO SUPERIOR E DO OMBRO;C446;CARCINOMA BASOCELULAR, SOE;80903;PELE DO MEMBRO SUPERIOR E DO OMBRO;C446;;;;;false;HISTOLOGIA DO TUMOR PRIMÁRIO;LOCALIZADO;;;;;;;;13/03/2017;;
1453410;RCBP PALMAS;MASCULINO;06/11/1946;71;PARDA;BRASIL;Não informado;Não Informado;SEM INFORMAÇÃO;SEM INFORMAÇÃO;0;SEM INFORMAÇÃO	;TOCANTINS;PALMAS;PROSTATA, SOE;C619;ADENOCARCINOMA, SOE;81403;PROSTATA;C61;;;;;false;HISTOLOGIA DO TUMOR PRIMÁRIO;LOCALIZADO;;;;;;;;07/11/2017;;
1453408;RCBP PALMAS;MASCULINO;30/05/1953;64;SEM INFORMAÇÃO;BRASIL;GOIAS;;FUNDAMENTAL I (1ª A 4ª SÉRIE);SEM INFORMAÇÃO;0;SEM INFORMAÇÃO	;TOCANTINS;PALMAS;RETO, SOE;C209;ADENOCARCINOMA, SOE;81403;RETO;C20;;;;;false;HISTOLOGIA DO TUMOR PRIMÁRIO;LOCALIZADO;;;;;;;;22/12/2017;;
1453413;RCBP PALMAS;FEMININO;23/08/1949;68;PARDA;BRASIL;TOCANTINS;;FUNDAMENTAL II (5ª A 8ª SÉRIE);CASADO;0;SEM INFORMAÇÃO	;TOCANTINS;PALMAS;CORPO DO UTERO, SOE;C549;CARCINOMA ESCAMOCELULAR, SOE;80703;CORPO DO UTERO, SOE;C549;;;;;false;HISTOLOGIA DO TUMOR PRIMÁRIO;LOCALIZADO;;;;;;;;20/11/2017;;
1222455;RCBP PALMAS;FEMININO;26/05/1962;55;PARDA;BRASIL;TOCANTINS;;FUNDAMENTAL I (1ª A 4ª SÉRIE);SOLTEIRO;0;SEM INFORMAÇÃO	;TOCANTINS;PALMAS;PELE DO TRONCO;C445;CARCINOMA BASOCELULAR, SOE;80903;PELE DO TRONCO;C445;;;;;false;HISTOLOGIA DO TUMOR PRIMÁRIO;SEM INFORMAÇÃO;;;;;;;;25/10/2017;;
1168981;RCBP PALMAS;FEMININO;07/09/1964;52;PARDA;BRASIL;MARANHÃO;PEDREIRAS;SEM INFORMAÇÃO;SEM INFORMAÇÃO;0;SEM INFORMAÇÃO	;TOCANTINS;PALMAS;COLO DO UTERO, SOE;C539;CARCINOMA ESCAMOCELULAR, SOE;80703;COLO DO UTERO, SOE;C539;;;;;false;HISTOLOGIA DO TUMOR PRIMÁRIO;SEM INFORMAÇÃO;;;;;NÃO CÂNCER;24/07/2018;;19/01/2017;;
1453422;RCBP PALMAS;MASCULINO;19/06/1971;46;PARDA;BRASIL;TOCANTINS;;FUNDAMENTAL II (5ª A 8ª SÉRIE);SOLTEIRO;621;TRABALHADORES NA EXPLORAÇÃO AGROPECUÁRIA EM GERAL	;TOCANTINS;PALMAS;PAREDE SUPERIOR DA NASOFARINGE;C110;CARCINOMA ESCAMOCELULAR CERATINIZADO, SOE;80713;PAREDE SUPERIOR DA NASOFARINGE;C110;;;;;false;HISTOLOGIA DO TUMOR PRIMÁRIO;METÁSTASE;;;;;;;;10/10/2017;;
1222484;RCBP PALMAS;FEMININO;02/10/1969;47;PRETA;BRASIL;MARANHÃO;IMPERATRIZ;FUNDAMENTAL II (5ª A 8ª SÉRIE);UNIÃO CONSENSUAL;0;SEM INFORMAÇÃO	;TOCANTINS;PALMAS;COLON TRANSVERSO;C184;ADENOCARCINOMA, SOE;81403;COLON TRANSVERSO;C184;;;;;false;HISTOLOGIA DO TUMOR PRIMÁRIO;METÁSTASE;;;;;CÂNCER;26/07/2017;;07/02/2017;;
1222507;RCBP PALMAS;MASCULINO;25/10/1944;72;PARDA;BRASIL;TOCANTINS;;FUNDAMENTAL I (1ª A 4ª SÉRIE);SOLTEIRO;621;TRABALHADORES NA EXPLORAÇÃO AGROPECUÁRIA EM GERAL	;TOCANTINS;PALMAS;GLANDULA PAROTIDA, SOE;C079;CARCINOMA EPITELIAL-MIOEPITELIAL;85623;GLANDULA PAROTIDA;C07;;;;;false;HISTOLOGIA DO TUMOR PRIMÁRIO;SEM INFORMAÇÃO;;;;;;;;06/09/2017;;
1222502;RCBP PALMAS;MASCULINO;06/12/1955;61;PARDA;BRASIL;PIAUÍ;;FUNDAMENTAL I (1ª A 4ª SÉRIE);CASADO;0;SEM INFORMAÇÃO	;TOCANTINS;PALMAS;PELE DE OUTRAS PARTES DA FACE;C443;MELANOMA MALIGNO, SOE;87203;MELANOMA MALIGNO DE OUTRAS PARTES DA FACE;C433;;;;;false;HISTOLOGIA DO TUMOR PRIMÁRIO;SEM INFORMAÇÃO;;;;;SEM INFORMAÇÃO;01/02/2017;;10/01/2017;;
1222498;RCBP PALMAS;FEMININO;18/09/1965;52;PARDA;BRASIL;GOIAS;;SEM INFORMAÇÃO;CASADO;0;SEM INFORMAÇÃO	;TOCANTINS;PALMAS;PELE DO MEMBRO SUPERIOR E DO OMBRO;C446;CARCINOMA BASOCELULAR, SOE;80903;PELE DO MEMBRO SUPERIOR E DO OMBRO;C446;;;;;false;HISTOLOGIA DO TUMOR PRIMÁRIO;SEM INFORMAÇÃO;;;;;;;;30/10/2017;;
1222497;RCBP PALMAS;MASCULINO;22/04/1950;67;PARDA;BRASIL;GOIAS;;SEM INFORMAÇÃO;CASADO;0;SEM INFORMAÇÃO	;TOCANTINS;PALMAS;PELE DO MEMBRO SUPERIOR E DO OMBRO;C446;CARCINOMA BASOCELULAR, SOE;80903;PELE DO MEMBRO SUPERIOR E DO OMBRO;C446;;;;;false;HISTOLOGIA DO TUMOR PRIMÁRIO;SEM INFORMAÇÃO;;;;;SEM INFORMAÇÃO;15/07/2018;;02/05/2017;;
1453439;RCBP PALMAS;MASCULINO;28/11/1949;67;SEM INFORMAÇÃO;BRASIL;TOCANTINS;MIRACEMA DO TOCANTINS;SEM INFORMAÇÃO;SEM INFORMAÇÃO;;;TOCANTINS;PALMAS;PANCREAS, SOE;C259;NEOPLASIA MALIGNA;80003;PANCREAS, SOE;C259;;;;;false;SDO;METÁSTASE;;;;;CÂNCER;02/11/2017;;02/11/2017;;
1453421;RCBP PALMAS;FEMININO;05/07/1925;92;PARDA;BRASIL;Não informado;Não Informado;SEM INFORMAÇÃO;VIÚVO;0;SEM INFORMAÇÃO	;TOCANTINS;PALMAS;CORPO DO UTERO, SOE;C549;CARCINOMA, SOE;80103;CORPO DO UTERO, SOE;C549;;;;;false;HISTOLOGIA DO TUMOR PRIMÁRIO;LOCALIZADO;;;;;CÂNCER;10/12/2017;;07/08/2017;;
1453426;RCBP PALMAS;MASCULINO;19/09/1959;57;PARDA;BRASIL;TOCANTINS;GOIATINS;SUPERIOR INCOMPLETO;CASADO;0;SEM INFORMAÇÃO	;TOCANTINS;PALMAS;VIA BILIAR, SOE;C249;CARCINOMA, SOE;80103;VIA BILIAR, SOE;C249;;;;;false;HISTOLOGIA DO TUMOR PRIMÁRIO;LOCALIZADO;;;;;CÂNCER;08/08/2017;;03/04/2017;;
1453442;RCBP PALMAS;MASCULINO;29/03/1948;68;SEM INFORMAÇÃO;BRASIL;PIAUÍ;;MÉDIO (ANTIGO SEGUNDO GRAU);CASADO;0;SEM INFORMAÇÃO	;TOCANTINS;PALMAS;PROSTATA, SOE;C619;ADENOCARCINOMA, SOE;81403;PROSTATA;C61;;;;;false;HISTOLOGIA DO TUMOR PRIMÁRIO;METÁSTASE;;;;;;;;27/03/2017;;
1453435;RCBP PALMAS;FEMININO;05/11/1951;65;BRANCO;BRASIL;SÃO PAULO;JAÚ;SUPERIOR COMPLETO;SEPARADO JUDICIALMENTE;0;SEM INFORMAÇÃO	;TOCANTINS;PALMAS;PELE, SOE;C449;MELANOMA MALIGNO, SOE;87203;MELANOMA MALIGNO DA PELE, SOE;C439;;;;;false;HISTOLOGIA DO TUMOR PRIMÁRIO;METÁSTASE;;;;;CÂNCER;01/05/2017;;01/02/2017;;
1453448;RCBP PALMAS;FEMININO;22/05/1970;47;PARDA;BRASIL;TOCANTINS;;FUNDAMENTAL I (1ª A 4ª SÉRIE);SOLTEIRO;0;SEM INFORMAÇÃO	;TOCANTINS;PALMAS;ENDOCERVIX;C530;NEOPLASIA INTRA-EPITELIAL ESCAMOSA,GRAU IIII;80772;COLO DO UTERO, SOE;D069;;;;;false;HISTOLOGIA DO TUMOR PRIMÁRIO;"IN SITU";;;;;;;;23/08/2017;;
1453450;RCBP PALMAS;MASCULINO;20/07/1965;51;PARDA;BRASIL;PERNAMBUCO;;MÉDIO (ANTIGO SEGUNDO GRAU);SOLTEIRO;422;TRABALHADORES DE INFORMAÇÕES AO PÚBLICO   	;TOCANTINS;PALMAS;COLON, SOE;C189;ADENOCARCINOMA, SOE;81403;COLON, SOE;C189;;;;;false;HISTOLOGIA DO TUMOR PRIMÁRIO;METÁSTASE;;;;;CÂNCER;01/03/2019;;19/07/2017;;
1453451;RCBP PALMAS;MASCULINO;19/05/1939;77;PARDA;BRASIL;PIAUÍ;;FUNDAMENTAL I (1ª A 4ª SÉRIE);CASADO;715;TRABALHADORES DA CONSTRUÇÃO CIVIL E OBRAS PÚBLICAS	;TOCANTINS;PALMAS;PROSTATA, SOE;C619;ADENOCARCINOMA, SOE;81403;PROSTATA;C61;;;;;false;HISTOLOGIA DO TUMOR PRIMÁRIO;METÁSTASE;;;;;;;;11/04/2017;;
1453446;RCBP PALMAS;MASCULINO;27/03/1953;64;PARDA;BRASIL;MARANHÃO;BERNARDO DO MEARIM;SEM INFORMAÇÃO;SEM INFORMAÇÃO;0;SEM INFORMAÇÃO	;TOCANTINS;PALMAS;RIM, SOE;C649;CARCINOMA, SOE;80103;RIM;C64;;;;;false;HISTOLOGIA DO TUMOR PRIMÁRIO;METÁSTASE;;;;;CÂNCER;06/12/2017;;08/11/2017;;
1453423;RCBP PALMAS;MASCULINO;14/01/1954;62;BRANCO;BRASIL;Não informado;Não Informado;SEM INFORMAÇÃO;SEM INFORMAÇÃO;0;SEM INFORMAÇÃO	;TOCANTINS;PALMAS;PULMAO, SOE;C349;NEOPLASIA MALIGNA;80003;BRONQUIOS OU PULMOES, SOE;C349;;;;;false;HISTOLOGIA DO TUMOR PRIMÁRIO;METÁSTASE;;;;;CÂNCER;22/02/2017;;05/01/2017;;
1453443;RCBP PALMAS;MASCULINO;24/06/1942;74;PARDA;BRASIL;TOCANTINS;TOCANTÍNIA;FUNDAMENTAL II (5ª A 8ª SÉRIE);VIÚVO;0;SEM INFORMAÇÃO	;TOCANTINS;PALMAS;PROSTATA, SOE;C619;ADENOCARCINOMA, SOE;81403;PROSTATA;C61;;;;;false;HISTOLOGIA DO TUMOR PRIMÁRIO;LOCALIZADO;;;;;CÂNCER;21/10/2017;;01/01/2017;;
1453444;RCBP PALMAS;MASCULINO;21/10/1942;75;PARDA;BRASIL;MINAS GERAIS;RAUL SOARES;FUNDAMENTAL II (5ª A 8ª SÉRIE);VIÚVO;0;SEM INFORMAÇÃO	;TOCANTINS;PALMAS;FIGADO, SOE;C220;NEOPLASIA MALIGNA;80003;FIGADO E VIAS BILIARES INTRA-HEPATICAS;C22;;;;;false;HISTOLOGIA DA METÁSTASE;METÁSTASE;;;;;CÂNCER;29/11/2017;;13/11/2017;;
1453424;RCBP PALMAS;MASCULINO;12/01/1925;92;PARDA;BRASIL;Não informado;Não Informado;FUNDAMENTAL II (5ª A 8ª SÉRIE);CASADO;0;SEM INFORMAÇÃO	;TOCANTINS;PALMAS;CABECA DO PANCREAS;C250;ADENOCARCINOMA, SOE;81403;CABECA DO PANCREAS;C250;;;;;false;HISTOLOGIA DO TUMOR PRIMÁRIO;METÁSTASE;;;;;CÂNCER;22/08/2017;;28/07/2017;;
1453425;RCBP PALMAS;FEMININO;04/03/1985;32;PARDA;BRASIL;MARANHÃO;;MÉDIO (ANTIGO SEGUNDO GRAU);CASADO;322;TÉCNICOS DA CIÊNCIA DA SAÚDE HUMANA 	;TOCANTINS;PALMAS;MAMA , SOE;C509;CARCINOMA DUCTAL INFILTRANTE;85003;MAMA , SOE;C509;;;;;false;HISTOLOGIA DO TUMOR PRIMÁRIO;LOCALIZADO;;;;;;;;21/12/2017;;
1453427;RCBP PALMAS;FEMININO;17/12/2008;8;PARDA;BRASIL;TOCANTINS;;FUNDAMENTAL I (1ª A 4ª SÉRIE);SOLTEIRO;0;SEM INFORMAÇÃO	;TOCANTINS;PALMAS;PELE DE OUTRAS PARTES DA FACE;C443;CARCINOMA, SOE;80103;PELE DE OUTRAS PARTES DA FACE;C443;Carcinoma de pele;XI-E;;;false;HISTOLOGIA DO TUMOR PRIMÁRIO;LOCALIZADO;;;;;;;;16/04/2017;;
1453438;RCBP PALMAS;FEMININO;26/05/1992;25;BRANCO;BRASIL;RONDONIA;;MÉDIO (ANTIGO SEGUNDO GRAU);SOLTEIRO;0;SEM INFORMAÇÃO	;TOCANTINS;PALMAS;OVARIO, SOE;C569;TUMOR DE SACO VITELINO;90713;OVARIO;C56;;;NEOPLASIAS TROFOBLÁSTICAS E DE CÉLULAS GERMINATIVAS DAS GÔNADAS;6.1;false;HISTOLOGIA DO TUMOR PRIMÁRIO;LOCALIZADO;;;;;;;;19/12/2017;;
1453440;RCBP PALMAS;MASCULINO;27/12/1941;75;SEM INFORMAÇÃO;BRASIL;GOIAS;;MÉDIO (ANTIGO SEGUNDO GRAU);SEM INFORMAÇÃO;0;SEM INFORMAÇÃO	;TOCANTINS;PALMAS;ANGULO HEPATICO DO COLON;C183;ADENOCARCINOMA, SOE;81403;FLEXURA HEPATICA DO COLON;C183;;;;;false;HISTOLOGIA DO TUMOR PRIMÁRIO;LOCALIZADO;;;;;;;;16/09/2017;;
1453449;RCBP PALMAS;MASCULINO;31/10/1957;59;PARDA;BRASIL;MARANHÃO;;FUNDAMENTAL II (5ª A 8ª SÉRIE);CASADO;715;TRABALHADORES DA CONSTRUÇÃO CIVIL E OBRAS PÚBLICAS	;TOCANTINS;PALMAS;PROSTATA, SOE;C619;ADENOCARCINOMA, SOE;81403;PROSTATA;C61;;;;;false;HISTOLOGIA DO TUMOR PRIMÁRIO;LOCALIZADO;;;;;;;;28/09/2017;;
1454921;RCBP PALMAS;FEMININO;27/05/1948;68;BRANCO;BRASIL;SANTA CATARINA;JOAÇABA;SEM INFORMAÇÃO;SEM INFORMAÇÃO;0;SEM INFORMAÇÃO	;TOCANTINS;PALMAS;MAMA , SOE;C509;CARCINOMA, SOE;80103;MAMA , SOE;C509;;;;;false;HISTOLOGIA DO TUMOR PRIMÁRIO;METÁSTASE;;;;;CÂNCER;21/01/2017;;21/01/2017;;
1454922;RCBP PALMAS;FEMININO;21/06/1936;81;PARDA;BRASIL;Não informado;Não Informado;SEM ESCOLARIDADE;VIÚVO;;;TOCANTINS;PALMAS;MAMA , SOE;C509;CARCINOMA, SOE;80103;MAMA , SOE;C509;;;;;false;HISTOLOGIA DO TUMOR PRIMÁRIO;METÁSTASE;;;;;CÂNCER;07/11/2017;;07/11/2017;;
1454946;RCBP PALMAS;FEMININO;29/10/1953;63;PARDA;BRASIL;Não informado;Não Informado;SUPERIOR INCOMPLETO;CASADO;0;SEM INFORMAÇÃO	;TOCANTINS;PALMAS;LESAO SOBREPOSTA DA PELE;C448;CARCINOMA, SOE;80103;LESAO INVASIVA DA PELE;C448;;;;;false;HISTOLOGIA DO TUMOR PRIMÁRIO;METÁSTASE;;;;;CÂNCER;25/05/2017;;25/05/2017;;
1454927;RCBP PALMAS;MASCULINO;15/01/1965;51;PARDA;BRASIL;TOCANTINS;PORTO NACIONAL;SUPERIOR INCOMPLETO;SOLTEIRO;0;SEM INFORMAÇÃO	;TOCANTINS;PALMAS;OROFARINGE, SOE;C109;CARCINOMA, SOE;80103;OROFARINGE, SOE;C109;;;;;false;HISTOLOGIA DO TUMOR PRIMÁRIO;METÁSTASE;;;;;CÂNCER;19/04/2017;;01/01/2017;;
1454920;RCBP PALMAS;FEMININO;29/06/1971;45;PARDA;BRASIL;TOCANTINS;;MÉDIO (ANTIGO SEGUNDO GRAU);UNIÃO CONSENSUAL;0;SEM INFORMAÇÃO	;TOCANTINS;PALMAS;MAMA , SOE;C509;CARCINOMA DUCTAL INFILTRANTE;85003;MAMA , SOE;C509;;;;;false;HISTOLOGIA DO TUMOR PRIMÁRIO;LOCALIZADO;;;;;;;;01/01/2017;;
1454923;RCBP PALMAS;MASCULINO;10/03/1948;69;PARDA;BRASIL;TOCANTINS;;SEM ESCOLARIDADE;SOLTEIRO;621;TRABALHADORES NA EXPLORAÇÃO AGROPECUÁRIA EM GERAL	;TOCANTINS;PALMAS;PROSTATA, SOE;C619;ADENOCARCINOMA, SOE;81403;PROSTATA;C61;;;;;false;HISTOLOGIA DO TUMOR PRIMÁRIO;METÁSTASE;;;;;;;;19/05/2017;;
1454925;RCBP PALMAS;MASCULINO;24/07/1963;53;SEM INFORMAÇÃO;BRASIL;MARANHÃO;ALTO PARNAÍBA;MÉDIO (ANTIGO SEGUNDO GRAU);SEM INFORMAÇÃO;0;SEM INFORMAÇÃO	;TOCANTINS;PALMAS;PELE, SOE;C449;CARCINOMA BASOCELULAR, SOE;80903;NEOPLASIA MALIGNA DA PELE;C449;;;;;false;HISTOLOGIA DO TUMOR PRIMÁRIO;LOCALIZADO;;;;;;;;07/03/2017;;
1454928;RCBP PALMAS;FEMININO;21/12/1979;38;PARDA;BRASIL;TOCANTINS;;FUNDAMENTAL I (1ª A 4ª SÉRIE);SEM INFORMAÇÃO;0;SEM INFORMAÇÃO	;TOCANTINS;PALMAS;ENDOCERVIX;C530;NEOPLASIA INTRA-EPITELIAL ESCAMOSA,GRAU IIII;80772;COLO DO UTERO, SOE;D069;;;;;false;HISTOLOGIA DO TUMOR PRIMÁRIO;"IN SITU";;;;;;;;21/12/2017;;
1454941;RCBP PALMAS;FEMININO;09/05/1963;53;PARDA;BRASIL;MARANHÃO;;FUNDAMENTAL I (1ª A 4ª SÉRIE);CASADO;0;SEM INFORMAÇÃO	;TOCANTINS;PALMAS;COLO DO UTERO, SOE;C539;CARCINOMA ESCAMOSO MICRO-INVASOR;80763;COLO DO UTERO, SOE;C539;;;;;false;HISTOLOGIA DO TUMOR PRIMÁRIO;METÁSTASE;;;;;CÂNCER;28/10/2017;;07/03/2017;;
1454943;RCBP PALMAS;FEMININO;12/02/1959;58;PARDA;BRASIL;GOIAS;;FUNDAMENTAL I (1ª A 4ª SÉRIE);CASADO;0;SEM INFORMAÇÃO	;TOCANTINS;PALMAS;MAMILO;C500;CARCINOMA DUCTAL INFILTRANTE;85003;MAMILO E AREOLA;C500;;;;;false;HISTOLOGIA DO TUMOR PRIMÁRIO;METÁSTASE;;;;;;;;06/11/2017;;
1454916;RCBP PALMAS;FEMININO;13/03/1952;65;PARDA;Não informado;Não informado;Não Informado;SEM INFORMAÇÃO;SOLTEIRO;0;SEM INFORMAÇÃO	;TOCANTINS;PALMAS;COLON, SOE;C189;ADENOCARCINOMA, SOE;81403;COLON, SOE;C189;;;;;false;HISTOLOGIA DO TUMOR PRIMÁRIO;LOCALIZADO;;;;;;;;28/06/2017;;
1454917;RCBP PALMAS;MASCULINO;09/11/1965;52;SEM INFORMAÇÃO;BRASIL;GOIAS;;SUPERIOR COMPLETO;SEM INFORMAÇÃO;0;SEM INFORMAÇÃO	;TOCANTINS;PALMAS;TIREOIDE, SOE;C739;ADENOCARCINOMA PAPILAR, SOE;82603;GLANDULA TIREOIDE;C73;;;;;false;HISTOLOGIA DO TUMOR PRIMÁRIO;LOCALIZADO;;;;;;;;01/12/2017;;
1454919;RCBP PALMAS;MASCULINO;27/08/1974;43;PARDA;BRASIL;TOCANTINS;;FUNDAMENTAL I (1ª A 4ª SÉRIE);CASADO;141;GERENTES DE PRODUÇÃO E OPERAÇÕES  	;TOCANTINS;PALMAS;CAVIDADE NASAL;C300;CARCINOMA ADENOIDE CISTICO;82003;CAVIDADE NASAL;C300;;;;;false;HISTOLOGIA DO TUMOR PRIMÁRIO;LOCALIZADO;;;;;;;;15/12/2017;;
1454926;RCBP PALMAS;MASCULINO;30/01/1960;57;SEM INFORMAÇÃO;BRASIL;RIO GRANDE DO NORTE;;MÉDIO (ANTIGO SEGUNDO GRAU);SEM INFORMAÇÃO;0;SEM INFORMAÇÃO	;TOCANTINS;PALMAS;PROSTATA, SOE;C619;CARCINOMA DE CELULAS ACINOSAS;85503;PROSTATA;C61;;;;;false;HISTOLOGIA DO TUMOR PRIMÁRIO;LOCALIZADO;;;;;;;;14/12/2017;;
1454929;RCBP PALMAS;FEMININO;02/02/1981;36;SEM INFORMAÇÃO;BRASIL;TOCANTINS;;FUNDAMENTAL II (5ª A 8ª SÉRIE);SEM INFORMAÇÃO;0;SEM INFORMAÇÃO	;TOCANTINS;PALMAS;COLO DO UTERO, SOE;C539;CARCINOMA ESCAMOCELULAR, SOE;80703;COLO DO UTERO, SOE;C539;;;;;false;HISTOLOGIA DO TUMOR PRIMÁRIO;LOCALIZADO;;;;;;;;12/05/2017;;
1454988;RCBP PALMAS;FEMININO;13/05/1959;58;PARDA;BRASIL;GOIAS;;SEM INFORMAÇÃO;SEPARADO JUDICIALMENTE;514;TRABALHADORES NOS SERVIÇOS DE ADMINISTRAÇÃO, CONSERVAÇÃO E MANUTENÇÃO DE EDIFÍCIOS E LOGRADOUROS  	;TOCANTINS;PALMAS;MAMA , SOE;C509;CARCINOMA DUCTAL INFILTRANTE;85003;MAMA , SOE;C509;;;;;false;HISTOLOGIA DO TUMOR PRIMÁRIO;METÁSTASE;;;;;;;;30/05/2017;;
1454990;RCBP PALMAS;FEMININO;07/04/1942;75;PARDA;BRASIL;MARANHÃO;;FUNDAMENTAL I (1ª A 4ª SÉRIE);VIÚVO;0;SEM INFORMAÇÃO	;TOCANTINS;PALMAS;PULMAO, SOE;C349;CARCINOMA ESCAMOCELULAR, SOE;80703;BRONQUIOS OU PULMOES, SOE;C349;;;;;false;HISTOLOGIA DO TUMOR PRIMÁRIO;SEM INFORMAÇÃO;;;;;;;;04/08/2017;;
1454991;RCBP PALMAS;FEMININO;10/11/1927;90;PARDA;BRASIL;PIAUÍ;;FUNDAMENTAL II (5ª A 8ª SÉRIE);VIÚVO;0;SEM INFORMAÇÃO	;TOCANTINS;PALMAS;COLO DO UTERO, SOE;C539;CARCINOMA ESCAMOSO MICRO-INVASOR;80763;COLO DO UTERO, SOE;C539;;;;;false;HISTOLOGIA DO TUMOR PRIMÁRIO;METÁSTASE;;;;;;;;11/12/2017;;
1455018;RCBP PALMAS;MASCULINO;29/06/1932;84;PARDA;BRASIL;Não informado;Não Informado;SEM ESCOLARIDADE;UNIÃO CONSENSUAL;0;SEM INFORMAÇÃO	;TOCANTINS;PALMAS;PROSTATA, SOE;C619;ADENOCARCINOMA, SOE;81403;PROSTATA;C61;;;;;false;HISTOLOGIA DO TUMOR PRIMÁRIO;METÁSTASE;;;;;CÂNCER;25/03/2017;;15/02/2017;;
1454989;RCBP PALMAS;FEMININO;03/09/1943;73;PARDA;BRASIL;BAHIA;;FUNDAMENTAL I (1ª A 4ª SÉRIE);CASADO;611;PRODUTORES AGROPECUÁRIOS EM GERAL 	;TOCANTINS;PALMAS;COLON SIGMOIDE;C187;ADENOCARCINOMA, SOE;81403;COLON SIGMOIDE;C187;;;;;false;HISTOLOGIA DO TUMOR PRIMÁRIO;LOCALIZADO;;;;;CÂNCER;13/10/2017;;16/08/2017;;
1454993;RCBP PALMAS;FEMININO;14/10/1977;39;PARDA;BRASIL;TOCANTINS;;FUNDAMENTAL II (5ª A 8ª SÉRIE);SOLTEIRO;0;SEM INFORMAÇÃO	;TOCANTINS;PALMAS;ENDOCERVIX;C530;CARCINOMA ESCAMOCELULAR, SOE;80703;ENDOCERVIX;C530;;;;;false;HISTOLOGIA DO TUMOR PRIMÁRIO;LOCALIZADO;;;;;CÂNCER;25/03/2018;;24/02/2017;;
1455098;RCBP PALMAS;MASCULINO;03/02/1961;56;BRANCO;BRASIL;TOCANTINS;PALMAS;SEM INFORMAÇÃO;SEM INFORMAÇÃO;0;SEM INFORMAÇÃO	;TOCANTINS;PALMAS;PELE, SOE;C449;CARCINOMA BASOCELULAR, SOE;80903;NEOPLASIA MALIGNA DA PELE;C449;;;;;false;HISTOLOGIA DO TUMOR PRIMÁRIO;LOCALIZADO;;;;;;;;19/10/2017;;
1455099;RCBP PALMAS;FEMININO;14/12/1974;42;BRANCO;BRASIL;TOCANTINS;ARAGUAÇU;SEM INFORMAÇÃO;SEM INFORMAÇÃO;0;SEM INFORMAÇÃO	;TOCANTINS;PALMAS;VAGINA, SOE;C529;ADENOCARCINOMA, SOE;81403;VAGINA;C52;;;;;false;HISTOLOGIA DO TUMOR PRIMÁRIO;LOCALIZADO;;;;;;;;08/11/2017;;
1455088;RCBP PALMAS;FEMININO;05/05/1989;28;PARDA;BRASIL;PARÁ;;MÉDIO (ANTIGO SEGUNDO GRAU);CASADO;0;SEM INFORMAÇÃO	;TOCANTINS;PALMAS;MAMA , SOE;C509;CARCINOMA DUCTAL INFILTRANTE;85003;MAMA , SOE;C509;;;CARCINOMA DE MAMA;8.4;false;HISTOLOGIA DO TUMOR PRIMÁRIO;LOCALIZADO;;;;;CÂNCER;26/06/2019;;29/12/2017;;
1455095;RCBP PALMAS;FEMININO;02/10/1977;39;PARDA;BRASIL;TOCANTINS;;SUPERIOR INCOMPLETO;SOLTEIRO;0;SEM INFORMAÇÃO	;TOCANTINS;PALMAS;COLO DO UTERO, SOE;C539;CARCINOMA ESCAMOCELULAR, SOE;80703;COLO DO UTERO, SOE;C539;;;;;false;HISTOLOGIA DO TUMOR PRIMÁRIO;LOCALIZADO;;;;;;;;28/02/2017;;
1455096;RCBP PALMAS;FEMININO;11/01/1975;42;PARDA;BRASIL;TOCANTINS;;FUNDAMENTAL I (1ª A 4ª SÉRIE);SOLTEIRO;0;SEM INFORMAÇÃO	;TOCANTINS;PALMAS;COLO DO UTERO, SOE;C539;CARCINOMA ESCAMOCELULAR, SOE;80703;COLO DO UTERO, SOE;C539;;;;;false;HISTOLOGIA DO TUMOR PRIMÁRIO;LOCALIZADO;;;;;;;;20/11/2017;;
1169019;RCBP PALMAS;MASCULINO;21/11/1987;29;SEM INFORMAÇÃO;BRASIL;Não informado;Não Informado;SEM INFORMAÇÃO;SEM INFORMAÇÃO;0;SEM INFORMAÇÃO	;TOCANTINS;PALMAS;PELE DO COURO CABELUDO E DO PESCOCO;C444;CARCINOMA ESCAMOCELULAR, SOE;80703;PELE DO COURO CABELUDO E DO PESCOCO;C444;;;CARCINOMA DE PELE;7.2;false;HISTOLOGIA DO TUMOR PRIMÁRIO;SEM INFORMAÇÃO;;;;;;;;27/10/2017;;
1454951;RCBP PALMAS;FEMININO;03/04/1941;76;BRANCO;BRASIL;Não informado;Não Informado;SEM INFORMAÇÃO;SEM INFORMAÇÃO;0;SEM INFORMAÇÃO	;TOCANTINS;PALMAS;MEDIASTINO, SOE;C383;NEOPLASIA MALIGNA;80003;MEDIASTINO, PORCAO NAO ESPECIFICADA;C383;;;;;false;SDO;METÁSTASE;;;;;CÂNCER;25/07/2017;;25/07/2017;;
1454966;RCBP PALMAS;FEMININO;03/09/1953;64;PARDA;BRASIL;GOIAS;;FUNDAMENTAL I (1ª A 4ª SÉRIE);CASADO;0;SEM INFORMAÇÃO	;TOCANTINS;PALMAS;MAMA , SOE;C509;CARCINOMA DUCTAL INFILTRANTE;85003;MAMA , SOE;C509;;;;;false;HISTOLOGIA DO TUMOR PRIMÁRIO;METÁSTASE;;;;;;;;12/12/2017;;
1454967;RCBP PALMAS;FEMININO;27/04/1967;50;AMARELA;BRASIL;MARANHÃO;ARAIÓSES;MÉDIO (ANTIGO SEGUNDO GRAU);SEPARADO JUDICIALMENTE;0;SEM INFORMAÇÃO	;TOCANTINS;PALMAS;PELE DO COURO CABELUDO E DO PESCOCO;C444;CARCINOMA BASOCELULAR, SOE;80903;PELE DO COURO CABELUDO E DO PESCOCO;C444;;;;;false;HISTOLOGIA DO TUMOR PRIMÁRIO;LOCALIZADO;;;;;;;;29/12/2017;;
1454968;RCBP PALMAS;FEMININO;20/12/1953;63;PARDA;BRASIL;CEARÁ;;FUNDAMENTAL I (1ª A 4ª SÉRIE);VIÚVO;0;SEM INFORMAÇÃO	;TOCANTINS;PALMAS;PULMAO, SOE;C349;NEOPLASIA MALIGNA;80003;BRONQUIOS OU PULMOES, SOE;C349;;;;;false;HISTOLOGIA DO TUMOR PRIMÁRIO;SEM INFORMAÇÃO;;;;;CÂNCER;09/12/2017;;23/10/2017;;
1455087;RCBP PALMAS;FEMININO;21/07/1935;82;PARDA;BRASIL;GOIAS;;SEM INFORMAÇÃO;SOLTEIRO;0;SEM INFORMAÇÃO	;TOCANTINS;PALMAS;OUVIDO EXTERNO;C442;CARCINOMA BASOCELULAR, SOE;80903;PELE DA ORELHA E CONDUTO AUDITIVO EXTERNO;C442;;;;;false;HISTOLOGIA DO TUMOR PRIMÁRIO;LOCALIZADO;;;;;;;;08/08/2017;;
1455084;RCBP PALMAS;MASCULINO;10/05/1961;56;SEM INFORMAÇÃO;BRASIL;MARANHÃO;;SUPERIOR COMPLETO;SEM INFORMAÇÃO;0;SEM INFORMAÇÃO	;TOCANTINS;PALMAS;ESTOMAGO, SOE;C169;ADENOCARCINOMA, SOE;81403;ESTOMAGO, SOE;C169;;;;;false;HISTOLOGIA DO TUMOR PRIMÁRIO;METÁSTASE;;;;;SEM INFORMAÇÃO;21/09/2018;;23/08/2017;;
1455086;RCBP PALMAS;MASCULINO;02/11/1985;32;PARDA;BRASIL;PARÁ;MARABÁ;SEM INFORMAÇÃO;SEM INFORMAÇÃO;0;SEM INFORMAÇÃO	;TOCANTINS;PALMAS;PELE, SOE;C449;CARCINOMA BASOCELULAR, SOE;80903;NEOPLASIA MALIGNA DA PELE;C449;;;;;false;HISTOLOGIA DO TUMOR PRIMÁRIO;LOCALIZADO;;;;;;;;14/12/2017;;
1455089;RCBP PALMAS;FEMININO;08/05/1987;30;PARDA;BRASIL;CEARÁ;;FUNDAMENTAL I (1ª A 4ª SÉRIE);SOLTEIRO;514;TRABALHADORES NOS SERVIÇOS DE ADMINISTRAÇÃO, CONSERVAÇÃO E MANUTENÇÃO DE EDIFÍCIOS E LOGRADOUROS  	;TOCANTINS;PALMAS;COLO DO UTERO, SOE;C539;NEOPLASIA INTRA-EPITELIAL ESCAMOSA,GRAU IIII;80772;COLO DO UTERO, SOE;D069;;;;;false;HISTOLOGIA DO TUMOR PRIMÁRIO;"IN SITU";;;;;;;;14/07/2017;;
1455090;RCBP PALMAS;FEMININO;03/05/1936;81;PARDA;BRASIL;PARÁ;;FUNDAMENTAL I (1ª A 4ª SÉRIE);VIÚVO;0;SEM INFORMAÇÃO	;TOCANTINS;PALMAS;PULMAO, SOE;C349;CARCINOMA DE CELULAS PEQUENAS, SOE;80413;BRONQUIOS OU PULMOES, SOE;C349;;;;;false;HISTOLOGIA DO TUMOR PRIMÁRIO;METÁSTASE;;;;;CÂNCER;18/10/2017;;26/06/2017;;
1455094;RCBP PALMAS;FEMININO;20/04/1968;49;PARDA;BRASIL;TOCANTINS;;SUPERIOR COMPLETO;SEPARADO JUDICIALMENTE;239;OUTROS PROFISSIONAIS DO ENSINO NÃO CLASSIFICADOS ANTERIORMENTE	;TOCANTINS;PALMAS;QUADRANTE SUPERIOR EXTERNO DA MAMA;C504;CARCINOMA DUCTAL INFILTRANTE;85003;QUADRANTE SUPERIOR EXTERNO DA MAMA;C504;;;;;false;HISTOLOGIA DO TUMOR PRIMÁRIO;METÁSTASE;;;;;;;;13/10/2017;;
1169840;RCBP PALMAS;FEMININO;29/05/1948;69;AMARELA;BRASIL;TOCANTINS;MIRACEMA DO TOCANTINS;MÉDIO (ANTIGO SEGUNDO GRAU);VIÚVO;763;TRABALHADORES DA CONFECÇÃO DE ROUPAS 	;TOCANTINS;PALMAS;RETO, SOE;C209;ADENOCARCINOMA, SOE;81403;RETO;C20;;;;;false;HISTOLOGIA DO TUMOR PRIMÁRIO;SEM INFORMAÇÃO;;;;;;;;25/09/2017;;
1455100;RCBP PALMAS;MASCULINO;02/05/1959;58;PARDA;BRASIL;MARANHÃO;;FUNDAMENTAL I (1ª A 4ª SÉRIE);SOLTEIRO;715;TRABALHADORES DA CONSTRUÇÃO CIVIL E OBRAS PÚBLICAS	;TOCANTINS;PALMAS;PULMAO, SOE;C349;CARCINOMA, SOE;80103;BRONQUIOS OU PULMOES, SOE;C349;;;;;false;HISTOLOGIA DO TUMOR PRIMÁRIO;SEM INFORMAÇÃO;;;;;CÂNCER;05/12/2018;;29/05/2017;;
1455103;RCBP PALMAS;MASCULINO;27/02/1956;61;PARDA;BRASIL;SÃO PAULO;;MÉDIO (ANTIGO SEGUNDO GRAU);CASADO;524;VENDEDORES A DOMICÍLIO, AMBULANTES E EM BANCAS	;TOCANTINS;PALMAS;MEDULA OSSEA;C421;LINFOMA MALIGNO, TIPO NAO HODGKIN, SOE;95913;LINFOMA NAO-HODGKIN, SOE;C859;;;;;false;HISTOLOGIA DO TUMOR PRIMÁRIO;NÃO SE APLICA;;;;;;;;20/12/2017;;
1455112;RCBP PALMAS;FEMININO;06/03/1977;40;PARDA;BRASIL;MARANHÃO;GOVERNADOR EUGÊNIO BARROS;SEM INFORMAÇÃO;CASADO;524;VENDEDORES A DOMICÍLIO, AMBULANTES E EM BANCAS	;TOCANTINS;PALMAS;COLO DO UTERO, SOE;C539;CARCINOMA ESCAMOCELULAR, SOE;80703;COLO DO UTERO, SOE;C539;;;;;false;HISTOLOGIA DO TUMOR PRIMÁRIO;LOCALIZADO;;;;;;;;07/04/2017;;
1455091;RCBP PALMAS;MASCULINO;17/02/1926;91;PARDA;BRASIL;TOCANTINS;;FUNDAMENTAL I (1ª A 4ª SÉRIE);VIÚVO;0;SEM INFORMAÇÃO	;TOCANTINS;PALMAS;PELE DO TRONCO;C445;CARCINOMA ESCAMOCELULAR, SOE;80703;PELE DO TRONCO;C445;;;;;false;HISTOLOGIA DO TUMOR PRIMÁRIO;LOCALIZADO;;;;;;;;17/10/2017;;
1455092;RCBP PALMAS;MASCULINO;10/02/1940;77;PARDA;BRASIL;GOIAS;;SEM ESCOLARIDADE;CASADO;0;SEM INFORMAÇÃO	;TOCANTINS;PALMAS;PROSTATA, SOE;C619;ADENOCARCINOMA, SOE;81403;PROSTATA;C61;;;;;false;HISTOLOGIA DO TUMOR PRIMÁRIO;LOCALIZADO;;;;;;;;27/07/2017;;
1455093;RCBP PALMAS;FEMININO;13/09/1957;59;BRANCO;BRASIL;GOIAS;;SEM INFORMAÇÃO;SOLTEIRO;0;SEM INFORMAÇÃO	;TOCANTINS;PALMAS;PELE DO MEMBRO SUPERIOR E DO OMBRO;C446;CARCINOMA ESCAMOCELULAR, SOE;80703;PELE DO MEMBRO SUPERIOR E DO OMBRO;C446;;;;;false;HISTOLOGIA DO TUMOR PRIMÁRIO;LOCALIZADO;;;;;;;;13/02/2017;;
1455101;RCBP PALMAS;MASCULINO;16/06/1938;79;PARDA;BRASIL;BAHIA;;FUNDAMENTAL II (5ª A 8ª SÉRIE);SEPARADO JUDICIALMENTE;0;SEM INFORMAÇÃO	;TOCANTINS;PALMAS;PROSTATA, SOE;C619;ADENOCARCINOMA, SOE;81403;PROSTATA;C61;;;;;false;HISTOLOGIA DO TUMOR PRIMÁRIO;LOCALIZADO;;;;;;;;20/07/2017;;
1454930;RCBP PALMAS;MASCULINO;21/03/1947;70;BRANCO;BRASIL;PARAÍBA;JOÃO PESSOA;SEM INFORMAÇÃO;SEM INFORMAÇÃO;0;SEM INFORMAÇÃO	;TOCANTINS;PALMAS;PELE DO COURO CABELUDO E DO PESCOCO;C444;CARCINOMA BASOCELULAR, SOE;80903;PELE DO COURO CABELUDO E DO PESCOCO;C444;;;;;false;HISTOLOGIA DO TUMOR PRIMÁRIO;LOCALIZADO;;;;;;;;17/10/2017;;
1454931;RCBP PALMAS;FEMININO;16/02/1980;37;PARDA;BRASIL;MARANHÃO;;FUNDAMENTAL II (5ª A 8ª SÉRIE);UNIÃO CONSENSUAL;524;VENDEDORES A DOMICÍLIO, AMBULANTES E EM BANCAS	;TOCANTINS;PALMAS;COLO DO UTERO, SOE;C539;CARCINOMA ESCAMOCELULAR, SOE;80703;COLO DO UTERO, SOE;C539;;;;;false;HISTOLOGIA DO TUMOR PRIMÁRIO;LOCALIZADO;;;;;;;;07/12/2017;;
1454938;RCBP PALMAS;FEMININO;08/02/1958;59;BRANCO;BRASIL;MARANHÃO;PORTO FRANCO;FUNDAMENTAL II (5ª A 8ª SÉRIE);CASADO;;;TOCANTINS;PALMAS;COLO DO UTERO, SOE;C539;CARCINOMA, SOE;80103;COLO DO UTERO, SOE;C539;;;;;false;HISTOLOGIA DO TUMOR PRIMÁRIO;LOCALIZADO;;;;;CÂNCER;08/06/2017;;08/06/2017;;
1454940;RCBP PALMAS;FEMININO;08/12/1976;40;PARDA;BRASIL;TOCANTINS;LIZARDA;SUPERIOR COMPLETO;CASADO;0;SEM INFORMAÇÃO	;TOCANTINS;PALMAS;COLO DO UTERO, SOE;C539;CARCINOMA, SOE;80103;COLO DO UTERO, SOE;C539;;;;;false;HISTOLOGIA DO TUMOR PRIMÁRIO;METÁSTASE;;;;;CÂNCER;22/10/2017;;22/10/2017;;
1454934;RCBP PALMAS;FEMININO;25/11/1973;43;PARDA;BRASIL;MARANHÃO;PEDREIRAS;SEM INFORMAÇÃO;SEM INFORMAÇÃO;0;SEM INFORMAÇÃO	;TOCANTINS;PALMAS;RETO, SOE;C209;TUMOR CARCINOIDE, SOE;82403;RETO;C20;;;;;false;HISTOLOGIA DO TUMOR PRIMÁRIO;LOCALIZADO;;;;;;;;27/04/2017;;
1454935;RCBP PALMAS;FEMININO;07/08/1964;53;PARDA;BRASIL;SÃO PAULO;;FUNDAMENTAL I (1ª A 4ª SÉRIE);CASADO;0;SEM INFORMAÇÃO	;TOCANTINS;PALMAS;COLON, SOE;C189;ADENOCARCINOMA, SOE;81403;COLON, SOE;C189;;;;;false;HISTOLOGIA DO TUMOR PRIMÁRIO;METÁSTASE;;;;;;;;12/09/2017;;
1454972;RCBP PALMAS;FEMININO;29/11/1946;71;BRANCO;BRASIL;GOIAS;CORUMBAÍBA;FUNDAMENTAL II (5ª A 8ª SÉRIE);SEM INFORMAÇÃO;0;SEM INFORMAÇÃO	;TOCANTINS;PALMAS;OUVIDO EXTERNO;C442;CARCINOMA BASOCELULAR, SOE;80903;PELE DA ORELHA E CONDUTO AUDITIVO EXTERNO;C442;;;;;false;HISTOLOGIA DO TUMOR PRIMÁRIO;LOCALIZADO;;;;;;;;19/12/2017;;
1454937;RCBP PALMAS;FEMININO;26/06/1950;67;PARDA;BRASIL;PARÁ;;FUNDAMENTAL I (1ª A 4ª SÉRIE);VIÚVO;621;TRABALHADORES NA EXPLORAÇÃO AGROPECUÁRIA EM GERAL	;TOCANTINS;PALMAS;RIM, SOE;C649;CARCINOMA DE CELULAS RENAIS, SOE;83123;RIM;C64;;;;;false;HISTOLOGIA DO TUMOR PRIMÁRIO;LOCALIZADO;;;;;;;;15/07/2017;;
1454995;RCBP PALMAS;FEMININO;18/04/1948;69;BRANCO;BRASIL;Não informado;Não Informado;SUPERIOR COMPLETO;CASADO;0;SEM INFORMAÇÃO	;TOCANTINS;PALMAS;LESAO SOBREPOSTA DA MAMA;C508;CARCINOMA, SOE;80103;LESAO INVASIVA DA MAMA;C508;;;;;false;HISTOLOGIA DO TUMOR PRIMÁRIO;METÁSTASE;;;;;CÂNCER;27/05/2017;;27/05/2017;;
1454969;RCBP PALMAS;FEMININO;11/03/1972;45;PARDA;BRASIL;TOCANTINS;MIRACEMA DO TOCANTINS;SEM INFORMAÇÃO;SEM INFORMAÇÃO;0;SEM INFORMAÇÃO	;TOCANTINS;PALMAS;PELE, SOE;C449;CARCINOMA BASOCELULAR, SOE;80903;NEOPLASIA MALIGNA DA PELE;C449;;;;;false;HISTOLOGIA DO TUMOR PRIMÁRIO;LOCALIZADO;;;;;;;;21/09/2017;;
1454970;RCBP PALMAS;FEMININO;31/05/1975;41;PARDA;BRASIL;TOCANTINS;;SUPERIOR COMPLETO;CASADO;221;BIÓLOGOS E AFINS  	;TOCANTINS;PALMAS;MEDULA OSSEA;C421;TROMBOCITEMIA ESSENCIAL;99623;LEUCEMIA DE TIPO CELULAR, SOE;C95;;;;;false;HISTOLOGIA DO TUMOR PRIMÁRIO;NÃO SE APLICA;;;;;;;;30/05/2017;;
1454971;RCBP PALMAS;MASCULINO;01/08/1951;66;PARDA;BRASIL;GOIAS;;SEM ESCOLARIDADE;SOLTEIRO;0;SEM INFORMAÇÃO	;TOCANTINS;PALMAS;PROSTATA, SOE;C619;ADENOCARCINOMA, SOE;81403;PROSTATA;C61;;;;;false;HISTOLOGIA DO TUMOR PRIMÁRIO;LOCALIZADO;;;;;;;;14/12/2017;;
1454974;RCBP PALMAS;FEMININO;21/05/1962;55;BRANCO;BRASIL;GOIAS;MOSSÂMEDES;SEM INFORMAÇÃO;SEM INFORMAÇÃO;0;SEM INFORMAÇÃO	;TOCANTINS;PALMAS;PELE DO COURO CABELUDO E DO PESCOCO;C444;CARCINOMA BASOCELULAR, SOE;80903;PELE DO COURO CABELUDO E DO PESCOCO;C444;;;;;false;HISTOLOGIA DO TUMOR PRIMÁRIO;LOCALIZADO;;;;;;;;01/06/2017;;
1454980;RCBP PALMAS;MASCULINO;08/05/1952;64;BRANCO;BRASIL;Não informado;Não Informado;SEM INFORMAÇÃO;CASADO;0;SEM INFORMAÇÃO	;TOCANTINS;PALMAS;PANCREAS, SOE;C259;CARCINOMA, SOE;80103;PANCREAS, SOE;C259;;;;;false;HISTOLOGIA DO TUMOR PRIMÁRIO;LOCALIZADO;;;;;CÂNCER;06/12/2017;;19/02/2017;;
1454976;RCBP PALMAS;MASCULINO;06/01/1999;18;SEM INFORMAÇÃO;BRASIL;TOCANTINS;;FUNDAMENTAL I (1ª A 4ª SÉRIE);SOLTEIRO;0;SEM INFORMAÇÃO	;TOCANTINS;PALMAS;MEDULA OSSEA;C421;LEUCEMIA LINFOIDE, SOE;98203;LEUCEMIA LINFOIDE, SOE;C919;Leucemias linfóides;I-A;OUTRAS INESPECÍFICAS;1.4;false;HISTOLOGIA DO TUMOR PRIMÁRIO;NÃO SE APLICA;;;;;;;;22/05/2017;;
1454977;RCBP PALMAS;MASCULINO;22/11/1983;33;BRANCO;BRASIL;PARANÁ;ASSIS CHATEAUBRIAND;SEM INFORMAÇÃO;SEM INFORMAÇÃO;0;SEM INFORMAÇÃO	;TOCANTINS;PALMAS;PELE DO MEMBRO SUPERIOR E DO OMBRO;C446;CARCINOMA BASOCELULAR, SOE;80903;PELE DO MEMBRO SUPERIOR E DO OMBRO;C446;;;;;false;HISTOLOGIA DO TUMOR PRIMÁRIO;LOCALIZADO;;;;;;;;18/10/2017;;
1454978;RCBP PALMAS;FEMININO;11/04/1981;36;SEM INFORMAÇÃO;BRASIL;TOCANTINS;;SUPERIOR COMPLETO;SEM INFORMAÇÃO;0;SEM INFORMAÇÃO	;TOCANTINS;PALMAS;LINFONODOS DA CABECA, FACE E PESCOCO;C770;LINFOMA DE HODGKIN, CELULARIDADE MISTA, SOE;96523;CELULARIDADE MISTA;C812;;;;;false;HISTOLOGIA DO TUMOR PRIMÁRIO;NÃO SE APLICA;;;;;;;;10/05/2017;;
1454979;RCBP PALMAS;MASCULINO;09/11/2007;9;SEM INFORMAÇÃO;BRASIL;TOCANTINS;;FUNDAMENTAL I (1ª A 4ª SÉRIE);SEM INFORMAÇÃO;0;SEM INFORMAÇÃO	;TOCANTINS;PALMAS;OSSOS LONGOS M. INFERIOR E ARTICUL. ASSOCIADAS;C402;LINFOMA LINFOBLASTICO DE CELULAS PRECURSORAS B;97283;LINFOBLASTICO (DIFUSO);C835;Linfoma não-Hodgkin;II-B;;;false;HISTOLOGIA DO TUMOR PRIMÁRIO;NÃO SE APLICA;;;;;;;;08/08/2017;;
1454981;RCBP PALMAS;FEMININO;29/09/1956;60;PARDA;BRASIL;GOIAS;;FUNDAMENTAL I (1ª A 4ª SÉRIE);CASADO;0;SEM INFORMAÇÃO	;TOCANTINS;PALMAS;ENDOMETRIO;C541;CARCINOMA ENDOMETRIOIDE, SOE;83803;ENDOMETRIO;C541;;;;;false;HISTOLOGIA DO TUMOR PRIMÁRIO;LOCALIZADO;;;;;;;;04/07/2017;;
1454982;RCBP PALMAS;FEMININO;12/07/1971;45;PARDA;BRASIL;PARÁ;;FUNDAMENTAL I (1ª A 4ª SÉRIE);CASADO;0;SEM INFORMAÇÃO	;TOCANTINS;PALMAS;MAMILO;C500;CARCINOMA DUCTAL INFILTRANTE;85003;MAMILO E AREOLA;C500;;;;;false;HISTOLOGIA DO TUMOR PRIMÁRIO;METÁSTASE;;;;;;;;15/03/2017;;
1454983;RCBP PALMAS;FEMININO;15/09/1939;78;PARDA;BRASIL;TOCANTINS;;FUNDAMENTAL I (1ª A 4ª SÉRIE);VIÚVO;0;SEM INFORMAÇÃO	;TOCANTINS;PALMAS;MEDULA OSSEA;C421;LEUCEMIA AGUDA, SOE;98013;LEUCEMIA AGUDA DE TIPO CELULAR, SOE;C950;;;;;false;HISTOLOGIA DO TUMOR PRIMÁRIO;NÃO SE APLICA;;;;;;;;28/09/2017;;
1454936;RCBP PALMAS;FEMININO;30/12/1963;53;PARDA;BRASIL;TOCANTINS;;FUNDAMENTAL I (1ª A 4ª SÉRIE);CASADO;0;SEM INFORMAÇÃO	;TOCANTINS;PALMAS;ECTOCERVIX;C531;CARCINOMA ESCAMOCELULAR, SOE;80703;ECTOCERVIX;C531;;;;;false;HISTOLOGIA DO TUMOR PRIMÁRIO;LOCALIZADO;;;;;;;;23/05/2017;;
1454942;RCBP PALMAS;FEMININO;06/08/1975;41;PARDA;BRASIL;MARANHÃO;;MÉDIO (ANTIGO SEGUNDO GRAU);UNIÃO CONSENSUAL;0;SEM INFORMAÇÃO	;TOCANTINS;PALMAS;FIGADO, SOE;C220;NEOPLASIA MALIGNA;80003;FIGADO E VIAS BILIARES INTRA-HEPATICAS;C22;;;;;false;HISTOLOGIA DA METÁSTASE;METÁSTASE;;;;;;;;30/05/2017;;
1454992;RCBP PALMAS;MASCULINO;05/08/1959;57;SEM INFORMAÇÃO;Não informado;Não informado;Não Informado;FUNDAMENTAL II (5ª A 8ª SÉRIE);SEM INFORMAÇÃO;0;SEM INFORMAÇÃO	;TOCANTINS;PALMAS;RIM, SOE;C649;CARCINOMA DE CELULAS RENAIS, SOE;83123;RIM;C64;;;;;false;HISTOLOGIA DO TUMOR PRIMÁRIO;LOCALIZADO;;;;;;;;11/01/2017;;
1454984;RCBP PALMAS;MASCULINO;01/11/1963;53;BRANCO;BRASIL;GOIAS;GOIANÉSIA;SEM INFORMAÇÃO;SEM INFORMAÇÃO;0;SEM INFORMAÇÃO	;TOCANTINS;PALMAS;COSTELA, ESTERNO, CLAVICULA E ARTICUL. ASSOCIADAS;C413;NEOPLASIA MALIGNA;80003;COSTELA, ESTERNO E CLAVICULA;C413;;;;;false;HISTOLOGIA DO TUMOR PRIMÁRIO;METÁSTASE;;;;;;;;20/10/2017;;
1454996;RCBP PALMAS;MASCULINO;13/10/1957;59;AMARELA;BRASIL;MINAS GERAIS;QUARTEL GERAL;SEM INFORMAÇÃO;SEM INFORMAÇÃO;0;SEM INFORMAÇÃO	;TOCANTINS;PALMAS;RIM, SOE;C649;CARCINOMA, SOE;80103;RIM;C64;;;;;false;HISTOLOGIA DO TUMOR PRIMÁRIO;LOCALIZADO;;;;;;;;10/05/2017;;
1454973;RCBP PALMAS;FEMININO;02/11/1963;53;PARDA;BRASIL;GOIAS;CROMÍNIA;SUPERIOR INCOMPLETO;CASADO;413;ESCRITURÁRIOS CONTÁBEIS E DE FINANÇAS	;TOCANTINS;PALMAS;LOCALIZACAO PRIMARIA DESCONHECIDA, SOE;C809;NEOPLASIA MALIGNA;80003;LOCALIZACAO PRIMARIA DESCONHECIDA;C80;;;;;false;SDO;METÁSTASE;;;;;CÂNCER;20/03/2017;;27/02/2017;;
1454932;RCBP PALMAS;FEMININO;21/12/1962;54;PARDA;BRASIL;MARANHÃO;;SUPERIOR COMPLETO;CASADO;0;SEM INFORMAÇÃO	;TOCANTINS;PALMAS;MAMA , SOE;C509;CARCINOMA DUCTAL INFILTRANTE;85003;MAMA , SOE;C509;;;;;false;HISTOLOGIA DO TUMOR PRIMÁRIO;LOCALIZADO;;;;;;;;23/02/2017;;
1454933;RCBP PALMAS;FEMININO;26/09/1960;56;PARDA;BRASIL;TOCANTINS;;SEM ESCOLARIDADE;CASADO;0;SEM INFORMAÇÃO	;TOCANTINS;PALMAS;ESTOMAGO, SOE;C169;ADENOCARCINOMA, SOE;81403;ESTOMAGO, SOE;C169;;;;;false;HISTOLOGIA DO TUMOR PRIMÁRIO;LOCALIZADO;;;;;NÃO CÂNCER;16/09/2017;;16/09/2017;;
1454939;RCBP PALMAS;FEMININO;08/01/1952;65;PARDA;BRASIL;TOCANTINS;;SEM ESCOLARIDADE;CASADO;621;TRABALHADORES NA EXPLORAÇÃO AGROPECUÁRIA EM GERAL	;TOCANTINS;PALMAS;ENDOCERVIX;C530;ADENOCARCINOMA, SOE;81403;ENDOCERVIX;C530;;;;;false;HISTOLOGIA DO TUMOR PRIMÁRIO;LOCALIZADO;;;;;;;;25/08/2017;;
1454975;RCBP PALMAS;FEMININO;11/11/1975;41;SEM INFORMAÇÃO;BRASIL;GOIAS;;SUPERIOR COMPLETO;SEM INFORMAÇÃO;0;SEM INFORMAÇÃO	;TOCANTINS;PALMAS;VIAS BILIARES INTRA-HEPATICAS;C221;ADENOCARCINOMA, SOE;81403;FIGADO E VIAS BILIARES INTRA-HEPATICAS;C22;;;;;false;HISTOLOGIA DO TUMOR PRIMÁRIO;LOCALIZADO;;;;;;;;16/05/2017;;
1454994;RCBP PALMAS;MASCULINO;23/11/1943;73;SEM INFORMAÇÃO;BRASIL;MARANHÃO;;FUNDAMENTAL I (1ª A 4ª SÉRIE);CASADO;0;SEM INFORMAÇÃO	;TOCANTINS;PALMAS;PROSTATA, SOE;C619;ADENOCARCINOMA, SOE;81403;PROSTATA;C61;;;;;false;HISTOLOGIA DO TUMOR PRIMÁRIO;LOCALIZADO;;;;;CÂNCER;17/09/2018;;03/05/2017;;
1454997;RCBP PALMAS;MASCULINO;10/06/1952;65;PARDA;BRASIL;BAHIA;;SEM INFORMAÇÃO;CASADO;782;CONDUTORES DE VEÍCULOS E OPERADORES DE EQUIPAMENTOS DE ELEVAÇÃO E DE MOVIMENTAÇÃO DE CARGAS   	;TOCANTINS;PALMAS;PELE DO MEMBRO INFERIOR E DO QUADRIL;C447;CARCINOMA BASOCELULAR, SOE;80903;PELE DO MEMBRO INFERIOR E DO QUADRIL;C447;;;;;false;HISTOLOGIA DO TUMOR PRIMÁRIO;LOCALIZADO;;;;;;;;18/12/2017;;
1454960;RCBP PALMAS;FEMININO;30/08/1964;53;PARDA;BRASIL;MARANHÃO;BARRA DO CORDA;MÉDIO (ANTIGO SEGUNDO GRAU);SEM INFORMAÇÃO;0;SEM INFORMAÇÃO	;TOCANTINS;PALMAS;MAMA , SOE;C509;CARCINOMA DUCTAL INFILTRANTE;85213;MAMA , SOE;C509;;;;;false;HISTOLOGIA DO TUMOR PRIMÁRIO;LOCALIZADO;;;;;;;;28/12/2017;;
1454972;RCBP PALMAS;FEMININO;29/11/1946;70;BRANCO;BRASIL;GOIAS;CORUMBAÍBA;FUNDAMENTAL II (5ª A 8ª SÉRIE);SEM INFORMAÇÃO;0;SEM INFORMAÇÃO	;TOCANTINS;PALMAS;PELE DO MEMBRO SUPERIOR E DO OMBRO;C446;CARCINOMA ESCAMOCELULAR, SOE;80703;PELE DO MEMBRO SUPERIOR E DO OMBRO;C446;;;;;false;HISTOLOGIA DO TUMOR PRIMÁRIO;LOCALIZADO;;;;;;;;18/01/2017;;
1455012;RCBP PALMAS;FEMININO;14/11/1971;45;PARDA;BRASIL;PIAUÍ;;MÉDIO (ANTIGO SEGUNDO GRAU);CASADO;0;SEM INFORMAÇÃO	;TOCANTINS;PALMAS;MAMA , SOE;C509;CARCINOMA DUCTAL INFILTRANTE;85003;MAMA , SOE;C509;;;;;false;HISTOLOGIA DO TUMOR PRIMÁRIO;METÁSTASE;;;;;CÂNCER;03/12/2018;;11/10/2017;;
1455013;RCBP PALMAS;MASCULINO;23/10/1949;67;PARDA;BRASIL;Não informado;Não Informado;SUPERIOR COMPLETO;CASADO;0;SEM INFORMAÇÃO	;TOCANTINS;PALMAS;COLON, SOE;C189;CARCINOMA, SOE;80103;COLON, SOE;C189;;;;;false;HISTOLOGIA DO TUMOR PRIMÁRIO;LOCALIZADO;;;;;CÂNCER;17/01/2017;;01/01/2017;;
1455015;RCBP PALMAS;MASCULINO;29/06/1981;36;BRANCO;BRASIL;TOCANTINS;MIRANORTE;SEM INFORMAÇÃO;SEM INFORMAÇÃO;0;SEM INFORMAÇÃO	;TOCANTINS;PALMAS;PELE DO MEMBRO SUPERIOR E DO OMBRO;C446;CARCINOMA BASOCELULAR, SOE;80903;PELE DO MEMBRO SUPERIOR E DO OMBRO;C446;;;;;false;HISTOLOGIA DO TUMOR PRIMÁRIO;LOCALIZADO;;;;;;;;27/09/2017;;
1455203;RCBP PALMAS;FEMININO;30/11/1955;61;PARDA;BRASIL;TOCANTINS;;FUNDAMENTAL I (1ª A 4ª SÉRIE);UNIÃO CONSENSUAL;0;SEM INFORMAÇÃO	;TOCANTINS;PALMAS;JUNCAO RETOSSIGMOIDIANA, SOE;C199;CARCINOMA DE CELULAS EM ANEL DE SINETE;84903;JUNCAO RETOSSIGMOIDE;C19;;;;;false;HISTOLOGIA DO TUMOR PRIMÁRIO;METÁSTASE;;;;;SEM INFORMAÇÃO;04/01/2019;;11/07/2017;;
1455014;RCBP PALMAS;MASCULINO;22/04/1941;76;PARDA;BRASIL;MARANHÃO;;SEM INFORMAÇÃO;CASADO;0;SEM INFORMAÇÃO	;TOCANTINS;PALMAS;ANTRO GASTRICO;C163;CARCINOMA, SOE;80103;ANTRO PILORICO;C163;;;;;false;HISTOLOGIA DO TUMOR PRIMÁRIO;LOCALIZADO;;;;;CÂNCER;13/11/2017;;10/11/2017;;
1455008;RCBP PALMAS;MASCULINO;18/08/1945;72;BRANCO;BRASIL;MINAS GERAIS;MANHUMIRIM;SUPERIOR INCOMPLETO;VIÚVO;0;SEM INFORMAÇÃO	;TOCANTINS;PALMAS;COLON, SOE;C189;CARCINOMA, SOE;80103;COLON, SOE;C189;;;;;false;HISTOLOGIA DO TUMOR PRIMÁRIO;METÁSTASE;;;;;CÂNCER;27/12/2017;;22/09/2017;;
1455010;RCBP PALMAS;MASCULINO;30/07/1969;47;PARDA;BRASIL;TOCANTINS;;MÉDIO (ANTIGO SEGUNDO GRAU);CASADO;715;TRABALHADORES DA CONSTRUÇÃO CIVIL E OBRAS PÚBLICAS	;TOCANTINS;PALMAS;FACE ANTERIOR DA EPIGLOTE;C101;CARCINOMA ESCAMOCELULAR, SOE;80703;FACE ANTERIO DA EPIGLOTE;C101;;;;;false;HISTOLOGIA DO TUMOR PRIMÁRIO;METÁSTASE;;;;;CÂNCER;18/12/2017;;23/02/2017;;
1455062;RCBP PALMAS;FEMININO;23/08/1950;66;PARDA;BRASIL;Não informado;Não Informado;MÉDIO (ANTIGO SEGUNDO GRAU);CASADO;0;SEM INFORMAÇÃO	;TOCANTINS;PALMAS;MAMA , SOE;C509;CARCINOMA, SOE;80103;MAMA , SOE;C509;;;;;false;HISTOLOGIA DO TUMOR PRIMÁRIO;METÁSTASE;;;;;CÂNCER;07/06/2017;;07/06/2017;;
1455083;RCBP PALMAS;MASCULINO;29/02/2000;17;SEM INFORMAÇÃO;BRASIL;TOCANTINS;;SEM INFORMAÇÃO;SEM INFORMAÇÃO;0;SEM INFORMAÇÃO	;TOCANTINS;PALMAS;OSSOS LONGOS M. INFERIOR E ARTICUL. ASSOCIADAS;C402;SARCOMA, SOE;88003;OSSOS LONGOS DOS M. INFERIORES;C402;Tumores ósseos malignos não especificados;VIII-E;OUTROS TUMORES ÓSSEOS ESPECÍFICOS E NÃO-ESPECÍFICOS;4.4;false;HISTOLOGIA DO TUMOR PRIMÁRIO;LOCALIZADO;;;;;SEM INFORMAÇÃO;03/07/2018;;26/11/2017;;
1455071;RCBP PALMAS;MASCULINO;17/07/1940;77;PRETA;BRASIL;Não informado;Não Informado;FUNDAMENTAL II (5ª A 8ª SÉRIE);CASADO;0;SEM INFORMAÇÃO	;TOCANTINS;PALMAS;COLON, SOE;C189;CARCINOMA, SOE;80103;COLON, SOE;C189;;;;;false;HISTOLOGIA DO TUMOR PRIMÁRIO;LOCALIZADO;;;;;CÂNCER;08/11/2017;;18/10/2017;;
1455006;RCBP PALMAS;MASCULINO;18/11/1962;54;BRANCO;BRASIL;Não informado;Não Informado;SEM INFORMAÇÃO;CASADO;0;SEM INFORMAÇÃO	;TOCANTINS;PALMAS;LOCALIZACAO PRIMARIA DESCONHECIDA, SOE;C809;NEOPLASIA MALIGNA;80003;LOCALIZACAO PRIMARIA DESCONHECIDA;C80;;;;;false;SDO;METÁSTASE;;;;;CÂNCER;10/12/2017;;04/05/2017;;
1455005;RCBP PALMAS;MASCULINO;27/10/1945;71;PARDA;BRASIL;MARANHÃO;BALSAS;FUNDAMENTAL I (1ª A 4ª SÉRIE);SOLTEIRO;0;SEM INFORMAÇÃO	;TOCANTINS;PALMAS;ENCEFALO, SOE;C719;NEOPLASIA MALIGNA;80003;ENCEFALO, SOE;C719;;;;;false;SDO;METÁSTASE;;;;;NÃO CÂNCER;15/03/2017;;22/02/2017;;
1455067;RCBP PALMAS;MASCULINO;24/01/1944;73;PARDA;BRASIL;Não informado;Não Informado;SEM INFORMAÇÃO;SEPARADO JUDICIALMENTE;0;SEM INFORMAÇÃO	;TOCANTINS;PALMAS;PENIS, SOE;C609;CARCINOMA ESCAMOSO MICRO-INVASOR;80763;PENIS, SOE;C609;;;;;false;HISTOLOGIA DO TUMOR PRIMÁRIO;METÁSTASE;;;;;CÂNCER;24/06/2017;;15/03/2017;;
1455066;RCBP PALMAS;MASCULINO;08/07/1974;43;PARDA;BRASIL;CEARÁ;PARAMBU;SEM INFORMAÇÃO;SEM INFORMAÇÃO;0;SEM INFORMAÇÃO	;TOCANTINS;PALMAS;PELE DO MEMBRO SUPERIOR E DO OMBRO;C446;CARCINOMA BASOCELULAR, SOE;80903;PELE DO MEMBRO SUPERIOR E DO OMBRO;C446;;;;;false;HISTOLOGIA DO TUMOR PRIMÁRIO;LOCALIZADO;;;;;;;;22/12/2017;;
1455069;RCBP PALMAS;FEMININO;12/10/1953;63;BRANCO;BRASIL;MARANHÃO;;FUNDAMENTAL I (1ª A 4ª SÉRIE);CASADO;142;GERENTES DE ÁREAS DE APOIO	;TOCANTINS;PALMAS;MEDULA OSSEA;C421;LEUCEMIA MIELOIDE CRONICA, SOE;98633;LEUCEMIA MIELOIDE CRONICA;C921;;;;;false;HISTOLOGIA DO TUMOR PRIMÁRIO;NÃO SE APLICA;;;;;;;;05/05/2017;;
1455070;RCBP PALMAS;MASCULINO;31/08/1949;67;PARDA;BRASIL;GOIAS;;MÉDIO (ANTIGO SEGUNDO GRAU);VIÚVO;0;SEM INFORMAÇÃO	;TOCANTINS;PALMAS;PULMAO, SOE;C349;NEOPLASIA MALIGNA;80003;BRONQUIOS OU PULMOES, SOE;C349;;;;;false;HISTOLOGIA DO TUMOR PRIMÁRIO;METÁSTASE;;;;;CÂNCER;24/06/2017;;07/06/2017;;
1455074;RCBP PALMAS;FEMININO;15/05/1992;25;PARDA;BRASIL;MARANHÃO;;FUNDAMENTAL I (1ª A 4ª SÉRIE);SOLTEIRO;0;SEM INFORMAÇÃO	;TOCANTINS;PALMAS;OVARIO, SOE;C569;CISTADENOCARCINOMA PAPILAR SEROSO;84603;OVARIO;C56;;;CARCINOMA DAS GÔNADAS;8.5.3;false;HISTOLOGIA DO TUMOR PRIMÁRIO;LOCALIZADO;;;;;;;;17/07/2017;;
1455076;RCBP PALMAS;MASCULINO;08/04/1983;34;PARDA;BRASIL;DISTRITO FEDERAL;BRASÍLIA;SEM INFORMAÇÃO;SEM INFORMAÇÃO;0;SEM INFORMAÇÃO	;TOCANTINS;PALMAS;PELE DO MEMBRO SUPERIOR E DO OMBRO;C446;CARCINOMA BASOCELULAR, SOE;80903;PELE DO MEMBRO SUPERIOR E DO OMBRO;C446;;;;;false;HISTOLOGIA DO TUMOR PRIMÁRIO;LOCALIZADO;;;;;;;;23/08/2017;;
1455077;RCBP PALMAS;MASCULINO;28/09/1969;47;BRANCO;BRASIL;MINAS GERAIS;;FUNDAMENTAL I (1ª A 4ª SÉRIE);SOLTEIRO;715;TRABALHADORES DA CONSTRUÇÃO CIVIL E OBRAS PÚBLICAS	;TOCANTINS;PALMAS;FARINGE, SOE;C140;CARCINOMA ESCAMOCELULAR, SOE;80703;FARINGE, SOE;C140;;;;;false;HISTOLOGIA DO TUMOR PRIMÁRIO;SEM INFORMAÇÃO;;;;;;;;27/06/2017;;
1455078;RCBP PALMAS;FEMININO;12/03/1952;65;PARDA;BRASIL;SÃO PAULO;;FUNDAMENTAL I (1ª A 4ª SÉRIE);CASADO;141;GERENTES DE PRODUÇÃO E OPERAÇÕES  	;TOCANTINS;PALMAS;PULMAO, SOE;C349;ADENOCARCINOMA, SOE;81403;BRONQUIOS OU PULMOES, SOE;C349;;;;;false;HISTOLOGIA DO TUMOR PRIMÁRIO;METÁSTASE;;;;;CÂNCER;17/11/2018;;14/06/2017;;
1455079;RCBP PALMAS;FEMININO;08/07/1963;54;PARDA;BRASIL;TOCANTINS;;FUNDAMENTAL I (1ª A 4ª SÉRIE);SOLTEIRO;0;SEM INFORMAÇÃO	;TOCANTINS;PALMAS;ECTOCERVIX;C531;CARCINOMA ESCAMOCELULAR, SOE;80703;ECTOCERVIX;C531;;;;;false;HISTOLOGIA DO TUMOR PRIMÁRIO;LOCALIZADO;;;;;;;;25/10/2017;;
1455080;RCBP PALMAS;FEMININO;06/08/1970;47;PARDA;BRASIL;TOCANTINS;CRISTALÂNDIA;SEM INFORMAÇÃO;SEM INFORMAÇÃO;910;SUPERVISORES EM SERVIÇOS DE REPARAÇÃO E MANUTENÇÃO MECÂNICA  	;TOCANTINS;PALMAS;VULVA, SOE;C519;CARCINOMA, SOE;80103;VULVA, SOE;C519;;;;;false;HISTOLOGIA DO TUMOR PRIMÁRIO;LOCALIZADO;;;;;;;;24/11/2017;;
1169085;RCBP PALMAS;MASCULINO;08/12/1940;76;PARDA;BRASIL;MARANHÃO;;SEM ESCOLARIDADE;CASADO;0;SEM INFORMAÇÃO	;TOCANTINS;PALMAS;PROSTATA, SOE;C619;ADENOCARCINOMA, SOE;81403;PROSTATA;C61;;;;;false;HISTOLOGIA DO TUMOR PRIMÁRIO;LOCALIZADO;;;;;;;;13/06/2017;;
1455105;RCBP PALMAS;FEMININO;19/07/1941;75;SEM INFORMAÇÃO;BRASIL;MINAS GERAIS;;SEM INFORMAÇÃO;CASADO;514;TRABALHADORES NOS SERVIÇOS DE ADMINISTRAÇÃO, CONSERVAÇÃO E MANUTENÇÃO DE EDIFÍCIOS E LOGRADOUROS  	;TOCANTINS;PALMAS;MAMA , SOE;C509;CARCINOMA DUCTAL INFILTRANTE;85003;MAMA , SOE;C509;;;;;false;HISTOLOGIA DO TUMOR PRIMÁRIO;METÁSTASE;;;;;;;;08/05/2017;;
1455106;RCBP PALMAS;FEMININO;30/11/1967;49;SEM INFORMAÇÃO;BRASIL;TOCANTINS;;MÉDIO (ANTIGO SEGUNDO GRAU);SOLTEIRO;514;TRABALHADORES NOS SERVIÇOS DE ADMINISTRAÇÃO, CONSERVAÇÃO E MANUTENÇÃO DE EDIFÍCIOS E LOGRADOUROS  	;TOCANTINS;PALMAS;MAMA , SOE;C509;CARCINOMA DUCTAL INFILTRANTE;85003;MAMA , SOE;C509;;;;;false;HISTOLOGIA DO TUMOR PRIMÁRIO;METÁSTASE;;;;;;;;20/04/2017;;
1455107;RCBP PALMAS;MASCULINO;10/08/1979;37;AMARELA;BRASIL;BAHIA;WANDERLEY;SEM INFORMAÇÃO;SEM INFORMAÇÃO;0;SEM INFORMAÇÃO	;TOCANTINS;PALMAS;PALPEBRA;C441;CARCINOMA BASOCELULAR, SOE;80903;PELE DA PALPEBRA E CANTO;C441;;;;;false;HISTOLOGIA DO TUMOR PRIMÁRIO;LOCALIZADO;;;;;;;;19/05/2017;;
1455108;RCBP PALMAS;MASCULINO;11/09/1965;51;SEM INFORMAÇÃO;BRASIL;GOIAS;;SUPERIOR COMPLETO;SEM INFORMAÇÃO;0;SEM INFORMAÇÃO	;TOCANTINS;PALMAS;LINFONODO, SOE;C779;LINFOMA DE HODGKIN, ESCLEROSE NODULAR, SOE;96633;ESCLEROSE NODULAR;C811;;;;;false;HISTOLOGIA DO TUMOR PRIMÁRIO;NÃO SE APLICA;;;;;;;;15/08/2017;;
1455109;RCBP PALMAS;FEMININO;26/03/1980;37;BRANCO;BRASIL;TOCANTINS;COLMÉIA;SEM INFORMAÇÃO;SEM INFORMAÇÃO;0;SEM INFORMAÇÃO	;TOCANTINS;PALMAS;LESAO SOBREPOSTA DA PELE;C448;CARCINOMA BASOCELULAR, SOE;80903;LESAO INVASIVA DA PELE;C448;;;;;false;HISTOLOGIA DO TUMOR PRIMÁRIO;LOCALIZADO;;;;;;;;25/04/2017;;
1455110;RCBP PALMAS;FEMININO;19/10/1976;40;PARDA;BRASIL;TOCANTINS;PEDRO AFONSO;SEM INFORMAÇÃO;SEM INFORMAÇÃO;0;SEM INFORMAÇÃO	;TOCANTINS;PALMAS;PELE DO COURO CABELUDO E DO PESCOCO;C444;DOENCA DE BOWEN;80812;PELE DO COURO CABELUDO E DO PESCOCO;D044;;;;;false;HISTOLOGIA DO TUMOR PRIMÁRIO;"IN SITU";;;;;;;;31/01/2017;;
1455063;RCBP PALMAS;FEMININO;20/12/1938;78;PARDA;BRASIL;MARANHÃO;;FUNDAMENTAL I (1ª A 4ª SÉRIE);CASADO;0;SEM INFORMAÇÃO	;TOCANTINS;PALMAS;RETO, SOE;C209;ADENOCARCINOMA, SOE;81403;RETO;C20;;;;;false;HISTOLOGIA DO TUMOR PRIMÁRIO;LOCALIZADO;;;;;;;;19/07/2017;;
1455064;RCBP PALMAS;FEMININO;19/01/1951;66;PARDA;BRASIL;TOCANTINS;;FUNDAMENTAL I (1ª A 4ª SÉRIE);CASADO;0;SEM INFORMAÇÃO	;TOCANTINS;PALMAS;PALATO MOLE, SOE;C051;CARCINOMA ESCAMOCELULAR, SOE;80703;PALATO MOLE;C051;;;;;false;HISTOLOGIA DO TUMOR PRIMÁRIO;LOCALIZADO;;;;;;;;15/03/2017;;
1455068;RCBP PALMAS;MASCULINO;17/08/1954;62;PARDA;BRASIL;MARANHÃO;;FUNDAMENTAL II (5ª A 8ª SÉRIE);CASADO;810;SUPERVISORES DE PRODUÇÃO, EM INDÚSTRIAS QUÍMICAS, PETROQUÍMICAS E AFINS   	;TOCANTINS;PALMAS;PROSTATA, SOE;C619;ADENOCARCINOMA, SOE;81403;PROSTATA;C61;;;;;false;HISTOLOGIA DO TUMOR PRIMÁRIO;LOCALIZADO;;;;;;;;15/05/2017;;
1455072;RCBP PALMAS;MASCULINO;20/09/1954;62;SEM INFORMAÇÃO;BRASIL;MARANHÃO;;FUNDAMENTAL I (1ª A 4ª SÉRIE);SEM INFORMAÇÃO;0;SEM INFORMAÇÃO	;TOCANTINS;PALMAS;GLANDE DO PENIS;C601;CARCINOMA ESCAMOCELULAR, SOE;80703;GLANDE;C601;;;;;false;HISTOLOGIA DO TUMOR PRIMÁRIO;LOCALIZADO;;;;;;;;04/01/2017;;
1455075;RCBP PALMAS;MASCULINO;20/06/1978;38;PARDA;BRASIL;MATO GROSSO ;;FUNDAMENTAL I (1ª A 4ª SÉRIE);SOLTEIRO;752;VIDREIROS, CERAMISTAS E AFINS 	;TOCANTINS;PALMAS;COLON, SOE;C189;ADENOCARCINOMA, SOE;81403;COLON, SOE;C189;;;;;false;HISTOLOGIA DO TUMOR PRIMÁRIO;LOCALIZADO;;;;;CÂNCER;12/06/2017;;10/02/2017;;
1455081;RCBP PALMAS;FEMININO;05/10/1960;57;PARDA;BRASIL;GOIAS;;FUNDAMENTAL II (5ª A 8ª SÉRIE);CASADO;514;TRABALHADORES NOS SERVIÇOS DE ADMINISTRAÇÃO, CONSERVAÇÃO E MANUTENÇÃO DE EDIFÍCIOS E LOGRADOUROS  	;TOCANTINS;PALMAS;MAMA , SOE;C509;CARCINOMA DUCTAL INFILTRANTE;85003;MAMA , SOE;C509;;;;;false;HISTOLOGIA DO TUMOR PRIMÁRIO;LOCALIZADO;;;;;;;;12/12/2017;;
993748;RCBP PALMAS;FEMININO;31/12/1945;71;SEM INFORMAÇÃO;BRASIL;MINAS GERAIS;PATOS DE MINAS;SEM INFORMAÇÃO;SEM INFORMAÇÃO;0;SEM INFORMAÇÃO	;TOCANTINS;PALMAS;OUVIDO EXTERNO;C442;CARCINOMA BASOCELULAR, SOE;80903;PELE DA ORELHA E CONDUTO AUDITIVO EXTERNO;C442;;;;;false;HISTOLOGIA DO TUMOR PRIMÁRIO;SEM INFORMAÇÃO;;;;;;;;15/04/2017;;
1455104;RCBP PALMAS;FEMININO;21/10/1939;77;PARDA;BRASIL;TOCANTINS;;FUNDAMENTAL I (1ª A 4ª SÉRIE);VIÚVO;621;TRABALHADORES NA EXPLORAÇÃO AGROPECUÁRIA EM GERAL	;TOCANTINS;PALMAS;ECTOCERVIX;C531;CARCINOMA ESCAMOCELULAR, SOE;80703;ECTOCERVIX;C531;;;;;false;HISTOLOGIA DO TUMOR PRIMÁRIO;LOCALIZADO;;;;;;;;17/05/2017;;
1455007;RCBP PALMAS;MASCULINO;02/12/1928;88;SEM INFORMAÇÃO;BRASIL;GOIAS;;MÉDIO (ANTIGO SEGUNDO GRAU);SEM INFORMAÇÃO;0;SEM INFORMAÇÃO	;TOCANTINS;PALMAS;COLON DESCENDENTE;C186;ADENOCARCINOMA, SOE;81403;COLON DESCENDENTE;C186;;;;;false;HISTOLOGIA DO TUMOR PRIMÁRIO;LOCALIZADO;;;;;;;;08/02/2017;;
1455009;RCBP PALMAS;MASCULINO;09/02/2016;1;SEM INFORMAÇÃO;BRASIL;TOCANTINS;;SEM ESCOLARIDADE;SEM INFORMAÇÃO;0;SEM INFORMAÇÃO	;TOCANTINS;PALMAS;RIM, SOE;C649;TUMOR RABDOIDE MALIGNO;89633;RIM;C64;Tumor de Wilms, tumor rabdóide e sarcoma de células claras;VI-A;;;false;HISTOLOGIA DO TUMOR PRIMÁRIO;LOCALIZADO;;;;;CÂNCER;19/03/2017;;23/02/2017;;
1455217;RCBP PALMAS;FEMININO;11/01/1968;49;PARDA;BRASIL;Não informado;Não Informado;SUPERIOR INCOMPLETO;SOLTEIRO;421;CAIXAS, BILHETEIROS E AFINS   	;TOCANTINS;PALMAS;MEDULA OSSEA;C421;LEUCEMIA MIELOIDE, SOE;98603;LEUCEMIA MIELOIDE, SOE;C929;;;;;false;HISTOLOGIA DO TUMOR PRIMÁRIO;NÃO SE APLICA;;;;;CÂNCER;04/02/2017;;23/01/2017;;
1455206;RCBP PALMAS;MASCULINO;09/12/1980;36;BRANCO;BRASIL;TOCANTINS;PORTO NACIONAL;MÉDIO (ANTIGO SEGUNDO GRAU);SEM INFORMAÇÃO;910;SUPERVISORES EM SERVIÇOS DE REPARAÇÃO E MANUTENÇÃO MECÂNICA  	;TOCANTINS;PALMAS;PELE DO MEMBRO INFERIOR E DO QUADRIL;C447;CARCINOMA BASOCELULAR, SOE;80903;PELE DO MEMBRO INFERIOR E DO QUADRIL;C447;;;;;false;HISTOLOGIA DO TUMOR PRIMÁRIO;LOCALIZADO;;;;;;;;17/07/2017;;
1455204;RCBP PALMAS;FEMININO;16/01/1944;73;SEM INFORMAÇÃO;BRASIL;MARANHÃO;;FUNDAMENTAL I (1ª A 4ª SÉRIE);SEM INFORMAÇÃO;0;SEM INFORMAÇÃO	;TOCANTINS;PALMAS;SEIO MAXILAR;C310;CARCINOMA ADENOIDE CISTICO;82003;SEIO MAXILAR;C310;;;;;false;HISTOLOGIA DO TUMOR PRIMÁRIO;LOCALIZADO;;;;;;;;06/10/2017;;
1453445;RCBP PALMAS;MASCULINO;15/06/1960;56;BRANCO;BRASIL;MARANHÃO;AMARANTE DO MARANHÃO;SUPERIOR INCOMPLETO;SEPARADO JUDICIALMENTE;951;ELETRICISTAS ELETRÔNICOS DE MANUTENÇÃO INDUSTRIAL, COMERCIAL E RESIDENCIAL	;TOCANTINS;PALMAS;PULMAO, SOE;C349;CARCINOMA, SOE;80103;BRONQUIOS OU PULMOES, SOE;C349;;;;;false;HISTOLOGIA DO TUMOR PRIMÁRIO;LOCALIZADO;;;;;CÂNCER;24/04/2017;;24/04/2017;;
1455218;RCBP PALMAS;MASCULINO;13/04/1944;72;BRANCO;BRASIL;MINAS GERAIS;UBERABA;SEM INFORMAÇÃO;CASADO;517;TRABALHADORES NOS SERVIÇOS DE PROTEÇÃO E SEGURANÇA	;TOCANTINS;PALMAS;PULMAO, SOE;C349;CARCINOMA, SOE;80103;BRONQUIOS OU PULMOES, SOE;C349;;;;;false;HISTOLOGIA DO TUMOR PRIMÁRIO;METÁSTASE;;;;;CÂNCER;26/01/2017;;13/01/2017;;
1169043;RCBP PALMAS;FEMININO;10/12/1962;54;BRANCO;BRASIL;TOCANTINS;MIRACEMA DO TOCANTINS;SEM INFORMAÇÃO;SEM INFORMAÇÃO;0;SEM INFORMAÇÃO	;TOCANTINS;PALMAS;PELE DO MEMBRO SUPERIOR E DO OMBRO;C446;CARCINOMA BASOCELULAR, SOE;80903;PELE DO MEMBRO SUPERIOR E DO OMBRO;C446;;;;;false;HISTOLOGIA DO TUMOR PRIMÁRIO;LOCALIZADO;;;;;;;;30/11/2017;;
1453333;RCBP PALMAS;MASCULINO;25/12/1932;84;PARDA;BRASIL;MARANHÃO;VITORINO FREIRE;FUNDAMENTAL II (5ª A 8ª SÉRIE);SOLTEIRO;612;PRODUTORES AGRÍCOLAS 	;TOCANTINS;PALMAS;BEXIGA, SOE;C679;CARCINOMA DE CELULAS TRANSICIONAIS, SOE;81203;BEXIGA, SOE;C679;;;;;false;HISTOLOGIA DO TUMOR PRIMÁRIO;LOCALIZADO;;;;;CÂNCER;20/04/2017;;20/04/2017;;
1453428;RCBP PALMAS;MASCULINO;27/01/1930;86;BRANCO;BRASIL;Não informado;Não Informado;SEM INFORMAÇÃO;SEM INFORMAÇÃO;0;SEM INFORMAÇÃO	;TOCANTINS;PALMAS;PLEURA, SOE;C384;CARCINOMA, SOE;80103;PLEURA;C384;;;;;false;HISTOLOGIA DA METÁSTASE;METÁSTASE;;;;;CÂNCER;08/08/2017;;20/01/2017;;
1453430;RCBP PALMAS;MASCULINO;26/09/1953;63;AMARELA;BRASIL;TOCANTINS;PARANÃ;SEM INFORMAÇÃO;SOLTEIRO;0;SEM INFORMAÇÃO	;TOCANTINS;PALMAS;COLON, SOE;C189;ADENOCARCINOMA MUCINOSO;84803;COLON, SOE;C189;;;;;false;HISTOLOGIA DO TUMOR PRIMÁRIO;METÁSTASE;;;;;CÂNCER;03/09/2017;;05/06/2017;;
1453433;RCBP PALMAS;FEMININO;15/03/1968;49;PARDA;BRASIL;TOCANTINS;;SUPERIOR COMPLETO;CASADO;239;OUTROS PROFISSIONAIS DO ENSINO NÃO CLASSIFICADOS ANTERIORMENTE	;TOCANTINS;PALMAS;MAMILO;C500;CARCINOMA DUCTAL INFILTRANTE;85003;MAMILO E AREOLA;C500;;;;;false;HISTOLOGIA DO TUMOR PRIMÁRIO;METÁSTASE;;;;;;;;08/12/2017;;
1453434;RCBP PALMAS;FEMININO;04/09/1963;54;PARDA;BRASIL;TOCANTINS;;FUNDAMENTAL II (5ª A 8ª SÉRIE);SOLTEIRO;0;SEM INFORMAÇÃO	;TOCANTINS;PALMAS;COLO DO UTERO, SOE;C539;CARCINOMA ESCAMOCELULAR, SOE;80703;COLO DO UTERO, SOE;C539;;;;;false;HISTOLOGIA DO TUMOR PRIMÁRIO;LOCALIZADO;;;;;;;;11/10/2017;;
1169039;RCBP PALMAS;FEMININO;11/10/1964;53;PARDA;BRASIL;Não informado;Não Informado;SEM INFORMAÇÃO;SEM INFORMAÇÃO;0;SEM INFORMAÇÃO	;TOCANTINS;PALMAS;RETO, SOE;C209;ADENOCARCINOMA ESQUIRROSO;81413;RETO;C20;;;;;false;HISTOLOGIA DO TUMOR PRIMÁRIO;LOCALIZADO;;;;;;;;22/11/2017;;
1454952;RCBP PALMAS;FEMININO;20/09/1984;32;PARDA;BRASIL;PARÁ;;FUNDAMENTAL I (1ª A 4ª SÉRIE);UNIÃO CONSENSUAL;621;TRABALHADORES NA EXPLORAÇÃO AGROPECUÁRIA EM GERAL	;TOCANTINS;PALMAS;CEREBRO;C710;EPENDIMOMA, SOE;93913;CEREBRO;C710;;;;;false;HISTOLOGIA DO TUMOR PRIMÁRIO;LOCALIZADO;;;;;;;;13/09/2017;;
1454962;RCBP PALMAS;FEMININO;05/01/1933;84;BRANCO;BRASIL;CEARÁ;;FUNDAMENTAL I (1ª A 4ª SÉRIE);CASADO;0;SEM INFORMAÇÃO	;TOCANTINS;PALMAS;OVARIO, SOE;C569;CISTADENOCARCINOMA SEROSO, SOE;84413;OVARIO;C56;;;;;false;HISTOLOGIA DO TUMOR PRIMÁRIO;LOCALIZADO;;;;;;;;04/12/2017;;
1453232;RCBP PALMAS;MASCULINO;30/10/1953;63;BRANCO;BRASIL;RIO GRANDE DO SUL;TUCUNDUVA;SEM INFORMAÇÃO;SEM INFORMAÇÃO;0;SEM INFORMAÇÃO	;TOCANTINS;PALMAS;CABECA, FACE E PESCOCO, SOE;C760;CARCINOMA, SOE;80103;CABECA, FACE E PESCOCO;C760;;;;;false;HISTOLOGIA DO TUMOR PRIMÁRIO;LOCALIZADO;;;;;;;;17/10/2017;;
1454957;RCBP PALMAS;FEMININO;01/10/1963;53;PARDA;BRASIL;Não informado;Não Informado;SEM INFORMAÇÃO;CASADO;;;TOCANTINS;PALMAS;PULMAO, SOE;C349;CARCINOMA, SOE;80103;BRONQUIOS OU PULMOES, SOE;C349;;;;;false;HISTOLOGIA DA METÁSTASE;METÁSTASE;;;;;CÂNCER;24/02/2017;;03/02/2017;;
1454959;RCBP PALMAS;FEMININO;21/01/1945;71;SEM INFORMAÇÃO;BRASIL;Não informado;Não Informado;SEM INFORMAÇÃO;SOLTEIRO;0;SEM INFORMAÇÃO	;TOCANTINS;PALMAS;LESAO SOBREPOSTA DO PANCREAS;C258;CARCINOMA, SOE;80103;LESAO INVASIVA DO PANCRES;C258;;;;;false;HISTOLOGIA DO TUMOR PRIMÁRIO;LOCALIZADO;;;;;CÂNCER;11/05/2017;;18/01/2017;;
1453414;RCBP PALMAS;MASCULINO;28/02/1934;83;PRETA;BRASIL;Não informado;Não Informado;SEM ESCOLARIDADE;SOLTEIRO;0;SEM INFORMAÇÃO	;TOCANTINS;PALMAS;LOCALIZACAO PRIMARIA DESCONHECIDA, SOE;C809;NEOPLASIA MALIGNA;80003;LOCALIZACAO PRIMARIA DESCONHECIDA;C80;;;;;false;SDO;METÁSTASE;;;;;CÂNCER;08/06/2017;;08/06/2017;;
1169022;RCBP PALMAS;MASCULINO;11/11/1935;81;PARDA;BRASIL;PIAUÍ;GILBUÉS;SEM INFORMAÇÃO;SEM INFORMAÇÃO;0;SEM INFORMAÇÃO	;TOCANTINS;PALMAS;PROSTATA, SOE;C619;ADENOCARCINOMA, SOE;81403;PROSTATA;C61;;;;;false;HISTOLOGIA DO TUMOR PRIMÁRIO;METÁSTASE;;;;;;;;06/03/2017;;
1454953;RCBP PALMAS;FEMININO;11/11/1966;50;PRETA;BRASIL;GOIAS;;SEM INFORMAÇÃO;UNIÃO CONSENSUAL;0;SEM INFORMAÇÃO	;TOCANTINS;PALMAS;OVARIO, SOE;C569;ADENOCARCINOMA, SOE;81403;OVARIO;C56;;;;;false;HISTOLOGIA DO TUMOR PRIMÁRIO;LOCALIZADO;;;;;;;;26/09/2017;;
1169042;RCBP PALMAS;FEMININO;28/02/1976;41;PARDA;BRASIL;TOCANTINS;PARAÍSO DO TOCANTINS;MÉDIO (ANTIGO SEGUNDO GRAU);SOLTEIRO;0;SEM INFORMAÇÃO	;TOCANTINS;PALMAS;PELE DO MEMBRO SUPERIOR E DO OMBRO;C446;MELANOMA MALIGNO, SOE;87203;MELANOMA MALIGNO DO MEMBRO SUPERIOR E OMBRO;C436;;;;;false;SEM INFORMAÇÃO;LOCALIZADO;;;;;;;;20/08/2017;;
1454998;RCBP PALMAS;MASCULINO;28/03/1960;57;PARDA;BRASIL;PARÁ;;MÉDIO (ANTIGO SEGUNDO GRAU);SEPARADO JUDICIALMENTE;782;CONDUTORES DE VEÍCULOS E OPERADORES DE EQUIPAMENTOS DE ELEVAÇÃO E DE MOVIMENTAÇÃO DE CARGAS   	;TOCANTINS;PALMAS;PULMAO, SOE;C349;ADENOCARCINOMA, SOE;81403;BRONQUIOS OU PULMOES, SOE;C349;;;;;false;HISTOLOGIA DO TUMOR PRIMÁRIO;METÁSTASE;;;;;;;;24/07/2017;;
1454999;RCBP PALMAS;MASCULINO;29/02/1944;73;PARDA;BRASIL;GOIAS;;FUNDAMENTAL I (1ª A 4ª SÉRIE);VIÚVO;0;SEM INFORMAÇÃO	;TOCANTINS;PALMAS;HIPOFARINGE, SOE;C139;CARCINOMA ESCAMOCELULAR, SOE;80703;HIPOFARINGE, SOE;C139;;;;;false;HISTOLOGIA DO TUMOR PRIMÁRIO;METÁSTASE;;;;;CÂNCER;25/08/2018;;30/06/2017;;
1455065;RCBP PALMAS;FEMININO;11/10/1969;47;AMARELA;BRASIL;TOCANTINS;ARAGUACEMA;SEM INFORMAÇÃO;SEM INFORMAÇÃO;0;SEM INFORMAÇÃO	;TOCANTINS;PALMAS;PALPEBRA;C441;CARCINOMA BASOCELULAR, SOE;80903;PELE DA PALPEBRA E CANTO;C441;;;;;false;HISTOLOGIA DO TUMOR PRIMÁRIO;LOCALIZADO;;;;;;;;23/06/2017;;
1454955;RCBP PALMAS;FEMININO;10/10/1985;31;PARDA;BRASIL;MARANHÃO;SANTA LUZIA;SUPERIOR COMPLETO;CASADO;612;PRODUTORES AGRÍCOLAS 	;TOCANTINS;PALMAS;MEDULA OSSEA;C421;LEUCEMIA LINFOBLASTICA DE CELULAS PRECURSORAS,SOE;98353;LEUCEMIA LINFOBLASTICA AGUDA;C910;;;;;false;HISTOLOGIA DO TUMOR PRIMÁRIO;NÃO SE APLICA;;;;;CÂNCER;16/04/2017;;16/04/2017;;
1453406;RCBP PALMAS;FEMININO;25/02/1981;36;SEM INFORMAÇÃO;BRASIL;PARÁ;;FUNDAMENTAL II (5ª A 8ª SÉRIE);SEM INFORMAÇÃO;0;SEM INFORMAÇÃO	;TOCANTINS;PALMAS;PALATO DURO;C050;CARCINOMA MUCOEPIDERMOIDE;84303;PALATO DURO;C050;;;;;false;HISTOLOGIA DO TUMOR PRIMÁRIO;LOCALIZADO;;;;;;;;26/12/2017;;
1454961;RCBP PALMAS;FEMININO;09/11/1929;88;BRANCO;BRASIL;GOIAS;ITABERAÍ;SEM INFORMAÇÃO;SEM INFORMAÇÃO;0;SEM INFORMAÇÃO	;TOCANTINS;PALMAS;OUTRAS LOCALIZACOES MAL DEFINIDAS;C767;CARCINOMA, SOE;80103;OUTRAS LOCALIZACOES MAL DEFINIDA;C767;;;;;false;HISTOLOGIA DA METÁSTASE;METÁSTASE;;;;;;;;29/12/2017;;
1454965;RCBP PALMAS;FEMININO;21/10/1951;65;PARDA;BRASIL;Não informado;Não Informado;MÉDIO (ANTIGO SEGUNDO GRAU);VIÚVO;0;SEM INFORMAÇÃO	;TOCANTINS;PALMAS;PULMAO, SOE;C349;CARCINOMA, SOE;80103;BRONQUIOS OU PULMOES, SOE;C349;;;;;false;HISTOLOGIA DO TUMOR PRIMÁRIO;LOCALIZADO;;;;;CÂNCER;15/08/2017;;20/07/2017;;
1453418;RCBP PALMAS;MASCULINO;16/05/1990;27;PARDA;BRASIL;SÃO PAULO;;MÉDIO (ANTIGO SEGUNDO GRAU);SOLTEIRO;0;SEM INFORMAÇÃO	;TOCANTINS;PALMAS;TECIDOS MOLES DO MEMBRO INFERIOR E QUADRIL;C492;SARCOMA DE KAPOSI;91403;SARCOMA DE KAPOSI DE TECIDOS MOLES;C461;;;SARCOMA DE KAPOSI;5.3.1.2;false;HISTOLOGIA DO TUMOR PRIMÁRIO;METÁSTASE;;;;;;;;05/12/2017;;
1454947;RCBP PALMAS;FEMININO;15/06/1948;68;SEM INFORMAÇÃO;BRASIL;TOCANTINS;;MÉDIO (ANTIGO SEGUNDO GRAU);SEM INFORMAÇÃO;0;SEM INFORMAÇÃO	;TOCANTINS;PALMAS;LOCALIZACAO PRIMARIA DESCONHECIDA, SOE;C809;NEOPLASIA MALIGNA;80003;LOCALIZACAO PRIMARIA DESCONHECIDA;C80;;;;;false;PESQUISA;METÁSTASE;;;;;;;;08/03/2017;;
1169041;RCBP PALMAS;FEMININO;26/10/1970;46;SEM INFORMAÇÃO;BRASIL;Não informado;Não Informado;SEM INFORMAÇÃO;SEM INFORMAÇÃO;0;SEM INFORMAÇÃO	;TOCANTINS;PALMAS;MAMA , SOE;C509;CARCINOMA, SOE;80103;MAMA , SOE;C509;;;;;false;HISTOLOGIA DO TUMOR PRIMÁRIO;LOCALIZADO;;;;;;;;31/05/2017;;
1454958;RCBP PALMAS;FEMININO;01/12/1949;67;PARDA;BRASIL;TOCANTINS;;FUNDAMENTAL I (1ª A 4ª SÉRIE);CASADO;621;TRABALHADORES NA EXPLORAÇÃO AGROPECUÁRIA EM GERAL	;TOCANTINS;PALMAS;JUNCAO RETOSSIGMOIDIANA, SOE;C199;ADENOCARCINOMA TUBULAR;82113;JUNCAO RETOSSIGMOIDE;C19;;;;;false;HISTOLOGIA DO TUMOR PRIMÁRIO;LOCALIZADO;;;;;;;;23/06/2017;;
1454963;RCBP PALMAS;FEMININO;21/06/1936;80;PARDA;BRASIL;RIO GRANDE DO SUL;;FUNDAMENTAL I (1ª A 4ª SÉRIE);VIÚVO;0;SEM INFORMAÇÃO	;TOCANTINS;PALMAS;MAMA , SOE;C509;CARCINOMA DUCTAL INFILTRANTE;85003;MAMA , SOE;C509;;;;;false;HISTOLOGIA DO TUMOR PRIMÁRIO;METÁSTASE;;;;;;;;24/02/2017;;
1454964;RCBP PALMAS;FEMININO;18/03/1983;34;SEM INFORMAÇÃO;BRASIL;TOCANTINS;;FUNDAMENTAL II (5ª A 8ª SÉRIE);SEM INFORMAÇÃO;0;SEM INFORMAÇÃO	;TOCANTINS;PALMAS;LESAO SOBREPOSTA DA MAMA;C508;CARCINOMA DUCTAL INFILTRANTE;85003;LESAO INVASIVA DA MAMA;C508;;;;;false;HISTOLOGIA DO TUMOR PRIMÁRIO;METÁSTASE;;;;;;;;22/09/2017;;
1453432;RCBP PALMAS;FEMININO;07/04/1948;69;BRANCO;BRASIL;Não informado;Não Informado;SEM INFORMAÇÃO;VIÚVO;0;SEM INFORMAÇÃO	;TOCANTINS;PALMAS;LOCALIZACAO PRIMARIA DESCONHECIDA, SOE;C809;NEOPLASIA MALIGNA;80003;LOCALIZACAO PRIMARIA DESCONHECIDA;C80;;;;;false;SDO;METÁSTASE;;;;;CÂNCER;09/12/2017;;09/12/2017;;
1455097;RCBP PALMAS;FEMININO;27/12/1957;59;PARDA;BRASIL;PIAUÍ;;FUNDAMENTAL I (1ª A 4ª SÉRIE);SOLTEIRO;519;OUTROS TRABALHADORES DE SERVIÇOS DIVERSOS 	;TOCANTINS;PALMAS;MEDULA OSSEA;C421;MIELOMA MULTIPLO;97323;MIELOMA MULTIPLO;C900;;;;;false;HISTOLOGIA DO TUMOR PRIMÁRIO;NÃO SE APLICA;;;;;CÂNCER;30/01/2017;;04/01/2017;;
1168959;RCBP PALMAS;FEMININO;02/08/1951;65;PRETA;BRASIL;TOCANTINS;PORTO NACIONAL;SEM INFORMAÇÃO;SEM INFORMAÇÃO;0;SEM INFORMAÇÃO	;TOCANTINS;PALMAS;BEXIGA, SOE;C679;CARCINOMA PAPILAR DE CELULAS TRANSICIONAIS;81303;BEXIGA, SOE;C679;;;;;false;HISTOLOGIA DO TUMOR PRIMÁRIO;LOCALIZADO;;;;;;;;28/03/2017;;
