Código do Paciente;Nome do RCBP;Sexo;Data de Nascimento;Idade;Raca/Cor;Nacionalidade;Naturalidade Estado;Naturalidade;Grau de Instrução;Estado Civil;Código Profissão;Nome Profissão;Estado Endereço;Cidade Endereço;Descrição da Topografia;Código da Topografia;Descrição da Morfologia;Código da Morfologia;Descrição da Doenca;Código da Doenca;Descrição da Doenca Infantil;Código da Doenca Infantil;Descrição da Doenca Adulto Jovem;Código da Doenca Adulto Jovem;Indicador de Caso Raro;Meio de Diagnostico;Extensão;Lateralidade;Estadiamento;TNM;Status Vital;Tipo do Obito;Data do Óbito;Data de Último Contato;Data de Diagnostico;Metástase à distância;
1159023;RCBP RORAIMA;MASCULINO;04/02/1941;72;BRANCO;BRASIL;MARANHÃO;NOVA OLINDA DO MARANHÃO;FUNDAMENTAL I (1ª A 4ª SÉRIE);UNIÃO CONSENSUAL;711;TRABALHADORES DA EXTRAÇÃO MINERAL 	;RORAIMA;BOA VISTA;ESTOMAGO, SOE;C169;ADENOCARCINOMA, SOE;81403;ESTOMAGO, SOE;C169;;;;;false;HISTOLOGIA DO TUMOR PRIMÁRIO;SEM INFORMAÇÃO;;;;;CÂNCER;13/12/2013;;21/08/2013;;
1695454;RCBP RORAIMA;MASCULINO;27/09/1967;45;SEM INFORMAÇÃO;BRASIL;RORAIMA;BOA VISTA;SEM ESCOLARIDADE;SEM INFORMAÇÃO;622;TRABALHADORES AGRÍCOLAS   	;RORAIMA;MUCAJAÍ;ESTOMAGO, SOE;C169;NEOPLASIA MALIGNA;80003;ESTOMAGO, SOE;C169;;;;;false;HISTOLOGIA DO TUMOR PRIMÁRIO;SEM INFORMAÇÃO;;;;;CÂNCER;11/03/2013;;21/01/2013;;
1695455;RCBP RORAIMA;MASCULINO;22/11/1969;44;BRANCO;BRASIL;MARANHÃO;;FUNDAMENTAL I (1ª A 4ª SÉRIE);SOLTEIRO;622;TRABALHADORES AGRÍCOLAS   	;RORAIMA;BOA VISTA;PELE DO LABIO, SOE;C440;CARCINOMA BASOCELULAR NODULAR;80973;PELE DO LABIO;C440;;;;;false;HISTOLOGIA DO TUMOR PRIMÁRIO;LOCALIZADO;;;;;;;;10/12/2013;;
1695707;RCBP RORAIMA;FEMININO;04/05/1985;28;SEM INFORMAÇÃO;BRASIL;SÃO PAULO;SÃO PAULO;SUPERIOR COMPLETO;SEM INFORMAÇÃO;0;SEM INFORMAÇÃO	;RORAIMA;BOA VISTA;PELE DO MEMBRO SUPERIOR E DO OMBRO;C446;MICOSE FUNGOIDE;97003;MICOSE FUNGOIDE;C840;;;LINFOMA NÃO-HODGKIN;2.1;false;HISTOLOGIA DO TUMOR PRIMÁRIO;NÃO SE APLICA;;;;;;;;22/08/2013;;
1695715;RCBP RORAIMA;FEMININO;18/09/1955;57;PARDA;BRASIL;RORAIMA;;FUNDAMENTAL I (1ª A 4ª SÉRIE);CASADO;0;SEM INFORMAÇÃO	;RORAIMA;BOA VISTA;COLO DO UTERO, SOE;C539;CARCINOMA ESCAMOCELULAR, SOE;80703;COLO DO UTERO, SOE;C539;;;;;false;HISTOLOGIA DO TUMOR PRIMÁRIO;SEM INFORMAÇÃO;;;;;;;;27/06/2013;;
1695724;RCBP RORAIMA;FEMININO;09/10/1964;48;AMARELA;BRASIL;MARANHÃO;;FUNDAMENTAL II (5ª A 8ª SÉRIE);CASADO;0;SEM INFORMAÇÃO	;RORAIMA;BOA VISTA;COLO DO UTERO, SOE;C539;CARCINOMA ESCAMOCELULAR, SOE;80703;COLO DO UTERO, SOE;C539;;;;;false;HISTOLOGIA DO TUMOR PRIMÁRIO;SEM INFORMAÇÃO;;;;;;;;16/08/2013;;
1695728;RCBP RORAIMA;FEMININO;18/09/1955;57;SEM INFORMAÇÃO;BRASIL;Não informado;Não Informado;SEM INFORMAÇÃO;SEM INFORMAÇÃO;0;SEM INFORMAÇÃO	;RORAIMA;BOA VISTA;COLO DO UTERO, SOE;C539;CARCINOMA ESCAMOCELULAR, SOE;80703;COLO DO UTERO, SOE;C539;;;;;false;CITOLOGIA;LOCALIZADO;;;;;CÂNCER;18/02/2017;;15/06/2013;;
1695756;RCBP RORAIMA;MASCULINO;06/02/1939;74;PARDA;BRASIL;PARÁ;;SEM INFORMAÇÃO;SEM INFORMAÇÃO;0;SEM INFORMAÇÃO	;RORAIMA;BOA VISTA;PROSTATA, SOE;C619;ADENOCARCINOMA, SOE;81403;PROSTATA;C61;;;;;false;HISTOLOGIA DO TUMOR PRIMÁRIO;SEM INFORMAÇÃO;;;;;;;;06/12/2013;;
1695759;RCBP RORAIMA;FEMININO;09/03/1949;64;INDÍGENA;BRASIL;RORAIMA;;FUNDAMENTAL I (1ª A 4ª SÉRIE);CASADO;622;TRABALHADORES AGRÍCOLAS   	;RORAIMA;CANTÁ;PELE DE OUTRAS PARTES DA FACE;C443;CARCINOMA BASOCELULAR, TIPO FIBROEPITELIAL;80933;PELE DE OUTRAS PARTES DA FACE;C443;;;;;false;HISTOLOGIA DO TUMOR PRIMÁRIO;SEM INFORMAÇÃO;;;;;;;;12/12/2013;;
1695770;RCBP RORAIMA;FEMININO;22/07/1967;45;PARDA;BRASIL;PARÁ;MARABÁ;FUNDAMENTAL I (1ª A 4ª SÉRIE);UNIÃO CONSENSUAL;521;VENDEDORES E DEMONSTRADORES   	;RORAIMA;BOA VISTA;MAMA , SOE;C509;CARCINOMA DUCTAL INFILTRANTE;85003;MAMA , SOE;C509;;;;;false;HISTOLOGIA DO TUMOR PRIMÁRIO;SEM INFORMAÇÃO;;;;;;;;22/02/2013;;
1698992;RCBP RORAIMA;FEMININO;10/07/1947;66;PARDA;BRASIL;MARANHÃO;;SEM ESCOLARIDADE;VIÚVO;0;SEM INFORMAÇÃO	;RORAIMA;BOA VISTA;OUVIDO EXTERNO;C442;CARCINOMA BASOCELULAR NODULAR;80973;PELE DA ORELHA E CONDUTO AUDITIVO EXTERNO;C442;;;;;false;HISTOLOGIA DO TUMOR PRIMÁRIO;LOCALIZADO;;;;;;;;15/08/2013;;
1695934;RCBP RORAIMA;FEMININO;11/01/1969;44;PARDA;BRASIL;MARANHÃO;;FUNDAMENTAL I (1ª A 4ª SÉRIE);SEPARADO JUDICIALMENTE;0;SEM INFORMAÇÃO	;RORAIMA;BOA VISTA;MAMA , SOE;C509;CARCINOMA DUCTAL INFILTRANTE;85003;MAMA , SOE;C509;;;;;false;HISTOLOGIA DO TUMOR PRIMÁRIO;SEM INFORMAÇÃO;;;;;;;;07/08/2013;;
1695936;RCBP RORAIMA;FEMININO;11/10/1972;40;PARDA;BRASIL;RORAIMA;;SEM INFORMAÇÃO;CASADO;0;SEM INFORMAÇÃO	;RORAIMA;BOA VISTA;COLO DO UTERO, SOE;C539;CARCINOMA ESC. DE CEL. GDES., NAO CERAT., SOE;80723;COLO DO UTERO, SOE;C539;;;;;false;HISTOLOGIA DO TUMOR PRIMÁRIO;SEM INFORMAÇÃO;;;;;;;;14/03/2013;;
1696041;RCBP RORAIMA;FEMININO;08/02/1978;35;PARDA;BRASIL;Não informado;Não Informado;FUNDAMENTAL I (1ª A 4ª SÉRIE);SEM INFORMAÇÃO;0;SEM INFORMAÇÃO	;RORAIMA;BOA VISTA;COLO DO UTERO, SOE;C539;NEOPLASIA INTRA-EPITELIAL ESCAMOSA,GRAU IIII;80772;COLO DO UTERO, SOE;D069;;;;;false;CITOLOGIA;"IN SITU";;;;;;;;25/10/2013;;
1696044;RCBP RORAIMA;FEMININO;01/04/1963;49;SEM INFORMAÇÃO;BRASIL;RORAIMA;;SEM INFORMAÇÃO;CASADO;0;SEM INFORMAÇÃO	;RORAIMA;BOA VISTA;MAMA , SOE;C509;CARCINOMA DUCTAL INFILTRANTE;85003;MAMA , SOE;C509;;;;;false;HISTOLOGIA DO TUMOR PRIMÁRIO;SEM INFORMAÇÃO;;;;;;;;22/01/2013;;
1696097;RCBP RORAIMA;FEMININO;06/05/1993;20;SEM INFORMAÇÃO;BRASIL;RORAIMA;;MÉDIO (ANTIGO SEGUNDO GRAU);SEM INFORMAÇÃO;0;SEM INFORMAÇÃO	;RORAIMA;BOA VISTA;MEDULA OSSEA;C421;SINDROME MIELODISPLASICA, SOE;99893;SINDROME MIELODISPLASICA, NAO ESPECIFICADA;D469;;;OUTRAS NEOPLASIAS ESPECÍFICAS, NEC;9.2.4;false;HISTOLOGIA DO TUMOR PRIMÁRIO;NÃO SE APLICA;;;;;;;;04/09/2013;;
1696142;RCBP RORAIMA;MASCULINO;01/04/1961;52;PARDA;BRASIL;RORAIMA;;FUNDAMENTAL II (5ª A 8ª SÉRIE);CASADO;641;TRABALHADORES DA MECANIZAÇÃO AGROPECUÁRIA 	;RORAIMA;BOA VISTA;PROSTATA, SOE;C619;ADENOCARCINOMA, SOE;81403;PROSTATA;C61;;;;;false;HISTOLOGIA DO TUMOR PRIMÁRIO;SEM INFORMAÇÃO;;;;;;;;22/05/2013;;
1696146;RCBP RORAIMA;FEMININO;26/11/1937;75;BRANCO;BRASIL;PERNAMBUCO;;FUNDAMENTAL I (1ª A 4ª SÉRIE);CASADO;622;TRABALHADORES AGRÍCOLAS   	;RORAIMA;CAROEBE;MAMA , SOE;C509;CARCINOMA DUCTAL INFILTRANTE;85003;MAMA , SOE;C509;;;;;false;HISTOLOGIA DO TUMOR PRIMÁRIO;SEM INFORMAÇÃO;;;;;;;;12/08/2013;;
1696147;RCBP RORAIMA;MASCULINO;02/02/1961;52;SEM INFORMAÇÃO;BRASIL;RORAIMA;;MÉDIO (ANTIGO SEGUNDO GRAU);SEM INFORMAÇÃO;0;SEM INFORMAÇÃO	;RORAIMA;BOA VISTA;PELE DO MEMBRO SUPERIOR E DO OMBRO;C446;DOENCA DE BOWEN;80812;PELE DOS MEMBROS SUPERIORES, INCLUINDO OMBRO;D046;;;;;false;HISTOLOGIA DO TUMOR PRIMÁRIO;"IN SITU";;;;;;;;19/03/2013;;
1696156;RCBP RORAIMA;MASCULINO;03/08/1976;36;SEM INFORMAÇÃO;BRASIL;MATO GROSSO DO SUL;CAARAPÓ;MÉDIO (ANTIGO SEGUNDO GRAU);SEM INFORMAÇÃO;0;SEM INFORMAÇÃO	;RORAIMA;BOA VISTA;MEDULA OSSEA;C421;LEUCEMIA MIELOIDE CRONICA, SOE;98633;LEUCEMIA MIELOIDE CRONICA;C921;;;;;false;HISTOLOGIA DO TUMOR PRIMÁRIO;NÃO SE APLICA;;;;;CÂNCER;02/04/2015;;30/04/2013;;
1696163;RCBP RORAIMA;FEMININO;08/08/1939;73;BRANCO;BRASIL;SANTA CATARINA;;FUNDAMENTAL I (1ª A 4ª SÉRIE);SEPARADO JUDICIALMENTE;622;TRABALHADORES AGRÍCOLAS   	;RORAIMA;BOA VISTA;PELE DO MEMBRO SUPERIOR E DO OMBRO;C446;CARCINOMA BASOCELULAR NODULAR;80973;PELE DO MEMBRO SUPERIOR E DO OMBRO;C446;;;;;false;HISTOLOGIA DO TUMOR PRIMÁRIO;SEM INFORMAÇÃO;;;;;;;;03/06/2013;;
1696178;RCBP RORAIMA;MASCULINO;18/09/1930;82;PRETA;BRASIL;CEARÁ;;SEM ESCOLARIDADE;CASADO;622;TRABALHADORES AGRÍCOLAS   	;RORAIMA;CANTÁ;OLHO, SOE;C699;ADENOCARCINOMA, SOE;81403;OLHO, SOE;C699;;;;;false;HISTOLOGIA DO TUMOR PRIMÁRIO;SEM INFORMAÇÃO;;;;;SEM INFORMAÇÃO;02/03/2015;;05/04/2013;;
1696177;RCBP RORAIMA;FEMININO;05/09/1944;68;PARDA;BRASIL;Não informado;;MÉDIO (ANTIGO SEGUNDO GRAU);VIÚVO;411;ESCRITURÁRIOS EM GERAL, AGENTES, ASSISTENTES E AUXILIARES ADMINISTRATIVOS 	;RORAIMA;BOA VISTA;ESTOMAGO, SOE;C169;NEOPLASIA MALIGNA;80003;ESTOMAGO, SOE;C169;;;;;false;HISTOLOGIA DO TUMOR PRIMÁRIO;SEM INFORMAÇÃO;SEM INFORMAÇÃO;99 - SEM INFORMAÇÃO;999;MORTO;CÂNCER;25/03/2013;25/03/2013;02/01/2013;;
1696180;RCBP RORAIMA;FEMININO;10/02/1946;67;PARDA;BRASIL;ACRE;;SEM INFORMAÇÃO;VIÚVO;0;SEM INFORMAÇÃO	;RORAIMA;BOA VISTA;MAMA , SOE;C509;CARCINOMA DUCTAL INFILTRANTE;85003;MAMA , SOE;C509;;;;;false;HISTOLOGIA DO TUMOR PRIMÁRIO;SEM INFORMAÇÃO;;;;;;;;19/11/2013;;
1696186;RCBP RORAIMA;MASCULINO;22/10/1942;70;PARDA;BRASIL;MARANHÃO;;FUNDAMENTAL I (1ª A 4ª SÉRIE);CASADO;0;SEM INFORMAÇÃO	;RORAIMA;BOA VISTA;PROSTATA, SOE;C619;ADENOCARCINOMA, SOE;81403;PROSTATA;C61;;;;;false;HISTOLOGIA DO TUMOR PRIMÁRIO;SEM INFORMAÇÃO;;;;;;;;20/06/2013;;
1696191;RCBP RORAIMA;MASCULINO;07/01/1941;72;PARDA;BRASIL;ACRE;;FUNDAMENTAL I (1ª A 4ª SÉRIE);SOLTEIRO;0;SEM INFORMAÇÃO	;RORAIMA;ALTO ALEGRE;PELE DE OUTRAS PARTES DA FACE;C443;CARCINOMA BASOCELULAR, SOE;80903;PELE DE OUTRAS PARTES DA FACE;C443;;;;;false;HISTOLOGIA DO TUMOR PRIMÁRIO;SEM INFORMAÇÃO;;;;;;;;15/10/2013;;
1695935;RCBP RORAIMA;FEMININO;02/01/1935;78;BRANCO;BRASIL;CEARÁ;;SEM ESCOLARIDADE;VIÚVO;0;SEM INFORMAÇÃO	;RORAIMA;BOA VISTA;PELE, SOE;C449;CARCINOMA BASOCELULAR, SOE;80903;NEOPLASIA MALIGNA DA PELE;C449;;;;;false;CLÍNICO;SEM INFORMAÇÃO;;;;;;;;21/05/2013;;
1695935;RCBP RORAIMA;FEMININO;02/01/1935;78;BRANCO;BRASIL;CEARÁ;;SEM ESCOLARIDADE;VIÚVO;0;SEM INFORMAÇÃO	;RORAIMA;BOA VISTA;PELE DO MEMBRO SUPERIOR E DO OMBRO;C446;CARCINOMA BASOCELULAR, SOE;80903;PELE DO MEMBRO SUPERIOR E DO OMBRO;C446;;;;;false;CLÍNICO;SEM INFORMAÇÃO;;;;;;;;21/05/2013;;
1696242;RCBP RORAIMA;FEMININO;10/05/1981;32;PARDA;BRASIL;MARANHÃO;BACABAL;MÉDIO (ANTIGO SEGUNDO GRAU);SOLTEIRO;0;SEM INFORMAÇÃO	;RORAIMA;BOA VISTA;PELE DE OUTRAS PARTES DA FACE;C443;DERMATOFIBROSSARCOMA, SOE;88323;PELE DE OUTRAS PARTES DA FACE;C443;;;;;false;HISTOLOGIA DO TUMOR PRIMÁRIO;LOCALIZADO;;;;;;;;31/10/2013;;
1696256;RCBP RORAIMA;MASCULINO;03/02/1947;66;PARDA;BRASIL;AMAZONAS;COARI;FUNDAMENTAL I (1ª A 4ª SÉRIE);CASADO;0;SEM INFORMAÇÃO	;RORAIMA;BOA VISTA;PELE DE OUTRAS PARTES DA FACE;C443;CARCINOMA BASOCELULAR, SOE;80903;PELE DE OUTRAS PARTES DA FACE;C443;;;;;false;HISTOLOGIA DO TUMOR PRIMÁRIO;SEM INFORMAÇÃO;;;;;;;;03/05/2013;;
1696260;RCBP RORAIMA;MASCULINO;26/12/1959;53;SEM INFORMAÇÃO;BRASIL;RORAIMA;BOA VISTA;SEM INFORMAÇÃO;SEM INFORMAÇÃO;0;SEM INFORMAÇÃO	;RORAIMA;BOA VISTA;PROSTATA, SOE;C619;ADENOCARCINOMA, SOE;81403;PROSTATA;C61;;;;;false;HISTOLOGIA DO TUMOR PRIMÁRIO;SEM INFORMAÇÃO;;;;;CÂNCER;13/04/2017;;19/09/2013;;
1696294;RCBP RORAIMA;MASCULINO;02/10/1945;67;PRETA;BRASIL;MARANHÃO;SANTA INÊS;SEM ESCOLARIDADE;SOLTEIRO;514;TRABALHADORES NOS SERVIÇOS DE ADMINISTRAÇÃO, CONSERVAÇÃO E MANUTENÇÃO DE EDIFÍCIOS E LOGRADOUROS  	;RORAIMA;BOA VISTA;ESTOMAGO, SOE;C169;NEOPLASIA MALIGNA;80003;ESTOMAGO, SOE;C169;;;;;false;HISTOLOGIA DO TUMOR PRIMÁRIO;SEM INFORMAÇÃO;SEM INFORMAÇÃO;99 - SEM INFORMAÇÃO;999;MORTO;CÂNCER;07/01/2013;07/01/2013;02/01/2013;;
1696316;RCBP RORAIMA;FEMININO;30/12/1977;35;SEM INFORMAÇÃO;BRASIL;RORAIMA;CARACARAÍ;SEM INFORMAÇÃO;CASADO;0;SEM INFORMAÇÃO	;RORAIMA;CARACARAÍ;COLO DO UTERO, SOE;C539;NEOPLASIA INTRA-EPITELIAL ESCAMOSA,GRAU IIII;80772;COLO DO UTERO, SOE;D069;;;;;false;CITOLOGIA;"IN SITU";;;;;;;;29/05/2013;;
1696326;RCBP RORAIMA;FEMININO;25/04/1964;49;BRANCO;BRASIL;MARANHÃO;BACABAL;FUNDAMENTAL II (5ª A 8ª SÉRIE);CASADO;622;TRABALHADORES AGRÍCOLAS   	;RORAIMA;BOA VISTA;COLO DO UTERO, SOE;C539;CARCINOMA ESC. DE CEL. GDES., NAO CERAT., SOE;80723;COLO DO UTERO, SOE;C539;;;;;false;HISTOLOGIA DO TUMOR PRIMÁRIO;SEM INFORMAÇÃO;;;;;CÂNCER;29/06/2016;;13/11/2013;;
1696334;RCBP RORAIMA;FEMININO;06/07/1959;53;SEM INFORMAÇÃO;BRASIL;RORAIMA;CARACARAÍ;SEM INFORMAÇÃO;SEM INFORMAÇÃO;0;SEM INFORMAÇÃO	;RORAIMA;CARACARAÍ;COLO DO UTERO, SOE;C539;NEOPLASIA INTRA-EPITELIAL ESCAMOSA,GRAU IIII;80772;COLO DO UTERO, SOE;D069;;;;;false;CITOLOGIA;"IN SITU";;;;;;;;24/05/2013;;
1696264;RCBP RORAIMA;MASCULINO;20/07/1938;74;BRANCO;BRASIL;RORAIMA;BOA VISTA;FUNDAMENTAL I (1ª A 4ª SÉRIE);CASADO;204;PROFISSIONAIS DE INVESTIGAÇÃO CRIMINAL	;RORAIMA;BOA VISTA;BEXIGA, SOE;C679;CARCINOMA DE CELULAS TRANSICIONAIS, SOE;81203;BEXIGA, SOE;C679;;;;;false;HISTOLOGIA DO TUMOR PRIMÁRIO;LOCALIZADO;;;;;CÂNCER;15/06/2016;;09/07/2013;;
1696243;RCBP RORAIMA;FEMININO;23/05/1964;49;PARDA;BRASIL;MARANHÃO;COROATÁ;FUNDAMENTAL II (5ª A 8ª SÉRIE);UNIÃO CONSENSUAL;622;TRABALHADORES AGRÍCOLAS   	;RORAIMA;BOA VISTA;TIREOIDE, SOE;C739;ADENOCARCINOMA PAPILAR, SOE;82603;GLANDULA TIREOIDE;C73;;;;;false;HISTOLOGIA DO TUMOR PRIMÁRIO;METÁSTASE;;;;;;;;09/12/2013;;
1696245;RCBP RORAIMA;FEMININO;08/07/1938;75;PARDA;BRASIL;RORAIMA;BOA VISTA;FUNDAMENTAL I (1ª A 4ª SÉRIE);VIÚVO;513;TRABALHADORES DOS SERVIÇOS DE HOTELARIA E ALIMENTAÇÃO 	;RORAIMA;BOA VISTA;MAMA , SOE;C509;CARCINOMA DUCTAL INFILTRANTE;85003;MAMA , SOE;C509;;;;;false;HISTOLOGIA DO TUMOR PRIMÁRIO;METÁSTASE;;;;;;;;25/09/2013;;
1696263;RCBP RORAIMA;MASCULINO;01/09/1948;64;PARDA;BRASIL;CEARÁ;JAGUARUANA;FUNDAMENTAL I (1ª A 4ª SÉRIE);CASADO;782;CONDUTORES DE VEÍCULOS E OPERADORES DE EQUIPAMENTOS DE ELEVAÇÃO E DE MOVIMENTAÇÃO DE CARGAS   	;RORAIMA;BOA VISTA;PELE, SOE;C449;CARCINOMA BASOCELULAR, SOE;80903;NEOPLASIA MALIGNA DA PELE;C449;;;;;false;HISTOLOGIA DO TUMOR PRIMÁRIO;SEM INFORMAÇÃO;;;;;;;;19/07/2013;;
1696403;RCBP RORAIMA;MASCULINO;12/09/1949;64;PARDA;BRASIL;RIO GRANDE DO NORTE;;SEM INFORMAÇÃO;VIÚVO;0;SEM INFORMAÇÃO	;RORAIMA;BOA VISTA;LOBO SUPERIOR DO PULMAO;C341;CARCINOMA ESCAMOCELULAR, SOE;80703;LOBO SUPERIOR, BRONQUIO OU PULMAO;C341;;;;;false;HISTOLOGIA DO TUMOR PRIMÁRIO;METÁSTASE;;;;;CÂNCER;10/03/2014;;17/10/2013;;
1696415;RCBP RORAIMA;FEMININO;12/09/1993;19;SEM INFORMAÇÃO;BRASIL;RORAIMA;CARACARAÍ;SEM INFORMAÇÃO;SEM INFORMAÇÃO;0;SEM INFORMAÇÃO	;RORAIMA;CARACARAÍ;COLO DO UTERO, SOE;C539;NEOPLASIA INTRA-EPITELIAL ESCAMOSA,GRAU IIII;80772;COLO DO UTERO, SOE;D069;Outros carcinomas malignos não especificados;XI-F;;;true;CITOLOGIA;"IN SITU";;;;;;;;29/05/2013;;
1696429;RCBP RORAIMA;FEMININO;04/06/1972;40;SEM INFORMAÇÃO;BRASIL;RORAIMA;MUCAJAÍ;SEM INFORMAÇÃO;SEM INFORMAÇÃO;;;RORAIMA;MUCAJAÍ;COLO DO UTERO, SOE;C539;NEOPLASIA INTRA-EPITELIAL ESCAMOSA,GRAU IIII;80772;COLO DO UTERO, SOE;D069;;;;;false;CITOLOGIA;"IN SITU";;;;;;;;06/05/2013;;
1696455;RCBP RORAIMA;MASCULINO;14/11/1939;73;SEM INFORMAÇÃO;BRASIL;CEARÁ;;SEM INFORMAÇÃO;SEM INFORMAÇÃO;0;SEM INFORMAÇÃO	;RORAIMA;BOA VISTA;PROSTATA, SOE;C619;ADENOCARCINOMA, SOE;81403;PROSTATA;C61;;;;;false;HISTOLOGIA DO TUMOR PRIMÁRIO;SEM INFORMAÇÃO;;;;;;;;08/02/2013;;
1159136;RCBP RORAIMA;FEMININO;01/12/1953;59;BRANCO;BRASIL;MARANHÃO;BACABAL;FUNDAMENTAL I (1ª A 4ª SÉRIE);CASADO;;;RORAIMA;BOA VISTA;VIAS BILIARES INTRA-HEPATICAS;C221;COLANGIOCARCINOMA;81603;FIGADO E VIAS BILIARES INTRA-HEPATICAS;C22;;;;;false;PESQUISA;SEM INFORMAÇÃO;;;;;;;;15/02/2013;;
1696649;RCBP RORAIMA;FEMININO;31/01/1973;40;BRANCO;BRASIL;RORAIMA;;SUPERIOR COMPLETO;SEM INFORMAÇÃO;252;PROFISSIONAIS DE ORGANIZAÇÃO E ADMINISTRAÇÃO DE EMPRESAS E AFINS  	;RORAIMA;BOA VISTA;MAMA , SOE;C509;CARCINOMA DUCTAL INFILTRANTE;85003;MAMA , SOE;C509;;;;;false;HISTOLOGIA DO TUMOR PRIMÁRIO;SEM INFORMAÇÃO;;;;;;;;23/12/2013;;
1696684;RCBP RORAIMA;FEMININO;22/02/1976;37;SEM INFORMAÇÃO;BRASIL;RORAIMA;MUCAJAÍ;SEM INFORMAÇÃO;SEM INFORMAÇÃO;;;RORAIMA;MUCAJAÍ;COLO DO UTERO, SOE;C539;NEOPLASIA INTRA-EPITELIAL ESCAMOSA,GRAU IIII;80772;COLO DO UTERO, SOE;D069;;;;;false;CITOLOGIA;"IN SITU";;;;;;;;10/05/2013;;
1696695;RCBP RORAIMA;FEMININO;10/07/1980;33;PARDA;BRASIL;MARANHÃO;;MÉDIO (ANTIGO SEGUNDO GRAU);SOLTEIRO;0;SEM INFORMAÇÃO	;RORAIMA;BOA VISTA;OVARIO, SOE;C569;DISGERMINOMA;90603;OVARIO;C56;;;;;true;HISTOLOGIA DO TUMOR PRIMÁRIO;SEM INFORMAÇÃO;;;;;;;;03/10/2013;;
1696697;RCBP RORAIMA;FEMININO;07/12/1965;48;PARDA;BRASIL;Não informado;Não Informado;FUNDAMENTAL I (1ª A 4ª SÉRIE);SEM INFORMAÇÃO;0;SEM INFORMAÇÃO	;RORAIMA;BOA VISTA;COLO DO UTERO, SOE;C539;NEOPLASIA INTRA-EPITELIAL ESCAMOSA,GRAU IIII;80772;COLO DO UTERO, SOE;D069;;;;;false;CITOLOGIA;"IN SITU";;;;;;;;23/12/2013;;
1696699;RCBP RORAIMA;FEMININO;08/07/1951;62;PARDA;BRASIL;AMAZONAS;ITACOATIARA;MÉDIO (ANTIGO SEGUNDO GRAU);SOLTEIRO;0;SEM INFORMAÇÃO	;RORAIMA;BOA VISTA;MAMA , SOE;C509;CARCINOMA DUCTAL INFILTRANTE;85003;MAMA , SOE;C509;;;;;false;HISTOLOGIA DO TUMOR PRIMÁRIO;LOCALIZADO;;;;;;;;15/10/2013;;
1696713;RCBP RORAIMA;FEMININO;16/07/2011;2;SEM INFORMAÇÃO;BRASIL;RORAIMA;;SEM ESCOLARIDADE;SEM INFORMAÇÃO;0;SEM INFORMAÇÃO	;RORAIMA;BOA VISTA;MEDULA OSSEA;C421;LEUCEMIA LINFOBLASTICA DE CEL. PRECURSORAS TIPO B;98363;LEUCEMIA LINFOBLASTICA AGUDA;C910;Leucemias linfóides;I-A;;;false;HISTOLOGIA DO TUMOR PRIMÁRIO;NÃO SE APLICA;;;;;;;;17/10/2013;;
1696724;RCBP RORAIMA;FEMININO;23/04/1967;46;PARDA;BRASIL;RIO GRANDE DO SUL;;SEM ESCOLARIDADE;CASADO;0;SEM INFORMAÇÃO	;RORAIMA;BOA VISTA;PELE DE OUTRAS PARTES DA FACE;C443;CARCINOMA ESCAMOCELULAR, SOE;80703;PELE DE OUTRAS PARTES DA FACE;C443;;;;;false;HISTOLOGIA DO TUMOR PRIMÁRIO;LOCALIZADO;;;;;;;;09/08/2013;;
1696733;RCBP RORAIMA;FEMININO;12/09/1963;49;PARDA;BRASIL;PARÁ;BELÉM;FUNDAMENTAL I (1ª A 4ª SÉRIE);UNIÃO CONSENSUAL;782;CONDUTORES DE VEÍCULOS E OPERADORES DE EQUIPAMENTOS DE ELEVAÇÃO E DE MOVIMENTAÇÃO DE CARGAS   	;RORAIMA;BOA VISTA;MAMA , SOE;C509;CARCINOMA DUCTAL INFILTRANTE;85003;MAMA , SOE;C509;;;;;false;HISTOLOGIA DO TUMOR PRIMÁRIO;METÁSTASE;;;;;;;;08/02/2013;;
1696673;RCBP RORAIMA;FEMININO;17/02/1965;48;PARDA;BRASIL;AMAZONAS;MANAUS;SEM ESCOLARIDADE;CASADO;0;SEM INFORMAÇÃO	;RORAIMA;RORAINÓPOLIS;CORPO DO UTERO, SOE;C549;CARCINOMA ENDOMETRIOIDE, SOE;83803;CORPO DO UTERO, SOE;C549;;;;;false;HISTOLOGIA DO TUMOR PRIMÁRIO;LOCALIZADO;;;;;;;;10/09/2013;;
1696788;RCBP RORAIMA;FEMININO;06/03/1967;46;PARDA;BRASIL;AMAZONAS;SÃO PAULO DE OLIVENÇA;MÉDIO (ANTIGO SEGUNDO GRAU);UNIÃO CONSENSUAL;514;TRABALHADORES NOS SERVIÇOS DE ADMINISTRAÇÃO, CONSERVAÇÃO E MANUTENÇÃO DE EDIFÍCIOS E LOGRADOUROS  	;RORAIMA;BOA VISTA;JUNCAO RETOSSIGMOIDIANA, SOE;C199;CARCINOMA ESCAMOCELULAR, SOE;80703;JUNCAO RETOSSIGMOIDE;C19;;;;;false;HISTOLOGIA DO TUMOR PRIMÁRIO;LOCALIZADO;;;;;CÂNCER;21/05/2015;;25/03/2013;;
1696797;RCBP RORAIMA;FEMININO;04/09/1986;26;SEM INFORMAÇÃO;BRASIL;RORAIMA;AMAJARI;SEM INFORMAÇÃO;SEM INFORMAÇÃO;0;SEM INFORMAÇÃO	;RORAIMA;AMAJARI;COLO DO UTERO, SOE;C539;NEOPLASIA INTRA-EPITELIAL ESCAMOSA,GRAU IIII;80772;COLO DO UTERO, SOE;D069;;;;;false;CITOLOGIA;"IN SITU";;;;;;;;15/05/2013;;
1696863;RCBP RORAIMA;MASCULINO;02/01/2010;3;PARDA;BRASIL;RORAIMA;BOA VISTA;SEM ESCOLARIDADE;SOLTEIRO;0;SEM INFORMAÇÃO	;RORAIMA;BOA VISTA;MEDULA OSSEA;C421;LEUCEMIA LINFOBLASTICA DE CEL. PRECURSORAS TIPO B;98363;LEUCEMIA LINFOBLASTICA AGUDA;C910;Leucemias linfóides;I-A;;;false;HISTOLOGIA DO TUMOR PRIMÁRIO;NÃO SE APLICA;;;;;;;;17/10/2013;;
1696857;RCBP RORAIMA;MASCULINO;03/11/1958;55;BRANCO;BRASIL;PIAUÍ;;SEM INFORMAÇÃO;VIÚVO;0;SEM INFORMAÇÃO	;RORAIMA;BOA VISTA;OUVIDO EXTERNO;C442;CARCINOMA BASOCELULAR, SOE;80903;PELE DA ORELHA E CONDUTO AUDITIVO EXTERNO;C442;;;;;false;HISTOLOGIA DO TUMOR PRIMÁRIO;SEM INFORMAÇÃO;;;;;;;;15/12/2013;;
1696858;RCBP RORAIMA;MASCULINO;23/10/1942;70;PARDA;BRASIL;MARANHÃO;COLINAS;FUNDAMENTAL I (1ª A 4ª SÉRIE);SOLTEIRO;0;SEM INFORMAÇÃO	;RORAIMA;BOA VISTA;PROSTATA, SOE;C619;ADENOCARCINOMA, SOE;81403;PROSTATA;C61;;;;;false;HISTOLOGIA DO TUMOR PRIMÁRIO;SEM INFORMAÇÃO;;;;;CÂNCER;11/05/2017;;25/09/2013;;
1696866;RCBP RORAIMA;MASCULINO;16/08/1948;65;PARDA;BRASIL;MINAS GERAIS;COUTO DE MAGALHÃES DE MINAS;FUNDAMENTAL I (1ª A 4ª SÉRIE);CASADO;0;SEM INFORMAÇÃO	;RORAIMA;BOA VISTA;LARINGE, SOE;C329;CARCINOMA ESCAMOCELULAR, SOE;80703;LARINGE, SOE;C329;;;;;false;HISTOLOGIA DO TUMOR PRIMÁRIO;SEM INFORMAÇÃO;;;;;;;;10/10/2013;;
1696868;RCBP RORAIMA;MASCULINO;31/05/1949;63;PARDA;BRASIL;MATO GROSSO ;NOVA XAVANTINA;FUNDAMENTAL II (5ª A 8ª SÉRIE);CASADO;622;TRABALHADORES AGRÍCOLAS   	;RORAIMA;IRACEMA;TECIDOS MOLES DA PELVE;C495;SARCOMA, SOE;88003;TECIDOS MOLES DA PELVE;C495;;;;;false;HISTOLOGIA DO TUMOR PRIMÁRIO;SEM INFORMAÇÃO;;;;;CÂNCER;06/06/2015;;11/02/2013;;
1696869;RCBP RORAIMA;MASCULINO;01/05/1932;81;PARDA;BRASIL;PIAUÍ;SÃO RAIMUNDO NONATO;SEM INFORMAÇÃO;CASADO;0;SEM INFORMAÇÃO	;RORAIMA;BOA VISTA;PROSTATA, SOE;C619;ADENOCARCINOMA, SOE;81403;PROSTATA;C61;;;;;false;HISTOLOGIA DO TUMOR PRIMÁRIO;SEM INFORMAÇÃO;;;;;;;;06/12/2013;;
1696872;RCBP RORAIMA;FEMININO;13/11/1976;36;PARDA;BRASIL;RORAIMA;BOA VISTA;MÉDIO (ANTIGO SEGUNDO GRAU);SOLTEIRO;622;TRABALHADORES AGRÍCOLAS   	;RORAIMA;BOA VISTA;PELE, SOE;C449;CARCINOMA ESCAMOCELULAR, SOE;80703;NEOPLASIA MALIGNA DA PELE;C449;;;;;false;HISTOLOGIA DO TUMOR PRIMÁRIO;SEM INFORMAÇÃO;;;;;CÂNCER;30/04/2015;;15/01/2013;;
1696880;RCBP RORAIMA;MASCULINO;03/09/1942;71;PARDA;BRASIL;MARANHÃO;;FUNDAMENTAL I (1ª A 4ª SÉRIE);SOLTEIRO;622;TRABALHADORES AGRÍCOLAS   	;RORAIMA;AMAJARI;PROSTATA, SOE;C619;ADENOCARCINOMA, SOE;81403;PROSTATA;C61;;;;;false;HISTOLOGIA DO TUMOR PRIMÁRIO;LOCALIZADO;;;;;;;;20/12/2013;;
1696911;RCBP RORAIMA;MASCULINO;23/01/1953;60;SEM INFORMAÇÃO;BRASIL;CEARÁ;;SEM INFORMAÇÃO;CASADO;622;TRABALHADORES AGRÍCOLAS   	;RORAIMA;BOA VISTA;PROSTATA, SOE;C619;ADENOCARCINOMA, SOE;81403;PROSTATA;C61;;;;;false;HISTOLOGIA DO TUMOR PRIMÁRIO;SEM INFORMAÇÃO;;;;;;;;11/10/2013;;
1696913;RCBP RORAIMA;MASCULINO;25/10/1965;47;SEM INFORMAÇÃO;BRASIL;RORAIMA;BOA VISTA;MÉDIO (ANTIGO SEGUNDO GRAU);SEM INFORMAÇÃO;0;SEM INFORMAÇÃO	;RORAIMA;BOA VISTA;PELE DO MEMBRO INFERIOR E DO QUADRIL;C447;MELANOMA MALIGNO, SOE;87203;MELANOMA MALIGNO DO MEMBRO INFERIOR E QUADRIL;C437;;;;;false;HISTOLOGIA DO TUMOR PRIMÁRIO;LOCALIZADO;;;;;;;;26/06/2013;;
1696933;RCBP RORAIMA;MASCULINO;27/04/1957;56;PARDA;BRASIL;GOIAS;;SEM INFORMAÇÃO;CASADO;622;TRABALHADORES AGRÍCOLAS   	;RORAIMA;BOA VISTA;PELE DO MEMBRO SUPERIOR E DO OMBRO;C446;CARCINOMA BASOCELULAR, SOE;80903;PELE DO MEMBRO SUPERIOR E DO OMBRO;C446;;;;;false;HISTOLOGIA DO TUMOR PRIMÁRIO;SEM INFORMAÇÃO;;;;;;;;20/12/2013;;
1696988;RCBP RORAIMA;FEMININO;29/05/1945;68;BRANCO;BRASIL;PERNAMBUCO;;FUNDAMENTAL II (5ª A 8ª SÉRIE);SEPARADO JUDICIALMENTE;0;SEM INFORMAÇÃO	;RORAIMA;BOA VISTA;BACO;C422;LINFOMA MALIGNO, LINFOPLASMOCITARIO;96713;OUTROS TIPOS DE LINFOMA NAO-HODKIN DIFUSO;C838;;;;;false;HISTOLOGIA DO TUMOR PRIMÁRIO;NÃO SE APLICA;;;;;;;;15/09/2013;;
1697009;RCBP RORAIMA;MASCULINO;12/12/1963;49;BRANCO;BRASIL;RIO DE JANEIRO;;FUNDAMENTAL II (5ª A 8ª SÉRIE);UNIÃO CONSENSUAL;782;CONDUTORES DE VEÍCULOS E OPERADORES DE EQUIPAMENTOS DE ELEVAÇÃO E DE MOVIMENTAÇÃO DE CARGAS   	;RORAIMA;BOA VISTA;OLHO, SOE;C699;CARCINOMA ESCAMOCELULAR, SOE;80703;OLHO, SOE;C699;;;;;false;HISTOLOGIA DO TUMOR PRIMÁRIO;METÁSTASE;;;;;;;;06/03/2013;;
1696776;RCBP RORAIMA;MASCULINO;18/03/1944;69;PARDA;BRASIL;CEARÁ;;SEM ESCOLARIDADE;SOLTEIRO;0;SEM INFORMAÇÃO	;RORAIMA;BOA VISTA;PELE, SOE;C449;CARCINOMA BASOCELULAR, SOE;80903;NEOPLASIA MALIGNA DA PELE;C449;;;;;false;HISTOLOGIA DO TUMOR PRIMÁRIO;SEM INFORMAÇÃO;;;;;;;;03/06/2013;;
1696776;RCBP RORAIMA;MASCULINO;18/03/1944;69;PARDA;BRASIL;CEARÁ;;SEM ESCOLARIDADE;SOLTEIRO;0;SEM INFORMAÇÃO	;RORAIMA;BOA VISTA;PELE DE OUTRAS PARTES DA FACE;C443;CARCINOMA BASOCELULAR, SOE;80903;PELE DE OUTRAS PARTES DA FACE;C443;;;;;false;HISTOLOGIA DO TUMOR PRIMÁRIO;SEM INFORMAÇÃO;;;;;;;;03/06/2013;;
1159242;RCBP RORAIMA;FEMININO;;56;INDÍGENA;BRASIL;Não informado;;FUNDAMENTAL I (1ª A 4ª SÉRIE);VIÚVO;622;TRABALHADORES AGRÍCOLAS   	;RORAIMA;UIRAMUTÃ;UTERO, SOE;C559;NEOPLASIA MALIGNA;80003;UTERO, SOE;C55;;;;;false;HISTOLOGIA DO TUMOR PRIMÁRIO;SEM INFORMAÇÃO;;;;;CÂNCER;26/05/2014;;08/05/2013;;
1696782;RCBP RORAIMA;MASCULINO;15/04/1936;76;PARDA;BRASIL;MINAS GERAIS;;SEM ESCOLARIDADE;UNIÃO CONSENSUAL;0;SEM INFORMAÇÃO	;RORAIMA;BOA VISTA;PELE, SOE;C449;CARCINOMA BASOCELULAR, SOE;80903;NEOPLASIA MALIGNA DA PELE;C449;;;;;false;HISTOLOGIA DO TUMOR PRIMÁRIO;SEM INFORMAÇÃO;;;;;;;;07/01/2013;;
1697782;RCBP RORAIMA;FEMININO;03/03/1961;52;PARDA;BRASIL;AMAZONAS;;FUNDAMENTAL I (1ª A 4ª SÉRIE);SOLTEIRO;0;SEM INFORMAÇÃO	;RORAIMA;BOA VISTA;COLO DO UTERO, SOE;C539;CARCINOMA ESCAMOCELULAR, SOE;80703;COLO DO UTERO, SOE;C539;;;;;false;HISTOLOGIA DO TUMOR PRIMÁRIO;METÁSTASE;;;;;;;;26/11/2013;;
1697800;RCBP RORAIMA;FEMININO;15/02/1975;38;SEM INFORMAÇÃO;BRASIL;RORAIMA;;MÉDIO (ANTIGO SEGUNDO GRAU);SEM INFORMAÇÃO;0;SEM INFORMAÇÃO	;RORAIMA;BOA VISTA;MEDULA OSSEA;C421;MIELOMA MULTIPLO;97323;MIELOMA MULTIPLO;C900;;;;;false;HISTOLOGIA DO TUMOR PRIMÁRIO;NÃO SE APLICA;;;;;;;;13/12/2013;;
1697869;RCBP RORAIMA;FEMININO;09/06/1950;62;PARDA;BRASIL;AMAZONAS;;SEM INFORMAÇÃO;SEM INFORMAÇÃO;0;SEM INFORMAÇÃO	;RORAIMA;BOA VISTA;MAMA , SOE;C509;CARCINOMA DUCTAL INFILTRANTE;85003;MAMA , SOE;C509;;;;;false;HISTOLOGIA DO TUMOR PRIMÁRIO;METÁSTASE;;;;;;;;06/03/2013;;
1697879;RCBP RORAIMA;MASCULINO;20/11/1955;57;SEM INFORMAÇÃO;BRASIL;MINAS GERAIS;;SUPERIOR COMPLETO;CASADO;0;SEM INFORMAÇÃO	;RORAIMA;BOA VISTA;PROSTATA, SOE;C619;ADENOCARCINOMA, SOE;81403;PROSTATA;C61;;;;;false;HISTOLOGIA DO TUMOR PRIMÁRIO;LOCALIZADO;;;;;;;;16/04/2013;;
1697883;RCBP RORAIMA;MASCULINO;23/08/1936;76;PARDA;BRASIL;CEARÁ;;SEM ESCOLARIDADE;SOLTEIRO;0;SEM INFORMAÇÃO	;RORAIMA;BOA VISTA;PROSTATA, SOE;C619;ADENOCARCINOMA MUCINOSO;84803;PROSTATA;C61;;;;;false;HISTOLOGIA DO TUMOR PRIMÁRIO;SEM INFORMAÇÃO;;;;;;;;15/05/2013;;
1698059;RCBP RORAIMA;MASCULINO;24/10/1944;69;SEM INFORMAÇÃO;BRASIL;RORAIMA;;SUPERIOR COMPLETO;SEM INFORMAÇÃO;0;SEM INFORMAÇÃO	;RORAIMA;BOA VISTA;PROSTATA, SOE;C619;CARCINOMA DE CELULAS ACINOSAS;85503;PROSTATA;C61;;;;;false;HISTOLOGIA DO TUMOR PRIMÁRIO;SEM INFORMAÇÃO;;;;;;;;30/11/2013;;
1698060;RCBP RORAIMA;FEMININO;01/06/1994;18;INDÍGENA;BRASIL;RORAIMA;ALTO ALEGRE;SEM INFORMAÇÃO;SEM INFORMAÇÃO;;;RORAIMA;ALTO ALEGRE;COLO DO UTERO, SOE;C539;NEOPLASIA INTRA-EPITELIAL ESCAMOSA,GRAU IIII;80772;COLO DO UTERO, SOE;D069;Outros carcinomas malignos não especificados;XI-F;;;true;CITOLOGIA;"IN SITU";;;;;;;;22/05/2013;;
1698068;RCBP RORAIMA;FEMININO;03/02/1985;28;SEM INFORMAÇÃO;BRASIL;RORAIMA;BOA VISTA;SEM INFORMAÇÃO;SEM INFORMAÇÃO;;;RORAIMA;BOA VISTA;COLO DO UTERO, SOE;C539;NEOPLASIA INTRA-EPITELIAL ESCAMOSA,GRAU IIII;80772;COLO DO UTERO, SOE;D069;;;;;false;CITOLOGIA;"IN SITU";;;;;;;;08/05/2013;;
1697754;RCBP RORAIMA;MASCULINO;21/05/1929;84;INDÍGENA;BRASIL;RORAIMA;BOA VISTA;SEM ESCOLARIDADE;CASADO;622;TRABALHADORES AGRÍCOLAS   	;RORAIMA;ALTO ALEGRE;PELE, SOE;C449;CARCINOMA BASOCELULAR, SOE;80903;NEOPLASIA MALIGNA DA PELE;C449;;;;;false;HISTOLOGIA DO TUMOR PRIMÁRIO;SEM INFORMAÇÃO;;;;;;;;24/10/2013;;
1697766;RCBP RORAIMA;FEMININO;13/08/1972;40;PARDA;BRASIL;PARÁ;;MÉDIO (ANTIGO SEGUNDO GRAU);SOLTEIRO;515;TRABALHADORES DOS SERVIÇOS DE SAÚDE  	;RORAIMA;BOA VISTA;TIREOIDE, SOE;C739;ADENOCARCINOMA FOLICULAR, SOE;83303;GLANDULA TIREOIDE;C73;;;;;false;HISTOLOGIA DO TUMOR PRIMÁRIO;SEM INFORMAÇÃO;;;;;;;;02/07/2013;;
1697776;RCBP RORAIMA;MASCULINO;11/04/1942;71;BRANCO;BRASIL;MARANHÃO;BARRA DO CORDA;SUPERIOR COMPLETO;CASADO;122;DIRETORES DE PRODUÇÃO E OPERAÇÕES 	;RORAIMA;SÃO LUIZ;PELE, SOE;C449;CARCINOMA BASOCELULAR, SOE;80903;NEOPLASIA MALIGNA DA PELE;C449;;;;;false;HISTOLOGIA DO TUMOR PRIMÁRIO;SEM INFORMAÇÃO;;;;;CÂNCER;03/09/2015;;30/10/2013;;
1697778;RCBP RORAIMA;MASCULINO;08/11/1960;53;PARDA;BRASIL;ESPIRITO SANTO;;FUNDAMENTAL I (1ª A 4ª SÉRIE);SOLTEIRO;0;SEM INFORMAÇÃO	;RORAIMA;BOA VISTA;PROSTATA, SOE;C619;ADENOCARCINOMA, SOE;81403;PROSTATA;C61;;;;;false;HISTOLOGIA DO TUMOR PRIMÁRIO;SEM INFORMAÇÃO;;;;;;;;27/12/2013;;
1697788;RCBP RORAIMA;MASCULINO;02/12/1937;75;PARDA;BRASIL;MARANHÃO;;FUNDAMENTAL I (1ª A 4ª SÉRIE);VIÚVO;0;SEM INFORMAÇÃO	;RORAIMA;BOA VISTA;PROSTATA, SOE;C619;ADENOCARCINOMA, SOE;81403;PROSTATA;C61;;;;;false;HISTOLOGIA DO TUMOR PRIMÁRIO;SEM INFORMAÇÃO;;;;;CÂNCER;24/05/2015;;14/03/2013;;
1697795;RCBP RORAIMA;FEMININO;26/11/1947;65;PARDA;BRASIL;Não informado;;FUNDAMENTAL I (1ª A 4ª SÉRIE);SOLTEIRO;622;TRABALHADORES AGRÍCOLAS   	;RORAIMA;BOA VISTA;PELE, SOE;C449;CARCINOMA ESCAMOCELULAR, SOE;80703;NEOPLASIA MALIGNA DA PELE;C449;;;;;false;HISTOLOGIA DO TUMOR PRIMÁRIO;SEM INFORMAÇÃO;;;;;CÂNCER;03/01/2015;;10/04/2013;;
1697789;RCBP RORAIMA;FEMININO;05/06/1940;72;PARDA;BRASIL;PARÁ;;SEM ESCOLARIDADE;SEPARADO JUDICIALMENTE;622;TRABALHADORES AGRÍCOLAS   	;RORAIMA;BOA VISTA;MAMA , SOE;C509;CARCINOMA LOBULAR, SOE;85203;MAMA , SOE;C509;;;;;false;HISTOLOGIA DO TUMOR PRIMÁRIO;SEM INFORMAÇÃO;;;;;;;;14/02/2013;;
1698257;RCBP RORAIMA;MASCULINO;23/03/2011;2;INDÍGENA;BRASIL;RORAIMA;;SEM ESCOLARIDADE;SOLTEIRO;0;SEM INFORMAÇÃO	;RORAIMA;UIRAMUTÃ;MEDULA OSSEA;C421;LEUCEMIA LINFOBLASTICA DE CEL. PRECURSORAS TIPO B;98363;LEUCEMIA LINFOBLASTICA AGUDA;C910;Leucemias linfóides;I-A;;;false;HISTOLOGIA DO TUMOR PRIMÁRIO;NÃO SE APLICA;;;;;CÂNCER;10/12/2013;;07/11/2013;;
1698264;RCBP RORAIMA;FEMININO;22/11/1925;88;INDÍGENA;BRASIL;RORAIMA;;SEM ESCOLARIDADE;UNIÃO CONSENSUAL;622;TRABALHADORES AGRÍCOLAS   	;RORAIMA;BOA VISTA;PALATO, SOE;C059;CARCINOMA ESCAMOSO MICRO-INVASOR;80763;PALATO, SOE;C059;;;;;false;HISTOLOGIA DO TUMOR PRIMÁRIO;METÁSTASE;;;;;CÂNCER;15/03/2015;;03/12/2013;;
1698769;RCBP RORAIMA;FEMININO;28/03/1958;54;PARDA;BRASIL;AMAZONAS;;FUNDAMENTAL I (1ª A 4ª SÉRIE);CASADO;0;SEM INFORMAÇÃO	;RORAIMA;BOA VISTA;TIREOIDE, SOE;C739;ADENOCARCINOMA PAPILAR, SOE;82603;GLANDULA TIREOIDE;C73;;;;;false;HISTOLOGIA DO TUMOR PRIMÁRIO;SEM INFORMAÇÃO;;;;;;;;22/01/2013;;
1694617;RCBP RORAIMA;FEMININO;;38;SEM INFORMAÇÃO;BRASIL;PARÁ;CASTANHAL;SEM INFORMAÇÃO;SEM INFORMAÇÃO;0;SEM INFORMAÇÃO	;RORAIMA;BOA VISTA;COLO DO UTERO, SOE;C539;CARCINOMA "IN SITU", SOE;80102;COLO DO UTERO, SOE;D069;;;;;false;HISTOLOGIA DO TUMOR PRIMÁRIO;"IN SITU";;;;;;;;07/03/2013;;
1391315;RCBP RORAIMA;FEMININO;17/10/1981;32;PARDA;BRASIL;Não informado;Não Informado;FUNDAMENTAL II (5ª A 8ª SÉRIE);SEM INFORMAÇÃO;0;SEM INFORMAÇÃO	;RORAIMA;BOA VISTA;COLO DO UTERO, SOE;C539;NEOPLASIA INTRA-EPITELIAL ESCAMOSA,GRAU IIII;80772;COLO DO UTERO, SOE;D069;;;;;false;CITOLOGIA;"IN SITU";;;;;;;;11/12/2013;;
1391314;RCBP RORAIMA;MASCULINO;18/09/1944;68;PARDA;BRASIL;MARANHÃO;;FUNDAMENTAL I (1ª A 4ª SÉRIE);CASADO;0;SEM INFORMAÇÃO	;RORAIMA;BOA VISTA;PROSTATA, SOE;C619;ADENOCARCINOMA, SOE;81403;PROSTATA;C61;;;;;false;HISTOLOGIA DO TUMOR PRIMÁRIO;SEM INFORMAÇÃO;;;;;;;;06/03/2013;;
1391317;RCBP RORAIMA;MASCULINO;03/11/1951;62;PARDA;BRASIL;RORAIMA;BOA VISTA;FUNDAMENTAL I (1ª A 4ª SÉRIE);SOLTEIRO;782;CONDUTORES DE VEÍCULOS E OPERADORES DE EQUIPAMENTOS DE ELEVAÇÃO E DE MOVIMENTAÇÃO DE CARGAS   	;RORAIMA;BOA VISTA;PROSTATA, SOE;C619;ADENOCARCINOMA, SOE;81403;PROSTATA;C61;;;;;false;HISTOLOGIA DO TUMOR PRIMÁRIO;SEM INFORMAÇÃO;;;;;;;;11/12/2013;;
1391323;RCBP RORAIMA;FEMININO;06/05/1958;55;PRETA;GUIANA FRANCESA;Não informado;Não Informado;FUNDAMENTAL I (1ª A 4ª SÉRIE);VIÚVO;0;SEM INFORMAÇÃO	;RORAIMA;BOA VISTA;TIREOIDE, SOE;C739;ADENOCARCINOMA PAPILAR, SOE;82603;GLANDULA TIREOIDE;C73;;;;;false;HISTOLOGIA DO TUMOR PRIMÁRIO;LOCALIZADO;;;;;;;;08/07/2013;;
1391324;RCBP RORAIMA;FEMININO;31/07/1961;52;PARDA;BRASIL;MARANHÃO;PENALVA;MÉDIO (ANTIGO SEGUNDO GRAU);SEPARADO JUDICIALMENTE;514;TRABALHADORES NOS SERVIÇOS DE ADMINISTRAÇÃO, CONSERVAÇÃO E MANUTENÇÃO DE EDIFÍCIOS E LOGRADOUROS  	;RORAIMA;BOA VISTA;MAMA , SOE;C509;CARCINOMA DUCTAL INFILTRANTE;85003;MAMA , SOE;C509;;;;;false;HISTOLOGIA DO TUMOR PRIMÁRIO;SEM INFORMAÇÃO;;;;;;;;16/10/2013;;
1698781;RCBP RORAIMA;FEMININO;22/11/1945;67;PARDA;BRASIL;Não informado;Não Informado;FUNDAMENTAL II (5ª A 8ª SÉRIE);CASADO;763;TRABALHADORES DA CONFECÇÃO DE ROUPAS 	;RORAIMA;BOA VISTA;COLO DO UTERO, SOE;C539;CARCINOMA, SOE;80103;COLO DO UTERO, SOE;C539;;;;;false;HISTOLOGIA DO TUMOR PRIMÁRIO;SEM INFORMAÇÃO;;;;;CÂNCER;28/09/2015;;01/04/2013;;
1701117;RCBP RORAIMA;FEMININO;08/08/1926;86;BRANCO;BRASIL;PIAUÍ;;SEM ESCOLARIDADE;CASADO;0;SEM INFORMAÇÃO	;RORAIMA;CARACARAÍ;RETO, SOE;C209;ADENOCARCINOMA, SOE;81403;RETO;C20;;;;;false;HISTOLOGIA DO TUMOR PRIMÁRIO;SEM INFORMAÇÃO;;;;;CÂNCER;17/02/2015;;03/06/2013;;
1701141;RCBP RORAIMA;FEMININO;01/01/1951;62;INDÍGENA;BRASIL;RORAIMA;ALTO ALEGRE;SEM INFORMAÇÃO;SEM INFORMAÇÃO;;;RORAIMA;ALTO ALEGRE;COLO DO UTERO, SOE;C539;NEOPLASIA INTRA-EPITELIAL ESCAMOSA,GRAU IIII;80772;COLO DO UTERO, SOE;D069;;;;;false;CITOLOGIA;"IN SITU";;;;;;;;08/05/2013;;
1701157;RCBP RORAIMA;MASCULINO;17/05/1955;58;PRETA;BRASIL;TOCANTINS;;FUNDAMENTAL I (1ª A 4ª SÉRIE);SOLTEIRO;711;TRABALHADORES DA EXTRAÇÃO MINERAL 	;RORAIMA;BOA VISTA;PULMAO, SOE;C349;CARCINOMA ESCAMOCELULAR, SOE;80703;BRONQUIOS OU PULMOES, SOE;C349;;;;;false;HISTOLOGIA DO TUMOR PRIMÁRIO;METÁSTASE;;;;;;;;11/09/2013;;
1700840;RCBP RORAIMA;FEMININO;16/07/1967;46;PARDA;BRASIL;Não informado;Não Informado;MÉDIO (ANTIGO SEGUNDO GRAU);SEM INFORMAÇÃO;0;SEM INFORMAÇÃO	;RORAIMA;BOA VISTA;COLO DO UTERO, SOE;C539;NEOPLASIA INTRA-EPITELIAL ESCAMOSA,GRAU IIII;80772;COLO DO UTERO, SOE;D069;;;;;false;CITOLOGIA;"IN SITU";;;;;;;;08/11/2013;;
1700842;RCBP RORAIMA;FEMININO;03/05/1940;72;PARDA;BRASIL;Não informado;Não Informado;SEM INFORMAÇÃO;SEM INFORMAÇÃO;0;SEM INFORMAÇÃO	;RORAIMA;BOA VISTA;COLO DO UTERO, SOE;C539;CARCINOMA ESCAMOCELULAR, SOE;80703;COLO DO UTERO, SOE;C539;;;;;false;HISTOLOGIA DO TUMOR PRIMÁRIO;LOCALIZADO;;;;;;;;08/03/2013;;
1701096;RCBP RORAIMA;MASCULINO;03/06/1951;61;PARDA;BRASIL;AMAZONAS;;MÉDIO (ANTIGO SEGUNDO GRAU);SEPARADO JUDICIALMENTE;842;OPERADORES NA PREPARAÇÃO DE FUMO E NA FABRICAÇÃO DE CHARUTOS E CIGARROS   	;RORAIMA;BOA VISTA;GLANDULA PAROTIDA, SOE;C079;CARCINOMA ESCAMOCELULAR, SOE;80703;GLANDULA PAROTIDA;C07;;;;;false;HISTOLOGIA DO TUMOR PRIMÁRIO;METÁSTASE;;;;;CÂNCER;07/05/2015;;29/01/2013;;
1701097;RCBP RORAIMA;FEMININO;30/11/1953;59;PARDA;BRASIL;RORAIMA;;SUPERIOR COMPLETO;CASADO;0;SEM INFORMAÇÃO	;RORAIMA;CARACARAÍ;MAMA , SOE;C509;CARCINOMA DUCTAL INFILTRANTE;85003;MAMA , SOE;C509;;;;;false;HISTOLOGIA DO TUMOR PRIMÁRIO;SEM INFORMAÇÃO;;;;;;;;20/05/2013;;
1701098;RCBP RORAIMA;FEMININO;22/02/1914;99;PARDA;BRASIL;CEARÁ;;SEM ESCOLARIDADE;VIÚVO;0;SEM INFORMAÇÃO	;RORAIMA;BOA VISTA;PELE DE OUTRAS PARTES DA FACE;C443;CARCINOMA BASOCELULAR NODULAR;80973;PELE DE OUTRAS PARTES DA FACE;C443;;;;;false;HISTOLOGIA DO TUMOR PRIMÁRIO;SEM INFORMAÇÃO;;;;;;;;05/04/2013;;
1701098;RCBP RORAIMA;FEMININO;22/02/1914;99;PARDA;BRASIL;CEARÁ;;SEM ESCOLARIDADE;VIÚVO;0;SEM INFORMAÇÃO	;RORAIMA;BOA VISTA;PELE, SOE;C449;CARCINOMA BASOCELULAR, SOE;80903;NEOPLASIA MALIGNA DA PELE;C449;;;;;false;HISTOLOGIA DO TUMOR PRIMÁRIO;SEM INFORMAÇÃO;;;;;;;;05/04/2013;;
1700868;RCBP RORAIMA;FEMININO;29/01/1980;33;PARDA;BRASIL;RORAIMA;;FUNDAMENTAL I (1ª A 4ª SÉRIE);UNIÃO CONSENSUAL;0;SEM INFORMAÇÃO	;RORAIMA;BOA VISTA;COLO DO UTERO, SOE;C539;CARCINOMA ADENOESCAMOSO;85603;COLO DO UTERO, SOE;C539;;;;;false;HISTOLOGIA DO TUMOR PRIMÁRIO;SEM INFORMAÇÃO;;;;;;;;12/10/2013;;
1701089;RCBP RORAIMA;FEMININO;07/09/1944;68;PARDA;BRASIL;AMAZONAS;;FUNDAMENTAL I (1ª A 4ª SÉRIE);SOLTEIRO;0;SEM INFORMAÇÃO	;RORAIMA;BOA VISTA;PELE DO COURO CABELUDO E DO PESCOCO;C444;CARCINOMA BASOCELULAR, SOE;80903;PELE DO COURO CABELUDO E DO PESCOCO;C444;;;;;false;HISTOLOGIA DO TUMOR PRIMÁRIO;LOCALIZADO;;;;;;;;15/06/2013;;
1701093;RCBP RORAIMA;MASCULINO;02/05/1953;59;PARDA;BRASIL;RIO GRANDE DO SUL;;FUNDAMENTAL I (1ª A 4ª SÉRIE);SOLTEIRO;631;PESCADORES E CAÇADORES	;RORAIMA;BOA VISTA;LARINGE, SOE;C329;CARCINOMA ESCAMOCELULAR, SOE;80703;LARINGE, SOE;C329;;;;;false;HISTOLOGIA DO TUMOR PRIMÁRIO;LOCALIZADO;;;;;CÂNCER;22/04/2017;;11/03/2013;;
1701093;RCBP RORAIMA;MASCULINO;02/05/1953;60;PARDA;BRASIL;RIO GRANDE DO SUL;;FUNDAMENTAL I (1ª A 4ª SÉRIE);SOLTEIRO;631;PESCADORES E CAÇADORES	;RORAIMA;BOA VISTA;LINGUA, SOE;C029;CARCINOMA ESCAMOCELULAR, SOE;80703;LINGUA, SOE;C029;;;;;false;HISTOLOGIA DO TUMOR PRIMÁRIO;SEM INFORMAÇÃO;;;;;CÂNCER;22/04/2017;;15/05/2013;;
1701106;RCBP RORAIMA;MASCULINO;10/01/2007;6;PRETA;BRASIL;RORAIMA;;FUNDAMENTAL I (1ª A 4ª SÉRIE);SOLTEIRO;0;SEM INFORMAÇÃO	;RORAIMA;AMAJARI;MEDULA DA GLANDULA SUPRA-RENAL;C741;NEUROBLASTOMA, SOE;95003;MEDULA DA SUPRA-RENAL;C741;Neuroblastoma e ganglioneuroblastoma;IV-A;;;false;PESQUISA;SEM INFORMAÇÃO;;;;;;;;09/12/2013;;
1701101;RCBP RORAIMA;FEMININO;15/04/1968;45;PARDA;BRASIL;MARANHÃO;;FUNDAMENTAL I (1ª A 4ª SÉRIE);CASADO;0;SEM INFORMAÇÃO	;RORAIMA;BOA VISTA;COLON, SOE;C189;SARCOMA ESTROMAL GASTROINTESTINAL;89363;COLON, SOE;C189;;;;;false;HISTOLOGIA DO TUMOR PRIMÁRIO;SEM INFORMAÇÃO;;;;;CÂNCER;04/04/2017;;11/11/2013;;
1701101;RCBP RORAIMA;FEMININO;15/04/1968;45;PARDA;BRASIL;MARANHÃO;;FUNDAMENTAL I (1ª A 4ª SÉRIE);CASADO;0;SEM INFORMAÇÃO	;RORAIMA;BOA VISTA;LOCALIZACAO PRIMARIA DESCONHECIDA, SOE;C809;SARCOMA ESTROMAL GASTROINTESTINAL;89363;LOCALIZACAO MAL DEF. DENTRO DO APARELHO DIGESTIVO;C269;;;;;false;HISTOLOGIA DO TUMOR PRIMÁRIO;SEM INFORMAÇÃO;;;;;CÂNCER;04/04/2017;;11/11/2013;;
1701500;RCBP RORAIMA;MASCULINO;28/03/2005;8;SEM INFORMAÇÃO;BRASIL;RORAIMA;BOA VISTA;SEM INFORMAÇÃO;SEM INFORMAÇÃO;0;SEM INFORMAÇÃO	;RORAIMA;CANTÁ;OSSOS LONGOS M. INFERIOR E ARTICUL. ASSOCIADAS;C402;OSTEOSSARCOMA, SOE;91803;OSSOS LONGOS DOS M. INFERIORES;C402;Osteossarcoma;VIII-A;;;false;HISTOLOGIA DO TUMOR PRIMÁRIO;METÁSTASE;;;;;CÂNCER;08/12/2015;;05/04/2013;;
1701501;RCBP RORAIMA;FEMININO;24/02/1999;14;SEM INFORMAÇÃO;BRASIL;Não informado;Não Informado;SEM ESCOLARIDADE;SEM INFORMAÇÃO;0;SEM INFORMAÇÃO	;RORAIMA;RORAINÓPOLIS;COLO DO UTERO, SOE;C539;NEOPLASIA INTRA-EPITELIAL ESCAMOSA,GRAU IIII;80772;COLO DO UTERO, SOE;D069;Outros carcinomas malignos não especificados;XI-F;;;true;CITOLOGIA;"IN SITU";;;;;;;;17/05/2013;;
1701552;RCBP RORAIMA;MASCULINO;23/09/1937;75;PARDA;BRASIL;RORAIMA;;FUNDAMENTAL I (1ª A 4ª SÉRIE);VIÚVO;0;SEM INFORMAÇÃO	;RORAIMA;BOA VISTA;PELE, SOE;C449;CARCINOMA BASOCELULAR, SOE;80903;NEOPLASIA MALIGNA DA PELE;C449;;;;;false;HISTOLOGIA DO TUMOR PRIMÁRIO;SEM INFORMAÇÃO;;;;;;;;12/03/2013;;
1701182;RCBP RORAIMA;MASCULINO;06/09/1936;76;SEM INFORMAÇÃO;BRASIL;CEARÁ;;SEM INFORMAÇÃO;SEM INFORMAÇÃO;0;SEM INFORMAÇÃO	;RORAIMA;BOA VISTA;PROSTATA, SOE;C619;ADENOCARCINOMA, SOE;81403;PROSTATA;C61;;;;;false;HISTOLOGIA DO TUMOR PRIMÁRIO;LOCALIZADO;;;;;;;;16/05/2013;;
1701187;RCBP RORAIMA;FEMININO;15/03/1994;19;SEM INFORMAÇÃO;BRASIL;RORAIMA;CARACARAÍ;SEM INFORMAÇÃO;SEM INFORMAÇÃO;;;RORAIMA;CARACARAÍ;COLO DO UTERO, SOE;C539;NEOPLASIA INTRA-EPITELIAL ESCAMOSA,GRAU IIII;80772;COLO DO UTERO, SOE;D069;Outros carcinomas malignos não especificados;XI-F;;;true;CITOLOGIA;"IN SITU";;;;;;;;06/05/2013;;
1701189;RCBP RORAIMA;FEMININO;04/10/1939;73;INDÍGENA;BRASIL;RORAIMA;PACARAIMA;SEM INFORMAÇÃO;SEM INFORMAÇÃO;;;RORAIMA;PACARAIMA;COLO DO UTERO, SOE;C539;CARCINOMA ESCAMOCELULAR, SOE;80703;COLO DO UTERO, SOE;C539;;;;;false;CITOLOGIA;LOCALIZADO;;;;;;;;22/05/2013;;
1701531;RCBP RORAIMA;FEMININO;25/11/1969;43;PARDA;BRASIL;AMAZONAS;;MÉDIO (ANTIGO SEGUNDO GRAU);SOLTEIRO;0;SEM INFORMAÇÃO	;RORAIMA;BOA VISTA;MAMA , SOE;C509;CARCINOMA DUCTAL INFILTRANTE;85003;MAMA , SOE;C509;;;;;false;HISTOLOGIA DO TUMOR PRIMÁRIO;METÁSTASE;;;;;;;;21/06/2013;;
1701535;RCBP RORAIMA;FEMININO;13/12/1998;14;PARDA;BRASIL;RORAIMA;;MÉDIO (ANTIGO SEGUNDO GRAU);SOLTEIRO;722;TRABALHADORES DE CONFORMAÇÃO DE METAIS E DE COMPÓSITOS	;RORAIMA;BOA VISTA;MEDULA OSSEA;C421;LEUCEMIA LINFOBLASTICA DE CELULAS PRECURSORAS,SOE;98353;LEUCEMIA LINFOBLASTICA AGUDA;C910;Leucemias linfóides;I-A;;;false;HISTOLOGIA DO TUMOR PRIMÁRIO;NÃO SE APLICA;;;;;CÂNCER;12/05/2015;;01/08/2013;;
1701237;RCBP RORAIMA;MASCULINO;27/02/1963;50;SEM INFORMAÇÃO;Não informado;Não informado;Não Informado;SEM INFORMAÇÃO;SEM INFORMAÇÃO;0;SEM INFORMAÇÃO	;RORAIMA;BOA VISTA;LOBO SUPERIOR DO PULMAO;C341;TUMOR CARCINOIDE ATIPICO;82493;LOBO SUPERIOR, BRONQUIO OU PULMAO;C341;;;;;false;HISTOLOGIA DO TUMOR PRIMÁRIO;SEM INFORMAÇÃO;;;;;;;;01/07/2013;;
1701246;RCBP RORAIMA;FEMININO;26/06/1945;67;BRANCO;BRASIL;CEARÁ;;SEM INFORMAÇÃO;VIÚVO;0;SEM INFORMAÇÃO	;RORAIMA;BOA VISTA;MAMA , SOE;C509;CARCINOMA DUCTAL INFILTRANTE;85003;MAMA , SOE;C509;;;;;false;HISTOLOGIA DO TUMOR PRIMÁRIO;SEM INFORMAÇÃO;;;;;;;;28/02/2013;;
1701267;RCBP RORAIMA;FEMININO;15/04/1971;42;SEM INFORMAÇÃO;BRASIL;RORAIMA;;MÉDIO (ANTIGO SEGUNDO GRAU);CASADO;0;SEM INFORMAÇÃO	;RORAIMA;BOA VISTA;MAMA , SOE;C509;CARCINOMA LOBULAR, SOE;85203;MAMA , SOE;C509;;;;;false;HISTOLOGIA DO TUMOR PRIMÁRIO;SEM INFORMAÇÃO;;;;;;;;08/07/2013;;
1701552;RCBP RORAIMA;MASCULINO;23/09/1937;75;PARDA;BRASIL;RORAIMA;;FUNDAMENTAL I (1ª A 4ª SÉRIE);VIÚVO;0;SEM INFORMAÇÃO	;RORAIMA;BOA VISTA;PELE DE OUTRAS PARTES DA FACE;C443;CARCINOMA BASOCELULAR, SOE;80903;PELE DE OUTRAS PARTES DA FACE;C443;;;;;false;HISTOLOGIA DO TUMOR PRIMÁRIO;SEM INFORMAÇÃO;;;;;;;;12/03/2013;;
1703570;RCBP RORAIMA;MASCULINO;18/05/1948;65;BRANCO;BRASIL;PARANÁ;CANDÓI;MÉDIO (ANTIGO SEGUNDO GRAU);CASADO;0;SEM INFORMAÇÃO	;RORAIMA;BOA VISTA;PROSTATA, SOE;C619;ADENOCARCINOMA, SOE;81403;PROSTATA;C61;;;;;false;HISTOLOGIA DO TUMOR PRIMÁRIO;SEM INFORMAÇÃO;;;;;CÂNCER;11/01/2016;;15/06/2013;;
1703587;RCBP RORAIMA;FEMININO;27/03/1960;53;SEM INFORMAÇÃO;BRASIL;RORAIMA;RORAINÓPOLIS;SEM INFORMAÇÃO;SEM INFORMAÇÃO;0;SEM INFORMAÇÃO	;RORAIMA;RORAINÓPOLIS;COLO DO UTERO, SOE;C539;CARCINOMA ESCAMOCELULAR, SOE;80703;COLO DO UTERO, SOE;C539;;;;;false;CITOLOGIA;LOCALIZADO;;;;;;;;17/05/2013;;
1703625;RCBP RORAIMA;FEMININO;11/01/1993;20;SEM INFORMAÇÃO;BRASIL;RORAIMA;BONFIM;SEM INFORMAÇÃO;SEM INFORMAÇÃO;;;RORAIMA;BONFIM;COLO DO UTERO, SOE;C539;NEOPLASIA INTRA-EPITELIAL ESCAMOSA,GRAU IIII;80772;COLO DO UTERO, SOE;D069;;;;;false;CITOLOGIA;"IN SITU";;;;;;;;15/05/2013;;
1703448;RCBP RORAIMA;FEMININO;01/10/1964;48;PARDA;BRASIL;PARÁ;;FUNDAMENTAL II (5ª A 8ª SÉRIE);UNIÃO CONSENSUAL;0;SEM INFORMAÇÃO	;RORAIMA;BOA VISTA;TIREOIDE, SOE;C739;ADENOCARCINOMA PAPILAR, SOE;82603;GLANDULA TIREOIDE;C73;;;;;false;HISTOLOGIA DO TUMOR PRIMÁRIO;SEM INFORMAÇÃO;;;;;;;;10/09/2013;;
1159450;RCBP RORAIMA;FEMININO;26/12/1968;44;BRANCO;BRASIL;Não informado;;SUPERIOR COMPLETO;CASADO;141;GERENTES DE PRODUÇÃO E OPERAÇÕES  	;RORAIMA;RORAINÓPOLIS;MAMA , SOE;C509;CARCINOMA DUCTAL INFILTRANTE;85003;MAMA , SOE;C509;;;;;false;HISTOLOGIA DO TUMOR PRIMÁRIO;SEM INFORMAÇÃO;;;;;CÂNCER;06/06/2013;;23/04/2013;;
1701511;RCBP RORAIMA;MASCULINO;22/06/2005;8;PARDA;BRASIL;RORAIMA;BOA VISTA;FUNDAMENTAL I (1ª A 4ª SÉRIE);SOLTEIRO;0;SEM INFORMAÇÃO	;RORAIMA;BOA VISTA;MEDULA OSSEA;C421;LEUCEMIA LINFOBLASTICA DE CEL. PRECURSORAS TIPO B;98363;LEUCEMIA LINFOBLASTICA AGUDA;C910;Leucemias linfóides;I-A;;;false;HISTOLOGIA DO TUMOR PRIMÁRIO;NÃO SE APLICA;;;;;;;;14/10/2013;;
1701515;RCBP RORAIMA;FEMININO;28/12/1984;28;SEM INFORMAÇÃO;BRASIL;Não informado;Não Informado;SEM ESCOLARIDADE;SEM INFORMAÇÃO;0;SEM INFORMAÇÃO	;RORAIMA;BOA VISTA;COLO DO UTERO, SOE;C539;NEOPLASIA INTRA-EPITELIAL ESCAMOSA,GRAU IIII;80772;COLO DO UTERO, SOE;D069;;;;;false;CITOLOGIA;"IN SITU";;;;;;;;25/06/2013;;
1701578;RCBP RORAIMA;MASCULINO;08/01/2001;12;SEM INFORMAÇÃO;BRASIL;RORAIMA;;FUNDAMENTAL I (1ª A 4ª SÉRIE);SEM INFORMAÇÃO;0;SEM INFORMAÇÃO	;RORAIMA;BOA VISTA;ORBITA, SOE;C696;RABDOMIOSSARCOMA EMBRIONARIO, SOE;89103;ORBITA;C696;Rabdomiossarcoma e sarcoma embrionário;IX-A;;;false;HISTOLOGIA DO TUMOR PRIMÁRIO;SEM INFORMAÇÃO;;;;;;;;06/12/2013;;
1701583;RCBP RORAIMA;FEMININO;25/12/1982;30;BRANCO;BRASIL;PIAUÍ;OEIRAS;SEM INFORMAÇÃO;SEPARADO JUDICIALMENTE;0;SEM INFORMAÇÃO	;RORAIMA;BOA VISTA;LOCALIZACAO PRIMARIA DESCONHECIDA, SOE;C809;NEOPLASIA MALIGNA;80003;LOCALIZACAO PRIMARIA DESCONHECIDA;C80;;;;;false;HISTOLOGIA DO TUMOR PRIMÁRIO;METÁSTASE;;;;;;;;19/11/2013;;
1701616;RCBP RORAIMA;MASCULINO;27/08/1979;34;BRANCO;BRASIL;MARANHÃO;;FUNDAMENTAL I (1ª A 4ª SÉRIE);CASADO;0;SEM INFORMAÇÃO	;RORAIMA;BOA VISTA;PROSTATA, SOE;C619;CARCINOMA DE CELULAS ACINOSAS;85503;PROSTATA;C61;;;;;false;HISTOLOGIA DO TUMOR PRIMÁRIO;SEM INFORMAÇÃO;;;;;;;;16/09/2013;;
1701640;RCBP RORAIMA;FEMININO;01/06/1966;46;SEM INFORMAÇÃO;BRASIL;RORAIMA;BONFIM;SEM INFORMAÇÃO;SEM INFORMAÇÃO;0;SEM INFORMAÇÃO	;RORAIMA;BONFIM;COLO DO UTERO, SOE;C539;NEOPLASIA INTRA-EPITELIAL ESCAMOSA,GRAU IIII;80772;COLO DO UTERO, SOE;D069;;;;;false;CITOLOGIA;"IN SITU";;;;;;;;24/05/2013;;
1701646;RCBP RORAIMA;FEMININO;06/12/1985;27;BRANCO;BRASIL;AMAZONAS;;FUNDAMENTAL I (1ª A 4ª SÉRIE);UNIÃO CONSENSUAL;0;SEM INFORMAÇÃO	;RORAIMA;BOA VISTA;TIREOIDE, SOE;C739;ADENOCARCINOMA PAPILAR, SOE;82603;GLANDULA TIREOIDE;C73;;;CARCINOMA DE TIREÓIDE;8.1;false;HISTOLOGIA DO TUMOR PRIMÁRIO;METÁSTASE;;;;;;;;09/06/2013;;
1701648;RCBP RORAIMA;FEMININO;17/03/1975;38;BRANCO;BRASIL;PARÁ;;SEM INFORMAÇÃO;CASADO;0;SEM INFORMAÇÃO	;RORAIMA;BOA VISTA;MAMA , SOE;C509;CARCINOMA, SOE;80103;MAMA , SOE;C509;;;;;false;HISTOLOGIA DO TUMOR PRIMÁRIO;SEM INFORMAÇÃO;;;;;;;;23/10/2013;;
1469825;RCBP RORAIMA;MASCULINO;16/08/1952;60;SEM INFORMAÇÃO;BRASIL;PARANÁ;;SEM INFORMAÇÃO;SEM INFORMAÇÃO;0;SEM INFORMAÇÃO	;RORAIMA;BOA VISTA;PROSTATA, SOE;C619;ADENOCARCINOMA, SOE;81403;PROSTATA;C61;;;;;false;HISTOLOGIA DO TUMOR PRIMÁRIO;SEM INFORMAÇÃO;;;;;;;;19/03/2013;;
1469827;RCBP RORAIMA;MASCULINO;26/12/1928;84;SEM INFORMAÇÃO;BRASIL;RORAIMA;;SEM INFORMAÇÃO;SEM INFORMAÇÃO;0;SEM INFORMAÇÃO	;RORAIMA;BOA VISTA;PROSTATA, SOE;C619;ADENOCARCINOMA, SOE;81403;PROSTATA;C61;;;;;false;HISTOLOGIA DO TUMOR PRIMÁRIO;SEM INFORMAÇÃO;;;;;;;;20/06/2013;;
1703870;RCBP RORAIMA;FEMININO;09/01/1985;28;PRETA;BRASIL;RONDONIA;;SUPERIOR INCOMPLETO;SOLTEIRO;411;ESCRITURÁRIOS EM GERAL, AGENTES, ASSISTENTES E AUXILIARES ADMINISTRATIVOS 	;RORAIMA;BOA VISTA;TIREOIDE, SOE;C739;CARCINOMA PAPILAR, SOE;80503;GLANDULA TIREOIDE;C73;;;CARCINOMA DE TIREÓIDE;8.1;false;HISTOLOGIA DO TUMOR PRIMÁRIO;SEM INFORMAÇÃO;;;;;;;;12/09/2013;;
1698399;RCBP RORAIMA;FEMININO;06/01/1959;54;INDÍGENA;BRASIL;RORAIMA;;SEM INFORMAÇÃO;SOLTEIRO;0;SEM INFORMAÇÃO	;RORAIMA;ALTO ALEGRE;COLO DO UTERO, SOE;C539;CARCINOMA ESCAMOCELULAR, SOE;80703;COLO DO UTERO, SOE;C539;;;;;false;HISTOLOGIA DO TUMOR PRIMÁRIO;LOCALIZADO;;;;;;;;05/06/2013;;
1159279;RCBP RORAIMA;MASCULINO;18/06/1950;63;PRETA;BRASIL;TOCANTINS;;FUNDAMENTAL I (1ª A 4ª SÉRIE);CASADO;622;TRABALHADORES AGRÍCOLAS   	;RORAIMA;BOA VISTA;PLEURA, SOE;C384;CARCINOMA ESCAMOCELULAR, SOE;80703;PLEURA;C384;;;;;false;HISTOLOGIA DO TUMOR PRIMÁRIO;LOCALIZADO;;;;;CÂNCER;28/06/2013;;18/06/2013;;
1698252;RCBP RORAIMA;MASCULINO;28/07/1937;75;PARDA;BRASIL;CEARÁ;;SEM INFORMAÇÃO;CASADO;0;SEM INFORMAÇÃO	;RORAIMA;BOA VISTA;PROSTATA, SOE;C619;ADENOCARCINOMA, SOE;81403;PROSTATA;C61;;;;;false;HISTOLOGIA DO TUMOR PRIMÁRIO;LOCALIZADO;;;;;;;;11/03/2013;;
1698245;RCBP RORAIMA;FEMININO;07/11/1979;33;INDÍGENA;BRASIL;RORAIMA;AMAJARI;SEM ESCOLARIDADE;SEM INFORMAÇÃO;;;RORAIMA;AMAJARI;COLO DO UTERO, SOE;C539;NEOPLASIA INTRA-EPITELIAL ESCAMOSA,GRAU IIII;80772;COLO DO UTERO, SOE;D069;;;;;false;CITOLOGIA;"IN SITU";;;;;;;;15/05/2013;;
1159338;RCBP RORAIMA;FEMININO;06/01/1940;73;PARDA;BRASIL;PARÁ;ITAITUBA;FUNDAMENTAL I (1ª A 4ª SÉRIE);UNIÃO CONSENSUAL;;;RORAIMA;BOA VISTA;PULMAO, SOE;C349;ADENOCARCINOMA, SOE;81403;BRONQUIOS OU PULMOES, SOE;C349;;;;;false;HISTOLOGIA DA METÁSTASE;SEM INFORMAÇÃO;;;;;CÂNCER;15/09/2013;;15/06/2013;;
1698730;RCBP RORAIMA;FEMININO;04/12/1956;56;PARDA;BRASIL;RORAIMA;;MÉDIO (ANTIGO SEGUNDO GRAU);SOLTEIRO;0;SEM INFORMAÇÃO	;RORAIMA;BOA VISTA;MAMA , SOE;C509;CARCINOMA DUCTAL INFILTRANTE;85003;MAMA , SOE;C509;;;;;false;HISTOLOGIA DO TUMOR PRIMÁRIO;SEM INFORMAÇÃO;;;;;;;;24/04/2013;;
1159332;RCBP RORAIMA;FEMININO;12/09/1957;55;PARDA;BRASIL;AMAZONAS;;MÉDIO (ANTIGO SEGUNDO GRAU);SEPARADO JUDICIALMENTE;512;TRABALHADORES DOS SERVIÇOS DOMÉSTICOS EM GERAL	;RORAIMA;BOA VISTA;MEDULA OSSEA;C421;MIELOMA MULTIPLO;97323;MIELOMA MULTIPLO;C900;;;;;false;HISTOLOGIA DO TUMOR PRIMÁRIO;NÃO SE APLICA;;;;;CÂNCER;09/12/2014;;08/01/2013;;
1699849;RCBP RORAIMA;FEMININO;07/07/1995;18;PARDA;BRASIL;RORAIMA;;SUPERIOR INCOMPLETO;SOLTEIRO;322;TÉCNICOS DA CIÊNCIA DA SAÚDE HUMANA 	;RORAIMA;BOA VISTA;NASOFARINGE, SOE;C119;CARCINOMA LINFOEPITELIAL;80823;NASOFARINGE, SOE;C119;Carcinoma de nasofaringe;XI-C;CARCINOMA DE NASOFARINGE;8.2.1;false;HISTOLOGIA DO TUMOR PRIMÁRIO;SEM INFORMAÇÃO;;;;;CÂNCER;03/02/2016;;21/10/2013;;
1699847;RCBP RORAIMA;FEMININO;04/08/1957;55;PARDA;BRASIL;AMAZONAS;;FUNDAMENTAL I (1ª A 4ª SÉRIE);VIÚVO;0;SEM INFORMAÇÃO	;RORAIMA;CAROEBE;FUNDO DO ESTOMAGO;C161;ADENOCARCINOMA, TIPO INTESTINAL;81443;FUNDO DO ESTOMAGO;C161;;;;;false;HISTOLOGIA DO TUMOR PRIMÁRIO;METÁSTASE;;;;;;;;24/05/2013;;
1159369;RCBP RORAIMA;MASCULINO;08/01/1961;52;INDÍGENA;BRASIL;RORAIMA;;FUNDAMENTAL II (5ª A 8ª SÉRIE);CASADO;622;TRABALHADORES AGRÍCOLAS   	;RORAIMA;NORMANDIA;TESTICULO, SOE;C629;NEOPLASIA MALIGNA;80003;TESTICULO, SOE;C629;;;;;false;HISTOLOGIA DO TUMOR PRIMÁRIO;SEM INFORMAÇÃO;;;;;CÂNCER;13/01/2014;;06/08/2013;;
1700143;RCBP RORAIMA;FEMININO;12/11/1968;44;BRANCO;BRASIL;RIO GRANDE DO SUL;;SUPERIOR COMPLETO;CASADO;233;PROFESSORES E INSTRUTORES DO ENSINO PROFISSIONAL  	;RORAIMA;BOA VISTA;PELE, SOE;C449;CARCINOMA BASOCELULAR, SOE;80903;NEOPLASIA MALIGNA DA PELE;C449;;;;;false;HISTOLOGIA DO TUMOR PRIMÁRIO;SEM INFORMAÇÃO;;;;;;;;06/02/2013;;
1700143;RCBP RORAIMA;FEMININO;12/11/1968;44;BRANCO;BRASIL;RIO GRANDE DO SUL;;SUPERIOR COMPLETO;CASADO;233;PROFESSORES E INSTRUTORES DO ENSINO PROFISSIONAL  	;RORAIMA;BOA VISTA;PELE DE OUTRAS PARTES DA FACE;C443;CARCINOMA BASOCELULAR NODULAR;80973;PELE DE OUTRAS PARTES DA FACE;C443;;;;;false;HISTOLOGIA DO TUMOR PRIMÁRIO;SEM INFORMAÇÃO;;;;;;;;09/05/2013;;
1700193;RCBP RORAIMA;FEMININO;20/07/1957;55;SEM INFORMAÇÃO;BRASIL;Não informado;Não Informado;SEM INFORMAÇÃO;SEM INFORMAÇÃO;0;SEM INFORMAÇÃO	;RORAIMA;BOA VISTA;QUADRANTE SUPERIOR EXTERNO DA MAMA;C504;COMEDOCARCINOMA, SOE;85013;QUADRANTE SUPERIOR EXTERNO DA MAMA;C504;;;;;false;HISTOLOGIA DO TUMOR PRIMÁRIO;METÁSTASE;;;;;;;;14/06/2013;;
1700156;RCBP RORAIMA;FEMININO;17/12/1961;52;PARDA;BRASIL;Não informado;Não Informado;FUNDAMENTAL II (5ª A 8ª SÉRIE);SEM INFORMAÇÃO;0;SEM INFORMAÇÃO	;RORAIMA;BOA VISTA;COLO DO UTERO, SOE;C539;NEOPLASIA INTRA-EPITELIAL ESCAMOSA,GRAU IIII;80772;COLO DO UTERO, SOE;D069;;;;;false;CITOLOGIA;"IN SITU";;;;;;;;17/12/2013;;
1700147;RCBP RORAIMA;FEMININO;19/07/1964;49;PARDA;BRASIL;Não informado;Não Informado;MÉDIO (ANTIGO SEGUNDO GRAU);SEM INFORMAÇÃO;0;SEM INFORMAÇÃO	;RORAIMA;BOA VISTA;COLO DO UTERO, SOE;C539;NEOPLASIA INTRA-EPITELIAL ESCAMOSA,GRAU IIII;80772;COLO DO UTERO, SOE;D069;;;;;false;CITOLOGIA;"IN SITU";;;;;;;;20/10/2013;;
1698547;RCBP RORAIMA;FEMININO;01/01/1956;57;INDÍGENA;BRASIL;RORAIMA;ALTO ALEGRE;SEM INFORMAÇÃO;SEM INFORMAÇÃO;;;RORAIMA;AMAJARI;COLO DO UTERO, SOE;C539;NEOPLASIA INTRA-EPITELIAL ESCAMOSA,GRAU IIII;80772;COLO DO UTERO, SOE;D069;;;;;false;CITOLOGIA;"IN SITU";;;;;;;;08/05/2013;;
1698964;RCBP RORAIMA;FEMININO;26/01/1958;55;SEM INFORMAÇÃO;BRASIL;Não informado;Não Informado;SEM INFORMAÇÃO;SEM INFORMAÇÃO;0;SEM INFORMAÇÃO	;RORAIMA;BOA VISTA;QUADRANTE SUPERIOR EXTERNO DA MAMA;C504;CARCINOMA DUCTAL INFILTRANTE;85003;QUADRANTE SUPERIOR EXTERNO DA MAMA;C504;;;;;false;HISTOLOGIA DO TUMOR PRIMÁRIO;METÁSTASE;;;;;;;;17/04/2013;;
1699044;RCBP RORAIMA;FEMININO;06/10/1957;56;PARDA;BRASIL;ACRE;;FUNDAMENTAL I (1ª A 4ª SÉRIE);CASADO;0;SEM INFORMAÇÃO	;RORAIMA;MUCAJAÍ;MAMA , SOE;C509;CARCINOMA DUCTAL INFILTRANTE;85003;MAMA , SOE;C509;;;;;false;HISTOLOGIA DO TUMOR PRIMÁRIO;SEM INFORMAÇÃO;;;;;;;;22/10/2013;;
1699246;RCBP RORAIMA;FEMININO;13/03/1970;43;SEM INFORMAÇÃO;BRASIL;RORAIMA;CANTÁ;SEM INFORMAÇÃO;SEM INFORMAÇÃO;;;RORAIMA;CANTÁ;COLO DO UTERO, SOE;C539;NEOPLASIA INTRA-EPITELIAL ESCAMOSA,GRAU IIII;80772;COLO DO UTERO, SOE;D069;;;;;false;CITOLOGIA;"IN SITU";;;;;;;;09/05/2013;;
1699261;RCBP RORAIMA;FEMININO;31/03/2010;3;BRANCO;BRASIL;RORAIMA;;FUNDAMENTAL I (1ª A 4ª SÉRIE);SOLTEIRO;0;SEM INFORMAÇÃO	;RORAIMA;BOA VISTA;MEDULA OSSEA;C421;LEUCEMIA LINFOBLASTICA DE CELULAS PRECURSORAS,SOE;98353;LEUCEMIA LINFOBLASTICA AGUDA;C910;Leucemias linfóides;I-A;;;false;HISTOLOGIA DO TUMOR PRIMÁRIO;NÃO SE APLICA;;;;;;;;13/11/2013;;
1699314;RCBP RORAIMA;FEMININO;17/12/1961;51;PARDA;BRASIL;Não informado;Não Informado;FUNDAMENTAL I (1ª A 4ª SÉRIE);SEM INFORMAÇÃO;0;SEM INFORMAÇÃO	;RORAIMA;BOA VISTA;COLO DO UTERO, SOE;C539;NEOPLASIA INTRA-EPITELIAL ESCAMOSA,GRAU IIII;80772;COLO DO UTERO, SOE;D069;;;;;false;CITOLOGIA;"IN SITU";;;;;;;;28/11/2013;;
1699332;RCBP RORAIMA;MASCULINO;17/05/1942;70;PARDA;BRASIL;PIAUÍ;;SEM INFORMAÇÃO;VIÚVO;0;SEM INFORMAÇÃO	;RORAIMA;CANTÁ;PROSTATA, SOE;C619;ADENOCARCINOMA, SOE;81403;PROSTATA;C61;;;;;false;HISTOLOGIA DO TUMOR PRIMÁRIO;SEM INFORMAÇÃO;;;;;;;;12/04/2013;;
1699508;RCBP RORAIMA;FEMININO;26/02/1954;59;PARDA;BRASIL;AMAZONAS;;MÉDIO (ANTIGO SEGUNDO GRAU);UNIÃO CONSENSUAL;0;SEM INFORMAÇÃO	;RORAIMA;BOA VISTA;MAMA , SOE;C509;CARCINOMA DUCTAL INFILTRANTE;85003;MAMA , SOE;C509;;;;;false;HISTOLOGIA DO TUMOR PRIMÁRIO;LOCALIZADO;;;;;;;;13/07/2013;;
1699832;RCBP RORAIMA;FEMININO;29/07/1974;38;SEM INFORMAÇÃO;BRASIL;RORAIMA;CARACARAÍ;SEM INFORMAÇÃO;CASADO;0;SEM INFORMAÇÃO	;RORAIMA;CARACARAÍ;COLO DO UTERO, SOE;C539;ADENOCARCINOMA, SOE;81403;COLO DO UTERO, SOE;C539;;;;;false;CITOLOGIA;LOCALIZADO;;;;;;;;24/05/2013;;
1699872;RCBP RORAIMA;FEMININO;10/02/1967;46;PARDA;BRASIL;MARANHÃO;;MÉDIO (ANTIGO SEGUNDO GRAU);SOLTEIRO;0;SEM INFORMAÇÃO	;RORAIMA;BOA VISTA;COLO DO UTERO, SOE;C539;CARCINOMA ESCAMOSO MICRO-INVASOR;80763;COLO DO UTERO, SOE;C539;;;;;false;HISTOLOGIA DO TUMOR PRIMÁRIO;SEM INFORMAÇÃO;;;;;;;;06/07/2013;;
1700332;RCBP RORAIMA;MASCULINO;14/08/1942;71;SEM INFORMAÇÃO;BRASIL;PARÁ;;SEM INFORMAÇÃO;SEM INFORMAÇÃO;0;SEM INFORMAÇÃO	;RORAIMA;BOA VISTA;PULMAO, SOE;C349;CARCINOMA ESCAMOCELULAR, SOE;80703;BRONQUIOS OU PULMOES, SOE;C349;;;;;false;HISTOLOGIA DO TUMOR PRIMÁRIO;SEM INFORMAÇÃO;;;;;;;;21/10/2013;;
1700333;RCBP RORAIMA;FEMININO;01/09/1982;30;PARDA;BRASIL;Não informado;Não Informado;MÉDIO (ANTIGO SEGUNDO GRAU);SEM INFORMAÇÃO;0;SEM INFORMAÇÃO	;RORAIMA;BOA VISTA;COLO DO UTERO, SOE;C539;NEOPLASIA INTRA-EPITELIAL ESCAMOSA,GRAU IIII;80772;COLO DO UTERO, SOE;D069;;;;;false;CITOLOGIA;"IN SITU";;;;;;;;23/04/2013;;
1700288;RCBP RORAIMA;FEMININO;28/05/1963;49;PARDA;BRASIL;AMAZONAS;;FUNDAMENTAL I (1ª A 4ª SÉRIE);CASADO;0;SEM INFORMAÇÃO	;RORAIMA;BOA VISTA;COLO DO UTERO, SOE;C539;CARCINOMA ESCAMOCELULAR, SOE;80703;COLO DO UTERO, SOE;C539;;;;;false;HISTOLOGIA DO TUMOR PRIMÁRIO;METÁSTASE;;;;;;;;03/04/2013;;
1700287;RCBP RORAIMA;FEMININO;10/11/1939;73;INDÍGENA;BRASIL;RORAIMA;;FUNDAMENTAL I (1ª A 4ª SÉRIE);SOLTEIRO;0;SEM INFORMAÇÃO	;RORAIMA;BOA VISTA;PALPEBRA;C441;CARCINOMA BASOCELULAR NODULAR;80973;PELE DA PALPEBRA E CANTO;C441;;;;;false;HISTOLOGIA DO TUMOR PRIMÁRIO;SEM INFORMAÇÃO;;;;;;;;29/10/2013;;
1700287;RCBP RORAIMA;FEMININO;10/11/1939;73;INDÍGENA;BRASIL;RORAIMA;;FUNDAMENTAL I (1ª A 4ª SÉRIE);SOLTEIRO;0;SEM INFORMAÇÃO	;RORAIMA;BOA VISTA;PELE, SOE;C449;CARCINOMA BASOCELULAR, SOE;80903;NEOPLASIA MALIGNA DA PELE;C449;;;;;false;HISTOLOGIA DO TUMOR PRIMÁRIO;SEM INFORMAÇÃO;;;;;;;;30/10/2013;;
1700339;RCBP RORAIMA;FEMININO;16/06/1939;74;PARDA;BRASIL;MARANHÃO;;FUNDAMENTAL I (1ª A 4ª SÉRIE);CASADO;0;SEM INFORMAÇÃO	;RORAIMA;BOA VISTA;PELE, SOE;C449;CARCINOMA BASOCELULAR, SOE;80903;NEOPLASIA MALIGNA DA PELE;C449;;;;;false;HISTOLOGIA DO TUMOR PRIMÁRIO;SEM INFORMAÇÃO;;;;;;;;22/07/2013;;
1700339;RCBP RORAIMA;FEMININO;16/06/1939;74;PARDA;BRASIL;MARANHÃO;;FUNDAMENTAL I (1ª A 4ª SÉRIE);CASADO;0;SEM INFORMAÇÃO	;RORAIMA;BOA VISTA;PELE DE OUTRAS PARTES DA FACE;C443;CARCINOMA BASOCELULAR, SOE;80903;PELE DE OUTRAS PARTES DA FACE;C443;;;;;false;HISTOLOGIA DO TUMOR PRIMÁRIO;LOCALIZADO;;;;;;;;22/07/2013;;
1700340;RCBP RORAIMA;MASCULINO;26/06/1942;70;PARDA;BRASIL;PIAUÍ;;SEM ESCOLARIDADE;CASADO;622;TRABALHADORES AGRÍCOLAS   	;RORAIMA;BOA VISTA;PULMAO, SOE;C349;CARCINOMA ESCAMOCELULAR, SOE;80703;BRONQUIOS OU PULMOES, SOE;C349;;;;;false;HISTOLOGIA DO TUMOR PRIMÁRIO;METÁSTASE;;;;;CÂNCER;01/06/2015;;11/03/2013;;
1700347;RCBP RORAIMA;MASCULINO;17/11/1978;34;PARDA;BRASIL;RORAIMA;;SUPERIOR INCOMPLETO;UNIÃO CONSENSUAL;0;SEM INFORMAÇÃO	;RORAIMA;BOA VISTA;PELE DE OUTRAS PARTES DA FACE;C443;CARCINOMA BASOCELULAR, SOE;80903;PELE DE OUTRAS PARTES DA FACE;C443;;;;;false;HISTOLOGIA DO TUMOR PRIMÁRIO;SEM INFORMAÇÃO;;;;;;;;25/10/2013;;
1700375;RCBP RORAIMA;MASCULINO;28/03/1921;91;BRANCO;BRASIL;Não informado;;MÉDIO (ANTIGO SEGUNDO GRAU);SOLTEIRO;0;SEM INFORMAÇÃO	;RORAIMA;BOA VISTA;ESOFAGO, SOE;C159;NEOPLASIA MALIGNA;80003;ESOFAGO, SOE;C159;;;;;false;HISTOLOGIA DO TUMOR PRIMÁRIO;SEM INFORMAÇÃO;SEM INFORMAÇÃO;99 - SEM INFORMAÇÃO;999;MORTO;CÂNCER;08/02/2013;08/02/2013;08/02/2013;;
1700390;RCBP RORAIMA;FEMININO;20/11/1944;68;INDÍGENA;BRASIL;Não informado;Não Informado;SEM ESCOLARIDADE;CASADO;622;TRABALHADORES AGRÍCOLAS   	;RORAIMA;UIRAMUTÃ;LOCALIZACAO PRIMARIA DESCONHECIDA, SOE;C809;ADENOCARCINOMA, SOE;81403;LOCALIZACAO PRIMARIA DESCONHECIDA;C80;;;;;false;HISTOLOGIA DO TUMOR PRIMÁRIO;METÁSTASE;;;;;CÂNCER;16/10/2013;;20/09/2013;;
1700320;RCBP RORAIMA;MASCULINO;22/05/1942;70;SEM INFORMAÇÃO;BRASIL;Não informado;Não Informado;SEM INFORMAÇÃO;SEM INFORMAÇÃO;0;SEM INFORMAÇÃO	;RORAIMA;BOA VISTA;VESICULA BILIAR, SOE;C239;ADENOCARCINOMA, SOE;81403;VESICULA BILIAR;C23;;;;;false;HISTOLOGIA DO TUMOR PRIMÁRIO;SEM INFORMAÇÃO;;;;;;;;04/04/2013;;
1700355;RCBP RORAIMA;FEMININO;10/01/1990;23;PARDA;BRASIL;Não informado;Não Informado;FUNDAMENTAL II (5ª A 8ª SÉRIE);SEM INFORMAÇÃO;0;SEM INFORMAÇÃO	;RORAIMA;BOA VISTA;COLO DO UTERO, SOE;C539;NEOPLASIA INTRA-EPITELIAL ESCAMOSA,GRAU IIII;80772;COLO DO UTERO, SOE;D069;;;;;false;CITOLOGIA;"IN SITU";;;;;;;;15/06/2013;;
1700345;RCBP RORAIMA;MASCULINO;27/10/1946;66;PARDA;BRASIL;RORAIMA;;FUNDAMENTAL I (1ª A 4ª SÉRIE);CASADO;0;SEM INFORMAÇÃO	;RORAIMA;BOA VISTA;PULMAO, SOE;C349;ADENOCARCINOMA, SOE;81403;BRONQUIOS OU PULMOES, SOE;C349;;;;;false;HISTOLOGIA DO TUMOR PRIMÁRIO;METÁSTASE;;;;;CÂNCER;29/06/2013;;31/05/2013;;
1700347;RCBP RORAIMA;MASCULINO;17/11/1978;34;PARDA;BRASIL;RORAIMA;;SUPERIOR INCOMPLETO;UNIÃO CONSENSUAL;0;SEM INFORMAÇÃO	;RORAIMA;BOA VISTA;PELE DE OUTRAS PARTES DA FACE;C443;CARCINOMA BASOCELULAR NODULAR;80973;PELE DE OUTRAS PARTES DA FACE;C443;;;;;false;HISTOLOGIA DO TUMOR PRIMÁRIO;LOCALIZADO;;;;;;;;25/10/2013;;
1700847;RCBP RORAIMA;MASCULINO;09/01/1953;60;PARDA;BRASIL;MARANHÃO;;SEM ESCOLARIDADE;CASADO;622;TRABALHADORES AGRÍCOLAS   	;RORAIMA;BOA VISTA;RETO, SOE;C209;ADENOCARCINOMA, SOE;81403;RETO;C20;;;;;false;HISTOLOGIA DO TUMOR PRIMÁRIO;SEM INFORMAÇÃO;;;;;CÂNCER;03/04/2015;;31/10/2013;;
1700846;RCBP RORAIMA;MASCULINO;17/05/1955;58;PARDA;BRASIL;MARANHÃO;;FUNDAMENTAL I (1ª A 4ª SÉRIE);SOLTEIRO;622;TRABALHADORES AGRÍCOLAS   	;RORAIMA;IRACEMA;PALPEBRA;C441;CARCINOMA BASOCELULAR, SOE;80903;PELE DA PALPEBRA E CANTO;C441;;;;;false;HISTOLOGIA DO TUMOR PRIMÁRIO;SEM INFORMAÇÃO;;;;;;;;11/09/2013;;
1159990;RCBP RORAIMA;MASCULINO;13/06/1964;48;PARDA;BRASIL;MARANHÃO;;FUNDAMENTAL I (1ª A 4ª SÉRIE);SOLTEIRO;715;TRABALHADORES DA CONSTRUÇÃO CIVIL E OBRAS PÚBLICAS	;RORAIMA;BOA VISTA;PROSTATA, SOE;C619;ADENOCARCINOMA, SOE;81403;PROSTATA;C61;;;;;false;HISTOLOGIA DO TUMOR PRIMÁRIO;LOCALIZADO;;;;;;;;04/04/2013;;
777123;RCBP RORAIMA;MASCULINO;;71;SEM INFORMAÇÃO;BRASIL;Não informado;Não Informado;SEM INFORMAÇÃO;SEM INFORMAÇÃO;0;SEM INFORMAÇÃO	;RORAIMA;BOA VISTA;PROSTATA, SOE;C619;ADENOCARCINOMA, SOE;81403;PROSTATA;C61;;;;;false;HISTOLOGIA DO TUMOR PRIMÁRIO;SEM INFORMAÇÃO;;;;;;;;22/05/2013;;
1159886;RCBP RORAIMA;MASCULINO;20/11/1974;38;PARDA;BRASIL;CEARÁ;;SUPERIOR COMPLETO;UNIÃO CONSENSUAL;234;PROFESSORES DO ENSINO SUPERIOR	;RORAIMA;BOA VISTA;ENCEFALO, SOE;C719;GLIOBLASTOMA, SOE;94403;ENCEFALO, SOE;C719;;;;;false;HISTOLOGIA DO TUMOR PRIMÁRIO;LOCALIZADO;;;;;CÂNCER;04/04/2015;;09/08/2013;;
1159758;RCBP RORAIMA;FEMININO;31/08/1966;46;PARDA;BRASIL;CEARÁ;PACAJUS;FUNDAMENTAL I (1ª A 4ª SÉRIE);SOLTEIRO;0;SEM INFORMAÇÃO	;RORAIMA;BOA VISTA;MAMA , SOE;C509;ADENOCARCINOMA MUCINOSO;84803;MAMA , SOE;C509;;;;;false;HISTOLOGIA DO TUMOR PRIMÁRIO;SEM INFORMAÇÃO;;;;;CÂNCER;23/11/2016;;05/06/2013;;
1159798;RCBP RORAIMA;FEMININO;24/05/2006;7;PARDA;BRASIL;RORAIMA;;SEM INFORMAÇÃO;SOLTEIRO;0;SEM INFORMAÇÃO	;RORAIMA;BOA VISTA;MEDULA OSSEA;C421;LEUCEMIA DE CELULAS DE BURKITT;98263;LEUCEMIA LINFOBLASTICA AGUDA;C910;Leucemias linfóides;I-A;;;false;HISTOLOGIA DO TUMOR PRIMÁRIO;NÃO SE APLICA;;;;;CÂNCER;10/12/2014;;13/09/2013;;
1159456;RCBP RORAIMA;MASCULINO;18/06/1992;20;PARDA;BRASIL;Não informado;;MÉDIO (ANTIGO SEGUNDO GRAU);SOLTEIRO;513;TRABALHADORES DOS SERVIÇOS DE HOTELARIA E ALIMENTAÇÃO 	;RORAIMA;BOA VISTA;NASOFARINGE, SOE;C119;CARCINOMA ESCAMOCELULAR, SOE;80703;NASOFARINGE, SOE;C119;;;CARCINOMA DE NASOFARINGE;8.2.1;false;HISTOLOGIA DA METÁSTASE;SEM INFORMAÇÃO;;;;;;;;14/02/2013;;
1159420;RCBP RORAIMA;FEMININO;06/01/1966;47;BRANCO;BRASIL;RORAIMA;;FUNDAMENTAL II (5ª A 8ª SÉRIE);SEPARADO JUDICIALMENTE;0;SEM INFORMAÇÃO	;RORAIMA;BOA VISTA;COLO DO UTERO, SOE;C539;CARCINOMA, SOE;80103;COLO DO UTERO, SOE;C539;;;;;false;HISTOLOGIA DO TUMOR PRIMÁRIO;SEM INFORMAÇÃO;;;;;SEM INFORMAÇÃO;27/04/2013;;18/01/2013;;
777973;RCBP RORAIMA;FEMININO;04/01/1961;52;SEM INFORMAÇÃO;BRASIL;ESPIRITO SANTO;;SEM INFORMAÇÃO;SEM INFORMAÇÃO;411;ESCRITURÁRIOS EM GERAL, AGENTES, ASSISTENTES E AUXILIARES ADMINISTRATIVOS 	;RORAIMA;BOA VISTA;ENCEFALO, SOE;C719;ASTROCITOMA, SOE;94003;ENCEFALO, SOE;C719;;;;;false;HISTOLOGIA DO TUMOR PRIMÁRIO;METÁSTASE;;;;;;;;16/09/2013;;
1159466;RCBP RORAIMA;MASCULINO;09/09/1960;53;BRANCO;BRASIL;MARANHÃO;;FUNDAMENTAL I (1ª A 4ª SÉRIE);CASADO;517;TRABALHADORES NOS SERVIÇOS DE PROTEÇÃO E SEGURANÇA	;RORAIMA;BOA VISTA;CARDIA, SOE;C160;CARCINOMA ESCAMOCELULAR, SOE;80703;CARDIA;C160;;;;;false;HISTOLOGIA DO TUMOR PRIMÁRIO;SEM INFORMAÇÃO;;;;;;;;26/09/2013;;
780212;RCBP RORAIMA;MASCULINO;02/02/1929;84;PARDA;BRASIL;PARÁ;;FUNDAMENTAL I (1ª A 4ª SÉRIE);CASADO;0;SEM INFORMAÇÃO	;RORAIMA;BOA VISTA;PROSTATA, SOE;C619;ADENOCARCINOMA, SOE;81403;PROSTATA;C61;;;;;false;HISTOLOGIA DO TUMOR PRIMÁRIO;SEM INFORMAÇÃO;;;;;;;;01/04/2013;;
780782;RCBP RORAIMA;FEMININO;01/12/1969;43;PARDA;BRASIL;MARANHÃO;;FUNDAMENTAL I (1ª A 4ª SÉRIE);CASADO;631;PESCADORES E CAÇADORES	;RORAIMA;BOA VISTA;COLO DO UTERO, SOE;C539;CARCINOMA ESCAMOCELULAR, SOE;80703;COLO DO UTERO, SOE;C539;;;;;false;HISTOLOGIA DO TUMOR PRIMÁRIO;SEM INFORMAÇÃO;;;;;;;;07/10/2013;;
787799;RCBP RORAIMA;FEMININO;08/01/1956;57;BRANCO;BRASIL;RIO GRANDE DO SUL;;SEM INFORMAÇÃO;CASADO;0;SEM INFORMAÇÃO	;RORAIMA;BOA VISTA;MAMA , SOE;C509;CARCINOMA DUCTAL INFILTRANTE;85003;MAMA , SOE;C509;;;;;false;HISTOLOGIA DO TUMOR PRIMÁRIO;SEM INFORMAÇÃO;;;;;;;;12/04/2013;;
1159767;RCBP RORAIMA;MASCULINO;14/07/1944;68;PARDA;BRASIL;RORAIMA;;FUNDAMENTAL I (1ª A 4ª SÉRIE);VIÚVO;0;SEM INFORMAÇÃO	;RORAIMA;BOA VISTA;PROSTATA, SOE;C619;ADENOCARCINOMA, SOE;81403;PROSTATA;C61;;;;;false;HISTOLOGIA DO TUMOR PRIMÁRIO;SEM INFORMAÇÃO;;;;;;;;15/04/2013;;
1159432;RCBP RORAIMA;MASCULINO;20/03/1956;57;PARDA;BRASIL;RIO DE JANEIRO;;FUNDAMENTAL II (5ª A 8ª SÉRIE);CASADO;782;CONDUTORES DE VEÍCULOS E OPERADORES DE EQUIPAMENTOS DE ELEVAÇÃO E DE MOVIMENTAÇÃO DE CARGAS   	;RORAIMA;BOA VISTA;FIGADO, SOE;C220;CARCINOMA HEPATOCELULAR, SOE;81703;CARCINOMA DE CELULAS HEPATICAS;C220;;;;;false;HISTOLOGIA DO TUMOR PRIMÁRIO;SEM INFORMAÇÃO;;;;;;;;02/09/2013;;
1159430;RCBP RORAIMA;FEMININO;14/02/1966;46;PARDA;BRASIL;Não informado;;MÉDIO (ANTIGO SEGUNDO GRAU);UNIÃO CONSENSUAL;0;SEM INFORMAÇÃO	;RORAIMA;BOA VISTA;FIGADO, SOE;C220;ADENOCARCINOMA, SOE;81403;FIGADO E VIAS BILIARES INTRA-HEPATICAS;C22;;;;;false;HISTOLOGIA DO TUMOR PRIMÁRIO;SEM INFORMAÇÃO;;;;;CÂNCER;06/05/2013;;15/01/2013;;
783219;RCBP RORAIMA;FEMININO;13/01/1962;51;PARDA;BRASIL;MARANHÃO;;SEM INFORMAÇÃO;SOLTEIRO;411;ESCRITURÁRIOS EM GERAL, AGENTES, ASSISTENTES E AUXILIARES ADMINISTRATIVOS 	;RORAIMA;BOA VISTA;MAMA , SOE;C509;CARCINOMA DUCTAL INFILTRANTE;85003;MAMA , SOE;C509;;;;;false;HISTOLOGIA DO TUMOR PRIMÁRIO;METÁSTASE;;;;;;;;14/01/2013;;
1159472;RCBP RORAIMA;MASCULINO;08/05/1930;83;BRANCO;BRASIL;Não informado;;FUNDAMENTAL I (1ª A 4ª SÉRIE);VIÚVO;0;SEM INFORMAÇÃO	;RORAIMA;RORAINÓPOLIS;PROSTATA, SOE;C619;ADENOCARCINOMA, SOE;81403;PROSTATA;C61;;;;;false;HISTOLOGIA DO TUMOR PRIMÁRIO;SEM INFORMAÇÃO;;;;;CÂNCER;21/10/2013;;05/07/2013;;
1159472;RCBP RORAIMA;MASCULINO;08/05/1930;83;BRANCO;BRASIL;Não informado;;FUNDAMENTAL I (1ª A 4ª SÉRIE);VIÚVO;0;SEM INFORMAÇÃO	;RORAIMA;RORAINÓPOLIS;ESOFAGO, SOE;C159;ADENOCARCINOMA, SOE;81403;ESOFAGO, SOE;C159;;;;;false;HISTOLOGIA DO TUMOR PRIMÁRIO;SEM INFORMAÇÃO;;;;;CÂNCER;21/10/2013;;05/07/2013;;
1469918;RCBP RORAIMA;MASCULINO;05/11/1960;53;BRANCO;BRASIL;MARANHÃO;;FUNDAMENTAL I (1ª A 4ª SÉRIE);CASADO;717;AJUDANTES DE OBRAS	;RORAIMA;BOA VISTA;PELE DE OUTRAS PARTES DA FACE;C443;CARCINOMA BASOCELULAR, SOE;80903;PELE DE OUTRAS PARTES DA FACE;C443;;;;;false;HISTOLOGIA DO TUMOR PRIMÁRIO;LOCALIZADO;;;;;;;;12/11/2013;;
1469872;RCBP RORAIMA;FEMININO;12/10/1973;40;PARDA;BRASIL;RORAIMA;;MÉDIO (ANTIGO SEGUNDO GRAU);CASADO;322;TÉCNICOS DA CIÊNCIA DA SAÚDE HUMANA 	;RORAIMA;BOA VISTA;COLO DO UTERO, SOE;C539;CARCINOMA ESCAMOCELULAR, SOE;80703;COLO DO UTERO, SOE;C539;;;;;false;HISTOLOGIA DO TUMOR PRIMÁRIO;METÁSTASE;;;;;;;;07/11/2013;;
1469872;RCBP RORAIMA;FEMININO;12/10/1973;39;PARDA;BRASIL;RORAIMA;;MÉDIO (ANTIGO SEGUNDO GRAU);CASADO;322;TÉCNICOS DA CIÊNCIA DA SAÚDE HUMANA 	;RORAIMA;BOA VISTA;COLO DO UTERO, SOE;C539;CARCINOMA MUCOEPIDERMOIDE;84303;COLO DO UTERO, SOE;C539;;;;;false;HISTOLOGIA DO TUMOR PRIMÁRIO;LOCALIZADO;;;;;;;;07/01/2013;;
1159105;RCBP RORAIMA;MASCULINO;;;PARDA;BRASIL;Não informado;;SEM INFORMAÇÃO;SEM INFORMAÇÃO;;;RORAIMA;BOA VISTA;OROFARINGE, SOE;C109;NEOPLASIA MALIGNA;80003;OROFARINGE, SOE;C109;;;;;false;SDO;SEM INFORMAÇÃO;SEM INFORMAÇÃO;99 - SEM INFORMAÇÃO;999;MORTO;CÂNCER;16/06/2013;16/06/2013;16/06/2013;;
1159037;RCBP RORAIMA;MASCULINO;01/06/1947;65;PARDA;BRASIL;PIAUÍ;AMARANTE;FUNDAMENTAL II (5ª A 8ª SÉRIE);SEM INFORMAÇÃO;0;SEM INFORMAÇÃO	;RORAIMA;RORAINÓPOLIS;PROSTATA, SOE;C619;NEOPLASIA MALIGNA;80003;PROSTATA;C61;;;;;false;HISTOLOGIA DO TUMOR PRIMÁRIO;SEM INFORMAÇÃO;;;;;CÂNCER;29/08/2013;;15/03/2013;;
1159073;RCBP RORAIMA;FEMININO;11/01/1980;33;PARDA;VENEZUELA;Não informado;Não Informado;SEM INFORMAÇÃO;UNIÃO CONSENSUAL;;;RORAIMA;BOA VISTA;COLO DO UTERO, SOE;C539;NEOPLASIA MALIGNA;80003;COLO DO UTERO, SOE;C539;;;;;false;HISTOLOGIA DO TUMOR PRIMÁRIO;SEM INFORMAÇÃO;;;;;CÂNCER;16/07/2013;;18/02/2013;;
1159031;RCBP RORAIMA;MASCULINO;12/03/1938;74;PARDA;BRASIL;Não informado;;FUNDAMENTAL I (1ª A 4ª SÉRIE);SEPARADO JUDICIALMENTE;0;SEM INFORMAÇÃO	;RORAIMA;BOA VISTA;LOCALIZACAO PRIMARIA DESCONHECIDA, SOE;C809;NEOPLASIA MALIGNA;80003;LOCALIZACAO PRIMARIA DESCONHECIDA;C80;;;;;false;HISTOLOGIA DO TUMOR PRIMÁRIO;SEM INFORMAÇÃO;;;;;CÂNCER;18/04/2013;;26/02/2013;;
1159046;RCBP RORAIMA;FEMININO;13/11/1954;58;BRANCO;BRASIL;Não informado;;SUPERIOR COMPLETO;CASADO;411;ESCRITURÁRIOS EM GERAL, AGENTES, ASSISTENTES E AUXILIARES ADMINISTRATIVOS 	;RORAIMA;BOA VISTA;LOBO PARIETAL;C713;NEOPLASIA MALIGNA;80003;LOBO PARIETAL;C713;;;;;false;HISTOLOGIA DO TUMOR PRIMÁRIO;SEM INFORMAÇÃO;;;;;CÂNCER;20/09/2013;;02/03/2013;;
1159048;RCBP RORAIMA;MASCULINO;20/07/1937;75;PARDA;BRASIL;RORAIMA;BOA VISTA;FUNDAMENTAL I (1ª A 4ª SÉRIE);CASADO;622;TRABALHADORES AGRÍCOLAS   	;RORAIMA;BOA VISTA;CEREBRO;C710;NEOPLASIA MALIGNA;80003;CEREBRO;C710;;;;;false;SDO;SEM INFORMAÇÃO;;;;;CÂNCER;16/12/2013;;28/01/2013;;
1159051;RCBP RORAIMA;FEMININO;10/09/1936;76;BRANCO;BRASIL;Não informado;;FUNDAMENTAL I (1ª A 4ª SÉRIE);CASADO;0;SEM INFORMAÇÃO	;RORAIMA;MUCAJAÍ;PALATO, SOE;C059;NEOPLASIA MALIGNA;80003;PALATO, SOE;C059;;;;;false;HISTOLOGIA DO TUMOR PRIMÁRIO;SEM INFORMAÇÃO;;;;;CÂNCER;12/05/2013;;01/02/2013;;
1159052;RCBP RORAIMA;MASCULINO;25/12/1932;80;INDÍGENA;BRASIL;Não informado;;SEM ESCOLARIDADE;SOLTEIRO;622;TRABALHADORES AGRÍCOLAS   	;RORAIMA;UIRAMUTÃ;PROSTATA, SOE;C619;NEOPLASIA MALIGNA;80003;PROSTATA;C61;;;;;false;HISTOLOGIA DO TUMOR PRIMÁRIO;SEM INFORMAÇÃO;;;;;CÂNCER;20/09/2013;;26/02/2013;;
1159110;RCBP RORAIMA;FEMININO;04/10/1924;88;PARDA;BRASIL;Não informado;;SEM ESCOLARIDADE;VIÚVO;0;SEM INFORMAÇÃO	;RORAIMA;BOA VISTA;UTERO, SOE;C559;NEOPLASIA MALIGNA;80003;UTERO, SOE;C55;;;;;false;HISTOLOGIA DO TUMOR PRIMÁRIO;SEM INFORMAÇÃO;;;;;CÂNCER;08/05/2013;;17/01/2013;;
1159112;RCBP RORAIMA;MASCULINO;25/03/1971;42;PRETA;BRASIL;Não informado;;SEM INFORMAÇÃO;SOLTEIRO;512;TRABALHADORES DOS SERVIÇOS DOMÉSTICOS EM GERAL	;RORAIMA;BOA VISTA;MEDULA OSSEA;C421;LEUCEMIA MIELOIDE AGUDA, SOE;98613;LEUCEMIA MIELOIDE AGUDA;C920;;;;;false;SDO;NÃO SE APLICA;SEM INFORMAÇÃO;99 - SEM INFORMAÇÃO;999;MORTO;CÂNCER;06/06/2013;06/06/2013;06/06/2013;;
1159109;RCBP RORAIMA;MASCULINO;28/10/1952;60;PARDA;BRASIL;SERGIPE;SÃO FRANCISCO;FUNDAMENTAL I (1ª A 4ª SÉRIE);SOLTEIRO;342;TÉCNICOS EM TRANSPORTES (LOGÍSTICA)   	;RORAIMA;BOA VISTA;ESTOMAGO, SOE;C169;NEOPLASIA MALIGNA;80003;ESTOMAGO, SOE;C169;;;;;false;HISTOLOGIA DO TUMOR PRIMÁRIO;SEM INFORMAÇÃO;;;;;CÂNCER;08/02/2013;;30/01/2013;;
1159113;RCBP RORAIMA;MASCULINO;12/12/1955;57;PARDA;BRASIL;MARANHÃO;CAXIAS;FUNDAMENTAL I (1ª A 4ª SÉRIE);SOLTEIRO;711;TRABALHADORES DA EXTRAÇÃO MINERAL 	;RORAIMA;BOA VISTA;BEXIGA, SOE;C679;NEOPLASIA MALIGNA;80003;BEXIGA, SOE;C679;;;;;false;HISTOLOGIA DO TUMOR PRIMÁRIO;SEM INFORMAÇÃO;;;;;CÂNCER;14/01/2013;;14/01/2013;;
1159139;RCBP RORAIMA;MASCULINO;10/08/1962;50;PARDA;BRASIL;Não informado;;MÉDIO (ANTIGO SEGUNDO GRAU);SEM INFORMAÇÃO;111;MEMBROS SUPERIORES DO PODER LEGISLATIVO, EXECUTIVO E JUDICIÁRIO   	;RORAIMA;BOA VISTA;PROSTATA, SOE;C619;NEOPLASIA MALIGNA;80003;PROSTATA;C61;;;;;false;HISTOLOGIA DO TUMOR PRIMÁRIO;SEM INFORMAÇÃO;;;;;CÂNCER;14/08/2013;;30/01/2013;;
1159127;RCBP RORAIMA;MASCULINO;15/10/1965;47;PARDA;BRASIL;MARANHÃO;SANTA LUZIA;MÉDIO (ANTIGO SEGUNDO GRAU);SOLTEIRO;;;RORAIMA;BOA VISTA;LOCALIZACAO PRIMARIA DESCONHECIDA, SOE;C809;NEOPLASIA MALIGNA;80003;LOCALIZACAO PRIMARIA DESCONHECIDA;C80;;;;;false;HISTOLOGIA DO TUMOR PRIMÁRIO;METÁSTASE;;;;;CÂNCER;19/08/2013;;11/03/2013;;
1159128;RCBP RORAIMA;MASCULINO;02/12/1940;72;PARDA;BRASIL;Não informado;;FUNDAMENTAL I (1ª A 4ª SÉRIE);VIÚVO;761;TRABALHADORES DAS INDUSTRIAS TÊXTEIS 	;RORAIMA;BOA VISTA;PROSTATA, SOE;C619;NEOPLASIA MALIGNA;80003;PROSTATA;C61;;;;;false;HISTOLOGIA DO TUMOR PRIMÁRIO;SEM INFORMAÇÃO;;;;;CÂNCER;23/06/2013;;02/02/2013;;
1159129;RCBP RORAIMA;MASCULINO;07/09/1960;52;SEM INFORMAÇÃO;BRASIL;MARANHÃO;BACABAL;FUNDAMENTAL II (5ª A 8ª SÉRIE);CASADO;622;TRABALHADORES AGRÍCOLAS   	;RORAIMA;BOA VISTA;LOCALIZACAO PRIMARIA DESCONHECIDA, SOE;C809;NEOPLASIA MALIGNA;80003;LOCALIZACAO PRIMARIA DESCONHECIDA;C80;;;;;false;HISTOLOGIA DO TUMOR PRIMÁRIO;METÁSTASE;;;;;CÂNCER;11/12/2013;;15/04/2013;;
1159133;RCBP RORAIMA;MASCULINO;03/02/1956;57;PARDA;BRASIL;Não informado;;SEM INFORMAÇÃO;SEM INFORMAÇÃO;;;RORAIMA;BOA VISTA;CABECA, FACE E PESCOCO, SOE;C760;NEOPLASIA MALIGNA;80003;CABECA, FACE E PESCOCO;C760;;;;;false;HISTOLOGIA DO TUMOR PRIMÁRIO;SEM INFORMAÇÃO;;;;;CÂNCER;28/07/2013;;16/02/2013;;
1159134;RCBP RORAIMA;FEMININO;19/01/1939;74;BRANCO;BRASIL;SANTA CATARINA;MAFRA;SEM INFORMAÇÃO;SOLTEIRO;;;RORAIMA;MUCAJAÍ;LOCALIZACAO PRIMARIA DESCONHECIDA, SOE;C809;NEOPLASIA MALIGNA;80003;LOCALIZACAO PRIMARIA DESCONHECIDA;C80;;;;;false;HISTOLOGIA DO TUMOR PRIMÁRIO;METÁSTASE;;;;;CÂNCER;05/07/2013;;27/02/2013;;
1159135;RCBP RORAIMA;FEMININO;07/02/1997;15;PARDA;BRASIL;RORAIMA;BOA VISTA;FUNDAMENTAL II (5ª A 8ª SÉRIE);SOLTEIRO;0;SEM INFORMAÇÃO	;RORAIMA;MUCAJAÍ;MEDULA OSSEA;C421;LEUCEMIA MIELOIDE AGUDA, SOE;98613;LEUCEMIA MIELOIDE AGUDA;C920;Leucemias mielóides agudas;I-B;LEUCEMIA MIELÓIDE AGUDA;1.2;false;HISTOLOGIA DO TUMOR PRIMÁRIO;NÃO SE APLICA;;;;;CÂNCER;08/02/2013;;16/01/2013;;
1159148;RCBP RORAIMA;FEMININO;21/02/1967;45;PARDA;BRASIL;RORAIMA;NORMANDIA;FUNDAMENTAL II (5ª A 8ª SÉRIE);UNIÃO CONSENSUAL;622;TRABALHADORES AGRÍCOLAS   	;RORAIMA;MUCAJAÍ;PELE, SOE;C449;MELANOMA MALIGNO, SOE;87203;MELANOMA MALIGNO DA PELE, SOE;C439;;;;;false;HISTOLOGIA DO TUMOR PRIMÁRIO;SEM INFORMAÇÃO;;;;;CÂNCER;29/01/2013;;02/01/2013;;
1159155;RCBP RORAIMA;MASCULINO;11/01/1960;53;BRANCO;BRASIL;AMAZONAS;PARINTINS;SUPERIOR COMPLETO;UNIÃO CONSENSUAL;252;PROFISSIONAIS DE ORGANIZAÇÃO E ADMINISTRAÇÃO DE EMPRESAS E AFINS  	;RORAIMA;BOA VISTA;LOCALIZACAO PRIMARIA DESCONHECIDA, SOE;C809;NEOPLASIA MALIGNA;80003;LOCALIZACAO PRIMARIA DESCONHECIDA;C80;;;;;false;HISTOLOGIA DO TUMOR PRIMÁRIO;METÁSTASE;;;;;CÂNCER;04/07/2013;;04/07/2013;;
1159149;RCBP RORAIMA;FEMININO;25/05/1930;82;BRANCO;BRASIL;Não informado;;SUPERIOR COMPLETO;SOLTEIRO;;;RORAIMA;BOA VISTA;PULMAO, SOE;C349;NEOPLASIA MALIGNA;80003;BRONQUIOS OU PULMOES, SOE;C349;;;;;false;HISTOLOGIA DO TUMOR PRIMÁRIO;SEM INFORMAÇÃO;;;;;CÂNCER;10/08/2013;;22/03/2013;;
1159154;RCBP RORAIMA;MASCULINO;14/11/1929;83;BRANCO;BRASIL;Não informado;;SEM ESCOLARIDADE;CASADO;0;SEM INFORMAÇÃO	;RORAIMA;BOA VISTA;FIGADO, SOE;C220;NEOPLASIA MALIGNA;80003;FIGADO E VIAS BILIARES INTRA-HEPATICAS;C22;;;;;false;SDO;SEM INFORMAÇÃO;SEM INFORMAÇÃO;99 - SEM INFORMAÇÃO;999;MORTO;CÂNCER;01/01/2013;01/01/2013;01/01/2013;;
1159145;RCBP RORAIMA;MASCULINO;16/12/1941;71;PARDA;BRASIL;MARANHÃO;GRAJAÚ;FUNDAMENTAL I (1ª A 4ª SÉRIE);SOLTEIRO;711;TRABALHADORES DA EXTRAÇÃO MINERAL 	;RORAIMA;CARACARAÍ;LARINGE, SOE;C329;NEOPLASIA MALIGNA;80003;LARINGE, SOE;C329;;;;;false;HISTOLOGIA DO TUMOR PRIMÁRIO;SEM INFORMAÇÃO;;;;;CÂNCER;16/03/2013;;30/01/2013;;
1159151;RCBP RORAIMA;FEMININO;11/01/1929;84;BRANCO;BRASIL;Não informado;;FUNDAMENTAL I (1ª A 4ª SÉRIE);VIÚVO;0;SEM INFORMAÇÃO	;RORAIMA;BOA VISTA;ESTOMAGO, SOE;C169;NEOPLASIA MALIGNA;80003;ESTOMAGO, SOE;C169;;;;;false;HISTOLOGIA DO TUMOR PRIMÁRIO;SEM INFORMAÇÃO;;;;;CÂNCER;10/04/2013;;11/01/2013;;
1159153;RCBP RORAIMA;FEMININO;02/07/1951;61;PARDA;BRASIL;CEARÁ;CAPISTRANO;SEM ESCOLARIDADE;VIÚVO;0;SEM INFORMAÇÃO	;RORAIMA;MUCAJAÍ;PULMAO, SOE;C349;NEOPLASIA MALIGNA;80003;BRONQUIOS OU PULMOES, SOE;C349;;;;;false;HISTOLOGIA DO TUMOR PRIMÁRIO;SEM INFORMAÇÃO;;;;;CÂNCER;03/04/2013;;27/02/2013;;
1159158;RCBP RORAIMA;FEMININO;27/09/1958;54;BRANCO;BRASIL;MARANHÃO;VITORINO FREIRE;FUNDAMENTAL I (1ª A 4ª SÉRIE);SOLTEIRO;0;SEM INFORMAÇÃO	;RORAIMA;BOA VISTA;MAMA , SOE;C509;NEOPLASIA MALIGNA;80003;MAMA , SOE;C509;;;;;false;HISTOLOGIA DO TUMOR PRIMÁRIO;SEM INFORMAÇÃO;;;;;CÂNCER;23/03/2013;;10/01/2013;;
1159160;RCBP RORAIMA;FEMININO;20/09/1934;78;BRANCO;BRASIL;RORAIMA;BOA VISTA;SUPERIOR COMPLETO;VIÚVO;223;PROFISSIONAIS DA MEDICINA, SAÚDE E AFINS  	;RORAIMA;BOA VISTA;MAMA , SOE;C509;NEOPLASIA MALIGNA;80003;MAMA , SOE;C509;;;;;false;HISTOLOGIA DO TUMOR PRIMÁRIO;SEM INFORMAÇÃO;;;;;CÂNCER;27/02/2013;;27/02/2013;;
1159172;RCBP RORAIMA;FEMININO;05/11/1933;79;PARDA;BRASIL;Não informado;;SEM ESCOLARIDADE;SOLTEIRO;;;RORAIMA;BOA VISTA;OVARIO, SOE;C569;NEOPLASIA MALIGNA;80003;OVARIO;C56;;;;;false;SDO;SEM INFORMAÇÃO;SEM INFORMAÇÃO;99 - SEM INFORMAÇÃO;999;MORTO;CÂNCER;15/10/2013;15/10/2013;15/10/2013;;
1159173;RCBP RORAIMA;MASCULINO;24/06/1943;69;BRANCO;BRASIL;Não informado;;MÉDIO (ANTIGO SEGUNDO GRAU);SEPARADO JUDICIALMENTE;372;TÉCNICOS EM OPERAÇÃO DE CÂMARA FOTOGRÁFICA , CINEMA E DE TELEVISÃO	;RORAIMA;BOA VISTA;LINGUA, SOE;C029;NEOPLASIA MALIGNA;80003;LINGUA, SOE;C029;;;;;false;SDO;SEM INFORMAÇÃO;SEM INFORMAÇÃO;99 - SEM INFORMAÇÃO;999;MORTO;CÂNCER;01/03/2013;01/03/2013;01/03/2013;;
1159174;RCBP RORAIMA;MASCULINO;06/01/1939;74;PARDA;BRASIL;Não informado;;SEM ESCOLARIDADE;VIÚVO;611;PRODUTORES AGROPECUÁRIOS EM GERAL 	;RORAIMA;PACARAIMA;BOCA, SOE;C069;NEOPLASIA MALIGNA;80003;BOCA, SOE;C069;;;;;false;SDO;SEM INFORMAÇÃO;SEM INFORMAÇÃO;99 - SEM INFORMAÇÃO;999;MORTO;CÂNCER;20/02/2013;;20/02/2013;;
1159284;RCBP RORAIMA;MASCULINO;18/11/2003;9;INDÍGENA;BRASIL;Não informado;;FUNDAMENTAL II (5ª A 8ª SÉRIE);SOLTEIRO;0;SEM INFORMAÇÃO	;RORAIMA;BOA VISTA;MEDULA OSSEA;C421;LEUCEMIA LINFOBLASTICA DE CELULAS PRECURSORAS,SOE;98353;LEUCEMIA LINFOBLASTICA AGUDA;C910;Leucemias linfóides;I-A;;;false;SDO;NÃO SE APLICA;SEM INFORMAÇÃO;99 - SEM INFORMAÇÃO;999;MORTO;CÂNCER;26/08/2013;26/08/2013;26/08/2013;;
1159437;RCBP RORAIMA;MASCULINO;15/02/1938;75;SEM INFORMAÇÃO;BRASIL;Não informado;;SEM INFORMAÇÃO;CASADO;;;RORAIMA;MUCAJAÍ;PANCREAS, SOE;C259;NEOPLASIA MALIGNA;80003;PANCREAS, SOE;C259;;;;;false;SDO;SEM INFORMAÇÃO;SEM INFORMAÇÃO;99 - SEM INFORMAÇÃO;999;MORTO;CÂNCER;07/09/2013;07/09/2013;07/09/2013;;
1159441;RCBP RORAIMA;MASCULINO;01/10/1943;70;BRANCO;BRASIL;Não informado;;FUNDAMENTAL II (5ª A 8ª SÉRIE);CASADO;0;SEM INFORMAÇÃO	;RORAIMA;BOA VISTA;RIM, SOE;C649;NEOPLASIA MALIGNA;80003;RIM;C64;;;;;false;SDO;METÁSTASE;SEM INFORMAÇÃO;99 - SEM INFORMAÇÃO;999;MORTO;CÂNCER;07/11/2013;07/11/2013;07/11/2013;;
1159445;RCBP RORAIMA;FEMININO;08/11/1961;51;BRANCO;BRASIL;Não informado;;MÉDIO (ANTIGO SEGUNDO GRAU);SEPARADO JUDICIALMENTE;322;TÉCNICOS DA CIÊNCIA DA SAÚDE HUMANA 	;RORAIMA;BOA VISTA;MAMA , SOE;C509;NEOPLASIA MALIGNA;80003;MAMA , SOE;C509;;;;;false;SDO;SEM INFORMAÇÃO;SEM INFORMAÇÃO;99 - SEM INFORMAÇÃO;999;MORTO;CÂNCER;12/02/2013;12/02/2013;12/02/2013;;
1159447;RCBP RORAIMA;FEMININO;12/08/1940;73;BRANCO;BRASIL;Não informado;;FUNDAMENTAL I (1ª A 4ª SÉRIE);VIÚVO;0;SEM INFORMAÇÃO	;RORAIMA;BOA VISTA;MAMA , SOE;C509;NEOPLASIA MALIGNA;80003;MAMA , SOE;C509;;;;;false;SDO;SEM INFORMAÇÃO;SEM INFORMAÇÃO;99 - SEM INFORMAÇÃO;999;MORTO;CÂNCER;11/12/2013;11/12/2013;11/12/2013;;
1159453;RCBP RORAIMA;FEMININO;03/10/1951;61;PARDA;BRASIL;Não informado;;FUNDAMENTAL I (1ª A 4ª SÉRIE);VIÚVO;411;ESCRITURÁRIOS EM GERAL, AGENTES, ASSISTENTES E AUXILIARES ADMINISTRATIVOS 	;RORAIMA;BOA VISTA;LOCALIZACAO PRIMARIA DESCONHECIDA, SOE;C809;NEOPLASIA MALIGNA;80003;LOCALIZACAO PRIMARIA DESCONHECIDA;C80;;;;;false;SDO;SEM INFORMAÇÃO;SEM INFORMAÇÃO;99 - SEM INFORMAÇÃO;999;MORTO;CÂNCER;23/03/2013;23/03/2013;23/03/2013;;
1159455;RCBP RORAIMA;FEMININO;03/10/1943;69;PRETA;BRASIL;Não informado;;FUNDAMENTAL I (1ª A 4ª SÉRIE);SOLTEIRO;;;RORAIMA;BOA VISTA;LOCALIZACAO PRIMARIA DESCONHECIDA, SOE;C809;NEOPLASIA MALIGNA;80003;LOCALIZACAO PRIMARIA DESCONHECIDA;C80;;;;;false;SDO;METÁSTASE;SEM INFORMAÇÃO;99 - SEM INFORMAÇÃO;999;MORTO;CÂNCER;08/08/2013;08/08/2013;08/08/2013;;
1159457;RCBP RORAIMA;MASCULINO;29/12/1945;67;PRETA;BRASIL;Não informado;;SEM ESCOLARIDADE;CASADO;622;TRABALHADORES AGRÍCOLAS   	;RORAIMA;BOA VISTA;PROSTATA, SOE;C619;NEOPLASIA MALIGNA;80003;PROSTATA;C61;;;;;false;SDO;SEM INFORMAÇÃO;SEM INFORMAÇÃO;99 - SEM INFORMAÇÃO;999;MORTO;CÂNCER;25/04/2013;25/04/2013;25/04/2013;;
1473403;RCBP RORAIMA;MASCULINO;26/05/1953;60;SEM INFORMAÇÃO;BRASIL;GOIAS;;SEM INFORMAÇÃO;CASADO;0;SEM INFORMAÇÃO	;RORAIMA;BOA VISTA;PROSTATA, SOE;C619;CARCINOMA DE CELULAS ACINOSAS;85503;PROSTATA;C61;;;;;false;HISTOLOGIA DO TUMOR PRIMÁRIO;SEM INFORMAÇÃO;;;;;;;;06/11/2013;;
1159464;RCBP RORAIMA;MASCULINO;10/09/1967;45;PARDA;BRASIL;RORAIMA;BOA VISTA;MÉDIO (ANTIGO SEGUNDO GRAU);SOLTEIRO;822;OPERADORES DE INSTALAÇÕES E EQUIPAMENTOS DE PRODUÇÃO DE METAIS E LIGAS- SEGUNDA FUSÃO 	;RORAIMA;BOA VISTA;ESTOMAGO, SOE;C169;ADENOCARCINOMA, SOE;81403;ESTOMAGO, SOE;C169;;;;;false;HISTOLOGIA DO TUMOR PRIMÁRIO;SEM INFORMAÇÃO;;;;;CÂNCER;13/05/2014;;24/01/2013;;
1473404;RCBP RORAIMA;MASCULINO;;72;SEM INFORMAÇÃO;BRASIL;RORAIMA;CANTÁ;SEM INFORMAÇÃO;SEM INFORMAÇÃO;0;SEM INFORMAÇÃO	;RORAIMA;BOA VISTA;PROSTATA, SOE;C619;ADENOCARCINOMA, SOE;81403;PROSTATA;C61;;;;;false;HISTOLOGIA DO TUMOR PRIMÁRIO;SEM INFORMAÇÃO;;;;;;;;28/05/2013;;
1469828;RCBP RORAIMA;FEMININO;13/07/1934;79;SEM INFORMAÇÃO;BRASIL;MARANHÃO;;SEM INFORMAÇÃO;SEPARADO JUDICIALMENTE;0;SEM INFORMAÇÃO	;RORAIMA;BOA VISTA;RETO, SOE;C209;ADENOCARCINOMA, SOE;81403;RETO;C20;;;;;false;HISTOLOGIA DO TUMOR PRIMÁRIO;METÁSTASE;;;;;;;;12/09/2013;;
1469925;RCBP RORAIMA;MASCULINO;;60;SEM INFORMAÇÃO;Não informado;Não informado;Não Informado;SEM INFORMAÇÃO;SEM INFORMAÇÃO;0;SEM INFORMAÇÃO	;RORAIMA;BOA VISTA;PROSTATA, SOE;C619;ADENOCARCINOMA, SOE;81403;PROSTATA;C61;;;;;false;HISTOLOGIA DO TUMOR PRIMÁRIO;SEM INFORMAÇÃO;;;;;;;;19/01/2013;;
1469897;RCBP RORAIMA;FEMININO;21/06/1984;28;SEM INFORMAÇÃO;BRASIL;Não informado;Não Informado;SEM INFORMAÇÃO;SEM INFORMAÇÃO;0;SEM INFORMAÇÃO	;RORAIMA;BOA VISTA;COLO DO UTERO, SOE;C539;CARCINOMA ESCAMOCELULAR "IN SITU", SOE;80702;COLO DO UTERO, SOE;D069;;;;;false;HISTOLOGIA DO TUMOR PRIMÁRIO;"IN SITU";;;;;;;;18/01/2013;;
1469849;RCBP RORAIMA;MASCULINO;06/06/2012;1;PARDA;BRASIL;RORAIMA;;SEM ESCOLARIDADE;SOLTEIRO;0;SEM INFORMAÇÃO	;RORAIMA;RORAINÓPOLIS;MEDULA OSSEA;C421;LEUCEMIA LINFOBLASTICA DE CEL. PRECURSORAS TIPO B;98363;LEUCEMIA LINFOBLASTICA AGUDA;C910;Leucemias linfóides;I-A;;;false;HISTOLOGIA DO TUMOR PRIMÁRIO;NÃO SE APLICA;;;;;;;;26/07/2013;;
1469904;RCBP RORAIMA;MASCULINO;06/06/2012;1;PARDA;BRASIL;RORAIMA;;SEM ESCOLARIDADE;SOLTEIRO;0;SEM INFORMAÇÃO	;RORAIMA;RORAINÓPOLIS;MEDULA OSSEA;C421;LEUCEMIA LINFOBLASTICA DE CEL. PRECURSORAS TIPO B;98363;LEUCEMIA LINFOBLASTICA AGUDA;C910;Leucemias linfóides;I-A;;;false;HISTOLOGIA DO TUMOR PRIMÁRIO;NÃO SE APLICA;;;;;;;;26/07/2013;;
1469850;RCBP RORAIMA;FEMININO;28/02/1981;32;PARDA;BRASIL;MATO GROSSO DO SUL;;SUPERIOR COMPLETO;UNIÃO CONSENSUAL;0;SEM INFORMAÇÃO	;RORAIMA;RORAINÓPOLIS;COLO DO UTERO, SOE;C539;CARCINOMA ESCAMOSO MICRO-INVASOR;80763;COLO DO UTERO, SOE;C539;;;;;false;HISTOLOGIA DO TUMOR PRIMÁRIO;SEM INFORMAÇÃO;;;;;;;;29/05/2013;;
1469852;RCBP RORAIMA;FEMININO;17/06/1958;55;PARDA;BRASIL;AMAZONAS;;SEM INFORMAÇÃO;SOLTEIRO;234;PROFESSORES DO ENSINO SUPERIOR	;RORAIMA;BOA VISTA;COLO DO UTERO, SOE;C539;CARCINOMA ESCAMOCELULAR, SOE;80703;COLO DO UTERO, SOE;C539;;;;;false;HISTOLOGIA DO TUMOR PRIMÁRIO;SEM INFORMAÇÃO;;;;;;;;10/07/2013;;
1469870;RCBP RORAIMA;FEMININO;28/11/1981;31;INDÍGENA;BRASIL;AMAZONAS;BARCELOS;SEM INFORMAÇÃO;SEM INFORMAÇÃO;;;RORAIMA;ALTO ALEGRE;COLO DO UTERO, SOE;C539;NEOPLASIA INTRA-EPITELIAL ESCAMOSA,GRAU IIII;80772;COLO DO UTERO, SOE;D069;;;;;false;CITOLOGIA;"IN SITU";;;;;;;;22/05/2013;;
1469921;RCBP RORAIMA;FEMININO;28/11/1959;53;BRANCO;BRASIL;RIO GRANDE DO NORTE;;SUPERIOR COMPLETO;SOLTEIRO;251;CIENTISTAS SOCIAIS, PSICÓLOGOS E AFINS	;RORAIMA;BOA VISTA;PELE DO TRONCO;C445;CARCINOMA BASOCELULAR NODULAR;80973;PELE DO TRONCO;C445;;;;;false;HISTOLOGIA DO TUMOR PRIMÁRIO;LOCALIZADO;;;;;;;;14/02/2013;;
1159982;RCBP RORAIMA;MASCULINO;;78;SEM INFORMAÇÃO;BRASIL;Não informado;Não Informado;SEM INFORMAÇÃO;SEM INFORMAÇÃO;0;SEM INFORMAÇÃO	;RORAIMA;BOA VISTA;PELE DO COURO CABELUDO E DO PESCOCO;C444;CARCINOMA BASOCELULAR, SOE;80903;PELE DO COURO CABELUDO E DO PESCOCO;C444;;;;;false;HISTOLOGIA DO TUMOR PRIMÁRIO;SEM INFORMAÇÃO;;;;;;;;15/08/2013;;
1159989;RCBP RORAIMA;MASCULINO;;68;SEM INFORMAÇÃO;Não informado;Não informado;Não Informado;SEM INFORMAÇÃO;SEM INFORMAÇÃO;0;SEM INFORMAÇÃO	;RORAIMA;BOA VISTA;PROSTATA, SOE;C619;ADENOCARCINOMA, SOE;81403;PROSTATA;C61;;;;;false;HISTOLOGIA DO TUMOR PRIMÁRIO;SEM INFORMAÇÃO;;;;SEM INFORMAÇÃO;;;;29/10/2013;;
1159991;RCBP RORAIMA;MASCULINO;;64;SEM INFORMAÇÃO;BRASIL;Não informado;Não Informado;SEM INFORMAÇÃO;SEM INFORMAÇÃO;0;SEM INFORMAÇÃO	;RORAIMA;BOA VISTA;PROSTATA, SOE;C619;ADENOCARCINOMA, SOE;81403;PROSTATA;C61;;;;;false;HISTOLOGIA DO TUMOR PRIMÁRIO;SEM INFORMAÇÃO;;;;;;;;29/04/2013;;
1159998;RCBP RORAIMA;MASCULINO;10/03/1946;67;BRANCO;BRASIL;SÃO PAULO;SÃO PAULO;FUNDAMENTAL II (5ª A 8ª SÉRIE);UNIÃO CONSENSUAL;0;SEM INFORMAÇÃO	;RORAIMA;CANTÁ;PELE DE OUTRAS PARTES DA FACE;C443;CARCINOMA BASOCELULAR, SOE;80903;PELE DE OUTRAS PARTES DA FACE;C443;;;;;false;HISTOLOGIA DO TUMOR PRIMÁRIO;SEM INFORMAÇÃO;;;;;CÂNCER;01/05/2015;;25/03/2013;;
1160000;RCBP RORAIMA;MASCULINO;;77;SEM INFORMAÇÃO;Não informado;Não informado;Não Informado;SEM INFORMAÇÃO;SEM INFORMAÇÃO;0;SEM INFORMAÇÃO	;RORAIMA;BOA VISTA;PROSTATA, SOE;C619;ADENOCARCINOMA, SOE;81403;PROSTATA;C61;;;;;false;HISTOLOGIA DO TUMOR PRIMÁRIO;SEM INFORMAÇÃO;;;;SEM INFORMAÇÃO;;;;21/08/2013;;
1159014;RCBP RORAIMA;MASCULINO;06/04/1960;52;PARDA;BRASIL;Não informado;;SUPERIOR COMPLETO;SOLTEIRO;411;ESCRITURÁRIOS EM GERAL, AGENTES, ASSISTENTES E AUXILIARES ADMINISTRATIVOS 	;RORAIMA;BOA VISTA;LOCALIZACAO PRIMARIA DESCONHECIDA, SOE;C809;NEOPLASIA MALIGNA;80003;LOCALIZACAO PRIMARIA DESCONHECIDA;C80;;;;;false;HISTOLOGIA DO TUMOR PRIMÁRIO;SEM INFORMAÇÃO;;;;;CÂNCER;17/04/2013;;16/01/2013;;
1159157;RCBP RORAIMA;FEMININO;27/02/1940;72;BRANCO;BRASIL;Não informado;;FUNDAMENTAL I (1ª A 4ª SÉRIE);VIÚVO;0;SEM INFORMAÇÃO	;RORAIMA;BOA VISTA;ENDOMETRIO;C541;NEOPLASIA MALIGNA;80003;ENDOMETRIO;C541;;;;;false;HISTOLOGIA DO TUMOR PRIMÁRIO;SEM INFORMAÇÃO;;;;;CÂNCER;03/12/2013;;16/02/2013;;
1159180;RCBP RORAIMA;MASCULINO;29/08/1948;65;PARDA;BRASIL;Não informado;;SEM ESCOLARIDADE;SOLTEIRO;;;RORAIMA;BOA VISTA;LARINGE, SOE;C329;NEOPLASIA MALIGNA;80003;LARINGE, SOE;C329;;;;;false;SDO;SEM INFORMAÇÃO;SEM INFORMAÇÃO;99 - SEM INFORMAÇÃO;999;MORTO;CÂNCER;19/09/2013;19/09/2013;19/09/2013;;
1159184;RCBP RORAIMA;MASCULINO;10/12/1958;54;PARDA;BRASIL;Não informado;;FUNDAMENTAL I (1ª A 4ª SÉRIE);CASADO;914;MECÂNICOS DE MANUTENÇÃO VEICULAR  	;RORAIMA;BOA VISTA;ESTOMAGO, SOE;C169;NEOPLASIA MALIGNA;80003;ESTOMAGO, SOE;C169;;;;;false;SDO;METÁSTASE;SEM INFORMAÇÃO;99 - SEM INFORMAÇÃO;999;MORTO;CÂNCER;19/07/2013;19/07/2013;19/07/2013;;
1159189;RCBP RORAIMA;MASCULINO;21/08/1925;87;PARDA;BRASIL;Não informado;;FUNDAMENTAL II (5ª A 8ª SÉRIE);VIÚVO;0;SEM INFORMAÇÃO	;RORAIMA;BOA VISTA;COLON, SOE;C189;NEOPLASIA MALIGNA;80003;COLON, SOE;C189;;;;;false;SDO;SEM INFORMAÇÃO;SEM INFORMAÇÃO;99 - SEM INFORMAÇÃO;999;MORTO;CÂNCER;01/01/2013;01/01/2013;01/01/2013;;
1159190;RCBP RORAIMA;MASCULINO;18/01/1962;51;BRANCO;BRASIL;Não informado;;MÉDIO (ANTIGO SEGUNDO GRAU);CASADO;;;RORAIMA;BOA VISTA;PERITONIO, SOE;C482;NEOPLASIA MALIGNA;80003;PERITONIO, SOE;C482;;;;;false;SDO;SEM INFORMAÇÃO;SEM INFORMAÇÃO;99 - SEM INFORMAÇÃO;999;MORTO;CÂNCER;23/06/2013;23/06/2013;23/06/2013;;
1159191;RCBP RORAIMA;MASCULINO;23/10/1954;59;BRANCO;BRASIL;Não informado;;SEM INFORMAÇÃO;SEM INFORMAÇÃO;711;TRABALHADORES DA EXTRAÇÃO MINERAL 	;RORAIMA;BOA VISTA;LOCALIZACAO PRIMARIA DESCONHECIDA, SOE;C809;NEOPLASIA MALIGNA;80003;LOCALIZACAO PRIMARIA DESCONHECIDA;C80;;;;;false;SDO;METÁSTASE;SEM INFORMAÇÃO;99 - SEM INFORMAÇÃO;999;MORTO;CÂNCER;04/12/2013;04/12/2013;04/12/2013;;
1159195;RCBP RORAIMA;FEMININO;09/04/1982;31;PARDA;BRASIL;Não informado;;MÉDIO (ANTIGO SEGUNDO GRAU);SOLTEIRO;513;TRABALHADORES DOS SERVIÇOS DE HOTELARIA E ALIMENTAÇÃO 	;RORAIMA;BOA VISTA;MEDULA OSSEA;C421;SINDROME MIELODISPLASICA, SOE;99893;SINDROME MIELODISPLASICA, NAO ESPECIFICADA;D469;;;;;false;SDO;NÃO SE APLICA;SEM INFORMAÇÃO;99 - SEM INFORMAÇÃO;999;MORTO;NÃO CÂNCER;17/06/2013;17/06/2013;17/06/2013;;
1159196;RCBP RORAIMA;MASCULINO;06/09/1938;74;BRANCO;BRASIL;Não informado;;FUNDAMENTAL II (5ª A 8ª SÉRIE);CASADO;;;RORAIMA;BOA VISTA;PROSTATA, SOE;C619;NEOPLASIA MALIGNA;80003;PROSTATA;C61;;;;;false;SDO;SEM INFORMAÇÃO;SEM INFORMAÇÃO;99 - SEM INFORMAÇÃO;999;MORTO;CÂNCER;21/03/2013;21/03/2013;21/03/2013;;
1159197;RCBP RORAIMA;MASCULINO;07/05/1958;54;BRANCO;BRASIL;Não informado;;SUPERIOR COMPLETO;CASADO;411;ESCRITURÁRIOS EM GERAL, AGENTES, ASSISTENTES E AUXILIARES ADMINISTRATIVOS 	;RORAIMA;BOA VISTA;OSSOS PELVICOS, SACRO, COCCIX E ARTICUL. ASSOC.;C414;NEOPLASIA MALIGNA;80003;OSSOS DA PELVE, SACRO E COCCIX;C414;;;;;false;SDO;SEM INFORMAÇÃO;SEM INFORMAÇÃO;99 - SEM INFORMAÇÃO;999;MORTO;CÂNCER;24/02/2013;24/02/2013;24/02/2013;;
1159198;RCBP RORAIMA;MASCULINO;04/01/1952;61;PARDA;BRASIL;Não informado;;SEM INFORMAÇÃO;SOLTEIRO;842;OPERADORES NA PREPARAÇÃO DE FUMO E NA FABRICAÇÃO DE CHARUTOS E CIGARROS   	;RORAIMA;BOA VISTA;RETO, SOE;C209;NEOPLASIA MALIGNA;80003;RETO;C20;;;;;false;SDO;SEM INFORMAÇÃO;SEM INFORMAÇÃO;99 - SEM INFORMAÇÃO;999;MORTO;CÂNCER;17/08/2013;;17/08/2013;;
1159165;RCBP RORAIMA;MASCULINO;12/11/1970;42;PARDA;BRASIL;Não informado;;FUNDAMENTAL II (5ª A 8ª SÉRIE);SOLTEIRO;0;SEM INFORMAÇÃO	;RORAIMA;BOA VISTA;OROFARINGE, SOE;C109;NEOPLASIA MALIGNA;80003;OROFARINGE, SOE;C109;;;;;false;HISTOLOGIA DA METÁSTASE;SEM INFORMAÇÃO;;;;;CÂNCER;10/11/2013;;11/03/2013;;
1159297;RCBP RORAIMA;FEMININO;14/04/1928;85;BRANCO;BRASIL;Não informado;;SEM ESCOLARIDADE;CASADO;0;SEM INFORMAÇÃO	;RORAIMA;BOA VISTA;PULMAO, SOE;C349;NEOPLASIA MALIGNA;80003;BRONQUIOS OU PULMOES, SOE;C349;;;;;false;SDO;SEM INFORMAÇÃO;SEM INFORMAÇÃO;99 - SEM INFORMAÇÃO;999;MORTO;CÂNCER;17/10/2013;17/10/2013;17/10/2013;;
1159306;RCBP RORAIMA;FEMININO;10/08/1980;32;PARDA;BRASIL;Não informado;;SUPERIOR COMPLETO;UNIÃO CONSENSUAL;0;SEM INFORMAÇÃO	;RORAIMA;BOA VISTA;MEDULA OSSEA;C421;LEUCEMIA MIELOIDE, SOE;98603;LEUCEMIA MIELOIDE, SOE;C929;;;;;false;SDO;NÃO SE APLICA;SEM INFORMAÇÃO;99 - SEM INFORMAÇÃO;999;MORTO;CÂNCER;04/07/2013;04/07/2013;04/07/2013;;
1159309;RCBP RORAIMA;FEMININO;13/11/1949;63;PRETA;BRASIL;Não informado;;SEM ESCOLARIDADE;VIÚVO;512;TRABALHADORES DOS SERVIÇOS DOMÉSTICOS EM GERAL	;RORAIMA;IRACEMA;LOCALIZACAO PRIMARIA DESCONHECIDA, SOE;C809;NEOPLASIA MALIGNA;80003;LOCALIZACAO PRIMARIA DESCONHECIDA;C80;;;;;false;SDO;METÁSTASE;SEM INFORMAÇÃO;99 - SEM INFORMAÇÃO;999;MORTO;CÂNCER;28/06/2013;28/06/2013;28/06/2013;;
1159316;RCBP RORAIMA;FEMININO;20/07/1920;93;PARDA;BRASIL;Não informado;;SEM ESCOLARIDADE;CASADO;;;RORAIMA;ALTO ALEGRE;COLO DO UTERO, SOE;C539;NEOPLASIA INTRA-EPITELIAL ESCAMOSA,GRAU IIII;80772;COLO DO UTERO, SOE;D069;;;;;false;SDO;"IN SITU";SEM INFORMAÇÃO;99 - SEM INFORMAÇÃO;999;MORTO;CÂNCER;26/12/2013;26/12/2013;26/12/2013;;
1159324;RCBP RORAIMA;FEMININO;11/01/1971;42;BRANCO;BRASIL;Não informado;;MÉDIO (ANTIGO SEGUNDO GRAU);VIÚVO;;;RORAIMA;BOA VISTA;MAMA , SOE;C509;NEOPLASIA MALIGNA;80003;MAMA , SOE;C509;;;;;false;SDO;SEM INFORMAÇÃO;SEM INFORMAÇÃO;99 - SEM INFORMAÇÃO;999;MORTO;CÂNCER;02/07/2013;02/07/2013;02/07/2013;;
1159325;RCBP RORAIMA;FEMININO;01/10/1925;88;PARDA;BRASIL;Não informado;;FUNDAMENTAL I (1ª A 4ª SÉRIE);VIÚVO;0;SEM INFORMAÇÃO	;RORAIMA;BOA VISTA;ESTOMAGO, SOE;C169;NEOPLASIA MALIGNA;80003;ESTOMAGO, SOE;C169;;;;;false;SDO;SEM INFORMAÇÃO;SEM INFORMAÇÃO;99 - SEM INFORMAÇÃO;999;MORTO;CÂNCER;17/10/2013;17/10/2013;17/10/2013;;
1159350;RCBP RORAIMA;FEMININO;25/02/1944;69;BRANCO;BRASIL;Não informado;;FUNDAMENTAL I (1ª A 4ª SÉRIE);CASADO;0;SEM INFORMAÇÃO	;RORAIMA;BOA VISTA;LINFONODO, SOE;C779;LINFOMA MALIGNO, SOE;95903;LINFOMA NAO-HODGKIN, SOE;C859;;;;;false;SDO;NÃO SE APLICA;SEM INFORMAÇÃO;99 - SEM INFORMAÇÃO;999;MORTO;CÂNCER;12/12/2013;12/12/2013;12/12/2013;;
1159351;RCBP RORAIMA;FEMININO;16/12/1946;66;PRETA;BRASIL;Não informado;;SEM ESCOLARIDADE;VIÚVO;;;RORAIMA;BOA VISTA;MAMA , SOE;C509;NEOPLASIA MALIGNA;80003;MAMA , SOE;C509;;;;;false;SDO;SEM INFORMAÇÃO;SEM INFORMAÇÃO;99 - SEM INFORMAÇÃO;999;MORTO;CÂNCER;12/07/2013;12/07/2013;12/07/2013;;
1159353;RCBP RORAIMA;FEMININO;04/01/1973;40;PRETA;BRASIL;Não informado;;SEM ESCOLARIDADE;CASADO;512;TRABALHADORES DOS SERVIÇOS DOMÉSTICOS EM GERAL	;RORAIMA;BOA VISTA;LOCALIZACAO PRIMARIA DESCONHECIDA, SOE;C809;NEOPLASIA MALIGNA;80003;LOCALIZACAO PRIMARIA DESCONHECIDA;C80;;;;;false;SDO;METÁSTASE;SEM INFORMAÇÃO;99 - SEM INFORMAÇÃO;999;MORTO;CÂNCER;18/10/2013;18/10/2013;18/10/2013;;
1159355;RCBP RORAIMA;FEMININO;22/08/1966;47;PARDA;BRASIL;Não informado;;MÉDIO (ANTIGO SEGUNDO GRAU);UNIÃO CONSENSUAL;;;RORAIMA;BOA VISTA;COLO DO UTERO, SOE;C539;NEOPLASIA MALIGNA;80003;COLO DO UTERO, SOE;C539;;;;;false;SDO;SEM INFORMAÇÃO;SEM INFORMAÇÃO;99 - SEM INFORMAÇÃO;999;MORTO;CÂNCER;10/09/2013;10/09/2013;10/09/2013;;
1159027;RCBP RORAIMA;MASCULINO;18/12/1945;67;PRETA;BRASIL;MARANHÃO;CODÓ;SEM ESCOLARIDADE;UNIÃO CONSENSUAL;622;TRABALHADORES AGRÍCOLAS   	;RORAIMA;RORAINÓPOLIS;PROSTATA, SOE;C619;NEOPLASIA MALIGNA;80003;PROSTATA;C61;;;;;false;HISTOLOGIA DO TUMOR PRIMÁRIO;METÁSTASE;;;;;CÂNCER;06/12/2013;;06/12/2013;;
1159021;RCBP RORAIMA;MASCULINO;24/11/1973;39;PARDA;BRASIL;Não informado;;SEM INFORMAÇÃO;SEM INFORMAÇÃO;;;RORAIMA;CARACARAÍ;FIGADO, SOE;C220;NEOPLASIA MALIGNA;80003;FIGADO E VIAS BILIARES INTRA-HEPATICAS;C22;;;;;false;HISTOLOGIA DO TUMOR PRIMÁRIO;SEM INFORMAÇÃO;;;;;CÂNCER;24/07/2013;;25/03/2013;;
1159022;RCBP RORAIMA;MASCULINO;15/01/1983;30;PARDA;BRASIL;RORAIMA;BOA VISTA;SUPERIOR COMPLETO;CASADO;;;RORAIMA;BOA VISTA;TRATO GASTRINTESTINAL, SOE;C269;NEOPLASIA MALIGNA;80003;LOCALIZACAO MAL DEF. DENTRO DO APARELHO DIGESTIVO;C269;;;;;false;HISTOLOGIA DO TUMOR PRIMÁRIO;SEM INFORMAÇÃO;;;;;CÂNCER;05/08/2013;;29/03/2013;;
1159023;RCBP RORAIMA;MASCULINO;04/02/1941;72;BRANCO;BRASIL;MARANHÃO;NOVA OLINDA DO MARANHÃO;FUNDAMENTAL I (1ª A 4ª SÉRIE);UNIÃO CONSENSUAL;711;TRABALHADORES DA EXTRAÇÃO MINERAL 	;RORAIMA;BOA VISTA;LOCALIZACAO PRIMARIA DESCONHECIDA, SOE;C809;NEOPLASIA MALIGNA;80003;LOCALIZACAO PRIMARIA DESCONHECIDA;C80;;;;;false;HISTOLOGIA DO TUMOR PRIMÁRIO;METÁSTASE;;;;;CÂNCER;13/12/2013;;25/04/2013;;
1159223;RCBP RORAIMA;MASCULINO;16/02/1956;57;PARDA;BRASIL;Não informado;;FUNDAMENTAL I (1ª A 4ª SÉRIE);CASADO;622;TRABALHADORES AGRÍCOLAS   	;RORAIMA;BOA VISTA;ESTOMAGO, SOE;C169;NEOPLASIA MALIGNA;80003;ESTOMAGO, SOE;C169;;;;;false;SDO;SEM INFORMAÇÃO;SEM INFORMAÇÃO;99 - SEM INFORMAÇÃO;999;MORTO;CÂNCER;17/02/2013;17/02/2013;17/02/2013;;
1159226;RCBP RORAIMA;MASCULINO;27/07/1972;40;PARDA;BRASIL;Não informado;;FUNDAMENTAL II (5ª A 8ª SÉRIE);UNIÃO CONSENSUAL;842;OPERADORES NA PREPARAÇÃO DE FUMO E NA FABRICAÇÃO DE CHARUTOS E CIGARROS   	;RORAIMA;NORMANDIA;PELE, SOE;C449;MELANOMA   "IN SITU";87202;MELANOMA "IN SITU", SOE;D039;;;;;false;SDO;"IN SITU";SEM INFORMAÇÃO;99 - SEM INFORMAÇÃO;999;MORTO;CÂNCER;02/05/2013;02/05/2013;02/05/2013;;
1159070;RCBP RORAIMA;MASCULINO;24/07/1928;84;PARDA;BRASIL;Não informado;;SEM ESCOLARIDADE;SOLTEIRO;;;RORAIMA;BOA VISTA;PULMAO, SOE;C349;NEOPLASIA MALIGNA;80003;BRONQUIOS OU PULMOES, SOE;C349;;;;;false;HISTOLOGIA DO TUMOR PRIMÁRIO;SEM INFORMAÇÃO;;;;;CÂNCER;10/08/2013;;28/03/2013;;
1159083;RCBP RORAIMA;MASCULINO;09/08/1943;69;BRANCO;BRASIL;RIO GRANDE DO SUL;IPIRANGA DO SUL;SEM ESCOLARIDADE;SOLTEIRO;622;TRABALHADORES AGRÍCOLAS   	;RORAIMA;BOA VISTA;RETO, SOE;C209;NEOPLASIA MALIGNA;80003;RETO;C20;;;;;false;SDO;SEM INFORMAÇÃO;;;;;CÂNCER;04/05/2013;;23/01/2013;;
1159089;RCBP RORAIMA;FEMININO;11/02/1964;49;PARDA;BRASIL;Não informado;;FUNDAMENTAL I (1ª A 4ª SÉRIE);SOLTEIRO;512;TRABALHADORES DOS SERVIÇOS DOMÉSTICOS EM GERAL	;RORAIMA;BOA VISTA;UTERO, SOE;C559;NEOPLASIA MALIGNA;80003;UTERO, SOE;C55;;;;;false;SDO;SEM INFORMAÇÃO;SEM INFORMAÇÃO;99 - SEM INFORMAÇÃO;999;MORTO;CÂNCER;20/05/2013;20/05/2013;20/05/2013;;
1159091;RCBP RORAIMA;MASCULINO;18/09/1924;88;PARDA;BRASIL;Não informado;;FUNDAMENTAL I (1ª A 4ª SÉRIE);CASADO;768;TRABALHADORES ARTESANAIS DAS ATIVIDADES TÊXTEIS, DO VESTUÁRIO E DAS ARTES GRÁFICAS	;RORAIMA;BOA VISTA;VESICULA BILIAR, SOE;C239;NEOPLASIA MALIGNA;80003;VESICULA BILIAR;C23;;;;;false;SDO;SEM INFORMAÇÃO;SEM INFORMAÇÃO;99 - SEM INFORMAÇÃO;999;MORTO;CÂNCER;15/02/2013;15/02/2013;15/02/2013;;
1159059;RCBP RORAIMA;FEMININO;05/01/1930;83;AMARELA;BRASIL;RORAIMA;BOA VISTA;SEM ESCOLARIDADE;CASADO;0;SEM INFORMAÇÃO	;RORAIMA;BOA VISTA;PULMAO, SOE;C349;NEOPLASIA MALIGNA;80003;BRONQUIOS OU PULMOES, SOE;C349;;;;;false;HISTOLOGIA DO TUMOR PRIMÁRIO;SEM INFORMAÇÃO;;;;;CÂNCER;27/05/2015;;21/05/2013;;
1159064;RCBP RORAIMA;MASCULINO;30/05/1948;64;BRANCO;BRASIL;Não informado;;FUNDAMENTAL II (5ª A 8ª SÉRIE);SEM INFORMAÇÃO;622;TRABALHADORES AGRÍCOLAS   	;RORAIMA;CARACARAÍ;LOCALIZACAO PRIMARIA DESCONHECIDA, SOE;C809;NEOPLASIA MALIGNA;80003;LOCALIZACAO PRIMARIA DESCONHECIDA;C80;;;;;false;HISTOLOGIA DO TUMOR PRIMÁRIO;SEM INFORMAÇÃO;;;;;CÂNCER;22/05/2013;;01/03/2013;;
1159065;RCBP RORAIMA;MASCULINO;24/08/1939;73;BRANCO;BRASIL;Não informado;;FUNDAMENTAL I (1ª A 4ª SÉRIE);CASADO;711;TRABALHADORES DA EXTRAÇÃO MINERAL 	;RORAIMA;BOA VISTA;ESTOMAGO, SOE;C169;NEOPLASIA MALIGNA;80003;ESTOMAGO, SOE;C169;;;;;false;HISTOLOGIA DO TUMOR PRIMÁRIO;SEM INFORMAÇÃO;;;;;CÂNCER;24/01/2013;;01/01/2013;;
1159069;RCBP RORAIMA;MASCULINO;15/05/1930;82;PARDA;BRASIL;MARANHÃO;COROATÁ;SEM ESCOLARIDADE;SOLTEIRO;;;RORAIMA;BOA VISTA;PROSTATA, SOE;C619;NEOPLASIA MALIGNA;80003;PROSTATA;C61;;;;;false;HISTOLOGIA DO TUMOR PRIMÁRIO;SEM INFORMAÇÃO;;;;;CÂNCER;17/06/2013;;26/03/2013;;
1159084;RCBP RORAIMA;FEMININO;23/10/1946;66;PARDA;BRASIL;AMAZONAS;MANAUS;FUNDAMENTAL I (1ª A 4ª SÉRIE);SOLTEIRO;0;SEM INFORMAÇÃO	;RORAIMA;BOA VISTA;MAMA , SOE;C509;NEOPLASIA MALIGNA;80003;MAMA , SOE;C509;;;;;false;HISTOLOGIA DO TUMOR PRIMÁRIO;SEM INFORMAÇÃO;;;;;CÂNCER;13/04/2013;;27/02/2013;;
1159086;RCBP RORAIMA;MASCULINO;16/06/1948;64;PRETA;BRASIL;MARANHÃO;SANTA INÊS;FUNDAMENTAL I (1ª A 4ª SÉRIE);CASADO;622;TRABALHADORES AGRÍCOLAS   	;RORAIMA;BOA VISTA;LOCALIZACAO PRIMARIA DESCONHECIDA, SOE;C809;NEOPLASIA MALIGNA;80003;LOCALIZACAO PRIMARIA DESCONHECIDA;C80;;;;;false;HISTOLOGIA DO TUMOR PRIMÁRIO;SEM INFORMAÇÃO;;;;;CÂNCER;28/03/2013;;28/03/2013;;
1159245;RCBP RORAIMA;FEMININO;01/01/1963;50;INDÍGENA;BRASIL;Não informado;;SEM ESCOLARIDADE;UNIÃO CONSENSUAL;622;TRABALHADORES AGRÍCOLAS   	;RORAIMA;AMAJARI;COLO DO UTERO, SOE;C539;NEOPLASIA INTRA-EPITELIAL ESCAMOSA,GRAU IIII;80772;COLO DO UTERO, SOE;D069;;;;;false;SDO;"IN SITU";SEM INFORMAÇÃO;99 - SEM INFORMAÇÃO;999;MORTO;CÂNCER;15/07/2013;15/07/2013;15/07/2013;;
1159120;RCBP RORAIMA;MASCULINO;08/01/1954;59;PARDA;BRASIL;CEARÁ;ARACOIABA;FUNDAMENTAL I (1ª A 4ª SÉRIE);SEM INFORMAÇÃO;622;TRABALHADORES AGRÍCOLAS   	;RORAIMA;BOA VISTA;FIGADO, SOE;C220;CARCINOMA HEPATOCELULAR, SOE;81703;CARCINOMA DE CELULAS HEPATICAS;C220;;;;;false;HISTOLOGIA DO TUMOR PRIMÁRIO;SEM INFORMAÇÃO;;;;;CÂNCER;13/06/2013;;07/02/2013;;
1159124;RCBP RORAIMA;MASCULINO;07/03/1957;55;PARDA;BRASIL;CEARÁ;CAUCAIA;FUNDAMENTAL I (1ª A 4ª SÉRIE);CASADO;;;RORAIMA;BOA VISTA;LOCALIZACAO PRIMARIA DESCONHECIDA, SOE;C809;NEOPLASIA MALIGNA;80003;LOCALIZACAO PRIMARIA DESCONHECIDA;C80;;;;;false;HISTOLOGIA DO TUMOR PRIMÁRIO;METÁSTASE;;;;;CÂNCER;07/07/2013;;05/02/2013;;
1159199;RCBP RORAIMA;FEMININO;13/04/1984;28;PARDA;BRASIL;Não informado;;SUPERIOR COMPLETO;SOLTEIRO;0;SEM INFORMAÇÃO	;RORAIMA;BOA VISTA;LOCALIZACAO PRIMARIA DESCONHECIDA, SOE;C809;NEOPLASIA MALIGNA;80003;LOCALIZACAO PRIMARIA DESCONHECIDA;C80;;;NEOPLASIAS MALIGNAS INESPECÍFICAS;10.1;false;SDO;METÁSTASE;SEM INFORMAÇÃO;99 - SEM INFORMAÇÃO;999;MORTO;CÂNCER;08/02/2013;08/02/2013;08/02/2013;;
1159200;RCBP RORAIMA;MASCULINO;23/04/1927;86;PARDA;BRASIL;Não informado;;MÉDIO (ANTIGO SEGUNDO GRAU);CASADO;517;TRABALHADORES NOS SERVIÇOS DE PROTEÇÃO E SEGURANÇA	;RORAIMA;BOA VISTA;PROSTATA, SOE;C619;NEOPLASIA MALIGNA;80003;PROSTATA;C61;;;;;false;SDO;SEM INFORMAÇÃO;SEM INFORMAÇÃO;99 - SEM INFORMAÇÃO;999;MORTO;CÂNCER;02/12/2013;02/12/2013;02/12/2013;;
1159201;RCBP RORAIMA;MASCULINO;22/05/1987;26;PARDA;BRASIL;Não informado;;SEM INFORMAÇÃO;SEM INFORMAÇÃO;;;RORAIMA;BOA VISTA;ENCEFALO, SOE;C719;NEOPLASIA MALIGNA;80003;ENCEFALO, SOE;C719;;;NEOPLASIAS INTRACRANIANAS E INTRAESPINAIS NÃO-ESPECÍFICAS;3.6;false;SDO;SEM INFORMAÇÃO;SEM INFORMAÇÃO;99 - SEM INFORMAÇÃO;999;MORTO;NÃO CÂNCER;11/12/2013;11/12/2013;11/12/2013;;
1159228;RCBP RORAIMA;FEMININO;25/09/1936;76;INDÍGENA;BRASIL;Não informado;;SEM ESCOLARIDADE;SOLTEIRO;622;TRABALHADORES AGRÍCOLAS   	;RORAIMA;CANTÁ;PULMAO, SOE;C349;NEOPLASIA MALIGNA;80003;BRONQUIOS OU PULMOES, SOE;C349;;;;;false;SDO;SEM INFORMAÇÃO;SEM INFORMAÇÃO;99 - SEM INFORMAÇÃO;999;MORTO;CÂNCER;16/01/2013;16/01/2013;16/01/2013;;
1159232;RCBP RORAIMA;MASCULINO;19/03/1945;68;PARDA;BRASIL;Não informado;;FUNDAMENTAL I (1ª A 4ª SÉRIE);CASADO;622;TRABALHADORES AGRÍCOLAS   	;RORAIMA;BOA VISTA;LOCALIZACAO PRIMARIA DESCONHECIDA, SOE;C809;NEOPLASIA MALIGNA;80003;LOCALIZACAO PRIMARIA DESCONHECIDA;C80;;;;;false;SDO;METÁSTASE;SEM INFORMAÇÃO;99 - SEM INFORMAÇÃO;999;MORTO;CÂNCER;14/12/2013;14/12/2013;14/12/2013;;
1159237;RCBP RORAIMA;MASCULINO;24/01/1962;51;PARDA;BRASIL;Não informado;;FUNDAMENTAL I (1ª A 4ª SÉRIE);CASADO;622;TRABALHADORES AGRÍCOLAS   	;RORAIMA;BOA VISTA;CEREBRO;C710;NEOPLASIA MALIGNA;80003;CEREBRO;C710;;;;;false;SDO;SEM INFORMAÇÃO;SEM INFORMAÇÃO;99 - SEM INFORMAÇÃO;999;MORTO;CÂNCER;24/05/2013;24/05/2013;24/05/2013;;
1159238;RCBP RORAIMA;MASCULINO;09/11/1927;85;PARDA;BRASIL;Não informado;;FUNDAMENTAL I (1ª A 4ª SÉRIE);VIÚVO;622;TRABALHADORES AGRÍCOLAS   	;RORAIMA;BOA VISTA;LOCALIZACAO PRIMARIA DESCONHECIDA, SOE;C809;NEOPLASIA MALIGNA;80003;LOCALIZACAO PRIMARIA DESCONHECIDA;C80;;;;;false;SDO;METÁSTASE;SEM INFORMAÇÃO;99 - SEM INFORMAÇÃO;999;MORTO;CÂNCER;17/03/2013;17/03/2013;17/03/2013;;
1159241;RCBP RORAIMA;FEMININO;23/09/1925;87;INDÍGENA;BRASIL;Não informado;;FUNDAMENTAL I (1ª A 4ª SÉRIE);VIÚVO;;;RORAIMA;BOA VISTA;VESICULA BILIAR, SOE;C239;NEOPLASIA MALIGNA;80003;VESICULA BILIAR;C23;;;;;false;SDO;SEM INFORMAÇÃO;SEM INFORMAÇÃO;99 - SEM INFORMAÇÃO;999;MORTO;CÂNCER;18/08/2013;18/08/2013;18/08/2013;;
1159276;RCBP RORAIMA;FEMININO;14/09/1959;53;INDÍGENA;BRASIL;Não informado;;SEM ESCOLARIDADE;UNIÃO CONSENSUAL;622;TRABALHADORES AGRÍCOLAS   	;RORAIMA;SÃO LUIZ;COLO DO UTERO, SOE;C539;NEOPLASIA MALIGNA;80003;COLO DO UTERO, SOE;C539;;;;;false;SDO;SEM INFORMAÇÃO;SEM INFORMAÇÃO;99 - SEM INFORMAÇÃO;999;MORTO;CÂNCER;11/09/2013;11/09/2013;11/09/2013;;
1159277;RCBP RORAIMA;MASCULINO;13/09/1945;67;SEM INFORMAÇÃO;BRASIL;Não informado;;FUNDAMENTAL II (5ª A 8ª SÉRIE);CASADO;;;RORAIMA;CARACARAÍ;BEXIGA, SOE;C679;NEOPLASIA MALIGNA;80003;BEXIGA, SOE;C679;;;;;false;SDO;SEM INFORMAÇÃO;SEM INFORMAÇÃO;99 - SEM INFORMAÇÃO;999;MORTO;CÂNCER;06/07/2013;06/07/2013;06/07/2013;;
1159280;RCBP RORAIMA;MASCULINO;09/09/1921;91;BRANCO;BRASIL;Não informado;;SEM ESCOLARIDADE;VIÚVO;;;RORAIMA;BOA VISTA;PROSTATA, SOE;C619;NEOPLASIA MALIGNA;80003;PROSTATA;C61;;;;;false;SDO;SEM INFORMAÇÃO;SEM INFORMAÇÃO;99 - SEM INFORMAÇÃO;999;MORTO;CÂNCER;14/07/2013;14/07/2013;14/07/2013;;
1159204;RCBP RORAIMA;MASCULINO;04/04/1920;93;BRANCO;BRASIL;Não informado;;SUPERIOR COMPLETO;CASADO;111;MEMBROS SUPERIORES DO PODER LEGISLATIVO, EXECUTIVO E JUDICIÁRIO   	;RORAIMA;ALTO ALEGRE;PULMAO, SOE;C349;NEOPLASIA MALIGNA;80003;BRONQUIOS OU PULMOES, SOE;C349;;;;;false;HISTOLOGIA DO TUMOR PRIMÁRIO;SEM INFORMAÇÃO;;;;;CÂNCER;15/10/2013;;15/10/2013;;
1159340;RCBP RORAIMA;FEMININO;20/09/1939;73;PARDA;BRASIL;Não informado;;FUNDAMENTAL I (1ª A 4ª SÉRIE);VIÚVO;0;SEM INFORMAÇÃO	;RORAIMA;BOA VISTA;UTERO, SOE;C559;NEOPLASIA MALIGNA;80003;UTERO, SOE;C55;;;;;false;SDO;SEM INFORMAÇÃO;SEM INFORMAÇÃO;99 - SEM INFORMAÇÃO;999;MORTO;CÂNCER;10/05/2013;10/05/2013;10/05/2013;;
1159341;RCBP RORAIMA;FEMININO;16/03/1956;57;BRANCO;BRASIL;Não informado;;FUNDAMENTAL I (1ª A 4ª SÉRIE);CASADO;;;RORAIMA;BOA VISTA;FIGADO, SOE;C220;NEOPLASIA MALIGNA;80003;FIGADO E VIAS BILIARES INTRA-HEPATICAS;C22;;;;;false;SDO;SEM INFORMAÇÃO;SEM INFORMAÇÃO;99 - SEM INFORMAÇÃO;999;MORTO;CÂNCER;22/06/2013;22/06/2013;22/06/2013;;
1159347;RCBP RORAIMA;FEMININO;09/03/1958;55;PRETA;BRASIL;Não informado;;FUNDAMENTAL I (1ª A 4ª SÉRIE);SOLTEIRO;0;SEM INFORMAÇÃO	;RORAIMA;BOA VISTA;ESTOMAGO, SOE;C169;NEOPLASIA MALIGNA;80003;ESTOMAGO, SOE;C169;;;;;false;SDO;SEM INFORMAÇÃO;SEM INFORMAÇÃO;99 - SEM INFORMAÇÃO;999;MORTO;CÂNCER;27/04/2013;27/04/2013;27/04/2013;;
1159247;RCBP RORAIMA;FEMININO;24/06/1946;67;PARDA;BRASIL;Não informado;;FUNDAMENTAL I (1ª A 4ª SÉRIE);SEM INFORMAÇÃO;512;TRABALHADORES DOS SERVIÇOS DOMÉSTICOS EM GERAL	;RORAIMA;BOA VISTA;ENDOMETRIO;C541;NEOPLASIA MALIGNA;80003;ENDOMETRIO;C541;;;;;false;SDO;SEM INFORMAÇÃO;SEM INFORMAÇÃO;99 - SEM INFORMAÇÃO;999;MORTO;CÂNCER;16/09/2013;16/09/2013;16/09/2013;;
1159253;RCBP RORAIMA;MASCULINO;12/02/1934;79;BRANCO;BRASIL;Não informado;;FUNDAMENTAL II (5ª A 8ª SÉRIE);CASADO;;;RORAIMA;BOA VISTA;LOCALIZACAO PRIMARIA DESCONHECIDA, SOE;C809;NEOPLASIA MALIGNA;80003;LOCALIZACAO PRIMARIA DESCONHECIDA;C80;;;;;false;SDO;METÁSTASE;SEM INFORMAÇÃO;99 - SEM INFORMAÇÃO;999;MORTO;CÂNCER;25/12/2013;25/12/2013;25/12/2013;;
1159255;RCBP RORAIMA;FEMININO;01/12/1939;73;INDÍGENA;BRASIL;Não informado;;FUNDAMENTAL I (1ª A 4ª SÉRIE);SEM INFORMAÇÃO;0;SEM INFORMAÇÃO	;RORAIMA;PACARAIMA;MEDULA OSSEA;C421;MIELOMA MULTIPLO;97323;MIELOMA MULTIPLO;C900;;;;;false;SDO;NÃO SE APLICA;SEM INFORMAÇÃO;99 - SEM INFORMAÇÃO;999;MORTO;CÂNCER;27/02/2013;27/02/2013;27/02/2013;;
1159256;RCBP RORAIMA;FEMININO;30/08/1947;66;SEM INFORMAÇÃO;BRASIL;Não informado;;FUNDAMENTAL II (5ª A 8ª SÉRIE);CASADO;622;TRABALHADORES AGRÍCOLAS   	;RORAIMA;AMAJARI;LOCALIZACAO PRIMARIA DESCONHECIDA, SOE;C809;NEOPLASIA MALIGNA;80003;LOCALIZACAO PRIMARIA DESCONHECIDA;C80;;;;;false;SDO;METÁSTASE;SEM INFORMAÇÃO;99 - SEM INFORMAÇÃO;999;MORTO;CÂNCER;26/12/2013;26/12/2013;26/12/2013;;
1159259;RCBP RORAIMA;MASCULINO;30/06/1934;78;INDÍGENA;BRASIL;Não informado;;MÉDIO (ANTIGO SEGUNDO GRAU);CASADO;141;GERENTES DE PRODUÇÃO E OPERAÇÕES  	;RORAIMA;BOA VISTA;FIGADO, SOE;C220;NEOPLASIA MALIGNA;80003;FIGADO E VIAS BILIARES INTRA-HEPATICAS;C22;;;;;false;SDO;SEM INFORMAÇÃO;SEM INFORMAÇÃO;99 - SEM INFORMAÇÃO;999;MORTO;CÂNCER;24/04/2013;24/04/2013;24/04/2013;;
1159260;RCBP RORAIMA;FEMININO;21/07/1978;35;PARDA;BRASIL;Não informado;;MÉDIO (ANTIGO SEGUNDO GRAU);SOLTEIRO;;;RORAIMA;BOA VISTA;ESTOMAGO, SOE;C169;NEOPLASIA MALIGNA;80003;ESTOMAGO, SOE;C169;;;;;false;SDO;METÁSTASE;SEM INFORMAÇÃO;99 - SEM INFORMAÇÃO;999;MORTO;CÂNCER;15/10/2013;15/10/2013;15/10/2013;;
1159264;RCBP RORAIMA;FEMININO;16/01/1935;78;PARDA;BRASIL;Não informado;;FUNDAMENTAL II (5ª A 8ª SÉRIE);VIÚVO;0;SEM INFORMAÇÃO	;RORAIMA;BOA VISTA;APENDICE CECAL (VERMIFORME);C181;NEOPLASIA MALIGNA;80003;APENDICE (VERMIFORME);C181;;;;;false;SDO;SEM INFORMAÇÃO;SEM INFORMAÇÃO;99 - SEM INFORMAÇÃO;999;MORTO;CÂNCER;02/05/2013;02/05/2013;02/05/2013;;
1159265;RCBP RORAIMA;FEMININO;10/04/1929;84;PARDA;BRASIL;Não informado;;SEM ESCOLARIDADE;VIÚVO;622;TRABALHADORES AGRÍCOLAS   	;RORAIMA;BOA VISTA;VESICULA BILIAR, SOE;C239;NEOPLASIA MALIGNA;80003;VESICULA BILIAR;C23;;;;;false;SDO;SEM INFORMAÇÃO;SEM INFORMAÇÃO;99 - SEM INFORMAÇÃO;999;MORTO;CÂNCER;01/06/2013;01/06/2013;01/06/2013;;
1159266;RCBP RORAIMA;FEMININO;25/11/1935;77;INDÍGENA;BRASIL;Não informado;;SEM ESCOLARIDADE;CASADO;;;RORAIMA;UIRAMUTÃ;TIREOIDE, SOE;C739;NEOPLASIA MALIGNA;80003;GLANDULA TIREOIDE;C73;;;;;false;SDO;METÁSTASE;SEM INFORMAÇÃO;99 - SEM INFORMAÇÃO;999;MORTO;CÂNCER;23/09/2013;23/09/2013;23/09/2013;;
1159267;RCBP RORAIMA;MASCULINO;09/11/1943;69;PRETA;BRASIL;Não informado;;FUNDAMENTAL I (1ª A 4ª SÉRIE);CASADO;342;TÉCNICOS EM TRANSPORTES (LOGÍSTICA)   	;RORAIMA;BOA VISTA;ESTOMAGO, SOE;C169;NEOPLASIA MALIGNA;80003;ESTOMAGO, SOE;C169;;;;;false;SDO;SEM INFORMAÇÃO;SEM INFORMAÇÃO;99 - SEM INFORMAÇÃO;999;MORTO;CÂNCER;27/10/2013;27/10/2013;27/10/2013;;
1159268;RCBP RORAIMA;MASCULINO;03/09/1956;57;PARDA;BRASIL;Não informado;;MÉDIO (ANTIGO SEGUNDO GRAU);VIÚVO;252;PROFISSIONAIS DE ORGANIZAÇÃO E ADMINISTRAÇÃO DE EMPRESAS E AFINS  	;RORAIMA;BOA VISTA;MEDULA OSSEA;C421;LEUCEMIA LINF.CRON.DE CEL.B/LINFOMA LINF.PEQ.CELS.;98233;LEUCEMIA LINFOCITICA CRONICA;C911;;;;;false;SDO;NÃO SE APLICA;SEM INFORMAÇÃO;99 - SEM INFORMAÇÃO;999;MORTO;CÂNCER;26/09/2013;26/09/2013;26/09/2013;;
1159273;RCBP RORAIMA;MASCULINO;05/06/1970;42;PARDA;BRASIL;Não informado;;MÉDIO (ANTIGO SEGUNDO GRAU);UNIÃO CONSENSUAL;411;ESCRITURÁRIOS EM GERAL, AGENTES, ASSISTENTES E AUXILIARES ADMINISTRATIVOS 	;RORAIMA;BOA VISTA;LOCALIZACAO PRIMARIA DESCONHECIDA, SOE;C809;NEOPLASIA MALIGNA;80003;LOCALIZACAO PRIMARIA DESCONHECIDA;C80;;;;;false;SDO;SEM INFORMAÇÃO;SEM INFORMAÇÃO;99 - SEM INFORMAÇÃO;999;MORTO;CÂNCER;12/01/2013;12/01/2013;12/01/2013;;
1159274;RCBP RORAIMA;MASCULINO;04/03/1926;87;PARDA;BRASIL;Não informado;;FUNDAMENTAL I (1ª A 4ª SÉRIE);SEM INFORMAÇÃO;;;RORAIMA;CARACARAÍ;ESTOMAGO, SOE;C169;NEOPLASIA MALIGNA;80003;ESTOMAGO, SOE;C169;;;;;false;SDO;SEM INFORMAÇÃO;SEM INFORMAÇÃO;99 - SEM INFORMAÇÃO;999;MORTO;CÂNCER;16/03/2013;16/03/2013;16/03/2013;;
1159331;RCBP RORAIMA;FEMININO;18/04/1954;58;BRANCO;BRASIL;Não informado;;FUNDAMENTAL II (5ª A 8ª SÉRIE);SEM INFORMAÇÃO;0;SEM INFORMAÇÃO	;RORAIMA;BOA VISTA;UTERO, SOE;C559;NEOPLASIA MALIGNA;80003;UTERO, SOE;C55;;;;;false;SDO;SEM INFORMAÇÃO;SEM INFORMAÇÃO;99 - SEM INFORMAÇÃO;999;MORTO;CÂNCER;08/01/2013;08/01/2013;08/01/2013;;
1159282;RCBP RORAIMA;MASCULINO;13/06/1925;88;PARDA;BRASIL;Não informado;;SEM ESCOLARIDADE;VIÚVO;;;RORAIMA;CARACARAÍ;ESTOMAGO, SOE;C169;NEOPLASIA MALIGNA;80003;ESTOMAGO, SOE;C169;;;;;false;SDO;SEM INFORMAÇÃO;SEM INFORMAÇÃO;99 - SEM INFORMAÇÃO;999;MORTO;CÂNCER;20/12/2013;20/12/2013;20/12/2013;;
1159286;RCBP RORAIMA;MASCULINO;16/10/1938;74;BRANCO;BRASIL;Não informado;;SEM ESCOLARIDADE;CASADO;;;RORAIMA;BOA VISTA;ESTOMAGO, SOE;C169;NEOPLASIA MALIGNA;80003;ESTOMAGO, SOE;C169;;;;;false;SDO;METÁSTASE;SEM INFORMAÇÃO;99 - SEM INFORMAÇÃO;999;MORTO;CÂNCER;02/09/2013;02/09/2013;02/09/2013;;
1159287;RCBP RORAIMA;MASCULINO;22/06/1959;54;SEM INFORMAÇÃO;BRASIL;Não informado;;SEM INFORMAÇÃO;SEM INFORMAÇÃO;;;RORAIMA;BOA VISTA;MEDULA OSSEA;C421;MIELOMA MULTIPLO;97323;MIELOMA MULTIPLO;C900;;;;;false;SDO;NÃO SE APLICA;SEM INFORMAÇÃO;99 - SEM INFORMAÇÃO;999;MORTO;CÂNCER;05/09/2013;05/09/2013;05/09/2013;;
1159290;RCBP RORAIMA;FEMININO;16/03/1986;27;PARDA;BRASIL;Não informado;;SEM INFORMAÇÃO;SEM INFORMAÇÃO;;;RORAIMA;BOA VISTA;LINFONODO, SOE;C779;LINFOMA DE HODGKIN, DEPLECAO LINFOCITICA, SOE;96533;DEPLECAO LINFOCITICA;C813;;;LINFOMA DE HODGKIN;2.2;false;SDO;NÃO SE APLICA;SEM INFORMAÇÃO;99 - SEM INFORMAÇÃO;999;MORTO;CÂNCER;07/10/2013;07/10/2013;07/10/2013;;
1159295;RCBP RORAIMA;FEMININO;19/04/1918;94;INDÍGENA;BRASIL;Não informado;;SEM ESCOLARIDADE;VIÚVO;0;SEM INFORMAÇÃO	;RORAIMA;BONFIM;PELE, SOE;C449;NEOPLASIA MALIGNA;80003;NEOPLASIA MALIGNA DA PELE;C449;;;;;false;SDO;SEM INFORMAÇÃO;SEM INFORMAÇÃO;99 - SEM INFORMAÇÃO;999;MORTO;CÂNCER;04/01/2013;04/01/2013;04/01/2013;;
1159314;RCBP RORAIMA;FEMININO;10/10/1940;72;INDÍGENA;BRASIL;Não informado;;FUNDAMENTAL I (1ª A 4ª SÉRIE);CASADO;0;SEM INFORMAÇÃO	;RORAIMA;BOA VISTA;ESTOMAGO, SOE;C169;NEOPLASIA MALIGNA;80003;ESTOMAGO, SOE;C169;;;;;false;SDO;SEM INFORMAÇÃO;SEM INFORMAÇÃO;99 - SEM INFORMAÇÃO;999;MORTO;CÂNCER;20/04/2013;20/04/2013;20/04/2013;;
1159334;RCBP RORAIMA;FEMININO;04/07/1935;78;PARDA;BRASIL;Não informado;;FUNDAMENTAL II (5ª A 8ª SÉRIE);CASADO;;;RORAIMA;BOA VISTA;COLO DO UTERO, SOE;C539;NEOPLASIA MALIGNA;80003;COLO DO UTERO, SOE;C539;;;;;false;SDO;METÁSTASE;SEM INFORMAÇÃO;99 - SEM INFORMAÇÃO;999;MORTO;CÂNCER;19/10/2013;19/10/2013;19/10/2013;;
1159339;RCBP RORAIMA;FEMININO;10/09/1940;72;BRANCO;BRASIL;Não informado;;SEM INFORMAÇÃO;VIÚVO;622;TRABALHADORES AGRÍCOLAS   	;RORAIMA;BOA VISTA;FIGADO, SOE;C220;NEOPLASIA MALIGNA;80003;FIGADO E VIAS BILIARES INTRA-HEPATICAS;C22;;;;;false;SDO;SEM INFORMAÇÃO;SEM INFORMAÇÃO;99 - SEM INFORMAÇÃO;999;MORTO;CÂNCER;20/03/2013;20/03/2013;20/03/2013;;
1159398;RCBP RORAIMA;MASCULINO;12/06/1956;57;BRANCO;BRASIL;Não informado;;FUNDAMENTAL II (5ª A 8ª SÉRIE);VIÚVO;711;TRABALHADORES DA EXTRAÇÃO MINERAL 	;RORAIMA;BOA VISTA;PULMAO, SOE;C349;NEOPLASIA MALIGNA;80003;BRONQUIOS OU PULMOES, SOE;C349;;;;;false;HISTOLOGIA DA METÁSTASE;METÁSTASE;;;;;CÂNCER;21/08/2013;;21/08/2013;;
1159396;RCBP RORAIMA;FEMININO;07/04/1952;61;PARDA;BRASIL;Não informado;;FUNDAMENTAL I (1ª A 4ª SÉRIE);SOLTEIRO;;;RORAIMA;BOA VISTA;TECIDOS MOLES, SOE;C499;NEOPLASIA MALIGNA;80003;NEOPLASIA MALIGNA DE TECIDOS MOLES;C499;;;;;false;SDO;SEM INFORMAÇÃO;SEM INFORMAÇÃO;99 - SEM INFORMAÇÃO;999;MORTO;CÂNCER;30/09/2013;30/09/2013;30/09/2013;;
1159397;RCBP RORAIMA;FEMININO;06/05/1955;58;PARDA;BRASIL;Não informado;;FUNDAMENTAL I (1ª A 4ª SÉRIE);UNIÃO CONSENSUAL;;;RORAIMA;BOA VISTA;FIGADO, SOE;C220;CARCINOMA HEPATOCELULAR, SOE;81703;CARCINOMA DE CELULAS HEPATICAS;C220;;;;;false;SDO;SEM INFORMAÇÃO;SEM INFORMAÇÃO;99 - SEM INFORMAÇÃO;999;MORTO;CÂNCER;23/09/2013;23/09/2013;23/09/2013;;
1159400;RCBP RORAIMA;MASCULINO;18/10/1938;74;PARDA;BRASIL;Não informado;;SEM ESCOLARIDADE;CASADO;622;TRABALHADORES AGRÍCOLAS   	;RORAIMA;BOA VISTA;ESTOMAGO, SOE;C169;NEOPLASIA MALIGNA;80003;ESTOMAGO, SOE;C169;;;;;false;SDO;METÁSTASE;SEM INFORMAÇÃO;99 - SEM INFORMAÇÃO;999;MORTO;CÂNCER;16/03/2013;16/03/2013;16/03/2013;;
1159401;RCBP RORAIMA;MASCULINO;06/02/1971;42;PRETA;BRASIL;Não informado;;MÉDIO (ANTIGO SEGUNDO GRAU);CASADO;517;TRABALHADORES NOS SERVIÇOS DE PROTEÇÃO E SEGURANÇA	;RORAIMA;BOA VISTA;LOCALIZACAO PRIMARIA DESCONHECIDA, SOE;C809;NEOPLASIA MALIGNA;80003;LOCALIZACAO PRIMARIA DESCONHECIDA;C80;;;;;false;SDO;METÁSTASE;SEM INFORMAÇÃO;99 - SEM INFORMAÇÃO;999;MORTO;CÂNCER;18/12/2013;18/12/2013;18/12/2013;;
1159406;RCBP RORAIMA;MASCULINO;18/03/1936;77;BRANCO;BRASIL;Não informado;;FUNDAMENTAL I (1ª A 4ª SÉRIE);CASADO;622;TRABALHADORES AGRÍCOLAS   	;RORAIMA;BOA VISTA;LOCALIZACAO PRIMARIA DESCONHECIDA, SOE;C809;NEOPLASIA MALIGNA;80003;LOCALIZACAO PRIMARIA DESCONHECIDA;C80;;;;;false;SDO;METÁSTASE;SEM INFORMAÇÃO;99 - SEM INFORMAÇÃO;999;MORTO;NÃO CÂNCER;13/11/2013;13/11/2013;13/11/2013;;
1159410;RCBP RORAIMA;MASCULINO;03/08/1937;75;BRANCO;BRASIL;Não informado;;SEM ESCOLARIDADE;CASADO;0;SEM INFORMAÇÃO	;RORAIMA;BOA VISTA;PERITONIO, SOE;C482;NEOPLASIA MALIGNA;80003;PERITONIO, SOE;C482;;;;;false;SDO;SEM INFORMAÇÃO;SEM INFORMAÇÃO;99 - SEM INFORMAÇÃO;999;MORTO;CÂNCER;29/07/2013;29/07/2013;29/07/2013;;
1159417;RCBP RORAIMA;FEMININO;24/07/1937;76;INDÍGENA;BRASIL;Não informado;;SEM INFORMAÇÃO;SEM INFORMAÇÃO;622;TRABALHADORES AGRÍCOLAS   	;RORAIMA;ALTO ALEGRE;COLUNA VERTEBRAL;C412;NEOPLASIA MALIGNA;80003;COLUNA VERTEBRAL;C412;;;;;false;SDO;SEM INFORMAÇÃO;SEM INFORMAÇÃO;99 - SEM INFORMAÇÃO;999;MORTO;CÂNCER;06/11/2013;;06/11/2013;;
1159419;RCBP RORAIMA;MASCULINO;07/09/1956;57;BRANCO;BRASIL;Não informado;;SUPERIOR COMPLETO;CASADO;141;GERENTES DE PRODUÇÃO E OPERAÇÕES  	;RORAIMA;BOA VISTA;COLON, SOE;C189;NEOPLASIA MALIGNA;80003;COLON, SOE;C189;;;;;false;SDO;METÁSTASE;SEM INFORMAÇÃO;99 - SEM INFORMAÇÃO;999;MORTO;CÂNCER;30/11/2013;30/11/2013;30/11/2013;;
1159394;RCBP RORAIMA;MASCULINO;28/10/1938;74;PARDA;BRASIL;Não informado;;SEM ESCOLARIDADE;SEM INFORMAÇÃO;342;TÉCNICOS EM TRANSPORTES (LOGÍSTICA)   	;RORAIMA;BOA VISTA;CEREBELO, SOE;C716;NEOPLASIA MALIGNA;80003;CEREBELO;C716;;;;;false;HISTOLOGIA DO TUMOR PRIMÁRIO;SEM INFORMAÇÃO;;;;;CÂNCER;30/01/2013;;30/01/2013;;
1159424;RCBP RORAIMA;MASCULINO;05/08/1935;78;PARDA;BRASIL;Não informado;;FUNDAMENTAL I (1ª A 4ª SÉRIE);CASADO;;;RORAIMA;BOA VISTA;ESOFAGO, SOE;C159;NEOPLASIA MALIGNA;80003;ESOFAGO, SOE;C159;;;;;false;HISTOLOGIA DO TUMOR PRIMÁRIO;SEM INFORMAÇÃO;;;;;CÂNCER;13/08/2013;;13/08/2013;;
1159362;RCBP RORAIMA;MASCULINO;28/05/1954;59;BRANCO;BRASIL;Não informado;;FUNDAMENTAL I (1ª A 4ª SÉRIE);SEPARADO JUDICIALMENTE;;;RORAIMA;BOA VISTA;ESTOMAGO, SOE;C169;NEOPLASIA MALIGNA;80003;ESTOMAGO, SOE;C169;;;;;false;SDO;SEM INFORMAÇÃO;SEM INFORMAÇÃO;99 - SEM INFORMAÇÃO;999;MORTO;CÂNCER;31/12/2013;31/12/2013;31/12/2013;;
1159363;RCBP RORAIMA;FEMININO;30/12/1993;19;INDÍGENA;VENEZUELA;Não informado;Não Informado;SEM INFORMAÇÃO;SEM INFORMAÇÃO;0;SEM INFORMAÇÃO	;RORAIMA;BOA VISTA;CEREBELO, SOE;C716;NEOPLASIA MALIGNA;80003;CEREBELO;C716;Neoplasias intracranianas e intra-espinhais não especificadas;III-F;NEOPLASIAS INTRACRANIANAS E INTRAESPINAIS NÃO-ESPECÍFICAS;3.6;false;SDO;SEM INFORMAÇÃO;SEM INFORMAÇÃO;99 - SEM INFORMAÇÃO;999;MORTO;CÂNCER;27/03/2013;27/03/2013;27/03/2013;;
1159366;RCBP RORAIMA;MASCULINO;10/03/1983;29;PARDA;BRASIL;Não informado;;MÉDIO (ANTIGO SEGUNDO GRAU);SOLTEIRO;411;ESCRITURÁRIOS EM GERAL, AGENTES, ASSISTENTES E AUXILIARES ADMINISTRATIVOS 	;RORAIMA;BOA VISTA;MEDULA OSSEA;C421;LEUCEMIA MIELOIDE AGUDA, SOE;98613;LEUCEMIA MIELOIDE AGUDA;C920;;;LEUCEMIA MIELÓIDE AGUDA;1.2;false;SDO;NÃO SE APLICA;SEM INFORMAÇÃO;99 - SEM INFORMAÇÃO;999;MORTO;CÂNCER;03/02/2013;03/02/2013;03/02/2013;;
1159367;RCBP RORAIMA;FEMININO;22/03/1937;76;BRANCO;BRASIL;Não informado;;MÉDIO (ANTIGO SEGUNDO GRAU);CASADO;;;RORAIMA;BOA VISTA;LARINGE, SOE;C329;NEOPLASIA MALIGNA;80003;LARINGE, SOE;C329;;;;;false;SDO;SEM INFORMAÇÃO;SEM INFORMAÇÃO;99 - SEM INFORMAÇÃO;999;MORTO;CÂNCER;13/05/2013;13/05/2013;13/05/2013;;
1159370;RCBP RORAIMA;MASCULINO;10/07/1950;62;PARDA;BRASIL;Não informado;;FUNDAMENTAL I (1ª A 4ª SÉRIE);SEPARADO JUDICIALMENTE;842;OPERADORES NA PREPARAÇÃO DE FUMO E NA FABRICAÇÃO DE CHARUTOS E CIGARROS   	;RORAIMA;BOA VISTA;PULMAO, SOE;C349;NEOPLASIA MALIGNA;80003;BRONQUIOS OU PULMOES, SOE;C349;;;;;false;SDO;SEM INFORMAÇÃO;SEM INFORMAÇÃO;99 - SEM INFORMAÇÃO;999;MORTO;CÂNCER;27/06/2013;27/06/2013;27/06/2013;;
1159374;RCBP RORAIMA;FEMININO;02/04/1951;62;PARDA;BRASIL;Não informado;;FUNDAMENTAL I (1ª A 4ª SÉRIE);VIÚVO;;;RORAIMA;CARACARAÍ;ESTOMAGO, SOE;C169;NEOPLASIA MALIGNA;80003;ESTOMAGO, SOE;C169;;;;;false;SDO;SEM INFORMAÇÃO;SEM INFORMAÇÃO;99 - SEM INFORMAÇÃO;999;MORTO;CÂNCER;14/09/2013;14/09/2013;14/09/2013;;
1159376;RCBP RORAIMA;MASCULINO;07/07/1934;79;BRANCO;BRASIL;Não informado;;SUPERIOR COMPLETO;CASADO;223;PROFISSIONAIS DA MEDICINA, SAÚDE E AFINS  	;RORAIMA;BOA VISTA;COLON, SOE;C189;NEOPLASIA MALIGNA;80003;COLON, SOE;C189;;;;;false;SDO;SEM INFORMAÇÃO;SEM INFORMAÇÃO;99 - SEM INFORMAÇÃO;999;MORTO;CÂNCER;11/11/2013;11/11/2013;11/11/2013;;
1159383;RCBP RORAIMA;FEMININO;09/11/1943;69;PARDA;BRASIL;Não informado;;FUNDAMENTAL I (1ª A 4ª SÉRIE);CASADO;0;SEM INFORMAÇÃO	;RORAIMA;BOA VISTA;LOCALIZACAO PRIMARIA DESCONHECIDA, SOE;C809;NEOPLASIA MALIGNA;80003;LOCALIZACAO PRIMARIA DESCONHECIDA;C80;;;;;false;SDO;METÁSTASE;SEM INFORMAÇÃO;99 - SEM INFORMAÇÃO;999;MORTO;CÂNCER;11/06/2013;11/06/2013;11/06/2013;;
1159387;RCBP RORAIMA;FEMININO;05/01/1968;45;PARDA;BRASIL;Não informado;;SUPERIOR COMPLETO;SOLTEIRO;411;ESCRITURÁRIOS EM GERAL, AGENTES, ASSISTENTES E AUXILIARES ADMINISTRATIVOS 	;RORAIMA;BOA VISTA;ESTOMAGO, SOE;C169;NEOPLASIA MALIGNA;80003;ESTOMAGO, SOE;C169;;;;;false;SDO;SEM INFORMAÇÃO;SEM INFORMAÇÃO;99 - SEM INFORMAÇÃO;999;MORTO;CÂNCER;12/07/2013;12/07/2013;12/07/2013;;
1159388;RCBP RORAIMA;MASCULINO;22/08/1950;63;PARDA;BRASIL;Não informado;;FUNDAMENTAL II (5ª A 8ª SÉRIE);CASADO;0;SEM INFORMAÇÃO	;RORAIMA;CARACARAÍ;FIGADO, SOE;C220;NEOPLASIA MALIGNA;80003;FIGADO E VIAS BILIARES INTRA-HEPATICAS;C22;;;;;false;SDO;SEM INFORMAÇÃO;SEM INFORMAÇÃO;99 - SEM INFORMAÇÃO;999;MORTO;CÂNCER;11/11/2013;11/11/2013;11/11/2013;;
1159390;RCBP RORAIMA;MASCULINO;01/02/1968;45;PARDA;BRASIL;Não informado;;FUNDAMENTAL II (5ª A 8ª SÉRIE);SOLTEIRO;711;TRABALHADORES DA EXTRAÇÃO MINERAL 	;RORAIMA;AMAJARI;MEDULA OSSEA;C421;POLICITEMIA VERA;99503;POLICITEMIA VERA;D45;;;;;false;SDO;NÃO SE APLICA;SEM INFORMAÇÃO;99 - SEM INFORMAÇÃO;999;MORTO;NÃO CÂNCER;27/04/2013;27/04/2013;27/04/2013;;
1159373;RCBP RORAIMA;MASCULINO;15/12/1946;66;INDÍGENA;BRASIL;Não informado;;MÉDIO (ANTIGO SEGUNDO GRAU);SOLTEIRO;514;TRABALHADORES NOS SERVIÇOS DE ADMINISTRAÇÃO, CONSERVAÇÃO E MANUTENÇÃO DE EDIFÍCIOS E LOGRADOUROS  	;RORAIMA;UIRAMUTÃ;COLON, SOE;C189;NEOPLASIA MALIGNA;80003;COLON, SOE;C189;;;;;false;HISTOLOGIA DO TUMOR PRIMÁRIO;SEM INFORMAÇÃO;;;;;CÂNCER;12/01/2013;;12/01/2013;;
1159431;RCBP RORAIMA;FEMININO;01/01/1963;50;INDÍGENA;BRASIL;Não informado;;SEM ESCOLARIDADE;SEM INFORMAÇÃO;;;RORAIMA;AMAJARI;COLO DO UTERO, SOE;C539;NEOPLASIA MALIGNA;80003;COLO DO UTERO, SOE;C539;;;;;false;SDO;SEM INFORMAÇÃO;SEM INFORMAÇÃO;99 - SEM INFORMAÇÃO;999;MORTO;CÂNCER;23/07/2013;23/07/2013;23/07/2013;;
1159433;RCBP RORAIMA;MASCULINO;12/05/1936;77;PARDA;BRASIL;Não informado;;SEM ESCOLARIDADE;SEM INFORMAÇÃO;0;SEM INFORMAÇÃO	;RORAIMA;BOA VISTA;LOCALIZACAO PRIMARIA DESCONHECIDA, SOE;C809;NEOPLASIA MALIGNA;80003;LOCALIZACAO PRIMARIA DESCONHECIDA;C80;;;;;false;SDO;SEM INFORMAÇÃO;SEM INFORMAÇÃO;99 - SEM INFORMAÇÃO;999;MORTO;CÂNCER;13/05/2013;13/05/2013;13/05/2013;;
1159429;RCBP RORAIMA;MASCULINO;09/02/1932;81;PARDA;BRASIL;Não informado;;FUNDAMENTAL I (1ª A 4ª SÉRIE);CASADO;0;SEM INFORMAÇÃO	;RORAIMA;BOA VISTA;BEXIGA, SOE;C679;NEOPLASIA MALIGNA;80003;BEXIGA, SOE;C679;;;;;false;SDO;SEM INFORMAÇÃO;SEM INFORMAÇÃO;99 - SEM INFORMAÇÃO;999;MORTO;CÂNCER;31/10/2013;31/10/2013;31/10/2013;;
1159468;RCBP RORAIMA;FEMININO;07/08/1968;44;PARDA;BRASIL;Não informado;;FUNDAMENTAL I (1ª A 4ª SÉRIE);VIÚVO;0;SEM INFORMAÇÃO	;RORAIMA;MUCAJAÍ;LOCALIZACAO PRIMARIA DESCONHECIDA, SOE;C809;NEOPLASIA MALIGNA;80003;LOCALIZACAO PRIMARIA DESCONHECIDA;C80;;;;;false;SDO;METÁSTASE;SEM INFORMAÇÃO;99 - SEM INFORMAÇÃO;999;MORTO;CÂNCER;10/02/2013;10/02/2013;10/02/2013;;
1159469;RCBP RORAIMA;FEMININO;03/11/1953;60;BRANCO;BRASIL;Não informado;;FUNDAMENTAL I (1ª A 4ª SÉRIE);VIÚVO;0;SEM INFORMAÇÃO	;RORAIMA;BOA VISTA;ESOFAGO, SOE;C159;NEOPLASIA MALIGNA;80003;ESOFAGO, SOE;C159;;;;;false;SDO;SEM INFORMAÇÃO;SEM INFORMAÇÃO;99 - SEM INFORMAÇÃO;999;MORTO;CÂNCER;10/12/2013;10/12/2013;10/12/2013;;
1159479;RCBP RORAIMA;FEMININO;20/08/1932;80;BRANCO;BRASIL;Não informado;;MÉDIO (ANTIGO SEGUNDO GRAU);VIÚVO;411;ESCRITURÁRIOS EM GERAL, AGENTES, ASSISTENTES E AUXILIARES ADMINISTRATIVOS 	;RORAIMA;BOA VISTA;MEDULA OSSEA;C421;LEUCEMIA, SOE;98003;LEUCEMIA NAO ESPECIFICADA;C959;;;;;false;SDO;NÃO SE APLICA;SEM INFORMAÇÃO;99 - SEM INFORMAÇÃO;999;MORTO;NÃO CÂNCER;02/03/2013;02/03/2013;02/03/2013;;
1159475;RCBP RORAIMA;MASCULINO;19/07/1938;74;BRANCO;BRASIL;Não informado;;FUNDAMENTAL II (5ª A 8ª SÉRIE);CASADO;842;OPERADORES NA PREPARAÇÃO DE FUMO E NA FABRICAÇÃO DE CHARUTOS E CIGARROS   	;RORAIMA;BOA VISTA;ABDOME, SOE;C762;NEOPLASIA MALIGNA;80003;ABDOME;C762;;;;;false;SDO;SEM INFORMAÇÃO;SEM INFORMAÇÃO;99 - SEM INFORMAÇÃO;999;MORTO;CÂNCER;26/02/2013;26/02/2013;26/02/2013;;
1159476;RCBP RORAIMA;FEMININO;15/05/1951;62;PARDA;BRASIL;Não informado;;MÉDIO (ANTIGO SEGUNDO GRAU);VIÚVO;232;PROFESSORES DO ENSINO MÉDIO   	;RORAIMA;BOA VISTA;PULMAO, SOE;C349;NEOPLASIA MALIGNA;80003;BRONQUIOS OU PULMOES, SOE;C349;;;;;false;SDO;METÁSTASE;SEM INFORMAÇÃO;99 - SEM INFORMAÇÃO;999;MORTO;CÂNCER;02/09/2013;02/09/2013;02/09/2013;;
1159895;RCBP RORAIMA;MASCULINO;26/11/1947;65;PARDA;BRASIL;Não informado;;SEM ESCOLARIDADE;SOLTEIRO;622;TRABALHADORES AGRÍCOLAS   	;RORAIMA;CANTÁ;CARDIA, SOE;C160;CARCINOMA ESCAMOCELULAR, SOE;80703;CARDIA;C160;;;;;false;PESQUISA;LOCALIZADO;;;;;CÂNCER;14/02/2013;;22/01/2013;;
1159745;RCBP RORAIMA;MASCULINO;10/04/1932;81;INDÍGENA;BRASIL;RORAIMA;BOA VISTA;SEM ESCOLARIDADE;VIÚVO;0;SEM INFORMAÇÃO	;RORAIMA;BOA VISTA;PENIS, SOE;C609;NEOPLASIA MALIGNA;80003;PENIS, SOE;C609;;;;;false;HISTOLOGIA DO TUMOR PRIMÁRIO;LOCALIZADO;;;;;CÂNCER;22/02/2015;;04/10/2013;;
1159746;RCBP RORAIMA;MASCULINO;11/02/1912;101;PARDA;BRASIL;Não informado;;FUNDAMENTAL I (1ª A 4ª SÉRIE);SEM INFORMAÇÃO;0;SEM INFORMAÇÃO	;RORAIMA;BOA VISTA;PROSTATA, SOE;C619;NEOPLASIA MALIGNA;80003;PROSTATA;C61;;;;;false;HISTOLOGIA DO TUMOR PRIMÁRIO;SEM INFORMAÇÃO;SEM INFORMAÇÃO;99 - SEM INFORMAÇÃO;999;MORTO;CÂNCER;25/02/2013;25/02/2013;25/02/2013;;
1159748;RCBP RORAIMA;MASCULINO;08/04/1940;73;PARDA;BRASIL;MINAS GERAIS;RUBIM;SEM INFORMAÇÃO;SEM INFORMAÇÃO;517;TRABALHADORES NOS SERVIÇOS DE PROTEÇÃO E SEGURANÇA	;RORAIMA;BOA VISTA;ESTOMAGO, SOE;C169;ADENOCARCINOMA, SOE;81403;ESTOMAGO, SOE;C169;;;;;false;HISTOLOGIA DO TUMOR PRIMÁRIO;SEM INFORMAÇÃO;;;;;CÂNCER;04/01/2014;;15/06/2013;;
1159965;RCBP RORAIMA;FEMININO;;35;SEM INFORMAÇÃO;BRASIL;Não informado;Não Informado;SEM INFORMAÇÃO;SEM INFORMAÇÃO;0;SEM INFORMAÇÃO	;RORAIMA;BOA VISTA;COLO DO UTERO, SOE;C539;CARCINOMA, SOE;80103;COLO DO UTERO, SOE;C539;;;;;false;HISTOLOGIA DO TUMOR PRIMÁRIO;SEM INFORMAÇÃO;;;;;;;;22/11/2013;;
1159973;RCBP RORAIMA;FEMININO;;52;SEM INFORMAÇÃO;BRASIL;Não informado;Não Informado;SEM INFORMAÇÃO;SEM INFORMAÇÃO;0;SEM INFORMAÇÃO	;RORAIMA;BOA VISTA;LABIO, SOE;C009;ADENOCARCINOMA, SOE;81403;LABIO, SOE;C009;;;;;false;HISTOLOGIA DO TUMOR PRIMÁRIO;SEM INFORMAÇÃO;;;;;;;;30/01/2013;;
1159762;RCBP RORAIMA;FEMININO;24/07/1971;41;BRANCO;BRASIL;Não informado;;MÉDIO (ANTIGO SEGUNDO GRAU);CASADO;322;TÉCNICOS DA CIÊNCIA DA SAÚDE HUMANA 	;RORAIMA;BOA VISTA;CEREBELO, SOE;C716;NEOPLASIA MALIGNA;80003;CEREBELO;C716;;;;;false;HISTOLOGIA DO TUMOR PRIMÁRIO;SEM INFORMAÇÃO;;;;;CÂNCER;19/04/2013;;05/02/2013;;
1159763;RCBP RORAIMA;FEMININO;29/03/1975;38;PARDA;BRASIL;RORAIMA;;FUNDAMENTAL I (1ª A 4ª SÉRIE);SOLTEIRO;622;TRABALHADORES AGRÍCOLAS   	;RORAIMA;CARACARAÍ;COLO DO UTERO, SOE;C539;ADENOCARCINOMA, SOE;81403;COLO DO UTERO, SOE;C539;;;;;false;HISTOLOGIA DO TUMOR PRIMÁRIO;LOCALIZADO;;;;;;;;11/11/2013;;
1159768;RCBP RORAIMA;MASCULINO;12/12/1941;71;PARDA;BRASIL;AMAZONAS;;FUNDAMENTAL I (1ª A 4ª SÉRIE);SOLTEIRO;0;SEM INFORMAÇÃO	;RORAIMA;BOA VISTA;PELE DO TRONCO;C445;CARCINOMA ESCAMOCELULAR, SOE;80703;PELE DO TRONCO;C445;;;;;false;HISTOLOGIA DO TUMOR PRIMÁRIO;LOCALIZADO;;;;;;;;16/10/2013;;
1159854;RCBP RORAIMA;FEMININO;15/02/1958;55;INDÍGENA;BRASIL;RORAIMA;ALTO ALEGRE;SEM INFORMAÇÃO;SEM INFORMAÇÃO;;;RORAIMA;ALTO ALEGRE;COLO DO UTERO, SOE;C539;NEOPLASIA INTRA-EPITELIAL ESCAMOSA,GRAU IIII;80772;COLO DO UTERO, SOE;D069;;;;;false;CITOLOGIA;"IN SITU";;;;;;;;13/05/2013;;
1159857;RCBP RORAIMA;FEMININO;10/06/1962;51;SEM INFORMAÇÃO;BRASIL;CEARÁ;;SEM INFORMAÇÃO;SEM INFORMAÇÃO;0;SEM INFORMAÇÃO	;RORAIMA;BOA VISTA;MAMA , SOE;C509;CARCINOMA DUCTAL INFILTRANTE;85003;MAMA , SOE;C509;;;;;false;HISTOLOGIA DO TUMOR PRIMÁRIO;LOCALIZADO;;;;;;;;20/06/2013;;
1159870;RCBP RORAIMA;MASCULINO;18/10/1947;65;BRANCO;BRASIL;Não informado;;FUNDAMENTAL II (5ª A 8ª SÉRIE);UNIÃO CONSENSUAL;842;OPERADORES NA PREPARAÇÃO DE FUMO E NA FABRICAÇÃO DE CHARUTOS E CIGARROS   	;RORAIMA;BOA VISTA;LARINGE, SOE;C329;NEOPLASIA MALIGNA;80003;LARINGE, SOE;C329;;;;;false;HISTOLOGIA DO TUMOR PRIMÁRIO;SEM INFORMAÇÃO;;;;;CÂNCER;11/08/2013;;06/02/2013;;
1159759;RCBP RORAIMA;MASCULINO;06/10/1960;52;PARDA;BRASIL;Não informado;;SEM ESCOLARIDADE;CASADO;;;RORAIMA;BOA VISTA;GLOTE;C320;NEOPLASIA MALIGNA;80003;GLOTE;C320;;;;;false;HISTOLOGIA DO TUMOR PRIMÁRIO;SEM INFORMAÇÃO;SEM INFORMAÇÃO;99 - SEM INFORMAÇÃO;999;MORTO;CÂNCER;26/08/2013;26/08/2013;26/08/2013;;
1159760;RCBP RORAIMA;MASCULINO;17/10/1924;88;PARDA;BRASIL;Não informado;;SEM ESCOLARIDADE;CASADO;622;TRABALHADORES AGRÍCOLAS   	;RORAIMA;NORMANDIA;PROSTATA, SOE;C619;NEOPLASIA MALIGNA;80003;PROSTATA;C61;;;;;false;HISTOLOGIA DO TUMOR PRIMÁRIO;SEM INFORMAÇÃO;SEM INFORMAÇÃO;99 - SEM INFORMAÇÃO;999;MORTO;NÃO CÂNCER;11/07/2013;11/07/2013;11/07/2013;;
1159848;RCBP RORAIMA;FEMININO;08/02/1981;32;SEM INFORMAÇÃO;BRASIL;RORAIMA;BOA VISTA;SEM INFORMAÇÃO;SEM INFORMAÇÃO;0;SEM INFORMAÇÃO	;RORAIMA;BOA VISTA;COLO DO UTERO, SOE;C539;NEOPLASIA INTRA-EPITELIAL ESCAMOSA,GRAU IIII;80772;COLO DO UTERO, SOE;D069;;;;;false;CITOLOGIA;"IN SITU";;;;;;;;24/05/2013;;
1159863;RCBP RORAIMA;FEMININO;14/04/1955;58;SEM INFORMAÇÃO;BRASIL;RORAIMA;CARACARAÍ;SEM INFORMAÇÃO;SEM INFORMAÇÃO;0;SEM INFORMAÇÃO	;RORAIMA;CARACARAÍ;COLO DO UTERO, SOE;C539;NEOPLASIA INTRA-EPITELIAL ESCAMOSA,GRAU IIII;80772;COLO DO UTERO, SOE;D069;;;;;false;CITOLOGIA;"IN SITU";;;;;;;;24/05/2013;;
1159907;RCBP RORAIMA;MASCULINO;25/12/1938;74;AMARELA;BRASIL;MARANHÃO;;SEM ESCOLARIDADE;CASADO;0;SEM INFORMAÇÃO	;RORAIMA;BOA VISTA;ESTOMAGO, SOE;C169;ADENOCARCINOMA, TIPO INTESTINAL;81443;ESTOMAGO, SOE;C169;;;;;false;HISTOLOGIA DO TUMOR PRIMÁRIO;METÁSTASE;;;;;;;;15/05/2013;;
1159913;RCBP RORAIMA;MASCULINO;29/11/1951;61;BRANCO;BRASIL;Não informado;;SEM ESCOLARIDADE;CASADO;622;TRABALHADORES AGRÍCOLAS   	;RORAIMA;ALTO ALEGRE;ESTOMAGO, SOE;C169;CARCINOMA, SOE;80103;ESTOMAGO, SOE;C169;;;;;false;HISTOLOGIA DO TUMOR PRIMÁRIO;METÁSTASE;;;;;CÂNCER;16/09/2013;;28/08/2013;;
1159881;RCBP RORAIMA;MASCULINO;08/12/1939;73;BRANCO;BRASIL;AMAZONAS;MANAUS;MÉDIO (ANTIGO SEGUNDO GRAU);CASADO;111;MEMBROS SUPERIORES DO PODER LEGISLATIVO, EXECUTIVO E JUDICIÁRIO   	;RORAIMA;BOA VISTA;PULMAO, SOE;C349;ADENOCARCINOMA, SOE;81403;BRONQUIOS OU PULMOES, SOE;C349;;;;;false;HISTOLOGIA DO TUMOR PRIMÁRIO;METÁSTASE;;;;;CÂNCER;19/04/2017;;23/07/2013;;
1159906;RCBP RORAIMA;MASCULINO;02/11/1958;54;BRANCO;BRASIL;Não informado;;SEM ESCOLARIDADE;CASADO;622;TRABALHADORES AGRÍCOLAS   	;RORAIMA;SÃO LUIZ;LOCALIZACAO PRIMARIA DESCONHECIDA, SOE;C809;NEOPLASIA MALIGNA;80003;LOCALIZACAO PRIMARIA DESCONHECIDA;C80;;;;;false;HISTOLOGIA DO TUMOR PRIMÁRIO;METÁSTASE;;;;;CÂNCER;14/09/2013;;13/02/2013;;
1159796;RCBP RORAIMA;FEMININO;05/07/1978;35;PARDA;BRASIL;RONDONIA;;MÉDIO (ANTIGO SEGUNDO GRAU);SOLTEIRO;0;SEM INFORMAÇÃO	;RORAIMA;BOA VISTA;COLO DO UTERO, SOE;C539;CARCINOMA ESCAMOSO MICRO-INVASOR;80763;COLO DO UTERO, SOE;C539;;;;;false;HISTOLOGIA DO TUMOR PRIMÁRIO;SEM INFORMAÇÃO;;;;;;;;22/11/2013;;
1159828;RCBP RORAIMA;FEMININO;16/01/1962;51;PRETA;Não informado;Não informado;Não Informado;SUPERIOR COMPLETO;SOLTEIRO;0;SEM INFORMAÇÃO	;RORAIMA;BOA VISTA;ENDOMETRIO;C541;CARCINOMA ENDOMETRIOIDE, SOE;83803;ENDOMETRIO;C541;;;;;false;HISTOLOGIA DO TUMOR PRIMÁRIO;SEM INFORMAÇÃO;;;;;;;;15/04/2013;;
1159784;RCBP RORAIMA;FEMININO;15/02/1949;63;PARDA;BRASIL;Não informado;;FUNDAMENTAL I (1ª A 4ª SÉRIE);SEM INFORMAÇÃO;512;TRABALHADORES DOS SERVIÇOS DOMÉSTICOS EM GERAL	;RORAIMA;BOA VISTA;LOCALIZACAO PRIMARIA DESCONHECIDA, SOE;C809;NEOPLASIA MALIGNA;80003;LOCALIZACAO PRIMARIA DESCONHECIDA;C80;;;;;false;HISTOLOGIA DA METÁSTASE;METÁSTASE;;;;;CÂNCER;29/11/2013;;01/02/2013;;
1159786;RCBP RORAIMA;MASCULINO;27/03/1961;51;BRANCO;BRASIL;Não informado;;SUPERIOR COMPLETO;CASADO;622;TRABALHADORES AGRÍCOLAS   	;RORAIMA;BOA VISTA;PANCREAS, SOE;C259;NEOPLASIA MALIGNA;80003;PANCREAS, SOE;C259;;;;;false;HISTOLOGIA DO TUMOR PRIMÁRIO;SEM INFORMAÇÃO;;;;;CÂNCER;23/12/2013;;06/02/2013;;
1159789;RCBP RORAIMA;MASCULINO;30/03/1970;42;PARDA;BRASIL;Não informado;;MÉDIO (ANTIGO SEGUNDO GRAU);CASADO;373;TÉCNICOS EM OPERAÇÃO DE EMISSORAS DE RÁDIO, SISTEMAS DE TELEVISÃO E DE PRODUTORAS DE VÍDEO	;RORAIMA;MUCAJAÍ;RETO, SOE;C209;NEOPLASIA MALIGNA;80003;RETO;C20;;;;;false;HISTOLOGIA DO TUMOR PRIMÁRIO;SEM INFORMAÇÃO;;;;;CÂNCER;07/11/2013;;04/02/2013;;
1159809;RCBP RORAIMA;MASCULINO;26/02/1920;92;BRANCO;BRASIL;Não informado;;SUPERIOR COMPLETO;VIÚVO;0;SEM INFORMAÇÃO	;RORAIMA;BOA VISTA;PULMAO, SOE;C349;NEOPLASIA MALIGNA;80003;BRONQUIOS OU PULMOES, SOE;C349;;;;;false;HISTOLOGIA DO TUMOR PRIMÁRIO;SEM INFORMAÇÃO;;;;;CÂNCER;06/12/2013;;04/02/2013;;
1159811;RCBP RORAIMA;MASCULINO;16/07/1946;66;BRANCO;BRASIL;Não informado;Não Informado;MÉDIO (ANTIGO SEGUNDO GRAU);SEPARADO JUDICIALMENTE;232;PROFESSORES DO ENSINO MÉDIO   	;RORAIMA;BOA VISTA;ESTOMAGO, SOE;C169;NEOPLASIA MALIGNA;80003;ESTOMAGO, SOE;C169;;;;;false;HISTOLOGIA DO TUMOR PRIMÁRIO;SEM INFORMAÇÃO;;;;;CÂNCER;21/02/2013;;28/01/2013;;
1159829;RCBP RORAIMA;FEMININO;02/06/1947;65;BRANCO;BRASIL;Não informado;;MÉDIO (ANTIGO SEGUNDO GRAU);CASADO;;;RORAIMA;BOA VISTA;LOCALIZACAO PRIMARIA DESCONHECIDA, SOE;C809;NEOPLASIA MALIGNA;80003;LOCALIZACAO PRIMARIA DESCONHECIDA;C80;;;;;false;HISTOLOGIA DO TUMOR PRIMÁRIO;METÁSTASE;;;;;CÂNCER;06/08/2013;;06/03/2013;;
1159838;RCBP RORAIMA;FEMININO;31/01/1965;48;PARDA;BRASIL;Não informado;Não Informado;SEM INFORMAÇÃO;SOLTEIRO;0;SEM INFORMAÇÃO	;RORAIMA;BOA VISTA;TIREOIDE, SOE;C739;ADENOCARCINOMA FOLICULAR, SOE;83303;GLANDULA TIREOIDE;C73;;;;;false;HISTOLOGIA DO TUMOR PRIMÁRIO;LOCALIZADO;;;;;;;;01/07/2013;;
1159841;RCBP RORAIMA;FEMININO;04/04/1984;29;SEM INFORMAÇÃO;BRASIL;RORAIMA;MUCAJAÍ;SEM INFORMAÇÃO;SEM INFORMAÇÃO;0;SEM INFORMAÇÃO	;RORAIMA;MUCAJAÍ;COLO DO UTERO, SOE;C539;NEOPLASIA INTRA-EPITELIAL ESCAMOSA,GRAU IIII;80772;COLO DO UTERO, SOE;D069;;;;;false;CITOLOGIA;"IN SITU";;;;;;;;24/05/2013;;
1159877;RCBP RORAIMA;MASCULINO;15/10/1959;53;SEM INFORMAÇÃO;BRASIL;MARANHÃO;;SEM INFORMAÇÃO;SEM INFORMAÇÃO;0;SEM INFORMAÇÃO	;RORAIMA;BOA VISTA;SUPERFICIE VENTRAL DA LINGUA, SOE;C022;CARCINOMA ESCAMOCELULAR, SOE;80703;FACE VENTRAL DA LINGUA;C022;;;;;false;HISTOLOGIA DO TUMOR PRIMÁRIO;METÁSTASE;;;;;;;;04/06/2013;;
1159840;RCBP RORAIMA;FEMININO;25/12/1945;67;BRANCO;BRASIL;Não informado;;SUPERIOR COMPLETO;VIÚVO;141;GERENTES DE PRODUÇÃO E OPERAÇÕES  	;RORAIMA;BOA VISTA;GLANDULA ENDOCRINA, SOE;C759;NEOPLASIA MALIGNA;80003;GLANDULA ENDOCRINA;C759;;;;;false;HISTOLOGIA DO TUMOR PRIMÁRIO;SEM INFORMAÇÃO;;;;;CÂNCER;02/03/2013;;01/02/2013;;
1159897;RCBP RORAIMA;MASCULINO;10/05/1968;45;PRETA;BRASIL;Não informado;;FUNDAMENTAL II (5ª A 8ª SÉRIE);UNIÃO CONSENSUAL;711;TRABALHADORES DA EXTRAÇÃO MINERAL 	;RORAIMA;BOA VISTA;LINFONODO, SOE;C779;LINFOMA MALIGNO, SOE;95903;LINFOMA NAO-HODGKIN, SOE;C859;;;;;false;HISTOLOGIA DO TUMOR PRIMÁRIO;NÃO SE APLICA;SEM INFORMAÇÃO;99 - SEM INFORMAÇÃO;999;MORTO;CÂNCER;11/05/2013;11/05/2013;11/05/2013;;
1159751;RCBP RORAIMA;MASCULINO;15/08/1949;63;PARDA;BRASIL;RORAIMA;;FUNDAMENTAL I (1ª A 4ª SÉRIE);CASADO;;;RORAIMA;BOA VISTA;PROSTATA, SOE;C619;ADENOCARCINOMA, SOE;81403;PROSTATA;C61;;;;;false;HISTOLOGIA DO TUMOR PRIMÁRIO;LOCALIZADO;;;;;;;;22/05/2013;;
1159884;RCBP RORAIMA;MASCULINO;26/05/1934;79;PARDA;BRASIL;RIO GRANDE DO SUL;CAXIAS DO SUL;MÉDIO (ANTIGO SEGUNDO GRAU);UNIÃO CONSENSUAL;622;TRABALHADORES AGRÍCOLAS   	;RORAIMA;BOA VISTA;PROSTATA, SOE;C619;ADENOCARCINOMA, SOE;81403;PROSTATA;C61;;;;;false;HISTOLOGIA DO TUMOR PRIMÁRIO;LOCALIZADO;;;;;CÂNCER;17/03/2017;;23/10/2013;;
1159896;RCBP RORAIMA;MASCULINO;30/01/1930;82;BRANCO;BRASIL;Não informado;;FUNDAMENTAL I (1ª A 4ª SÉRIE);VIÚVO;622;TRABALHADORES AGRÍCOLAS   	;RORAIMA;CAROEBE;PROSTATA, SOE;C619;NEOPLASIA MALIGNA;80003;PROSTATA;C61;;;;;false;HISTOLOGIA DO TUMOR PRIMÁRIO;SEM INFORMAÇÃO;;;;;CÂNCER;26/03/2013;;02/01/2013;;
1159868;RCBP RORAIMA;MASCULINO;11/11/1958;55;PARDA;BRASIL;Não informado;;FUNDAMENTAL II (5ª A 8ª SÉRIE);CASADO;622;TRABALHADORES AGRÍCOLAS   	;RORAIMA;CARACARAÍ;GLANDULA PAROTIDA, SOE;C079;ADENOCARCINOMA, SOE;81403;GLANDULA PAROTIDA;C07;;;;;false;CITOLOGIA;METÁSTASE;;;;;CÂNCER;16/10/2014;;05/12/2013;;
1159955;RCBP RORAIMA;MASCULINO;;;SEM INFORMAÇÃO;Não informado;Não informado;Não Informado;SEM INFORMAÇÃO;SEM INFORMAÇÃO;0;SEM INFORMAÇÃO	;RORAIMA;BOA VISTA;BOCA, SOE;C069;CARCINOMA ESCAMOCELULAR, SOE;80703;BOCA, SOE;C069;;;;;false;HISTOLOGIA DO TUMOR PRIMÁRIO;SEM INFORMAÇÃO;;;;SEM INFORMAÇÃO;;;;25/03/2013;;
1159959;RCBP RORAIMA;FEMININO;;;SEM INFORMAÇÃO;Não informado;Não informado;Não Informado;SEM INFORMAÇÃO;SEM INFORMAÇÃO;0;SEM INFORMAÇÃO	;RORAIMA;BOA VISTA;PELE, SOE;C449;CARCINOMA BASOCELULAR, SOE;80903;NEOPLASIA MALIGNA DA PELE;C449;;;;;false;HISTOLOGIA DO TUMOR PRIMÁRIO;SEM INFORMAÇÃO;;;;;;;;30/01/2013;;
1160006;RCBP RORAIMA;MASCULINO;;;SEM INFORMAÇÃO;Não informado;Não informado;Não Informado;SEM INFORMAÇÃO;SEM INFORMAÇÃO;0;SEM INFORMAÇÃO	;RORAIMA;BOA VISTA;PELE DE OUTRAS PARTES DA FACE;C443;CARCINOMA BASOCELULAR, SOE;80903;PELE DE OUTRAS PARTES DA FACE;C443;;;;;false;HISTOLOGIA DO TUMOR PRIMÁRIO;SEM INFORMAÇÃO;;;;;;;;23/10/2013;;
1159981;RCBP RORAIMA;FEMININO;;52;SEM INFORMAÇÃO;Não informado;Não informado;Não Informado;SEM INFORMAÇÃO;SEM INFORMAÇÃO;0;SEM INFORMAÇÃO	;RORAIMA;BOA VISTA;ANEXOS UTERINOS;C574;CARCINOMA, SOE;80103;ANEXOS UTERINOS;C574;;;;;false;HISTOLOGIA DO TUMOR PRIMÁRIO;SEM INFORMAÇÃO;;;;;;;;25/01/2013;;
1159867;RCBP RORAIMA;MASCULINO;20/10/1936;76;PARDA;BRASIL;MARANHÃO;;SEM ESCOLARIDADE;CASADO;622;TRABALHADORES AGRÍCOLAS   	;RORAIMA;MUCAJAÍ;PELE DE OUTRAS PARTES DA FACE;C443;CARCINOMA BASOCELULAR, TIPO MORFEIA;80923;PELE DE OUTRAS PARTES DA FACE;C443;;;;;false;HISTOLOGIA DO TUMOR PRIMÁRIO;LOCALIZADO;;;;;;;;15/08/2013;;
1159874;RCBP RORAIMA;MASCULINO;30/03/1934;78;BRANCO;BRASIL;Não informado;;FUNDAMENTAL I (1ª A 4ª SÉRIE);SEM INFORMAÇÃO;622;TRABALHADORES AGRÍCOLAS   	;RORAIMA;BOA VISTA;LOCALIZACAO PRIMARIA DESCONHECIDA, SOE;C809;NEOPLASIA MALIGNA;80003;LOCALIZACAO PRIMARIA DESCONHECIDA;C80;;;;;false;HISTOLOGIA DO TUMOR PRIMÁRIO;METÁSTASE;;;;;CÂNCER;17/12/2013;;05/02/2013;;
1159061;RCBP RORAIMA;MASCULINO;16/11/1949;63;PRETA;BRASIL;MARANHÃO;VITORINO FREIRE;SEM ESCOLARIDADE;SOLTEIRO;622;TRABALHADORES AGRÍCOLAS   	;RORAIMA;BOA VISTA;ESTOMAGO, SOE;C169;NEOPLASIA MALIGNA;80003;ESTOMAGO, SOE;C169;;;;;false;HISTOLOGIA DO TUMOR PRIMÁRIO;SEM INFORMAÇÃO;;;;;CÂNCER;12/04/2013;;12/04/2013;;
1160026;RCBP RORAIMA;FEMININO;;74;SEM INFORMAÇÃO;Não informado;Não informado;Não Informado;SEM INFORMAÇÃO;SEM INFORMAÇÃO;0;SEM INFORMAÇÃO	;RORAIMA;BOA VISTA;PELE DE OUTRAS PARTES DA FACE;C443;CARCINOMA BASOCELULAR, SOE;80903;PELE DE OUTRAS PARTES DA FACE;C443;;;;;false;HISTOLOGIA DO TUMOR PRIMÁRIO;SEM INFORMAÇÃO;;;;;;;;23/10/2013;;
1159781;RCBP RORAIMA;MASCULINO;27/10/1985;27;BRANCO;BRASIL;Não informado;;MÉDIO (ANTIGO SEGUNDO GRAU);SOLTEIRO;342;TÉCNICOS EM TRANSPORTES (LOGÍSTICA)   	;RORAIMA;BOA VISTA;MEDULA OSSEA;C421;LEUCEMIA, SOE;98003;LEUCEMIA NAO ESPECIFICADA;C959;;;OUTRAS INESPECÍFICAS;1.4;false;HISTOLOGIA DO TUMOR PRIMÁRIO;NÃO SE APLICA;SEM INFORMAÇÃO;99 - SEM INFORMAÇÃO;999;MORTO;CÂNCER;23/06/2013;23/06/2013;23/06/2013;;
1159980;RCBP RORAIMA;FEMININO;24/07/1922;91;PARDA;BRASIL;RORAIMA;BOA VISTA;FUNDAMENTAL II (5ª A 8ª SÉRIE);VIÚVO;0;SEM INFORMAÇÃO	;RORAIMA;BOA VISTA;MAMA , SOE;C509;CARCINOMA DUCTAL INFILTRANTE;85003;MAMA , SOE;C509;;;;;false;HISTOLOGIA DO TUMOR PRIMÁRIO;SEM INFORMAÇÃO;;;;;CÂNCER;12/09/2015;;29/11/2013;;
1159783;RCBP RORAIMA;FEMININO;06/10/1946;66;PARDA;BRASIL;Não informado;;FUNDAMENTAL I (1ª A 4ª SÉRIE);CASADO;;;RORAIMA;BOA VISTA;LOCALIZACAO PRIMARIA DESCONHECIDA, SOE;C809;NEOPLASIA MALIGNA;80003;LOCALIZACAO PRIMARIA DESCONHECIDA;C80;;;;;false;HISTOLOGIA DA METÁSTASE;METÁSTASE;;;;;CÂNCER;23/09/2013;;01/02/2013;;
1159976;RCBP RORAIMA;FEMININO;;57;SEM INFORMAÇÃO;BRASIL;Não informado;Não Informado;SEM INFORMAÇÃO;SEM INFORMAÇÃO;0;SEM INFORMAÇÃO	;RORAIMA;BOA VISTA;COLO DO UTERO, SOE;C539;CARCINOMA ESCAMOCELULAR "IN SITU", SOE;80702;COLO DO UTERO, SOE;D069;;;;;false;HISTOLOGIA DO TUMOR PRIMÁRIO;"IN SITU";;;;;;;;01/02/2013;;
1159851;RCBP RORAIMA;FEMININO;30/01/1971;42;PARDA;BRASIL;Não informado;;MÉDIO (ANTIGO SEGUNDO GRAU);SOLTEIRO;;;RORAIMA;ALTO ALEGRE;TRATO INTESTINAL, SOE;C260;NEOPLASIA MALIGNA;80003;TRATO INTESTINAL, SOE;C260;;;;;false;HISTOLOGIA DO TUMOR PRIMÁRIO;SEM INFORMAÇÃO;;;;;CÂNCER;04/11/2013;;09/03/2013;;
1159142;RCBP RORAIMA;MASCULINO;29/12/1923;89;PARDA;BRASIL;Não informado;;FUNDAMENTAL I (1ª A 4ª SÉRIE);UNIÃO CONSENSUAL;622;TRABALHADORES AGRÍCOLAS   	;RORAIMA;NORMANDIA;LESAO SOBREPOSTA DO ESOFAGO;C158;NEOPLASIA MALIGNA;80003;LESAO INVASIVA DO ESOFAGO;C158;;;;;false;HISTOLOGIA DO TUMOR PRIMÁRIO;SEM INFORMAÇÃO;;;;;CÂNCER;04/05/2013;;01/02/2013;;
1159435;RCBP RORAIMA;MASCULINO;02/03/1964;49;PARDA;BRASIL;RORAIMA;BOA VISTA;SEM INFORMAÇÃO;SEM INFORMAÇÃO;622;TRABALHADORES AGRÍCOLAS   	;RORAIMA;BOA VISTA;FIGADO, SOE;C220;NEOPLASIA MALIGNA;80003;FIGADO E VIAS BILIARES INTRA-HEPATICAS;C22;;;;;false;HISTOLOGIA DO TUMOR PRIMÁRIO;SEM INFORMAÇÃO;;;;;CÂNCER;22/03/2014;;15/06/2013;;
1159768;RCBP RORAIMA;MASCULINO;12/12/1941;71;PARDA;BRASIL;AMAZONAS;;FUNDAMENTAL I (1ª A 4ª SÉRIE);SOLTEIRO;0;SEM INFORMAÇÃO	;RORAIMA;BOA VISTA;PELE DO TRONCO;C445;CARCINOMA BASOESCAMOSO;80943;PELE DO TRONCO;C445;;;;;false;HISTOLOGIA DO TUMOR PRIMÁRIO;LOCALIZADO;;;;;;;;16/10/2013;;
1159078;RCBP RORAIMA;FEMININO;07/11/1953;59;INDÍGENA;BRASIL;RORAIMA;PACARAIMA;FUNDAMENTAL I (1ª A 4ª SÉRIE);SEM INFORMAÇÃO;622;TRABALHADORES AGRÍCOLAS   	;RORAIMA;PACARAIMA;COLO DO UTERO, SOE;C539;CARCINOMA ESCAMOCELULAR, SOE;80703;COLO DO UTERO, SOE;C539;;;;;false;HISTOLOGIA DO TUMOR PRIMÁRIO;LOCALIZADO;;;;;CÂNCER;09/06/2013;;15/03/2013;;
560222;RCBP RORAIMA;MASCULINO;01/01/1940;73;BRANCO;BRASIL;RORAIMA;;SEM INFORMAÇÃO;CASADO;0;SEM INFORMAÇÃO	;RORAIMA;BOA VISTA;PELE DE OUTRAS PARTES DA FACE;C443;CARCINOMA, SOE;80103;PELE DE OUTRAS PARTES DA FACE;C443;;;;;false;HISTOLOGIA DO TUMOR PRIMÁRIO;SEM INFORMAÇÃO;;;;;;;;06/05/2013;;
1159143;RCBP RORAIMA;MASCULINO;07/12/2008;4;PARDA;BRASIL;RORAIMA;;SEM ESCOLARIDADE;SOLTEIRO;722;TRABALHADORES DE CONFORMAÇÃO DE METAIS E DE COMPÓSITOS	;RORAIMA;BOA VISTA;FIGADO, SOE;C220;HEPATOBLASTOMA;89703;HEPATOBLASTOMA;C222;Hepatoblastoma;VII-A;;;false;HISTOLOGIA DO TUMOR PRIMÁRIO;SEM INFORMAÇÃO;;;;;SEM INFORMAÇÃO;03/04/2014;;29/09/2013;;
1159171;RCBP RORAIMA;MASCULINO;21/04/1947;65;BRANCO;BRASIL;Não informado;;FUNDAMENTAL I (1ª A 4ª SÉRIE);CASADO;782;CONDUTORES DE VEÍCULOS E OPERADORES DE EQUIPAMENTOS DE ELEVAÇÃO E DE MOVIMENTAÇÃO DE CARGAS   	;RORAIMA;BOA VISTA;ESTOMAGO, SOE;C169;ADENOCARCINOMA, TIPO INTESTINAL;81443;ESTOMAGO, SOE;C169;;;;;false;HISTOLOGIA DO TUMOR PRIMÁRIO;SEM INFORMAÇÃO;;;;;;;;29/01/2013;;
1159177;RCBP RORAIMA;MASCULINO;25/05/1942;71;AMARELA;BRASIL;RIO GRANDE DO NORTE;;MÉDIO (ANTIGO SEGUNDO GRAU);SEPARADO JUDICIALMENTE;0;SEM INFORMAÇÃO	;RORAIMA;BOA VISTA;PROSTATA, SOE;C619;NEOPLASIA MALIGNA;80003;PROSTATA;C61;;;;;false;HISTOLOGIA DO TUMOR PRIMÁRIO;SEM INFORMAÇÃO;;;;;CÂNCER;16/08/2013;;16/08/2013;;
1159092;RCBP RORAIMA;FEMININO;20/12/1944;68;PARDA;BRASIL;RORAIMA;NORMANDIA;FUNDAMENTAL I (1ª A 4ª SÉRIE);CASADO;0;SEM INFORMAÇÃO	;RORAIMA;BOA VISTA;COLO DO UTERO, SOE;C539;SARCOMA, SOE;88003;COLO DO UTERO, SOE;C539;;;;;false;HISTOLOGIA DO TUMOR PRIMÁRIO;LOCALIZADO;;;;;CÂNCER;18/09/2014;;15/06/2013;;
1384279;RCBP RORAIMA;FEMININO;19/10/1983;29;PARDA;BRASIL;RORAIMA;;MÉDIO (ANTIGO SEGUNDO GRAU);CASADO;0;SEM INFORMAÇÃO	;RORAIMA;CAROEBE;COLO DO UTERO, SOE;C539;CARCINOMA ESCAMOCELULAR, SOE;80703;COLO DO UTERO, SOE;C539;;;CARCINOMA DE ÚTERO E CÉRVIX;8.5.4;false;HISTOLOGIA DO TUMOR PRIMÁRIO;LOCALIZADO;;;;;;;;15/03/2013;;
1391318;RCBP RORAIMA;FEMININO;10/12/1983;29;PARDA;BRASIL;ACRE;;FUNDAMENTAL I (1ª A 4ª SÉRIE);UNIÃO CONSENSUAL;0;SEM INFORMAÇÃO	;RORAIMA;BOA VISTA;LINFONODO, SOE;C779;LINFOMA MALIGNO, TIPO NAO HODGKIN, SOE;95913;LINFOMA NAO-HODGKIN, SOE;C859;;;LINFOMA NÃO-HODGKIN;2.1;false;HISTOLOGIA DO TUMOR PRIMÁRIO;NÃO SE APLICA;;;;;SEM INFORMAÇÃO;29/12/2015;;28/08/2013;;
1159076;RCBP RORAIMA;FEMININO;23/11/1927;85;BRANCO;BRASIL;PIAUÍ;;SEM ESCOLARIDADE;VIÚVO;622;TRABALHADORES AGRÍCOLAS   	;RORAIMA;BOA VISTA;RIM, SOE;C649;NEOPLASIA MALIGNA;80003;RIM;C64;;;;;false;HISTOLOGIA DO TUMOR PRIMÁRIO;LOCALIZADO;;;;;CÂNCER;20/07/2014;;22/01/2013;;
1391311;RCBP RORAIMA;FEMININO;04/01/1944;69;PARDA;BRASIL;PARÁ;;SEM INFORMAÇÃO;SEM INFORMAÇÃO;0;SEM INFORMAÇÃO	;RORAIMA;BOA VISTA;RIM, SOE;C649;CARCINOMA DE CELULAS RENAIS, SOE;83123;RIM;C64;;;;;false;HISTOLOGIA DO TUMOR PRIMÁRIO;LOCALIZADO;;;;;;;;01/11/2013;;
1391747;RCBP RORAIMA;FEMININO;29/01/1951;62;SEM INFORMAÇÃO;BRASIL;RORAIMA;BOA VISTA;SEM INFORMAÇÃO;SEM INFORMAÇÃO;;;RORAIMA;BOA VISTA;COLO DO UTERO, SOE;C539;CARCINOMA ESCAMOCELULAR, SOE;80703;COLO DO UTERO, SOE;C539;;;;;false;CITOLOGIA;LOCALIZADO;;;;;;;;08/05/2013;;
1391758;RCBP RORAIMA;FEMININO;03/11/1992;20;SEM INFORMAÇÃO;BRASIL;RORAIMA;CARACARAÍ;SEM INFORMAÇÃO;SEM INFORMAÇÃO;0;SEM INFORMAÇÃO	;RORAIMA;CARACARAÍ;COLO DO UTERO, SOE;C539;CARCINOMA "IN SITU", SOE;80102;COLO DO UTERO, SOE;D069;;;;;false;CITOLOGIA;"IN SITU";;;;;;;;29/05/2013;;
1391768;RCBP RORAIMA;FEMININO;17/04/1994;19;SEM INFORMAÇÃO;BRASIL;RORAIMA;MUCAJAÍ;SEM INFORMAÇÃO;SEM INFORMAÇÃO;0;SEM INFORMAÇÃO	;RORAIMA;AMAJARI;UTERO, SOE;C559;NEOPLASIA INTRA-EPITELIAL ESCAMOSA,GRAU IIII;80772;OUTROS ORGAOS GENITAIS FEMININOS, SOE;D073;Outros carcinomas malignos não especificados;XI-F;;;true;CITOLOGIA;"IN SITU";;;;;;;;29/05/2013;;
1391771;RCBP RORAIMA;FEMININO;10/02/1959;54;SEM INFORMAÇÃO;BRASIL;Não informado;Não Informado;SEM INFORMAÇÃO;SEM INFORMAÇÃO;0;SEM INFORMAÇÃO	;RORAIMA;BOA VISTA;QUADRANTE INFERIOR INTERNO DA MAMA;C503;CARCINOMA DUCTAL INFILTRANTE;85003;QUADRANTE INFERIOR INTERNO DA MAMA;C503;;;;;false;HISTOLOGIA DO TUMOR PRIMÁRIO;LOCALIZADO;;;;;;;;29/04/2013;;
1159926;RCBP RORAIMA;FEMININO;24/12/1951;61;BRANCO;BRASIL;Não informado;;SUPERIOR COMPLETO;CASADO;121;DIRETORES GERAIS  	;RORAIMA;BOA VISTA;LINFONODO, SOE;C779;LINFOMA MALIGNO, TIPO NAO HODGKIN, SOE;95913;LINFOMA NAO-HODGKIN, SOE;C859;;;;;false;HISTOLOGIA DO TUMOR PRIMÁRIO;NÃO SE APLICA;;;;;CÂNCER;09/12/2013;;05/03/2013;;
780239;RCBP RORAIMA;MASCULINO;17/09/1974;39;PARDA;BRASIL;RORAIMA;;MÉDIO (ANTIGO SEGUNDO GRAU);SOLTEIRO;622;TRABALHADORES AGRÍCOLAS   	;RORAIMA;BOA VISTA;ENCEFALO, SOE;C719;ASTROCITOMA, SOE;94003;ENCEFALO, SOE;C719;;;;;false;HISTOLOGIA DO TUMOR PRIMÁRIO;METÁSTASE;;;;;CÂNCER;29/01/2015;;16/10/2013;;
780268;RCBP RORAIMA;FEMININO;22/02/1958;55;PARDA;BRASIL;RORAIMA;;SUPERIOR COMPLETO;CASADO;111;MEMBROS SUPERIORES DO PODER LEGISLATIVO, EXECUTIVO E JUDICIÁRIO   	;RORAIMA;BOA VISTA;PELE, SOE;C449;CARCINOMA BASOCELULAR, SOE;80903;NEOPLASIA MALIGNA DA PELE;C449;;;;;false;HISTOLOGIA DO TUMOR PRIMÁRIO;SEM INFORMAÇÃO;;;;;;;;14/07/2013;;
713881;RCBP RORAIMA;MASCULINO;16/06/1946;67;SEM INFORMAÇÃO;BRASIL;PARÁ;;MÉDIO (ANTIGO SEGUNDO GRAU);SEM INFORMAÇÃO;0;SEM INFORMAÇÃO	;RORAIMA;BOA VISTA;BEXIGA, SOE;C679;CARCINOMA PAPILAR DE CELULAS TRANSICIONAIS;81303;BEXIGA, SOE;C679;;;;;false;HISTOLOGIA DO TUMOR PRIMÁRIO;SEM INFORMAÇÃO;;;;;;;;01/07/2013;;
1159132;RCBP RORAIMA;MASCULINO;05/05/1978;35;INDÍGENA;BRASIL;RORAIMA;;MÉDIO (ANTIGO SEGUNDO GRAU);SOLTEIRO;622;TRABALHADORES AGRÍCOLAS   	;RORAIMA;CANTÁ;LOCALIZACAO PRIMARIA DESCONHECIDA, SOE;C809;LINFOMA DE HODGKIN, SOE;96503;DOENCA DE HODGKIN, SOE;C819;;;;;false;HISTOLOGIA DO TUMOR PRIMÁRIO;NÃO SE APLICA;;;;;CÂNCER;08/08/2014;;29/07/2013;;
1159108;RCBP RORAIMA;MASCULINO;09/06/1935;77;BRANCO;BRASIL;RORAIMA;BOA VISTA;FUNDAMENTAL I (1ª A 4ª SÉRIE);VIÚVO;622;TRABALHADORES AGRÍCOLAS   	;RORAIMA;BOA VISTA;CABECA, FACE E PESCOCO, SOE;C760;NEOPLASIA MALIGNA;80003;CABECA, FACE E PESCOCO;C760;;;;;false;HISTOLOGIA DO TUMOR PRIMÁRIO;SEM INFORMAÇÃO;;;;;CÂNCER;12/06/2013;;03/02/2013;;
1159156;RCBP RORAIMA;FEMININO;04/02/1945;68;INDÍGENA;BRASIL;RORAIMA;CANTÁ;SEM INFORMAÇÃO;SEM INFORMAÇÃO;622;TRABALHADORES AGRÍCOLAS   	;RORAIMA;CANTÁ;COLO DO UTERO, SOE;C539;CARCINOMA, SOE;80103;COLO DO UTERO, SOE;C539;;;;;false;CITOLOGIA;LOCALIZADO;;;;;CÂNCER;18/11/2013;;08/05/2013;;
1159206;RCBP RORAIMA;MASCULINO;18/12/1933;80;BRANCO;BRASIL;PARÁ;BONITO;MÉDIO (ANTIGO SEGUNDO GRAU);VIÚVO;;;RORAIMA;BOA VISTA;ESTOMAGO, SOE;C169;NEOPLASIA MALIGNA;80003;ESTOMAGO, SOE;C169;;;;;false;SDO;SEM INFORMAÇÃO;SEM INFORMAÇÃO;99 - SEM INFORMAÇÃO;999;MORTO;CÂNCER;21/12/2013;;21/12/2013;;
1159166;RCBP RORAIMA;FEMININO;06/05/1981;31;BRANCO;BRASIL;MARANHÃO;SANTA LUZIA;SUPERIOR COMPLETO;CASADO;;;RORAIMA;BOA VISTA;TECIDOS MOLES DO TORAX;C493;SARCOMA  EPITELIOIDE;88043;TECIDOS MOLES DO TORAX;C493;;;;;false;HISTOLOGIA DO TUMOR PRIMÁRIO;SEM INFORMAÇÃO;;;;;CÂNCER;19/01/2014;;10/01/2013;;
784780;RCBP RORAIMA;MASCULINO;16/12/1972;40;PARDA;BRASIL;DISTRITO FEDERAL;;MÉDIO (ANTIGO SEGUNDO GRAU);SOLTEIRO;317;TÉCNICOS EM INFORMÁTICA   	;RORAIMA;BOA VISTA;RETO, SOE;C209;ADENOCARCINOMA, SOE;81403;RETO;C20;;;;;false;HISTOLOGIA DO TUMOR PRIMÁRIO;METÁSTASE;;;;;CÂNCER;22/02/2015;;28/05/2013;;
1159235;RCBP RORAIMA;FEMININO;15/02/1928;85;INDÍGENA;BRASIL;CEARÁ;;SEM ESCOLARIDADE;VIÚVO;622;TRABALHADORES AGRÍCOLAS   	;RORAIMA;BOA VISTA;MAMA , SOE;C509;NEOPLASIA MALIGNA;80003;MAMA , SOE;C509;;;;;false;HISTOLOGIA DO TUMOR PRIMÁRIO;LOCALIZADO;;;;;CÂNCER;02/04/2013;;02/04/2013;;
1159281;RCBP RORAIMA;MASCULINO;24/07/1964;48;PARDA;BRASIL;MARANHÃO;;FUNDAMENTAL II (5ª A 8ª SÉRIE);CASADO;631;PESCADORES E CAÇADORES	;RORAIMA;BOA VISTA;RETO, SOE;C209;ADENOCARCINOMA MUCINOSO;84803;RETO;C20;;;;;false;HISTOLOGIA DO TUMOR PRIMÁRIO;LOCALIZADO;;;;;CÂNCER;15/09/2013;;06/03/2013;;
1159354;RCBP RORAIMA;MASCULINO;23/10/1957;55;PARDA;BRASIL;RORAIMA;;MÉDIO (ANTIGO SEGUNDO GRAU);CASADO;842;OPERADORES NA PREPARAÇÃO DE FUMO E NA FABRICAÇÃO DE CHARUTOS E CIGARROS   	;RORAIMA;BOA VISTA;RETO, SOE;C209;ADENOCARCINOMA, SOE;81403;RETO;C20;;;;;false;HISTOLOGIA DO TUMOR PRIMÁRIO;SEM INFORMAÇÃO;;;;;CÂNCER;15/06/2014;;15/06/2013;;
1159293;RCBP RORAIMA;FEMININO;11/05/1959;53;PARDA;BRASIL;RORAIMA;;MÉDIO (ANTIGO SEGUNDO GRAU);UNIÃO CONSENSUAL;;;RORAIMA;BOA VISTA;MAMA , SOE;C509;CARCINOMA LOBULAR, SOE;85203;MAMA , SOE;C509;;;;;false;HISTOLOGIA DO TUMOR PRIMÁRIO;METÁSTASE;;;;;;;;22/02/2013;;
1159391;RCBP RORAIMA;MASCULINO;22/12/1929;83;BRANCO;BRASIL;AMAZONAS;;FUNDAMENTAL I (1ª A 4ª SÉRIE);VIÚVO;0;SEM INFORMAÇÃO	;RORAIMA;BOA VISTA;RIM, SOE;C649;CARCINOMA DE CELULAS RENAIS, CROMOFOBO;83173;RIM;C64;;;;;false;HISTOLOGIA DO TUMOR PRIMÁRIO;LOCALIZADO;;;;;;;;04/11/2013;;
1159947;RCBP RORAIMA;FEMININO;08/05/1949;64;PARDA;BRASIL;MINAS GERAIS;;SEM ESCOLARIDADE;VIÚVO;0;SEM INFORMAÇÃO	;RORAIMA;BOA VISTA;PELE DE OUTRAS PARTES DA FACE;C443;CARCINOMA BASOCELULAR NODULAR;80973;PELE DE OUTRAS PARTES DA FACE;C443;;;;;false;HISTOLOGIA DO TUMOR PRIMÁRIO;LOCALIZADO;;;;;;;;17/05/2013;;
1159888;RCBP RORAIMA;MASCULINO;15/04/2004;8;INDÍGENA;BRASIL;Não informado;;FUNDAMENTAL I (1ª A 4ª SÉRIE);SOLTEIRO;;;RORAIMA;UIRAMUTÃ;MEDULA OSSEA;C421;LEUCEMIA, SOE;98003;LEUCEMIA NAO ESPECIFICADA;C959;Leucemias especificadas e outras não especificadas;I-E;;;false;CLÍNICO;NÃO SE APLICA;;;;;CÂNCER;15/10/2013;;09/04/2013;;
1698901;RCBP RORAIMA;FEMININO;01/10/1982;31;PARDA;BRASIL;Não informado;Não Informado;MÉDIO (ANTIGO SEGUNDO GRAU);SEM INFORMAÇÃO;0;SEM INFORMAÇÃO	;RORAIMA;BOA VISTA;COLO DO UTERO, SOE;C539;NEOPLASIA INTRA-EPITELIAL ESCAMOSA,GRAU IIII;80772;COLO DO UTERO, SOE;D069;;;;;false;CITOLOGIA;"IN SITU";;;;;;;;09/04/2014;;
1698918;RCBP RORAIMA;FEMININO;23/09/1966;48;PARDA;BRASIL;Não informado;Não Informado;MÉDIO (ANTIGO SEGUNDO GRAU);SEM INFORMAÇÃO;;;RORAIMA;BOA VISTA;COLO DO UTERO, SOE;C539;NEOPLASIA INTRA-EPITELIAL ESCAMOSA,GRAU IIII;80772;COLO DO UTERO, SOE;D069;;;;;false;CITOLOGIA;"IN SITU";;;;;;;;03/10/2014;;
1698922;RCBP RORAIMA;FEMININO;13/09/1955;58;PARDA;BRASIL;Não informado;Não Informado;SEM INFORMAÇÃO;SEM INFORMAÇÃO;0;SEM INFORMAÇÃO	;RORAIMA;BOA VISTA;ENDOMETRIO;C541;ADENOCARCINOMA, SOE;81403;ENDOMETRIO;C541;;;;;false;HISTOLOGIA DO TUMOR PRIMÁRIO;LOCALIZADO;;;;;;;;24/07/2014;;
1159814;RCBP RORAIMA;FEMININO;05/03/1990;24;PARDA;BRASIL;Não informado;Não Informado;SEM INFORMAÇÃO;SEM INFORMAÇÃO;0;SEM INFORMAÇÃO	;RORAIMA;BOA VISTA;COLO DO UTERO, SOE;C539;NEOPLASIA INTRA-EPITELIAL ESCAMOSA,GRAU IIII;80772;COLO DO UTERO, SOE;D069;;;;;false;CITOLOGIA;"IN SITU";;;;;;;;29/10/2014;;
1695682;RCBP RORAIMA;MASCULINO;06/11/1954;59;PARDA;BRASIL;RORAIMA;;MÉDIO (ANTIGO SEGUNDO GRAU);CASADO;722;TRABALHADORES DE CONFORMAÇÃO DE METAIS E DE COMPÓSITOS	;RORAIMA;BOA VISTA;MEDULA OSSEA;C421;SINDROME MIELODISPLASICA, SOE;99893;SINDROME MIELODISPLASICA, NAO ESPECIFICADA;D469;;;;;false;HISTOLOGIA DO TUMOR PRIMÁRIO;NÃO SE APLICA;;;;;CÂNCER;26/02/2015;;18/07/2014;;
1695698;RCBP RORAIMA;MASCULINO;07/01/2002;12;SEM INFORMAÇÃO;BRASIL;RORAIMA;;FUNDAMENTAL I (1ª A 4ª SÉRIE);SEM INFORMAÇÃO;0;SEM INFORMAÇÃO	;RORAIMA;BOA VISTA;MEDULA OSSEA;C421;LEUCEMIA LINFOBLASTICA DE CELULAS PRECURSORAS,SOE;98353;LEUCEMIA LINFOBLASTICA AGUDA;C910;Leucemias linfóides;I-A;;;false;HISTOLOGIA DO TUMOR PRIMÁRIO;NÃO SE APLICA;;;;;CÂNCER;14/07/2017;;11/09/2014;;
1695711;RCBP RORAIMA;FEMININO;18/01/1994;20;PARDA;BRASIL;Não informado;Não Informado;MÉDIO (ANTIGO SEGUNDO GRAU);SEM INFORMAÇÃO;0;SEM INFORMAÇÃO	;RORAIMA;BOA VISTA;COLO DO UTERO, SOE;C539;NEOPLASIA INTRA-EPITELIAL ESCAMOSA,GRAU IIII;80772;COLO DO UTERO, SOE;D069;;;;;false;CITOLOGIA;"IN SITU";;;;;;;;03/12/2014;;
1695714;RCBP RORAIMA;MASCULINO;02/02/1950;64;INDÍGENA;BRASIL;RORAIMA;;SEM INFORMAÇÃO;SEM INFORMAÇÃO;0;SEM INFORMAÇÃO	;RORAIMA;BOA VISTA;PULMAO, SOE;C349;ADENOCARCINOMA BRONQUIOLO-ALVEOLAR, SOE;82503;BRONQUIOS OU PULMOES, SOE;C349;;;;;false;HISTOLOGIA DO TUMOR PRIMÁRIO;LOCALIZADO;;;;;CÂNCER;04/03/2015;;07/03/2014;;
1695717;RCBP RORAIMA;MASCULINO;16/03/1931;83;BRANCO;BRASIL;RORAIMA;;FUNDAMENTAL I (1ª A 4ª SÉRIE);CASADO;0;SEM INFORMAÇÃO	;RORAIMA;BOA VISTA;PELE DE OUTRAS PARTES DA FACE;C443;CARCINOMA BASOCELULAR, SOE;80903;PELE DE OUTRAS PARTES DA FACE;C443;;;;;false;HISTOLOGIA DO TUMOR PRIMÁRIO;LOCALIZADO;;;;;;;;04/04/2014;;
1695738;RCBP RORAIMA;MASCULINO;01/06/1955;58;PARDA;BRASIL;BAHIA;;FUNDAMENTAL II (5ª A 8ª SÉRIE);UNIÃO CONSENSUAL;0;SEM INFORMAÇÃO	;RORAIMA;BOA VISTA;VIAS BILIARES INTRA-HEPATICAS;C221;NEOPLASIA MALIGNA;80003;FIGADO E VIAS BILIARES INTRA-HEPATICAS;C22;;;;;false;MARCADORES TUMORAIS;SEM INFORMAÇÃO;;;;;;;;23/05/2014;;
1695755;RCBP RORAIMA;MASCULINO;15/09/1940;74;PARDA;BRASIL;MARANHÃO;MONÇÃO;SEM ESCOLARIDADE;CASADO;622;TRABALHADORES AGRÍCOLAS   	;RORAIMA;BOA VISTA;PROSTATA, SOE;C619;ADENOCARCINOMA, SOE;81403;PROSTATA;C61;;;;;false;HISTOLOGIA DO TUMOR PRIMÁRIO;LOCALIZADO;;;;;CÂNCER;17/08/2017;;17/09/2014;;
1695927;RCBP RORAIMA;FEMININO;12/10/1971;42;SEM INFORMAÇÃO;BRASIL;RORAIMA;;SEM INFORMAÇÃO;SOLTEIRO;0;SEM INFORMAÇÃO	;RORAIMA;BOA VISTA;MAMA , SOE;C509;CARCINOMA DUCTAL INFILTRANTE;85003;MAMA , SOE;C509;;;;;false;HISTOLOGIA DO TUMOR PRIMÁRIO;SEM INFORMAÇÃO;;;;;;;;16/09/2014;;
1695933;RCBP RORAIMA;FEMININO;12/07/1979;34;PARDA;BRASIL;RORAIMA;BOA VISTA;SUPERIOR COMPLETO;CASADO;204;PROFISSIONAIS DE INVESTIGAÇÃO CRIMINAL	;RORAIMA;BOA VISTA;ESTOMAGO, SOE;C169;ADENOCARCINOMA, SOE;81403;ESTOMAGO, SOE;C169;;;;;false;HISTOLOGIA DO TUMOR PRIMÁRIO;METÁSTASE;;;;;CÂNCER;09/06/2015;;09/06/2014;;
1696047;RCBP RORAIMA;FEMININO;18/01/1978;36;BRANCO;BRASIL;Não informado;Não Informado;MÉDIO (ANTIGO SEGUNDO GRAU);SEM INFORMAÇÃO;0;SEM INFORMAÇÃO	;RORAIMA;BOA VISTA;COLO DO UTERO, SOE;C539;NEOPLASIA INTRA-EPITELIAL ESCAMOSA,GRAU IIII;80772;COLO DO UTERO, SOE;D069;;;;;false;CITOLOGIA;"IN SITU";;;;;;;;14/02/2014;;
1696049;RCBP RORAIMA;FEMININO;25/07/1977;37;SEM INFORMAÇÃO;BRASIL;Não informado;Não Informado;FUNDAMENTAL I (1ª A 4ª SÉRIE);SEM INFORMAÇÃO;0;SEM INFORMAÇÃO	;RORAIMA;BOA VISTA;COLO DO UTERO, SOE;C539;NEOPLASIA INTRA-EPITELIAL ESCAMOSA,GRAU IIII;80772;COLO DO UTERO, SOE;D069;;;;;false;CITOLOGIA;"IN SITU";;;;;;;;12/08/2014;;
1696055;RCBP RORAIMA;FEMININO;20/10/1998;15;PARDA;BRASIL;Não informado;Não Informado;MÉDIO (ANTIGO SEGUNDO GRAU);SEM INFORMAÇÃO;0;SEM INFORMAÇÃO	;RORAIMA;BOA VISTA;COLO DO UTERO, SOE;C539;NEOPLASIA INTRA-EPITELIAL ESCAMOSA,GRAU IIII;80772;COLO DO UTERO, SOE;D069;Outros carcinomas malignos não especificados;XI-F;;;true;CITOLOGIA;"IN SITU";;;;;;;;24/02/2014;;
1696065;RCBP RORAIMA;FEMININO;13/07/1951;63;BRANCO;BRASIL;Não informado;Não Informado;MÉDIO (ANTIGO SEGUNDO GRAU);SEM INFORMAÇÃO;0;SEM INFORMAÇÃO	;RORAIMA;BOA VISTA;COLO DO UTERO, SOE;C539;NEOPLASIA INTRA-EPITELIAL ESCAMOSA,GRAU IIII;80772;COLO DO UTERO, SOE;D069;;;;;false;CITOLOGIA;"IN SITU";;;;;;;;08/08/2014;;
1696068;RCBP RORAIMA;FEMININO;21/09/2009;4;INDÍGENA;BRASIL;RORAIMA;UIRAMUTÃ;SEM ESCOLARIDADE;SOLTEIRO;0;SEM INFORMAÇÃO	;RORAIMA;UIRAMUTÃ;MEDULA OSSEA;C421;LEUCEMIA LINFOBLASTICA DE CEL. PRECURSORAS TIPO B;98363;LEUCEMIA LINFOBLASTICA AGUDA;C910;Leucemias linfóides;I-A;;;false;HISTOLOGIA DO TUMOR PRIMÁRIO;NÃO SE APLICA;;;;;;;;27/03/2014;;
1696071;RCBP RORAIMA;FEMININO;30/06/1966;48;PARDA;BRASIL;Não informado;Não Informado;FUNDAMENTAL I (1ª A 4ª SÉRIE);SEM INFORMAÇÃO;0;SEM INFORMAÇÃO	;RORAIMA;BOA VISTA;COLO DO UTERO, SOE;C539;NEOPLASIA INTRA-EPITELIAL ESCAMOSA,GRAU IIII;80772;COLO DO UTERO, SOE;D069;;;;;false;CITOLOGIA;"IN SITU";;;;;;;;15/12/2014;;
1696091;RCBP RORAIMA;FEMININO;18/10/1979;34;BRANCO;BRASIL;SÃO PAULO;;MÉDIO (ANTIGO SEGUNDO GRAU);SOLTEIRO;0;SEM INFORMAÇÃO	;RORAIMA;BOA VISTA;PELE DO MEMBRO SUPERIOR E DO OMBRO;C446;CARCINOMA BASOCELULAR, SOE;80903;PELE DO MEMBRO SUPERIOR E DO OMBRO;C446;;;;;false;HISTOLOGIA DO TUMOR PRIMÁRIO;SEM INFORMAÇÃO;;;;;;;;21/05/2014;;
1696092;RCBP RORAIMA;MASCULINO;23/11/1986;27;SEM INFORMAÇÃO;BRASIL;RORAIMA;;MÉDIO (ANTIGO SEGUNDO GRAU);SEM INFORMAÇÃO;0;SEM INFORMAÇÃO	;RORAIMA;CANTÁ;ENCEFALO, SOE;C719;GLIOMA MISTO;93823;ENCEFALO, SOE;C719;;;OUTROS GLIOMAS;3.2;false;HISTOLOGIA DO TUMOR PRIMÁRIO;LOCALIZADO;;;;;;;;28/07/2014;;
1696100;RCBP RORAIMA;FEMININO;21/11/1996;17;PARDA;BRASIL;Não informado;Não Informado;FUNDAMENTAL I (1ª A 4ª SÉRIE);SEM INFORMAÇÃO;0;SEM INFORMAÇÃO	;RORAIMA;BOA VISTA;COLO DO UTERO, SOE;C539;NEOPLASIA INTRA-EPITELIAL ESCAMOSA,GRAU IIII;80772;COLO DO UTERO, SOE;D069;Outros carcinomas malignos não especificados;XI-F;;;true;CITOLOGIA;"IN SITU";;;;;;;;01/04/2014;;
1696128;RCBP RORAIMA;FEMININO;24/02/1954;59;PARDA;BRASIL;RORAIMA;;FUNDAMENTAL I (1ª A 4ª SÉRIE);SOLTEIRO;622;TRABALHADORES AGRÍCOLAS   	;RORAIMA;BOA VISTA;PELE DO MEMBRO INFERIOR E DO QUADRIL;C447;MELANOMA LENTIGINOSO MALIGNO DAS EXTREMIDADES;87443;MELANOMA MALIGNO DO MEMBRO INFERIOR E QUADRIL;C437;;;;;false;HISTOLOGIA DO TUMOR PRIMÁRIO;LOCALIZADO;;;;;;;;02/01/2014;;
1696149;RCBP RORAIMA;FEMININO;04/04/1948;66;PARDA;BRASIL;RORAIMA;;FUNDAMENTAL I (1ª A 4ª SÉRIE);SOLTEIRO;514;TRABALHADORES NOS SERVIÇOS DE ADMINISTRAÇÃO, CONSERVAÇÃO E MANUTENÇÃO DE EDIFÍCIOS E LOGRADOUROS  	;RORAIMA;BOA VISTA;COLO DO UTERO, SOE;C539;CARCINOMA ESCAMOCELULAR, SOE;80703;COLO DO UTERO, SOE;C539;;;;;false;HISTOLOGIA DO TUMOR PRIMÁRIO;LOCALIZADO;;;;;;;;04/06/2014;;
1696150;RCBP RORAIMA;FEMININO;16/10/1944;69;PARDA;BRASIL;MARANHÃO;;FUNDAMENTAL II (5ª A 8ª SÉRIE);SEPARADO JUDICIALMENTE;0;SEM INFORMAÇÃO	;RORAIMA;BOA VISTA;COLON TRANSVERSO;C184;ADENOCARCINOMA, SOE;81403;COLON TRANSVERSO;C184;;;;;false;HISTOLOGIA DO TUMOR PRIMÁRIO;LOCALIZADO;;;;;;;;15/02/2014;;
1696152;RCBP RORAIMA;FEMININO;01/04/1970;43;BRANCO;BRASIL;MARANHÃO;;FUNDAMENTAL I (1ª A 4ª SÉRIE);SOLTEIRO;0;SEM INFORMAÇÃO	;RORAIMA;BOA VISTA;PELE, SOE;C449;CARCINOMA, SOE;80103;NEOPLASIA MALIGNA DA PELE;C449;;;;;false;HISTOLOGIA DO TUMOR PRIMÁRIO;SEM INFORMAÇÃO;;;;;;;;15/01/2014;;
1696154;RCBP RORAIMA;FEMININO;01/04/1974;40;SEM INFORMAÇÃO;BRASIL;TOCANTINS;;FUNDAMENTAL I (1ª A 4ª SÉRIE);SEM INFORMAÇÃO;0;SEM INFORMAÇÃO	;RORAIMA;SÃO JOÃO DA BALIZA;MEDULA OSSEA;C421;MIELOMA MULTIPLO;97323;MIELOMA MULTIPLO;C900;;;;;false;HISTOLOGIA DO TUMOR PRIMÁRIO;NÃO SE APLICA;;;;;;;;02/07/2014;;
1696160;RCBP RORAIMA;FEMININO;26/09/1973;40;PARDA;BRASIL;Não informado;Não Informado;FUNDAMENTAL II (5ª A 8ª SÉRIE);SEM INFORMAÇÃO;0;SEM INFORMAÇÃO	;RORAIMA;BOA VISTA;COLO DO UTERO, SOE;C539;NEOPLASIA INTRA-EPITELIAL ESCAMOSA,GRAU IIII;80772;COLO DO UTERO, SOE;D069;;;;;false;CITOLOGIA;"IN SITU";;;;;;;;10/01/2014;;
1696170;RCBP RORAIMA;FEMININO;12/03/1934;80;INDÍGENA;BRASIL;RORAIMA;NORMANDIA;FUNDAMENTAL I (1ª A 4ª SÉRIE);VIÚVO;622;TRABALHADORES AGRÍCOLAS   	;RORAIMA;NORMANDIA;PANCREAS, SOE;C259;NEOPLASIA MALIGNA;80003;PANCREAS, SOE;C259;;;;;false;HISTOLOGIA DO TUMOR PRIMÁRIO;SEM INFORMAÇÃO;;;;;CÂNCER;24/03/2015;;15/06/2014;;
1696205;RCBP RORAIMA;FEMININO;24/11/1965;48;PRETA;BRASIL;RORAIMA;;FUNDAMENTAL I (1ª A 4ª SÉRIE);UNIÃO CONSENSUAL;0;SEM INFORMAÇÃO	;RORAIMA;BOA VISTA;MAMA , SOE;C509;CARCINOMA DUCTAL INFILTRANTE;85003;MAMA , SOE;C509;;;;;false;HISTOLOGIA DO TUMOR PRIMÁRIO;LOCALIZADO;;;;;;;;19/03/2014;;
1696208;RCBP RORAIMA;FEMININO;27/08/1981;33;PARDA;BRASIL;Não informado;Não Informado;MÉDIO (ANTIGO SEGUNDO GRAU);SEM INFORMAÇÃO;0;SEM INFORMAÇÃO	;RORAIMA;BOA VISTA;COLO DO UTERO, SOE;C539;NEOPLASIA INTRA-EPITELIAL ESCAMOSA,GRAU IIII;80772;COLO DO UTERO, SOE;D069;;;;;false;CITOLOGIA;"IN SITU";;;;;;;;17/11/2014;;
780231;RCBP RORAIMA;MASCULINO;21/03/1932;82;BRANCO;BRASIL;CEARÁ;FORTALEZA;FUNDAMENTAL I (1ª A 4ª SÉRIE);CASADO;622;TRABALHADORES AGRÍCOLAS   	;RORAIMA;BOA VISTA;PELE DE OUTRAS PARTES DA FACE;C443;CARCINOMA BASOCELULAR, SOE;80903;PELE DE OUTRAS PARTES DA FACE;C443;;;;;false;HISTOLOGIA DO TUMOR PRIMÁRIO;LOCALIZADO;;;;;;;;25/07/2014;;
1695932;RCBP RORAIMA;FEMININO;22/03/2002;12;BRANCO;BRASIL;RORAIMA;;SEM INFORMAÇÃO;SOLTEIRO;0;SEM INFORMAÇÃO	;RORAIMA;BOA VISTA;COSTELA, ESTERNO, CLAVICULA E ARTICUL. ASSOCIADAS;C413;SARCOMA DE EWING;92603;COSTELA, ESTERNO E CLAVICULA;C413;Sarcoma de Ewing;VIII-C;;;false;HISTOLOGIA DO TUMOR PRIMÁRIO;SEM INFORMAÇÃO;;;;;CÂNCER;23/11/2015;;22/08/2014;;
1696275;RCBP RORAIMA;MASCULINO;16/12/1959;54;PARDA;BRASIL;MARANHÃO;PIO XII;SEM INFORMAÇÃO;SEM INFORMAÇÃO;0;SEM INFORMAÇÃO	;RORAIMA;BOA VISTA;PELE DO TRONCO;C445;CARCINOMA BASOCELULAR, SOE;80903;PELE DO TRONCO;C445;;;;;false;HISTOLOGIA DO TUMOR PRIMÁRIO;SEM INFORMAÇÃO;;;;;;;;17/10/2014;;
1696246;RCBP RORAIMA;FEMININO;11/04/1951;63;PRETA;BRASIL;PIAUÍ;;FUNDAMENTAL I (1ª A 4ª SÉRIE);SOLTEIRO;0;SEM INFORMAÇÃO	;RORAIMA;ALTO ALEGRE;ESOFAGO, SOE;C159;CARCINOMA ESCAMOCELULAR, SOE;80703;ESOFAGO, SOE;C159;;;;;false;HISTOLOGIA DO TUMOR PRIMÁRIO;LOCALIZADO;;;;;CÂNCER;16/09/2015;;14/08/2014;;
1696249;RCBP RORAIMA;FEMININO;28/01/1970;44;BRANCO;BRASIL;AMAZONAS;MANAUS;SUPERIOR INCOMPLETO;CASADO;0;SEM INFORMAÇÃO	;RORAIMA;BOA VISTA;MAMA , SOE;C509;CARCINOMA DUCTAL INFILTRANTE;85003;MAMA , SOE;C509;;;;;false;HISTOLOGIA DO TUMOR PRIMÁRIO;LOCALIZADO;;;;;;;;11/07/2014;;
1696267;RCBP RORAIMA;MASCULINO;22/09/1935;78;PARDA;BRASIL;Não informado;Não Informado;SEM INFORMAÇÃO;VIÚVO;0;SEM INFORMAÇÃO	;RORAIMA;BOA VISTA;PROSTATA, SOE;C619;ADENOCARCINOMA, SOE;81403;PROSTATA;C61;;;;;false;HISTOLOGIA DO TUMOR PRIMÁRIO;SEM INFORMAÇÃO;;;;;CÂNCER;18/02/2015;;10/03/2014;;
1696280;RCBP RORAIMA;FEMININO;29/01/1989;25;BRANCO;BRASIL;Não informado;Não Informado;MÉDIO (ANTIGO SEGUNDO GRAU);SEM INFORMAÇÃO;0;SEM INFORMAÇÃO	;RORAIMA;BOA VISTA;COLO DO UTERO, SOE;C539;NEOPLASIA INTRA-EPITELIAL ESCAMOSA,GRAU IIII;80772;COLO DO UTERO, SOE;D069;;;;;false;CITOLOGIA;"IN SITU";;;;;;;;15/12/2014;;
1696281;RCBP RORAIMA;FEMININO;24/07/1985;28;PARDA;BRASIL;Não informado;Não Informado;SEM INFORMAÇÃO;SEM INFORMAÇÃO;0;SEM INFORMAÇÃO	;RORAIMA;BOA VISTA;COLO DO UTERO, SOE;C539;NEOPLASIA INTRA-EPITELIAL ESCAMOSA,GRAU IIII;80772;COLO DO UTERO, SOE;D069;;;;;false;CITOLOGIA;"IN SITU";;;;;;;;27/06/2014;;
1696242;RCBP RORAIMA;FEMININO;10/05/1981;33;PARDA;BRASIL;MARANHÃO;BACABAL;MÉDIO (ANTIGO SEGUNDO GRAU);SOLTEIRO;0;SEM INFORMAÇÃO	;RORAIMA;BOA VISTA;CABECA, FACE E PESCOCO, SOE;C760;NEOPLASIA MALIGNA;80003;CABECA, FACE E PESCOCO;C760;;;;;false;HISTOLOGIA DO TUMOR PRIMÁRIO;LOCALIZADO;;;;;;;;15/10/2014;;
1696258;RCBP RORAIMA;MASCULINO;28/10/1934;79;PARDA;BRASIL;RORAIMA;BOA VISTA;SEM INFORMAÇÃO;SEM INFORMAÇÃO;0;SEM INFORMAÇÃO	;RORAIMA;BOA VISTA;PROSTATA, SOE;C619;ADENOCARCINOMA, SOE;81403;PROSTATA;C61;;;;;false;HISTOLOGIA DO TUMOR PRIMÁRIO;SEM INFORMAÇÃO;;;;;;;;16/04/2014;;
1696292;RCBP RORAIMA;FEMININO;29/06/1955;59;PARDA;BRASIL;Não informado;Não Informado;FUNDAMENTAL I (1ª A 4ª SÉRIE);SEM INFORMAÇÃO;0;SEM INFORMAÇÃO	;RORAIMA;BOA VISTA;COLO DO UTERO, SOE;C539;NEOPLASIA INTRA-EPITELIAL ESCAMOSA,GRAU IIII;80772;COLO DO UTERO, SOE;D069;;;;;false;CITOLOGIA;"IN SITU";;;;;;;;21/11/2014;;
1696305;RCBP RORAIMA;MASCULINO;20/12/1944;69;PRETA;BRASIL;PARÁ;ITAITUBA;FUNDAMENTAL I (1ª A 4ª SÉRIE);CASADO;0;SEM INFORMAÇÃO	;RORAIMA;BOA VISTA;LESAO SOBREPOSTA DO ESTOMAGO;C168;NEOPLASIA MALIGNA;80003;LESAO INVASIVA DO ESTOMAGO;C168;;;;;false;HISTOLOGIA DO TUMOR PRIMÁRIO;METÁSTASE;SEM INFORMAÇÃO;99 - SEM INFORMAÇÃO;999;MORTO;CÂNCER;03/01/2014;03/01/2014;01/01/2014;;
1696306;RCBP RORAIMA;FEMININO;03/03/1981;33;BRANCO;BRASIL;Não informado;Não Informado;MÉDIO (ANTIGO SEGUNDO GRAU);SEM INFORMAÇÃO;0;SEM INFORMAÇÃO	;RORAIMA;BOA VISTA;COLO DO UTERO, SOE;C539;NEOPLASIA INTRA-EPITELIAL ESCAMOSA,GRAU IIII;80772;COLO DO UTERO, SOE;D069;;;;;false;CITOLOGIA;"IN SITU";;;;;;;;15/04/2014;;
1696311;RCBP RORAIMA;FEMININO;01/01/1974;40;INDÍGENA;BRASIL;AMAZONAS;;SEM INFORMAÇÃO;SEM INFORMAÇÃO;0;SEM INFORMAÇÃO	;RORAIMA;BOA VISTA;COLO DO UTERO, SOE;C539;CARCINOMA ESCAMOCELULAR, SOE;80703;COLO DO UTERO, SOE;C539;;;;;false;HISTOLOGIA DO TUMOR PRIMÁRIO;LOCALIZADO;;;;;;;;10/04/2014;;
1696315;RCBP RORAIMA;FEMININO;01/07/1980;33;PARDA;BRASIL;Não informado;Não Informado;SEM INFORMAÇÃO;SEM INFORMAÇÃO;0;SEM INFORMAÇÃO	;RORAIMA;BOA VISTA;COLO DO UTERO, SOE;C539;NEOPLASIA INTRA-EPITELIAL ESCAMOSA,GRAU IIII;80772;COLO DO UTERO, SOE;D069;;;;;false;CITOLOGIA;"IN SITU";;;;;;;;27/06/2014;;
1696328;RCBP RORAIMA;FEMININO;23/12/1923;90;BRANCO;BRASIL;PIAUÍ;;SEM ESCOLARIDADE;VIÚVO;0;SEM INFORMAÇÃO	;RORAIMA;BOA VISTA;PELE, SOE;C449;CARCINOMA BASOCELULAR, SOE;80903;NEOPLASIA MALIGNA DA PELE;C449;;;;;false;HISTOLOGIA DO TUMOR PRIMÁRIO;LOCALIZADO;;;;;;;;15/09/2014;;
1696339;RCBP RORAIMA;FEMININO;20/02/1955;59;INDÍGENA;BRASIL;RORAIMA;;FUNDAMENTAL I (1ª A 4ª SÉRIE);VIÚVO;0;SEM INFORMAÇÃO	;RORAIMA;NORMANDIA;PELE DE OUTRAS PARTES DA FACE;C443;CARCINOMA BASOCELULAR, SOE;80903;PELE DE OUTRAS PARTES DA FACE;C443;;;;;false;HISTOLOGIA DO TUMOR PRIMÁRIO;LOCALIZADO;;;;;;;;15/09/2014;;
1696392;RCBP RORAIMA;MASCULINO;30/12/1962;51;BRANCO;BRASIL;CEARÁ;;SEM ESCOLARIDADE;UNIÃO CONSENSUAL;0;SEM INFORMAÇÃO	;RORAIMA;BOA VISTA;PELE DE OUTRAS PARTES DA FACE;C443;CARCINOMA BASOCELULAR, SOE;80903;PELE DE OUTRAS PARTES DA FACE;C443;;;;;false;HISTOLOGIA DO TUMOR PRIMÁRIO;LOCALIZADO;;;;;;;;17/09/2014;;
1696348;RCBP RORAIMA;FEMININO;17/11/1969;44;PARDA;BRASIL;MARANHÃO;;SUPERIOR COMPLETO;SEPARADO JUDICIALMENTE;0;SEM INFORMAÇÃO	;RORAIMA;BOA VISTA;TIREOIDE, SOE;C739;ADENOCARCINOMA PAPILAR, SOE;82603;GLANDULA TIREOIDE;C73;;;;;false;HISTOLOGIA DO TUMOR PRIMÁRIO;LOCALIZADO;;;;;;;;15/08/2014;;
1696350;RCBP RORAIMA;MASCULINO;17/06/1966;48;PARDA;BRASIL;CEARÁ;TRAIRI;FUNDAMENTAL I (1ª A 4ª SÉRIE);CASADO;622;TRABALHADORES AGRÍCOLAS   	;RORAIMA;BOA VISTA;TRATO INTESTINAL, SOE;C260;ADENOCARCINOMA, SOE;81403;TRATO INTESTINAL, SOE;C260;;;;;false;HISTOLOGIA DO TUMOR PRIMÁRIO;LOCALIZADO;;;;;CÂNCER;21/05/2015;;30/09/2014;;
1696366;RCBP RORAIMA;MASCULINO;24/06/1933;80;PARDA;BRASIL;RORAIMA;;SEM ESCOLARIDADE;CASADO;622;TRABALHADORES AGRÍCOLAS   	;RORAIMA;BOA VISTA;PELE DE OUTRAS PARTES DA FACE;C443;CARCINOMA BASOCELULAR, SOE;80903;PELE DE OUTRAS PARTES DA FACE;C443;;;;;false;HISTOLOGIA DO TUMOR PRIMÁRIO;LOCALIZADO;;;;;;;;10/03/2014;;
1696376;RCBP RORAIMA;MASCULINO;09/09/1945;68;BRANCO;BRASIL;GOIAS;;SEM ESCOLARIDADE;CASADO;622;TRABALHADORES AGRÍCOLAS   	;RORAIMA;BOA VISTA;PROSTATA, SOE;C619;ADENOCARCINOMA, SOE;81403;PROSTATA;C61;;;;;false;HISTOLOGIA DO TUMOR PRIMÁRIO;SEM INFORMAÇÃO;;;;;;;;15/04/2014;;
1696250;RCBP RORAIMA;FEMININO;21/11/1949;64;BRANCO;BRASIL;PARAÍBA;SOUSA;SEM ESCOLARIDADE;VIÚVO;0;SEM INFORMAÇÃO	;RORAIMA;BOA VISTA;PELE DO LABIO, SOE;C440;CARCINOMA ESCAMOCELULAR, SOE;80703;PELE DO LABIO;C440;;;;;false;HISTOLOGIA DO TUMOR PRIMÁRIO;SEM INFORMAÇÃO;;;;;;;;23/01/2014;;
1696250;RCBP RORAIMA;FEMININO;21/11/1949;65;BRANCO;BRASIL;PARAÍBA;SOUSA;SEM ESCOLARIDADE;VIÚVO;0;SEM INFORMAÇÃO	;RORAIMA;BOA VISTA;PELE DO LABIO, SOE;C440;CARCINOMA, SOE;80103;PELE DO LABIO;C440;;;;;false;HISTOLOGIA DO TUMOR PRIMÁRIO;SEM INFORMAÇÃO;;;;;;;;31/12/2014;;
1696255;RCBP RORAIMA;MASCULINO;29/03/1947;66;PARDA;BRASIL;PARÁ;;FUNDAMENTAL I (1ª A 4ª SÉRIE);CASADO;715;TRABALHADORES DA CONSTRUÇÃO CIVIL E OBRAS PÚBLICAS	;RORAIMA;BOA VISTA;PULMAO, SOE;C349;CARCINOMA NEUROENDOCRINO, SOE;82463;BRONQUIOS OU PULMOES, SOE;C349;;;;;false;HISTOLOGIA DO TUMOR PRIMÁRIO;METÁSTASE;;;;;CÂNCER;20/02/2015;;18/02/2014;;
1696252;RCBP RORAIMA;FEMININO;10/11/1942;71;BRANCO;BRASIL;MARANHÃO;;FUNDAMENTAL II (5ª A 8ª SÉRIE);SEPARADO JUDICIALMENTE;0;SEM INFORMAÇÃO	;RORAIMA;BOA VISTA;PELE DO TRONCO;C445;CARCINOMA BASOCELULAR, SOE;80903;PELE DO TRONCO;C445;;;;;false;HISTOLOGIA DO TUMOR PRIMÁRIO;LOCALIZADO;;;;;;;;23/07/2014;;
1696252;RCBP RORAIMA;FEMININO;10/11/1942;71;BRANCO;BRASIL;MARANHÃO;;FUNDAMENTAL II (5ª A 8ª SÉRIE);SEPARADO JUDICIALMENTE;0;SEM INFORMAÇÃO	;RORAIMA;BOA VISTA;PELE DO TRONCO;C445;CARCINOMA ESCAMOCELULAR, SOE;80703;PELE DO TRONCO;C445;;;;;false;HISTOLOGIA DO TUMOR PRIMÁRIO;SEM INFORMAÇÃO;;;;;;;;01/10/2014;;
1696248;RCBP RORAIMA;FEMININO;04/12/1973;40;PARDA;BRASIL;MARANHÃO;;MÉDIO (ANTIGO SEGUNDO GRAU);UNIÃO CONSENSUAL;0;SEM INFORMAÇÃO	;RORAIMA;BOA VISTA;MAMA , SOE;C509;CARCINOMA DUCTAL INFILTRANTE;85003;MAMA , SOE;C509;;;;;false;HISTOLOGIA DO TUMOR PRIMÁRIO;METÁSTASE;;;;;;;;15/04/2014;;
558202;RCBP RORAIMA;MASCULINO;20/09/1947;67;BRANCO;BRASIL;PIAUÍ;;FUNDAMENTAL I (1ª A 4ª SÉRIE);SEM INFORMAÇÃO;0;SEM INFORMAÇÃO	;RORAIMA;BOA VISTA;PALPEBRA;C441;CARCINOMA BASOCELULAR, SOE;80903;PELE DA PALPEBRA E CANTO;C441;;;;;false;HISTOLOGIA DO TUMOR PRIMÁRIO;LOCALIZADO;;;;;;;;23/09/2014;;
1696263;RCBP RORAIMA;MASCULINO;01/09/1948;66;PARDA;BRASIL;CEARÁ;JAGUARUANA;FUNDAMENTAL I (1ª A 4ª SÉRIE);CASADO;782;CONDUTORES DE VEÍCULOS E OPERADORES DE EQUIPAMENTOS DE ELEVAÇÃO E DE MOVIMENTAÇÃO DE CARGAS   	;RORAIMA;BOA VISTA;OUVIDO EXTERNO;C442;CARCINOMA BASOCELULAR, SOE;80903;PELE DA ORELHA E CONDUTO AUDITIVO EXTERNO;C442;;;;;false;HISTOLOGIA DO TUMOR PRIMÁRIO;SEM INFORMAÇÃO;;;;;;;;30/09/2014;;
1696274;RCBP RORAIMA;MASCULINO;28/09/1948;66;BRANCO;BRASIL;RIO GRANDE DO NORTE;PAU DOS FERROS;SEM ESCOLARIDADE;CASADO;0;SEM INFORMAÇÃO	;RORAIMA;BOA VISTA;PELE DE OUTRAS PARTES DA FACE;C443;CARCINOMA BASOCELULAR, SOE;80903;PELE DE OUTRAS PARTES DA FACE;C443;;;;;false;HISTOLOGIA DO TUMOR PRIMÁRIO;SEM INFORMAÇÃO;;;;;;;;16/10/2014;;
1696436;RCBP RORAIMA;FEMININO;16/10/1980;33;PARDA;BRASIL;Não informado;Não Informado;MÉDIO (ANTIGO SEGUNDO GRAU);SEM INFORMAÇÃO;0;SEM INFORMAÇÃO	;RORAIMA;BOA VISTA;COLO DO UTERO, SOE;C539;NEOPLASIA INTRA-EPITELIAL ESCAMOSA,GRAU IIII;80772;COLO DO UTERO, SOE;D069;;;;;false;CITOLOGIA;"IN SITU";;;;;;;;26/09/2014;;
1696424;RCBP RORAIMA;FEMININO;21/11/1977;37;PARDA;BRASIL;Não informado;Não Informado;MÉDIO (ANTIGO SEGUNDO GRAU);SEM INFORMAÇÃO;0;SEM INFORMAÇÃO	;RORAIMA;BOA VISTA;COLO DO UTERO, SOE;C539;NEOPLASIA INTRA-EPITELIAL ESCAMOSA,GRAU IIII;80772;COLO DO UTERO, SOE;D069;;;;;false;CITOLOGIA;"IN SITU";;;;;;;;19/12/2014;;
1696427;RCBP RORAIMA;FEMININO;24/10/1979;34;PARDA;BRASIL;RORAIMA;BOA VISTA;MÉDIO (ANTIGO SEGUNDO GRAU);SOLTEIRO;0;SEM INFORMAÇÃO	;RORAIMA;BOA VISTA;MAMA , SOE;C509;NEOPLASIA MALIGNA;80003;MAMA , SOE;C509;;;;;false;HISTOLOGIA DO TUMOR PRIMÁRIO;LOCALIZADO;;;;;CÂNCER;12/12/2015;;27/06/2014;;
1696446;RCBP RORAIMA;FEMININO;09/06/1983;30;PARDA;BRASIL;Não informado;Não Informado;MÉDIO (ANTIGO SEGUNDO GRAU);SEM INFORMAÇÃO;0;SEM INFORMAÇÃO	;RORAIMA;BOA VISTA;COLO DO UTERO, SOE;C539;NEOPLASIA INTRA-EPITELIAL ESCAMOSA,GRAU IIII;80772;COLO DO UTERO, SOE;D069;;;;;false;CITOLOGIA;"IN SITU";;;;;;;;08/05/2014;;
1696404;RCBP RORAIMA;MASCULINO;18/05/1962;52;PARDA;BRASIL;PIAUÍ;SÃO GONÇALO DO GURGUÉIA;FUNDAMENTAL II (5ª A 8ª SÉRIE);SEPARADO JUDICIALMENTE;711;TRABALHADORES DA EXTRAÇÃO MINERAL 	;RORAIMA;BOA VISTA;LESAO SOBREPOSTA DO ESTOMAGO;C168;ADENOCARCINOMA, SOE;81403;LESAO INVASIVA DO ESTOMAGO;C168;;;;;false;HISTOLOGIA DO TUMOR PRIMÁRIO;SEM INFORMAÇÃO;;;;;;;;26/12/2014;;
1696646;RCBP RORAIMA;FEMININO;02/04/2012;1;SEM INFORMAÇÃO;BRASIL;MARANHÃO;;SEM ESCOLARIDADE;SEM INFORMAÇÃO;0;SEM INFORMAÇÃO	;RORAIMA;BOA VISTA;RETINA;C692;RETINOBLASTOMA, SOE;95103;RETINA;C692;Retinoblastoma;V;;;false;PESQUISA;SEM INFORMAÇÃO;;;;;;;;12/03/2014;;
1696654;RCBP RORAIMA;MASCULINO;13/09/1956;57;PARDA;BRASIL;MINAS GERAIS;GOVERNADOR VALADARES;SEM INFORMAÇÃO;SEM INFORMAÇÃO;0;SEM INFORMAÇÃO	;RORAIMA;BOA VISTA;PROSTATA, SOE;C619;ADENOCARCINOMA, SOE;81403;PROSTATA;C61;;;;;false;HISTOLOGIA DO TUMOR PRIMÁRIO;LOCALIZADO;;;;;;;;13/03/2014;;
1696637;RCBP RORAIMA;MASCULINO;13/12/2010;3;INDÍGENA;BRASIL;RORAIMA;;SEM ESCOLARIDADE;SOLTEIRO;0;SEM INFORMAÇÃO	;RORAIMA;CANTÁ;MEDULA OSSEA;C421;LEUCEMIA LINFOBLASTICA DE CEL. PRECURSORAS TIPO B;98363;LEUCEMIA LINFOBLASTICA AGUDA;C910;Leucemias linfóides;I-A;;;false;HISTOLOGIA DO TUMOR PRIMÁRIO;NÃO SE APLICA;;;;;;;;05/11/2014;;
1696641;RCBP RORAIMA;FEMININO;30/04/1937;76;PARDA;BRASIL;MARANHÃO;;SEM INFORMAÇÃO;VIÚVO;0;SEM INFORMAÇÃO	;RORAIMA;BOA VISTA;MAMA , SOE;C509;CARCINOMA, SOE;80103;MAMA , SOE;C509;;;;;false;HISTOLOGIA DO TUMOR PRIMÁRIO;LOCALIZADO;;;;;;;;12/02/2014;;
1696676;RCBP RORAIMA;MASCULINO;22/11/2005;8;SEM INFORMAÇÃO;BRASIL;RORAIMA;;SEM INFORMAÇÃO;SEM INFORMAÇÃO;0;SEM INFORMAÇÃO	;RORAIMA;BOA VISTA;LINFONODOS DA CABECA, FACE E PESCOCO;C770;LINFOMA DE HODGKIN, ESCLEROSE NODULAR, SOE;96633;ESCLEROSE NODULAR;C811;Linfomas de Hodgkin;II-A;;;false;HISTOLOGIA DO TUMOR PRIMÁRIO;NÃO SE APLICA;;;;;SEM INFORMAÇÃO;09/04/2016;;19/05/2014;;
1696718;RCBP RORAIMA;MASCULINO;19/08/2012;2;SEM INFORMAÇÃO;BRASIL;RORAIMA;;SEM ESCOLARIDADE;SEM INFORMAÇÃO;0;SEM INFORMAÇÃO	;RORAIMA;BOA VISTA;RIM, SOE;C649;NEFROBLASTOMA, SOE;89603;RIM;C64;Tumor de Wilms, tumor rabdóide e sarcoma de células claras;VI-A;;;false;HISTOLOGIA DO TUMOR PRIMÁRIO;SEM INFORMAÇÃO;;;;;;;;01/12/2014;;
1696721;RCBP RORAIMA;FEMININO;19/05/1944;69;BRANCO;BRASIL;RORAIMA;;MÉDIO (ANTIGO SEGUNDO GRAU);VIÚVO;0;SEM INFORMAÇÃO	;RORAIMA;BOA VISTA;MAMA , SOE;C509;CARCINOMA, SOE;80103;MAMA , SOE;C509;;;;;false;CLÍNICO;SEM INFORMAÇÃO;;;;;;;;15/01/2014;;
1696725;RCBP RORAIMA;FEMININO;17/09/1994;19;PARDA;BRASIL;Não informado;Não Informado;FUNDAMENTAL I (1ª A 4ª SÉRIE);SEM INFORMAÇÃO;0;SEM INFORMAÇÃO	;RORAIMA;BOA VISTA;COLO DO UTERO, SOE;C539;NEOPLASIA INTRA-EPITELIAL ESCAMOSA,GRAU IIII;80772;COLO DO UTERO, SOE;D069;Outros carcinomas malignos não especificados;XI-F;;;true;CITOLOGIA;"IN SITU";;;;;;;;04/04/2014;;
1696673;RCBP RORAIMA;FEMININO;17/02/1965;49;PARDA;BRASIL;AMAZONAS;MANAUS;SEM ESCOLARIDADE;CASADO;0;SEM INFORMAÇÃO	;RORAIMA;RORAINÓPOLIS;LOCALIZACAO PRIMARIA DESCONHECIDA, SOE;C809;ADENOCARCINOMA, SOE;81403;LOCALIZACAO PRIMARIA DESCONHECIDA;C80;;;;;false;HISTOLOGIA DO TUMOR PRIMÁRIO;SEM INFORMAÇÃO;;;;;;;;27/02/2014;;
748995;RCBP RORAIMA;FEMININO;21/06/1950;64;PARDA;BRASIL;CEARÁ;;FUNDAMENTAL I (1ª A 4ª SÉRIE);CASADO;0;SEM INFORMAÇÃO	;RORAIMA;BOA VISTA;PELE DE OUTRAS PARTES DA FACE;C443;CARCINOMA BASOCELULAR, SOE;80903;PELE DE OUTRAS PARTES DA FACE;C443;;;;;false;HISTOLOGIA DO TUMOR PRIMÁRIO;LOCALIZADO;;;;;;;;25/11/2014;;
1696794;RCBP RORAIMA;FEMININO;12/07/1977;36;SEM INFORMAÇÃO;BRASIL;Não informado;Não Informado;FUNDAMENTAL II (5ª A 8ª SÉRIE);SEM INFORMAÇÃO;0;SEM INFORMAÇÃO	;RORAIMA;BOA VISTA;COLO DO UTERO, SOE;C539;NEOPLASIA INTRA-EPITELIAL ESCAMOSA,GRAU IIII;80772;COLO DO UTERO, SOE;D069;;;;;false;CITOLOGIA;"IN SITU";;;;;;;;03/06/2014;;
1696795;RCBP RORAIMA;FEMININO;22/01/2006;8;SEM INFORMAÇÃO;BRASIL;RORAIMA;BOA VISTA;FUNDAMENTAL I (1ª A 4ª SÉRIE);SEM INFORMAÇÃO;0;SEM INFORMAÇÃO	;RORAIMA;CANTÁ;RETINA;C692;RETINOBLASTOMA, SOE;95103;RETINA;C692;Retinoblastoma;V;;;false;HISTOLOGIA DO TUMOR PRIMÁRIO;SEM INFORMAÇÃO;;;;;;;;15/12/2014;;
1696807;RCBP RORAIMA;FEMININO;15/12/1973;40;PARDA;BRASIL;Não informado;Não Informado;MÉDIO (ANTIGO SEGUNDO GRAU);SEM INFORMAÇÃO;0;SEM INFORMAÇÃO	;RORAIMA;BOA VISTA;COLO DO UTERO, SOE;C539;NEOPLASIA INTRA-EPITELIAL ESCAMOSA,GRAU IIII;80772;COLO DO UTERO, SOE;D069;;;;;false;CITOLOGIA;"IN SITU";;;;;;;;26/03/2014;;
1696808;RCBP RORAIMA;MASCULINO;20/03/1977;36;PARDA;BRASIL;RORAIMA;BOA VISTA;FUNDAMENTAL I (1ª A 4ª SÉRIE);UNIÃO CONSENSUAL;711;TRABALHADORES DA EXTRAÇÃO MINERAL 	;RORAIMA;AMAJARI;MEDULA OSSEA;C421;LEUCEMIA LINF.CRON.DE CEL.B/LINFOMA LINF.PEQ.CELS.;98233;LEUCEMIA LINFOCITICA CRONICA;C911;;;;;false;HISTOLOGIA DO TUMOR PRIMÁRIO;NÃO SE APLICA;;;;;CÂNCER;23/05/2015;;28/01/2014;;
1696810;RCBP RORAIMA;FEMININO;25/10/1982;31;PARDA;BRASIL;Não informado;Não Informado;MÉDIO (ANTIGO SEGUNDO GRAU);SEM INFORMAÇÃO;0;SEM INFORMAÇÃO	;RORAIMA;BOA VISTA;COLO DO UTERO, SOE;C539;NEOPLASIA INTRA-EPITELIAL ESCAMOSA,GRAU IIII;80772;COLO DO UTERO, SOE;D069;;;;;false;CITOLOGIA;"IN SITU";;;;;;;;15/01/2014;;
1696812;RCBP RORAIMA;FEMININO;04/05/1973;41;PARDA;BRASIL;RORAIMA;BOA VISTA;MÉDIO (ANTIGO SEGUNDO GRAU);UNIÃO CONSENSUAL;0;SEM INFORMAÇÃO	;RORAIMA;BOA VISTA;MAMA , SOE;C509;CARCINOMA DUCTAL INFILTRANTE;85003;MAMA , SOE;C509;;;;;false;HISTOLOGIA DO TUMOR PRIMÁRIO;METÁSTASE;;;;;CÂNCER;07/03/2018;;15/05/2014;;
1696815;RCBP RORAIMA;FEMININO;24/09/1992;21;PARDA;BRASIL;Não informado;Não Informado;MÉDIO (ANTIGO SEGUNDO GRAU);SEM INFORMAÇÃO;0;SEM INFORMAÇÃO	;RORAIMA;BOA VISTA;COLO DO UTERO, SOE;C539;NEOPLASIA INTRA-EPITELIAL ESCAMOSA,GRAU IIII;80772;COLO DO UTERO, SOE;D069;;;;;false;CITOLOGIA;"IN SITU";;;;;;;;16/04/2014;;
1696818;RCBP RORAIMA;MASCULINO;22/01/1945;69;PARDA;BRASIL;RORAIMA;BOA VISTA;FUNDAMENTAL II (5ª A 8ª SÉRIE);SEM INFORMAÇÃO;622;TRABALHADORES AGRÍCOLAS   	;RORAIMA;BOA VISTA;VESICULA BILIAR, SOE;C239;ADENOCARCINOMA, SOE;81403;VESICULA BILIAR;C23;;;;;false;HISTOLOGIA DO TUMOR PRIMÁRIO;LOCALIZADO;;;;;;;;10/07/2014;;
1696821;RCBP RORAIMA;MASCULINO;27/03/1930;84;BRANCO;BRASIL;RORAIMA;;MÉDIO (ANTIGO SEGUNDO GRAU);VIÚVO;;;RORAIMA;BOA VISTA;PELE DO MEMBRO SUPERIOR E DO OMBRO;C446;CARCINOMA ESCAMOCELULAR, SOE;80703;PELE DO MEMBRO SUPERIOR E DO OMBRO;C446;;;;;false;HISTOLOGIA DO TUMOR PRIMÁRIO;LOCALIZADO;;;;;;;;24/07/2014;;
1696825;RCBP RORAIMA;FEMININO;07/09/1952;62;PARDA;BRASIL;RORAIMA;;SEM INFORMAÇÃO;SEM INFORMAÇÃO;0;SEM INFORMAÇÃO	;RORAIMA;BOA VISTA;ESTOMAGO, SOE;C169;ADENOCARCINOMA, SOE;81403;ESTOMAGO, SOE;C169;;;;;false;HISTOLOGIA DO TUMOR PRIMÁRIO;LOCALIZADO;;;;;;;;08/10/2014;;
1696848;RCBP RORAIMA;MASCULINO;10/06/1940;74;SEM INFORMAÇÃO;BRASIL;MARANHÃO;ITAPECURU MIRIM;SEM ESCOLARIDADE;SOLTEIRO;0;SEM INFORMAÇÃO	;RORAIMA;BOA VISTA;PROSTATA, SOE;C619;ADENOCARCINOMA, SOE;81403;PROSTATA;C61;;;;;false;HISTOLOGIA DO TUMOR PRIMÁRIO;METÁSTASE;;;;;CÂNCER;15/01/2015;;05/11/2014;;
1696855;RCBP RORAIMA;MASCULINO;25/06/1938;76;PARDA;BRASIL;MARANHÃO;BOM JARDIM;FUNDAMENTAL I (1ª A 4ª SÉRIE);CASADO;622;TRABALHADORES AGRÍCOLAS   	;RORAIMA;BOA VISTA;PELE DO MEMBRO INFERIOR E DO QUADRIL;C447;CARCINOMA ESCAMOCELULAR, SOE;80703;PELE DO MEMBRO INFERIOR E DO QUADRIL;C447;;;;;false;HISTOLOGIA DO TUMOR PRIMÁRIO;LOCALIZADO;;;;;CÂNCER;15/08/2017;;01/08/2014;;
1696878;RCBP RORAIMA;FEMININO;22/01/1991;23;PARDA;BRASIL;Não informado;Não Informado;FUNDAMENTAL II (5ª A 8ª SÉRIE);SEM INFORMAÇÃO;0;SEM INFORMAÇÃO	;RORAIMA;BOA VISTA;COLO DO UTERO, SOE;C539;NEOPLASIA INTRA-EPITELIAL ESCAMOSA,GRAU IIII;80772;COLO DO UTERO, SOE;D069;;;;;false;CITOLOGIA;"IN SITU";;;;;;;;09/04/2014;;
1696892;RCBP RORAIMA;MASCULINO;12/03/1930;83;BRANCO;BRASIL;AMAZONAS;;FUNDAMENTAL I (1ª A 4ª SÉRIE);VIÚVO;715;TRABALHADORES DA CONSTRUÇÃO CIVIL E OBRAS PÚBLICAS	;RORAIMA;CARACARAÍ;OUVIDO EXTERNO;C442;CARCINOMA BASOCELULAR, SOE;80903;PELE DA ORELHA E CONDUTO AUDITIVO EXTERNO;C442;;;;;false;HISTOLOGIA DO TUMOR PRIMÁRIO;SEM INFORMAÇÃO;;;;;;;;17/01/2014;;
1696744;RCBP RORAIMA;MASCULINO;09/04/1965;49;BRANCO;BRASIL;RORAIMA;BOA VISTA;MÉDIO (ANTIGO SEGUNDO GRAU);CASADO;0;SEM INFORMAÇÃO	;RORAIMA;AMAJARI;PELE DO MEMBRO SUPERIOR E DO OMBRO;C446;CARCINOMA BASOCELULAR NODULAR;80973;PELE DO MEMBRO SUPERIOR E DO OMBRO;C446;;;;;false;HISTOLOGIA DO TUMOR PRIMÁRIO;LOCALIZADO;;;;;;;;12/11/2014;;
1696907;RCBP RORAIMA;MASCULINO;19/03/1952;62;PARDA;BRASIL;PARÁ;MARABÁ;SEM ESCOLARIDADE;SOLTEIRO;0;SEM INFORMAÇÃO	;RORAIMA;BOA VISTA;LINGUA, SOE;C029;CARCINOMA ESCAMOCELULAR, SOE;80703;LINGUA, SOE;C029;;;;;false;HISTOLOGIA DO TUMOR PRIMÁRIO;LOCALIZADO;;;;;;;;02/09/2014;;
1696910;RCBP RORAIMA;MASCULINO;12/10/1944;69;PARDA;BRASIL;Não informado;Não Informado;SEM INFORMAÇÃO;SEM INFORMAÇÃO;0;SEM INFORMAÇÃO	;RORAIMA;ALTO ALEGRE;PROSTATA, SOE;C619;ADENOCARCINOMA, SOE;81403;PROSTATA;C61;;;;;false;HISTOLOGIA DO TUMOR PRIMÁRIO;LOCALIZADO;;;;;;;;03/01/2014;;
1696743;RCBP RORAIMA;MASCULINO;07/08/1943;71;PARDA;BRASIL;RORAIMA;BOA VISTA;SEM ESCOLARIDADE;VIÚVO;622;TRABALHADORES AGRÍCOLAS   	;RORAIMA;BOA VISTA;PELE DO MEMBRO INFERIOR E DO QUADRIL;C447;MELANOMA LENTIGINOSO MALIGNO DAS EXTREMIDADES;87443;MELANOMA MALIGNO DO MEMBRO INFERIOR E QUADRIL;C437;;;;;false;HISTOLOGIA DO TUMOR PRIMÁRIO;METÁSTASE;;;;;CÂNCER;10/08/2016;;19/09/2014;;
1696992;RCBP RORAIMA;MASCULINO;28/02/1948;65;PARDA;BRASIL;CEARÁ;;FUNDAMENTAL I (1ª A 4ª SÉRIE);CASADO;0;SEM INFORMAÇÃO	;RORAIMA;BOA VISTA;PROSTATA, SOE;C619;ADENOCARCINOMA, SOE;81403;PROSTATA;C61;;;;;false;HISTOLOGIA DO TUMOR PRIMÁRIO;LOCALIZADO;;;;;;;;23/01/2014;;
1696748;RCBP RORAIMA;MASCULINO;08/02/1939;75;SEM INFORMAÇÃO;BRASIL;PIAUÍ;LUZILÂNDIA;SEM INFORMAÇÃO;SEM INFORMAÇÃO;0;SEM INFORMAÇÃO	;RORAIMA;BOA VISTA;PROSTATA, SOE;C619;ADENOCARCINOMA, SOE;81403;PROSTATA;C61;;;;;false;HISTOLOGIA DO TUMOR PRIMÁRIO;LOCALIZADO;;;;;;;;01/07/2014;;
1696999;RCBP RORAIMA;MASCULINO;29/11/1962;51;PARDA;BRASIL;CEARÁ;JAGUARUANA;FUNDAMENTAL II (5ª A 8ª SÉRIE);CASADO;0;SEM INFORMAÇÃO	;RORAIMA;BOA VISTA;PELE DO TRONCO;C445;CARCINOMA BASOCELULAR, SOE;80903;PELE DO TRONCO;C445;;;;;false;HISTOLOGIA DO TUMOR PRIMÁRIO;LOCALIZADO;;;;;;;;25/08/2014;;
1697107;RCBP RORAIMA;FEMININO;27/08/1955;59;SEM INFORMAÇÃO;BRASIL;Não informado;Não Informado;FUNDAMENTAL I (1ª A 4ª SÉRIE);SEM INFORMAÇÃO;0;SEM INFORMAÇÃO	;RORAIMA;BOA VISTA;COLO DO UTERO, SOE;C539;NEOPLASIA INTRA-EPITELIAL ESCAMOSA,GRAU IIII;80772;COLO DO UTERO, SOE;D069;;;;;false;CITOLOGIA;"IN SITU";;;;;;;;24/10/2014;;
1697116;RCBP RORAIMA;FEMININO;25/01/1991;23;PARDA;BRASIL;Não informado;Não Informado;FUNDAMENTAL I (1ª A 4ª SÉRIE);SEM INFORMAÇÃO;0;SEM INFORMAÇÃO	;RORAIMA;BOA VISTA;COLO DO UTERO, SOE;C539;NEOPLASIA INTRA-EPITELIAL ESCAMOSA,GRAU IIII;80772;COLO DO UTERO, SOE;D069;;;;;false;CITOLOGIA;"IN SITU";;;;;;;;15/06/2014;;
1696762;RCBP RORAIMA;MASCULINO;12/05/1945;69;PARDA;BRASIL;SÃO PAULO;;SEM INFORMAÇÃO;SEPARADO JUDICIALMENTE;0;SEM INFORMAÇÃO	;RORAIMA;BOA VISTA;PELE DE OUTRAS PARTES DA FACE;C443;CARCINOMA BASOCELULAR, SOE;80903;PELE DE OUTRAS PARTES DA FACE;C443;;;;;false;HISTOLOGIA DO TUMOR PRIMÁRIO;SEM INFORMAÇÃO;;;;;;;;21/05/2014;;
1696762;RCBP RORAIMA;MASCULINO;12/05/1945;69;PARDA;BRASIL;SÃO PAULO;;SEM INFORMAÇÃO;SEPARADO JUDICIALMENTE;0;SEM INFORMAÇÃO	;RORAIMA;BOA VISTA;PELE, SOE;C449;CARCINOMA BASOCELULAR, SOE;80903;NEOPLASIA MALIGNA DA PELE;C449;;;;;false;HISTOLOGIA DO TUMOR PRIMÁRIO;SEM INFORMAÇÃO;;;;;;;;21/05/2014;;
1696765;RCBP RORAIMA;MASCULINO;29/07/1953;60;PARDA;BRASIL;RORAIMA;MUCAJAÍ;FUNDAMENTAL II (5ª A 8ª SÉRIE);UNIÃO CONSENSUAL;352;TÉCNICOS DE INSPEÇÃO, FISCALIZAÇÃO E COORDENAÇÃO ADMINISTRATIVA   	;RORAIMA;MUCAJAÍ;LINFONODOS DA CABECA, FACE E PESCOCO;C770;LINFOMA MALIGNO, SOE;95903;LINFOMA NAO-HODGKIN, SOE;C859;;;;;false;HISTOLOGIA DO TUMOR PRIMÁRIO;SEM INFORMAÇÃO;;;;;CÂNCER;29/07/2015;;15/06/2014;;
1696766;RCBP RORAIMA;MASCULINO;22/04/1934;80;PARDA;BRASIL;Não informado;Não Informado;FUNDAMENTAL II (5ª A 8ª SÉRIE);SOLTEIRO;0;SEM INFORMAÇÃO	;RORAIMA;BOA VISTA;PELE, SOE;C449;CARCINOMA BASOCELULAR, SOE;80903;NEOPLASIA MALIGNA DA PELE;C449;;;;;false;HISTOLOGIA DO TUMOR PRIMÁRIO;LOCALIZADO;;;;;;;;15/07/2014;;
1696766;RCBP RORAIMA;MASCULINO;22/04/1934;80;PARDA;BRASIL;Não informado;Não Informado;FUNDAMENTAL II (5ª A 8ª SÉRIE);SOLTEIRO;0;SEM INFORMAÇÃO	;RORAIMA;BOA VISTA;PELE DE OUTRAS PARTES DA FACE;C443;CARCINOMA BASOCELULAR, SOE;80903;PELE DE OUTRAS PARTES DA FACE;C443;;;;;false;HISTOLOGIA DO TUMOR PRIMÁRIO;LOCALIZADO;;;;;;;;24/07/2014;;
1696776;RCBP RORAIMA;MASCULINO;18/03/1944;70;PARDA;BRASIL;CEARÁ;;SEM ESCOLARIDADE;SOLTEIRO;0;SEM INFORMAÇÃO	;RORAIMA;BOA VISTA;PELE DE OUTRAS PARTES DA FACE;C443;CARCINOMA BASOCELULAR, SOE;80903;PELE DE OUTRAS PARTES DA FACE;C443;;;;;false;HISTOLOGIA DO TUMOR PRIMÁRIO;SEM INFORMAÇÃO;;;;;;;;23/10/2014;;
1696785;RCBP RORAIMA;FEMININO;03/10/1918;95;INDÍGENA;BRASIL;RORAIMA;;SEM ESCOLARIDADE;SOLTEIRO;0;SEM INFORMAÇÃO	;RORAIMA;CANTÁ;OLHO, SOE;C699;CARCINOMA ESCAMOCELULAR, SOE;80703;OLHO, SOE;C699;;;;;false;HISTOLOGIA DO TUMOR PRIMÁRIO;LOCALIZADO;;;;;CÂNCER;27/11/2016;;28/07/2014;;
1697759;RCBP RORAIMA;FEMININO;17/07/1965;49;BRANCO;BRASIL;PARANÁ;;FUNDAMENTAL II (5ª A 8ª SÉRIE);SEM INFORMAÇÃO;0;SEM INFORMAÇÃO	;RORAIMA;BOA VISTA;COLO DO UTERO, SOE;C539;CARCINOMA ESCAMOCELULAR, SOE;80703;COLO DO UTERO, SOE;C539;;;;;false;HISTOLOGIA DO TUMOR PRIMÁRIO;SEM INFORMAÇÃO;;;;;CÂNCER;30/06/2016;;03/09/2014;;
1697798;RCBP RORAIMA;FEMININO;04/03/1953;61;PARDA;BRASIL;Não informado;Não Informado;SEM ESCOLARIDADE;SEM INFORMAÇÃO;0;SEM INFORMAÇÃO	;RORAIMA;BOA VISTA;COLO DO UTERO, SOE;C539;NEOPLASIA INTRA-EPITELIAL ESCAMOSA,GRAU IIII;80772;COLO DO UTERO, SOE;D069;;;;;false;CITOLOGIA;"IN SITU";;;;;;;;19/11/2014;;
1697805;RCBP RORAIMA;FEMININO;20/11/1984;29;PARDA;BRASIL;Não informado;Não Informado;FUNDAMENTAL I (1ª A 4ª SÉRIE);SEM INFORMAÇÃO;0;SEM INFORMAÇÃO	;RORAIMA;BOA VISTA;COLO DO UTERO, SOE;C539;NEOPLASIA INTRA-EPITELIAL ESCAMOSA,GRAU IIII;80772;COLO DO UTERO, SOE;D069;;;;;false;CITOLOGIA;"IN SITU";;;;;;;;12/11/2014;;
1697819;RCBP RORAIMA;MASCULINO;28/09/1966;48;PRETA;BRASIL;RORAIMA;;SUPERIOR COMPLETO;CASADO;0;SEM INFORMAÇÃO	;RORAIMA;BOA VISTA;MAMILO;C500;CARCINOMA DUCTAL INFILTRANTE;85003;MAMILO E AREOLA;C500;;;;;true;HISTOLOGIA DO TUMOR PRIMÁRIO;METÁSTASE;;;;;;;;20/10/2014;;
1697828;RCBP RORAIMA;FEMININO;10/10/2011;2;SEM INFORMAÇÃO;BRASIL;RORAIMA;;SEM ESCOLARIDADE;SEM INFORMAÇÃO;0;SEM INFORMAÇÃO	;RORAIMA;BOA VISTA;MEDULA OSSEA;C421;LEUCEMIA LINFOBLASTICA DE CELULAS PRECURSORAS,SOE;98353;LEUCEMIA LINFOBLASTICA AGUDA;C910;Leucemias linfóides;I-A;;;false;HISTOLOGIA DO TUMOR PRIMÁRIO;NÃO SE APLICA;;;;;;;;10/09/2014;;
1697839;RCBP RORAIMA;FEMININO;25/08/1939;74;PARDA;BRASIL;Não informado;Não Informado;FUNDAMENTAL I (1ª A 4ª SÉRIE);VIÚVO;0;SEM INFORMAÇÃO	;RORAIMA;BOA VISTA;PELE, SOE;C449;CARCINOMA FUSOCELULAR, SOE;80323;NEOPLASIA MALIGNA DA PELE;C449;;;;;false;HISTOLOGIA DO TUMOR PRIMÁRIO;SEM INFORMAÇÃO;;;;;;;;30/03/2014;;
1697844;RCBP RORAIMA;FEMININO;26/07/1963;50;PARDA;BRASIL;Não informado;Não Informado;FUNDAMENTAL I (1ª A 4ª SÉRIE);SEM INFORMAÇÃO;0;SEM INFORMAÇÃO	;RORAIMA;BOA VISTA;COLO DO UTERO, SOE;C539;NEOPLASIA INTRA-EPITELIAL ESCAMOSA,GRAU IIII;80772;COLO DO UTERO, SOE;D069;;;;;false;CITOLOGIA;"IN SITU";;;;;;;;25/06/2014;;
1697845;RCBP RORAIMA;FEMININO;21/03/1979;35;PARDA;BRASIL;Não informado;Não Informado;MÉDIO (ANTIGO SEGUNDO GRAU);SEM INFORMAÇÃO;0;SEM INFORMAÇÃO	;RORAIMA;BOA VISTA;COLO DO UTERO, SOE;C539;NEOPLASIA INTRA-EPITELIAL ESCAMOSA,GRAU IIII;80772;COLO DO UTERO, SOE;D069;;;;;false;CITOLOGIA;"IN SITU";;;;;;;;19/12/2014;;
1697849;RCBP RORAIMA;MASCULINO;28/02/1953;60;SEM INFORMAÇÃO;BRASIL;CEARÁ;;FUNDAMENTAL I (1ª A 4ª SÉRIE);SEM INFORMAÇÃO;0;SEM INFORMAÇÃO	;RORAIMA;BOA VISTA;MEDULA OSSEA;C421;MIELOMA MULTIPLO;97323;MIELOMA MULTIPLO;C900;;;;;false;HISTOLOGIA DO TUMOR PRIMÁRIO;NÃO SE APLICA;;;;;;;;21/02/2014;;
1697859;RCBP RORAIMA;FEMININO;17/11/1979;34;BRANCO;BRASIL;MARANHÃO;;FUNDAMENTAL I (1ª A 4ª SÉRIE);SOLTEIRO;622;TRABALHADORES AGRÍCOLAS   	;RORAIMA;BOA VISTA;COLO DO UTERO, SOE;C539;CARCINOMA ESCAMOSO MICRO-INVASOR;80763;COLO DO UTERO, SOE;C539;;;;;false;HISTOLOGIA DO TUMOR PRIMÁRIO;LOCALIZADO;;;;;;;;05/02/2014;;
1697863;RCBP RORAIMA;FEMININO;11/09/1938;75;SEM INFORMAÇÃO;Não informado;Não informado;Não Informado;SEM INFORMAÇÃO;SEM INFORMAÇÃO;0;SEM INFORMAÇÃO	;RORAIMA;BOA VISTA;PELE DE OUTRAS PARTES DA FACE;C443;CARCINOMA BASOCELULAR, SOE;80903;PELE DE OUTRAS PARTES DA FACE;C443;;;;;false;HISTOLOGIA DO TUMOR PRIMÁRIO;SEM INFORMAÇÃO;;;;;;;;15/05/2014;;
1698065;RCBP RORAIMA;FEMININO;06/05/1949;65;PARDA;BRASIL;Não informado;Não Informado;FUNDAMENTAL I (1ª A 4ª SÉRIE);SEM INFORMAÇÃO;0;SEM INFORMAÇÃO	;RORAIMA;BOA VISTA;COLO DO UTERO, SOE;C539;NEOPLASIA INTRA-EPITELIAL ESCAMOSA,GRAU IIII;80772;COLO DO UTERO, SOE;D069;;;;;false;CITOLOGIA;"IN SITU";;;;;;;;27/10/2014;;
1697776;RCBP RORAIMA;MASCULINO;11/04/1942;71;BRANCO;BRASIL;MARANHÃO;BARRA DO CORDA;SUPERIOR COMPLETO;CASADO;122;DIRETORES DE PRODUÇÃO E OPERAÇÕES 	;RORAIMA;SÃO LUIZ;PELE DE OUTRAS PARTES DA FACE;C443;MELANOMA MALIGNO, SOE;87203;MELANOMA MALIGNO DE OUTRAS PARTES DA FACE;C433;;;;;false;HISTOLOGIA DO TUMOR PRIMÁRIO;SEM INFORMAÇÃO;;;;;CÂNCER;03/09/2015;;27/01/2014;;
1697791;RCBP RORAIMA;MASCULINO;02/09/1966;48;BRANCO;BRASIL;RIO GRANDE DO SUL;;SUPERIOR INCOMPLETO;UNIÃO CONSENSUAL;204;PROFISSIONAIS DE INVESTIGAÇÃO CRIMINAL	;RORAIMA;BOA VISTA;PELE DO MEMBRO INFERIOR E DO QUADRIL;C447;CARCINOMA BASOCELULAR NODULAR;80973;PELE DO MEMBRO INFERIOR E DO QUADRIL;C447;;;;;false;HISTOLOGIA DO TUMOR PRIMÁRIO;SEM INFORMAÇÃO;;;;;;;;12/11/2014;;
1697791;RCBP RORAIMA;MASCULINO;02/09/1966;48;BRANCO;BRASIL;RIO GRANDE DO SUL;;SUPERIOR INCOMPLETO;UNIÃO CONSENSUAL;204;PROFISSIONAIS DE INVESTIGAÇÃO CRIMINAL	;RORAIMA;BOA VISTA;PELE DO MEMBRO INFERIOR E DO QUADRIL;C447;CARCINOMA ESCAMOCELULAR, SOE;80703;PELE DO MEMBRO INFERIOR E DO QUADRIL;C447;;;;;false;HISTOLOGIA DO TUMOR PRIMÁRIO;SEM INFORMAÇÃO;;;;;;;;12/11/2014;;
1697791;RCBP RORAIMA;MASCULINO;02/09/1966;48;BRANCO;BRASIL;RIO GRANDE DO SUL;;SUPERIOR INCOMPLETO;UNIÃO CONSENSUAL;204;PROFISSIONAIS DE INVESTIGAÇÃO CRIMINAL	;RORAIMA;BOA VISTA;PELE, SOE;C449;CARCINOMA BASOCELULAR, SOE;80903;NEOPLASIA MALIGNA DA PELE;C449;;;;;false;HISTOLOGIA DO TUMOR PRIMÁRIO;SEM INFORMAÇÃO;;;;;;;;13/11/2014;;
1697793;RCBP RORAIMA;MASCULINO;02/11/1944;69;PRETA;BRASIL;MARANHÃO;CAXIAS;SEM ESCOLARIDADE;CASADO;622;TRABALHADORES AGRÍCOLAS   	;RORAIMA;RORAINÓPOLIS;PROSTATA, SOE;C619;ADENOCARCINOMA, SOE;81403;PROSTATA;C61;;;;;false;HISTOLOGIA DO TUMOR PRIMÁRIO;SEM INFORMAÇÃO;;;;;CÂNCER;02/08/2016;;15/06/2014;;
1698260;RCBP RORAIMA;MASCULINO;08/05/1958;56;BRANCO;BRASIL;RORAIMA;;MÉDIO (ANTIGO SEGUNDO GRAU);SOLTEIRO;0;SEM INFORMAÇÃO	;RORAIMA;BOA VISTA;PELE, SOE;C449;CARCINOMA ESCAMOCELULAR, SOE;80703;NEOPLASIA MALIGNA DA PELE;C449;;;;;false;HISTOLOGIA DO TUMOR PRIMÁRIO;SEM INFORMAÇÃO;;;;;;;;16/12/2014;;
1698261;RCBP RORAIMA;FEMININO;16/03/1933;80;PARDA;BRASIL;PARÁ;;SEM ESCOLARIDADE;VIÚVO;0;SEM INFORMAÇÃO	;RORAIMA;BOA VISTA;PELE DE OUTRAS PARTES DA FACE;C443;CARCINOMA BASOCELULAR, SOE;80903;PELE DE OUTRAS PARTES DA FACE;C443;;;;;false;HISTOLOGIA DO TUMOR PRIMÁRIO;SEM INFORMAÇÃO;;;;;;;;23/01/2014;;
1698261;RCBP RORAIMA;FEMININO;16/03/1933;80;PARDA;BRASIL;PARÁ;;SEM ESCOLARIDADE;VIÚVO;0;SEM INFORMAÇÃO	;RORAIMA;BOA VISTA;PELE DE OUTRAS PARTES DA FACE;C443;CARCINOMA, SOE;80103;PELE DE OUTRAS PARTES DA FACE;C443;;;;;false;HISTOLOGIA DO TUMOR PRIMÁRIO;SEM INFORMAÇÃO;;;;;;;;29/01/2014;;
1698275;RCBP RORAIMA;FEMININO;08/03/1954;60;PARDA;BRASIL;PARÁ;;FUNDAMENTAL I (1ª A 4ª SÉRIE);SEPARADO JUDICIALMENTE;622;TRABALHADORES AGRÍCOLAS   	;RORAIMA;BOA VISTA;COLO DO UTERO, SOE;C539;CARCINOMA ESCAMOCELULAR, SOE;80703;COLO DO UTERO, SOE;C539;;;;;false;HISTOLOGIA DO TUMOR PRIMÁRIO;METÁSTASE;;;;;;;;26/09/2014;;
1699319;RCBP RORAIMA;FEMININO;29/10/1962;52;SEM INFORMAÇÃO;BRASIL;MARANHÃO;;SUPERIOR COMPLETO;SEM INFORMAÇÃO;0;SEM INFORMAÇÃO	;RORAIMA;BOA VISTA;MEDULA OSSEA;C421;MIELOMA MULTIPLO;97323;MIELOMA MULTIPLO;C900;;;;;false;HISTOLOGIA DO TUMOR PRIMÁRIO;NÃO SE APLICA;;;;;;;;15/11/2014;;
1698406;RCBP RORAIMA;FEMININO;23/12/1987;26;PARDA;BRASIL;Não informado;Não Informado;MÉDIO (ANTIGO SEGUNDO GRAU);SEM INFORMAÇÃO;0;SEM INFORMAÇÃO	;RORAIMA;BOA VISTA;COLO DO UTERO, SOE;C539;NEOPLASIA INTRA-EPITELIAL ESCAMOSA,GRAU IIII;80772;COLO DO UTERO, SOE;D069;;;;;false;CITOLOGIA;"IN SITU";;;;;;;;08/08/2014;;
1698745;RCBP RORAIMA;FEMININO;28/07/1949;65;PARDA;BRASIL;ACRE;;SEM INFORMAÇÃO;SEM INFORMAÇÃO;0;SEM INFORMAÇÃO	;RORAIMA;BOA VISTA;PELE, SOE;C449;CARCINOMA, SOE;80103;NEOPLASIA MALIGNA DA PELE;C449;;;;;false;HISTOLOGIA DO TUMOR PRIMÁRIO;SEM INFORMAÇÃO;;;;;;;;01/12/2014;;
1391740;RCBP RORAIMA;MASCULINO;14/07/1935;79;PARDA;BRASIL;AMAZONAS;MANICORÉ;FUNDAMENTAL I (1ª A 4ª SÉRIE);CASADO;0;SEM INFORMAÇÃO	;RORAIMA;BOA VISTA;PULMAO, SOE;C349;ADENOCARCINOMA, SOE;81403;BRONQUIOS OU PULMOES, SOE;C349;;;;;false;HISTOLOGIA DO TUMOR PRIMÁRIO;SEM INFORMAÇÃO;;;;;CÂNCER;08/09/2017;;05/12/2014;;
1391742;RCBP RORAIMA;MASCULINO;18/01/2011;2;PARDA;BRASIL;RORAIMA;BOA VISTA;SEM ESCOLARIDADE;SOLTEIRO;0;SEM INFORMAÇÃO	;RORAIMA;BOA VISTA;MEDULA OSSEA;C421;LEUCEMIA DE CELULAS DE BURKITT;98263;LEUCEMIA LINFOBLASTICA AGUDA;C910;Leucemias linfóides;I-A;;;false;HISTOLOGIA DO TUMOR PRIMÁRIO;NÃO SE APLICA;;;;;CÂNCER;17/05/2015;;08/01/2014;;
1391310;RCBP RORAIMA;FEMININO;28/05/1969;45;PARDA;BRASIL;RORAIMA;;MÉDIO (ANTIGO SEGUNDO GRAU);UNIÃO CONSENSUAL;322;TÉCNICOS DA CIÊNCIA DA SAÚDE HUMANA 	;RORAIMA;BOA VISTA;COLO DO UTERO, SOE;C539;CARCINOMA ESCAMOCELULAR, SOE;80703;COLO DO UTERO, SOE;C539;;;;;false;HISTOLOGIA DO TUMOR PRIMÁRIO;SEM INFORMAÇÃO;;;;;;;;15/10/2014;;
1391319;RCBP RORAIMA;FEMININO;11/09/1957;56;BRANCO;BRASIL;SANTA CATARINA;;SUPERIOR COMPLETO;SEM INFORMAÇÃO;251;CIENTISTAS SOCIAIS, PSICÓLOGOS E AFINS	;RORAIMA;BOA VISTA;PELE, SOE;C449;CARCINOMA BASOCELULAR, SOE;80903;NEOPLASIA MALIGNA DA PELE;C449;;;;;false;HISTOLOGIA DO TUMOR PRIMÁRIO;SEM INFORMAÇÃO;;;;;;;;27/05/2014;;
1391319;RCBP RORAIMA;FEMININO;11/09/1957;56;BRANCO;BRASIL;SANTA CATARINA;;SUPERIOR COMPLETO;SEM INFORMAÇÃO;251;CIENTISTAS SOCIAIS, PSICÓLOGOS E AFINS	;RORAIMA;BOA VISTA;PELE DE OUTRAS PARTES DA FACE;C443;CARCINOMA BASOCELULAR, SOE;80903;PELE DE OUTRAS PARTES DA FACE;C443;;;;;false;HISTOLOGIA DO TUMOR PRIMÁRIO;LOCALIZADO;;;;;;;;15/06/2014;;
1391313;RCBP RORAIMA;FEMININO;22/08/1951;63;BRANCO;BRASIL;MARANHÃO;;FUNDAMENTAL I (1ª A 4ª SÉRIE);CASADO;0;SEM INFORMAÇÃO	;RORAIMA;BOA VISTA;PELE, SOE;C449;CARCINOMA BASOCELULAR, SOE;80903;NEOPLASIA MALIGNA DA PELE;C449;;;;;false;HISTOLOGIA DO TUMOR PRIMÁRIO;LOCALIZADO;;;;;;;;23/10/2014;;
1698783;RCBP RORAIMA;FEMININO;04/06/1952;61;BRANCO;BRASIL;PARÁ;;MÉDIO (ANTIGO SEGUNDO GRAU);CASADO;239;OUTROS PROFISSIONAIS DO ENSINO NÃO CLASSIFICADOS ANTERIORMENTE	;RORAIMA;BOA VISTA;PELE, SOE;C449;CARCINOMA BASOCELULAR, SOE;80903;NEOPLASIA MALIGNA DA PELE;C449;;;;;false;HISTOLOGIA DO TUMOR PRIMÁRIO;SEM INFORMAÇÃO;;;;;;;;21/05/2014;;
1701161;RCBP RORAIMA;MASCULINO;30/06/1956;58;SEM INFORMAÇÃO;BRASIL;GOIAS;;FUNDAMENTAL II (5ª A 8ª SÉRIE);SEM INFORMAÇÃO;0;SEM INFORMAÇÃO	;RORAIMA;BOA VISTA;NASOFARINGE, SOE;C119;CARCINOMA LINFOEPITELIAL;80823;NASOFARINGE, SOE;C119;;;;;false;HISTOLOGIA DO TUMOR PRIMÁRIO;LOCALIZADO;;;;;;;;02/12/2014;;
1701113;RCBP RORAIMA;FEMININO;01/07/1996;18;PARDA;BRASIL;Não informado;Não Informado;FUNDAMENTAL II (5ª A 8ª SÉRIE);SEM INFORMAÇÃO;0;SEM INFORMAÇÃO	;RORAIMA;BOA VISTA;COLO DO UTERO, SOE;C539;NEOPLASIA INTRA-EPITELIAL ESCAMOSA,GRAU IIII;80772;COLO DO UTERO, SOE;D069;Outros carcinomas malignos não especificados;XI-F;;;true;CITOLOGIA;"IN SITU";;;;;;;;08/10/2014;;
1701134;RCBP RORAIMA;FEMININO;25/09/1950;63;PARDA;BRASIL;Não informado;Não Informado;SUPERIOR COMPLETO;SEM INFORMAÇÃO;0;SEM INFORMAÇÃO	;RORAIMA;BOA VISTA;COLO DO UTERO, SOE;C539;NEOPLASIA INTRA-EPITELIAL ESCAMOSA,GRAU IIII;80772;COLO DO UTERO, SOE;D069;;;;;false;CITOLOGIA;"IN SITU";;;;;;;;15/04/2014;;
1701138;RCBP RORAIMA;FEMININO;24/02/1987;27;PARDA;BRASIL;Não informado;Não Informado;FUNDAMENTAL I (1ª A 4ª SÉRIE);SEM INFORMAÇÃO;;;RORAIMA;BOA VISTA;COLO DO UTERO, SOE;C539;NEOPLASIA INTRA-EPITELIAL ESCAMOSA,GRAU IIII;80772;COLO DO UTERO, SOE;D069;;;;;false;CITOLOGIA;"IN SITU";;;;;;;;03/11/2014;;
1701156;RCBP RORAIMA;MASCULINO;29/08/1939;74;SEM INFORMAÇÃO;BRASIL;CEARÁ;;FUNDAMENTAL II (5ª A 8ª SÉRIE);CASADO;;;RORAIMA;CANTÁ;PELE DE OUTRAS PARTES DA FACE;C443;CARCINOMA BASOCELULAR, SOE;80903;PELE DE OUTRAS PARTES DA FACE;C443;;;;;false;HISTOLOGIA DO TUMOR PRIMÁRIO;LOCALIZADO;;;;;;;;28/07/2014;;
1700839;RCBP RORAIMA;FEMININO;12/05/1932;82;BRANCO;BRASIL;PIAUÍ;;FUNDAMENTAL I (1ª A 4ª SÉRIE);SEPARADO JUDICIALMENTE;0;SEM INFORMAÇÃO	;RORAIMA;BOA VISTA;PELE DE OUTRAS PARTES DA FACE;C443;CARCINOMA BASOCELULAR, SOE;80903;PELE DE OUTRAS PARTES DA FACE;C443;;;;;false;HISTOLOGIA DO TUMOR PRIMÁRIO;SEM INFORMAÇÃO;;;;;;;;17/07/2014;;
1700856;RCBP RORAIMA;MASCULINO;20/10/1945;68;PARDA;BRASIL;MARANHÃO;;FUNDAMENTAL I (1ª A 4ª SÉRIE);SOLTEIRO;622;TRABALHADORES AGRÍCOLAS   	;RORAIMA;BOA VISTA;PROSTATA, SOE;C619;ADENOCARCINOMA, SOE;81403;PROSTATA;C61;;;;;false;HISTOLOGIA DO TUMOR PRIMÁRIO;SEM INFORMAÇÃO;;;;;;;;08/10/2014;;
1700861;RCBP RORAIMA;MASCULINO;11/03/1947;67;PARDA;BRASIL;MARANHÃO;;FUNDAMENTAL I (1ª A 4ª SÉRIE);CASADO;0;SEM INFORMAÇÃO	;RORAIMA;BOA VISTA;OUVIDO EXTERNO;C442;CARCINOMA BASOCELULAR, SOE;80903;PELE DA ORELHA E CONDUTO AUDITIVO EXTERNO;C442;;;;;false;HISTOLOGIA DO TUMOR PRIMÁRIO;LOCALIZADO;;;;;;;;12/11/2014;;
1700861;RCBP RORAIMA;MASCULINO;11/03/1947;67;PARDA;BRASIL;MARANHÃO;;FUNDAMENTAL I (1ª A 4ª SÉRIE);CASADO;0;SEM INFORMAÇÃO	;RORAIMA;BOA VISTA;PELE DO MEMBRO SUPERIOR E DO OMBRO;C446;CARCINOMA BASOCELULAR, SOE;80903;PELE DO MEMBRO SUPERIOR E DO OMBRO;C446;;;;;false;HISTOLOGIA DO TUMOR PRIMÁRIO;LOCALIZADO;;;;;;;;12/11/2014;;
1700861;RCBP RORAIMA;MASCULINO;11/03/1947;67;PARDA;BRASIL;MARANHÃO;;FUNDAMENTAL I (1ª A 4ª SÉRIE);CASADO;0;SEM INFORMAÇÃO	;RORAIMA;BOA VISTA;PELE DO TRONCO;C445;CARCINOMA BASOCELULAR, SOE;80903;PELE DO TRONCO;C445;;;;;false;HISTOLOGIA DO TUMOR PRIMÁRIO;LOCALIZADO;;;;;;;;12/11/2014;;
1700861;RCBP RORAIMA;MASCULINO;11/03/1947;67;PARDA;BRASIL;MARANHÃO;;FUNDAMENTAL I (1ª A 4ª SÉRIE);CASADO;0;SEM INFORMAÇÃO	;RORAIMA;BOA VISTA;PELE, SOE;C449;CARCINOMA BASOCELULAR, SOE;80903;NEOPLASIA MALIGNA DA PELE;C449;;;;;false;HISTOLOGIA DO TUMOR PRIMÁRIO;SEM INFORMAÇÃO;;;;;;;;12/11/2014;;
1701091;RCBP RORAIMA;FEMININO;12/09/1969;45;PARDA;BRASIL;MARANHÃO;;FUNDAMENTAL I (1ª A 4ª SÉRIE);CASADO;0;SEM INFORMAÇÃO	;RORAIMA;BOA VISTA;RETO, SOE;C209;ADENOCARCINOMA, SOE;81403;RETO;C20;;;;;false;HISTOLOGIA DO TUMOR PRIMÁRIO;SEM INFORMAÇÃO;;;;;CÂNCER;09/07/2015;;16/10/2014;;
1701093;RCBP RORAIMA;MASCULINO;02/05/1953;61;PARDA;BRASIL;RIO GRANDE DO SUL;;FUNDAMENTAL I (1ª A 4ª SÉRIE);SOLTEIRO;631;PESCADORES E CAÇADORES	;RORAIMA;BOA VISTA;PELE DO MEMBRO INFERIOR E DO QUADRIL;C447;CARCINOMA ESCAMOCELULAR, SOE;80703;PELE DO MEMBRO INFERIOR E DO QUADRIL;C447;;;;;false;HISTOLOGIA DO TUMOR PRIMÁRIO;METÁSTASE;;;;;CÂNCER;22/04/2017;;23/09/2014;;
1701094;RCBP RORAIMA;MASCULINO;23/07/1986;28;PARDA;BRASIL;RORAIMA;;MÉDIO (ANTIGO SEGUNDO GRAU);UNIÃO CONSENSUAL;914;MECÂNICOS DE MANUTENÇÃO VEICULAR  	;RORAIMA;BOA VISTA;TESTICULO CRIPTOQUIDICO;C620;SEMINOMA, SOE;90613;TESTICULO CRIPTORQUIDICO;C620;;;NEOPLASIAS TROFOBLÁSTICAS E DE CÉLULAS GERMINATIVAS DAS GÔNADAS;6.1;false;HISTOLOGIA DO TUMOR PRIMÁRIO;SEM INFORMAÇÃO;;;;;CÂNCER;03/06/2017;;19/11/2014;;
1701620;RCBP RORAIMA;FEMININO;30/01/1975;39;INDÍGENA;BRASIL;Não informado;Não Informado;MÉDIO (ANTIGO SEGUNDO GRAU);SEM INFORMAÇÃO;0;SEM INFORMAÇÃO	;RORAIMA;BOA VISTA;COLO DO UTERO, SOE;C539;NEOPLASIA INTRA-EPITELIAL ESCAMOSA,GRAU IIII;80772;COLO DO UTERO, SOE;D069;;;;;false;CITOLOGIA;"IN SITU";;;;;;;;05/05/2014;;
1701549;RCBP RORAIMA;FEMININO;12/06/1960;53;INDÍGENA;BRASIL;RORAIMA;SÃO JOÃO DA BALIZA;FUNDAMENTAL I (1ª A 4ª SÉRIE);CASADO;0;SEM INFORMAÇÃO	;RORAIMA;ALTO ALEGRE;LINGUA, SOE;C029;CARCINOMA ESCAMOCELULAR, SOE;80703;LINGUA, SOE;C029;;;;;false;HISTOLOGIA DO TUMOR PRIMÁRIO;SEM INFORMAÇÃO;;;;;CÂNCER;20/05/2016;;27/02/2014;;
1701559;RCBP RORAIMA;FEMININO;16/08/1937;77;PARDA;BRASIL;AMAZONAS;;SEM ESCOLARIDADE;VIÚVO;0;SEM INFORMAÇÃO	;RORAIMA;BOA VISTA;ESTOMAGO, SOE;C169;ADENOCARCINOMA, SOE;81403;ESTOMAGO, SOE;C169;;;;;false;CLÍNICO;SEM INFORMAÇÃO;;;;;;;;02/09/2014;;
1701656;RCBP RORAIMA;FEMININO;01/01/1948;66;INDÍGENA;BRASIL;Não informado;Não Informado;SEM ESCOLARIDADE;CASADO;0;SEM INFORMAÇÃO	;RORAIMA;ALTO ALEGRE;COLO DO UTERO, SOE;C539;CARCINOMA ESCAMOCELULAR, SOE;80703;COLO DO UTERO, SOE;C539;;;;;false;HISTOLOGIA DO TUMOR PRIMÁRIO;SEM INFORMAÇÃO;;;;;CÂNCER;15/07/2015;;28/08/2014;;
1701529;RCBP RORAIMA;MASCULINO;12/02/2006;8;PARDA;BRASIL;RORAIMA;;FUNDAMENTAL II (5ª A 8ª SÉRIE);SOLTEIRO;0;SEM INFORMAÇÃO	;RORAIMA;BOA VISTA;MEDULA OSSEA;C421;LEUCEMIA LINFOBLASTICA DE CEL. PRECURSORAS TIPO B;98363;LEUCEMIA LINFOBLASTICA AGUDA;C910;Leucemias linfóides;I-A;;;false;HISTOLOGIA DO TUMOR PRIMÁRIO;NÃO SE APLICA;;;;;CÂNCER;04/09/2017;;22/09/2014;;
1701530;RCBP RORAIMA;FEMININO;17/09/1971;43;BRANCO;BRASIL;MARANHÃO;;SUPERIOR COMPLETO;UNIÃO CONSENSUAL;252;PROFISSIONAIS DE ORGANIZAÇÃO E ADMINISTRAÇÃO DE EMPRESAS E AFINS  	;RORAIMA;BOA VISTA;MAMA , SOE;C509;CARCINOMA, SOE;80103;MAMA , SOE;C509;;;;;false;HISTOLOGIA DA METÁSTASE;METÁSTASE;;;;;CÂNCER;06/02/2015;;06/10/2014;;
1701213;RCBP RORAIMA;FEMININO;25/07/1963;50;PARDA;BRASIL;Não informado;Não Informado;MÉDIO (ANTIGO SEGUNDO GRAU);SEM INFORMAÇÃO;0;SEM INFORMAÇÃO	;RORAIMA;BOA VISTA;COLO DO UTERO, SOE;C539;NEOPLASIA INTRA-EPITELIAL ESCAMOSA,GRAU IIII;80772;COLO DO UTERO, SOE;D069;;;;;false;CITOLOGIA;"IN SITU";;;;;;;;15/01/2014;;
1701264;RCBP RORAIMA;FEMININO;10/05/1992;22;PARDA;BRASIL;Não informado;Não Informado;SEM INFORMAÇÃO;SEM INFORMAÇÃO;;;RORAIMA;BOA VISTA;COLO DO UTERO, SOE;C539;NEOPLASIA INTRA-EPITELIAL ESCAMOSA,GRAU IIII;80772;COLO DO UTERO, SOE;D069;;;;;false;CITOLOGIA;"IN SITU";;;;;;;;26/11/2014;;
1701536;RCBP RORAIMA;FEMININO;18/01/1915;99;BRANCO;BRASIL;MARANHÃO;BARRA DO CORDA;SEM ESCOLARIDADE;SOLTEIRO;0;SEM INFORMAÇÃO	;RORAIMA;BOA VISTA;PELE, SOE;C449;CARCINOMA BASOCELULAR, SOE;80903;NEOPLASIA MALIGNA DA PELE;C449;;;;;false;HISTOLOGIA DO TUMOR PRIMÁRIO;SEM INFORMAÇÃO;;;;;;;;11/11/2014;;
1701557;RCBP RORAIMA;FEMININO;22/02/1982;32;PARDA;BRASIL;AMAZONAS;;MÉDIO (ANTIGO SEGUNDO GRAU);UNIÃO CONSENSUAL;322;TÉCNICOS DA CIÊNCIA DA SAÚDE HUMANA 	;RORAIMA;BOA VISTA;COLO DO UTERO, SOE;C539;CARCINOMA ESCAMOCELULAR, SOE;80703;COLO DO UTERO, SOE;C539;;;;;false;HISTOLOGIA DO TUMOR PRIMÁRIO;METÁSTASE;;;;;CÂNCER;12/12/2014;;10/03/2014;;
1703579;RCBP RORAIMA;FEMININO;07/08/1964;50;PARDA;BRASIL;Não informado;Não Informado;SEM INFORMAÇÃO;SEM INFORMAÇÃO;;;RORAIMA;BOA VISTA;COLO DO UTERO, SOE;C539;NEOPLASIA INTRA-EPITELIAL ESCAMOSA,GRAU IIII;80772;COLO DO UTERO, SOE;D069;;;;;false;CITOLOGIA;"IN SITU";;;;;;;;03/11/2014;;
1703605;RCBP RORAIMA;FEMININO;04/10/1996;17;BRANCO;BRASIL;Não informado;Não Informado;MÉDIO (ANTIGO SEGUNDO GRAU);SEM INFORMAÇÃO;0;SEM INFORMAÇÃO	;RORAIMA;BOA VISTA;COLO DO UTERO, SOE;C539;NEOPLASIA INTRA-EPITELIAL ESCAMOSA,GRAU IIII;80772;COLO DO UTERO, SOE;D069;Outros carcinomas malignos não especificados;XI-F;;;true;CITOLOGIA;"IN SITU";;;;;;;;07/04/2014;;
1703455;RCBP RORAIMA;MASCULINO;26/02/1940;74;AMARELA;BRASIL;CEARÁ;;SEM ESCOLARIDADE;CASADO;622;TRABALHADORES AGRÍCOLAS   	;RORAIMA;MUCAJAÍ;PELE DE OUTRAS PARTES DA FACE;C443;CARCINOMA BASOCELULAR, SOE;80903;PELE DE OUTRAS PARTES DA FACE;C443;;;;;false;HISTOLOGIA DO TUMOR PRIMÁRIO;SEM INFORMAÇÃO;;;;;;;;02/09/2014;;
1703455;RCBP RORAIMA;MASCULINO;26/02/1940;74;AMARELA;BRASIL;CEARÁ;;SEM ESCOLARIDADE;CASADO;622;TRABALHADORES AGRÍCOLAS   	;RORAIMA;MUCAJAÍ;PELE, SOE;C449;CARCINOMA BASOCELULAR, SOE;80903;NEOPLASIA MALIGNA DA PELE;C449;;;;;false;HISTOLOGIA DO TUMOR PRIMÁRIO;SEM INFORMAÇÃO;;;;;;;;02/09/2014;;
1701518;RCBP RORAIMA;FEMININO;10/03/1989;25;PARDA;BRASIL;Não informado;Não Informado;FUNDAMENTAL I (1ª A 4ª SÉRIE);SEM INFORMAÇÃO;0;SEM INFORMAÇÃO	;RORAIMA;BOA VISTA;COLO DO UTERO, SOE;C539;NEOPLASIA INTRA-EPITELIAL ESCAMOSA,GRAU IIII;80772;COLO DO UTERO, SOE;D069;;;;;false;CITOLOGIA;"IN SITU";;;;;;;;27/08/2014;;
1701520;RCBP RORAIMA;FEMININO;16/10/1997;16;PARDA;BRASIL;RORAIMA;;FUNDAMENTAL II (5ª A 8ª SÉRIE);SOLTEIRO;0;SEM INFORMAÇÃO	;RORAIMA;BOA VISTA;PLACENTA, SOE;C589;CORIOCARCINOMA, SOE;91003;PLACENTA;C58;Outros tumores de células germinativas não gonadais e tumores de células germinativas não gonadais não especificados;X-B;OUTROS SÍTIOS NÃO-GONADAIS;6.2.2;false;HISTOLOGIA DO TUMOR PRIMÁRIO;SEM INFORMAÇÃO;;;;;;;;15/05/2014;;
1701592;RCBP RORAIMA;FEMININO;21/04/1960;54;SEM INFORMAÇÃO;BRASIL;AMAZONAS;;FUNDAMENTAL I (1ª A 4ª SÉRIE);SEM INFORMAÇÃO;0;SEM INFORMAÇÃO	;RORAIMA;BOA VISTA;MEDULA OSSEA;C421;MIELOMA MULTIPLO;97323;MIELOMA MULTIPLO;C900;;;;;false;HISTOLOGIA DO TUMOR PRIMÁRIO;NÃO SE APLICA;;;;;;;;02/10/2014;;
1701589;RCBP RORAIMA;FEMININO;12/11/1928;85;BRANCO;BRASIL;CEARÁ;;FUNDAMENTAL I (1ª A 4ª SÉRIE);CASADO;0;SEM INFORMAÇÃO	;RORAIMA;BOA VISTA;PELE DO MEMBRO INFERIOR E DO QUADRIL;C447;CARCINOMA ESCAMOCELULAR, SOE;80703;PELE DO MEMBRO INFERIOR E DO QUADRIL;C447;;;;;false;HISTOLOGIA DO TUMOR PRIMÁRIO;LOCALIZADO;;;;;;;;29/10/2014;;
1701630;RCBP RORAIMA;FEMININO;24/06/1965;48;PARDA;BRASIL;RORAIMA;;FUNDAMENTAL II (5ª A 8ª SÉRIE);SEM INFORMAÇÃO;0;SEM INFORMAÇÃO	;RORAIMA;BOA VISTA;ANGULO ESPLENICO DO COLON;C185;ADENOCARCINOMA, SOE;81403;FLEXURA ESPLENICA DO COLON;C185;;;;;false;HISTOLOGIA DO TUMOR PRIMÁRIO;SEM INFORMAÇÃO;;;;;;;;28/03/2014;;
1701649;RCBP RORAIMA;FEMININO;19/12/1990;23;SEM INFORMAÇÃO;BRASIL;Não informado;Não Informado;MÉDIO (ANTIGO SEGUNDO GRAU);SEM INFORMAÇÃO;0;SEM INFORMAÇÃO	;RORAIMA;BOA VISTA;COLO DO UTERO, SOE;C539;NEOPLASIA INTRA-EPITELIAL ESCAMOSA,GRAU IIII;80772;COLO DO UTERO, SOE;D069;;;;;false;CITOLOGIA;"IN SITU";;;;;;;;30/07/2014;;
1699525;RCBP RORAIMA;FEMININO;14/10/1963;50;BRANCO;BRASIL;PARAÍBA;;SUPERIOR COMPLETO;UNIÃO CONSENSUAL;252;PROFISSIONAIS DE ORGANIZAÇÃO E ADMINISTRAÇÃO DE EMPRESAS E AFINS  	;RORAIMA;BOA VISTA;TIREOIDE, SOE;C739;CARCINOMA PAPILAR, SOE;80503;GLANDULA TIREOIDE;C73;;;;;false;HISTOLOGIA DO TUMOR PRIMÁRIO;SEM INFORMAÇÃO;;;;;;;;12/02/2014;;
1699528;RCBP RORAIMA;FEMININO;23/01/1978;36;PARDA;BRASIL;MARANHÃO;;FUNDAMENTAL II (5ª A 8ª SÉRIE);SOLTEIRO;0;SEM INFORMAÇÃO	;RORAIMA;BOA VISTA;COLO DO UTERO, SOE;C539;NEOPLASIA INTRA-EPITELIAL ESCAMOSA,GRAU IIII;80772;COLO DO UTERO, SOE;D069;;;;;false;HISTOLOGIA DO TUMOR PRIMÁRIO;"IN SITU";;;;;;;;07/02/2014;;
1699856;RCBP RORAIMA;MASCULINO;13/11/1943;71;INDÍGENA;BRASIL;RORAIMA;;FUNDAMENTAL I (1ª A 4ª SÉRIE);SOLTEIRO;0;SEM INFORMAÇÃO	;RORAIMA;BOA VISTA;ESTOMAGO, SOE;C169;ADENOCARCINOMA, TIPO INTESTINAL;81443;ESTOMAGO, SOE;C169;;;;;false;HISTOLOGIA DO TUMOR PRIMÁRIO;SEM INFORMAÇÃO;;;;;CÂNCER;24/02/2015;;02/12/2014;;
1698404;RCBP RORAIMA;FEMININO;26/02/1987;27;PARDA;BRASIL;Não informado;Não Informado;MÉDIO (ANTIGO SEGUNDO GRAU);SEM INFORMAÇÃO;0;SEM INFORMAÇÃO	;RORAIMA;BOA VISTA;COLO DO UTERO, SOE;C539;NEOPLASIA INTRA-EPITELIAL ESCAMOSA,GRAU IIII;80772;COLO DO UTERO, SOE;D069;;;;;false;CITOLOGIA;"IN SITU";;;;;;;;29/10/2014;;
1698256;RCBP RORAIMA;MASCULINO;02/08/1931;82;PARDA;BRASIL;MARANHÃO;CODÓ;FUNDAMENTAL I (1ª A 4ª SÉRIE);SOLTEIRO;622;TRABALHADORES AGRÍCOLAS   	;RORAIMA;BOA VISTA;PROSTATA, SOE;C619;ADENOCARCINOMA, SOE;81403;PROSTATA;C61;;;;;false;HISTOLOGIA DO TUMOR PRIMÁRIO;SEM INFORMAÇÃO;;;;;CÂNCER;15/03/2015;;15/06/2014;;
1698246;RCBP RORAIMA;FEMININO;07/11/1937;76;SEM INFORMAÇÃO;BRASIL;BAHIA;;SEM INFORMAÇÃO;SEM INFORMAÇÃO;0;SEM INFORMAÇÃO	;RORAIMA;BOA VISTA;MAMA , SOE;C509;CARCINOMA PAPILAR, SOE;80503;MAMA , SOE;C509;;;;;false;HISTOLOGIA DO TUMOR PRIMÁRIO;LOCALIZADO;;;;;;;;05/09/2014;;
749173;RCBP RORAIMA;MASCULINO;;52;SEM INFORMAÇÃO;BRASIL;RORAIMA;BOA VISTA;SEM INFORMAÇÃO;SEM INFORMAÇÃO;;;RORAIMA;BOA VISTA;PELE DE OUTRAS PARTES DA FACE;C443;CARCINOMA, SOE;80103;PELE DE OUTRAS PARTES DA FACE;C443;;;;;false;HISTOLOGIA DO TUMOR PRIMÁRIO;SEM INFORMAÇÃO;;;;;;;;30/06/2014;;
1698783;RCBP RORAIMA;FEMININO;04/06/1952;61;BRANCO;BRASIL;PARÁ;;MÉDIO (ANTIGO SEGUNDO GRAU);CASADO;239;OUTROS PROFISSIONAIS DO ENSINO NÃO CLASSIFICADOS ANTERIORMENTE	;RORAIMA;BOA VISTA;PELE DE OUTRAS PARTES DA FACE;C443;CARCINOMA BASOCELULAR NODULAR;80973;PELE DE OUTRAS PARTES DA FACE;C443;;;;;false;HISTOLOGIA DO TUMOR PRIMÁRIO;SEM INFORMAÇÃO;;;;;;;;21/05/2014;;
1698287;RCBP RORAIMA;FEMININO;07/04/1946;68;INDÍGENA;BRASIL;RORAIMA;BOA VISTA;SEM ESCOLARIDADE;SOLTEIRO;0;SEM INFORMAÇÃO	;RORAIMA;BOA VISTA;COLO DO UTERO, SOE;C539;ADENOCARCINOMA, SOE;81403;COLO DO UTERO, SOE;C539;;;;;false;HISTOLOGIA DO TUMOR PRIMÁRIO;SEM INFORMAÇÃO;;;;;CÂNCER;21/09/2015;;13/11/2014;;
1698288;RCBP RORAIMA;FEMININO;04/07/1948;65;PARDA;BRASIL;MARANHÃO;SÃO DOMINGOS DO MARANHÃO;SUPERIOR INCOMPLETO;UNIÃO CONSENSUAL;0;SEM INFORMAÇÃO	;RORAIMA;BOA VISTA;MAMA , SOE;C509;CARCINOMA DUCTAL INFILTRANTE;85003;MAMA , SOE;C509;;;;;false;HISTOLOGIA DO TUMOR PRIMÁRIO;SEM INFORMAÇÃO;;;;;CÂNCER;02/08/2016;;15/06/2014;;
1699348;RCBP RORAIMA;FEMININO;03/03/1971;43;PARDA;BRASIL;MARANHÃO;;FUNDAMENTAL I (1ª A 4ª SÉRIE);CASADO;0;SEM INFORMAÇÃO	;RORAIMA;BOA VISTA;MAMA , SOE;C509;CARCINOMA DUCTAL INFILTRANTE;85003;MAMA , SOE;C509;;;;;false;HISTOLOGIA DO TUMOR PRIMÁRIO;SEM INFORMAÇÃO;;;;;;;;11/03/2014;;
1698753;RCBP RORAIMA;FEMININO;18/07/1952;61;PARDA;BRASIL;PARAÍBA;JOÃO PESSOA;FUNDAMENTAL I (1ª A 4ª SÉRIE);VIÚVO;0;SEM INFORMAÇÃO	;RORAIMA;BOA VISTA;MAMA , SOE;C509;CARCINOMA DUCTAL INFILTRANTE;85003;MAMA , SOE;C509;;;;;false;HISTOLOGIA DO TUMOR PRIMÁRIO;LOCALIZADO;;;;;CÂNCER;24/12/2016;;20/03/2014;;
1698774;RCBP RORAIMA;FEMININO;26/08/1953;60;BRANCO;BRASIL;PARÁ;;SUPERIOR COMPLETO;CASADO;241;ADVOGADOS, PROCURADORES, TABELIÃES E AFINS	;RORAIMA;BOA VISTA;ESTOMAGO, SOE;C169;CARCINOMA, SOE;80103;ESTOMAGO, SOE;C169;;;;;false;HISTOLOGIA DO TUMOR PRIMÁRIO;LOCALIZADO;;;;;CÂNCER;27/05/2016;;19/05/2014;;
1699527;RCBP RORAIMA;MASCULINO;11/11/1944;69;PARDA;BRASIL;PIAUÍ;CARACOL;SEM ESCOLARIDADE;SOLTEIRO;715;TRABALHADORES DA CONSTRUÇÃO CIVIL E OBRAS PÚBLICAS	;RORAIMA;BOA VISTA;PROSTATA, SOE;C619;ADENOCARCINOMA, SOE;81403;PROSTATA;C61;;;;;false;HISTOLOGIA DO TUMOR PRIMÁRIO;SEM INFORMAÇÃO;;;;;CÂNCER;20/10/2015;;02/05/2014;;
788017;RCBP RORAIMA;MASCULINO;07/02/1947;67;BRANCO;BRASIL;RORAIMA;BOA VISTA;FUNDAMENTAL I (1ª A 4ª SÉRIE);CASADO;622;TRABALHADORES AGRÍCOLAS   	;RORAIMA;BOA VISTA;PELE DE OUTRAS PARTES DA FACE;C443;CARCINOMA ESCAMOCELULAR, SOE;80703;PELE DE OUTRAS PARTES DA FACE;C443;;;;;false;HISTOLOGIA DO TUMOR PRIMÁRIO;LOCALIZADO;;;;;;;;01/08/2014;;
788017;RCBP RORAIMA;MASCULINO;07/02/1947;67;BRANCO;BRASIL;RORAIMA;BOA VISTA;FUNDAMENTAL I (1ª A 4ª SÉRIE);CASADO;622;TRABALHADORES AGRÍCOLAS   	;RORAIMA;BOA VISTA;PELE DE OUTRAS PARTES DA FACE;C443;CARCINOMA BASOCELULAR, SOE;80903;PELE DE OUTRAS PARTES DA FACE;C443;;;;;false;HISTOLOGIA DO TUMOR PRIMÁRIO;SEM INFORMAÇÃO;;;;;;;;28/12/2014;;
1700160;RCBP RORAIMA;FEMININO;26/12/1939;74;BRANCO;BRASIL;MINAS GERAIS;;MÉDIO (ANTIGO SEGUNDO GRAU);VIÚVO;0;SEM INFORMAÇÃO	;RORAIMA;BOA VISTA;CORPO DO UTERO, SOE;C549;CARCINOMA ENDOMETRIOIDE, SOE;83803;CORPO DO UTERO, SOE;C549;;;;;false;HISTOLOGIA DO TUMOR PRIMÁRIO;SEM INFORMAÇÃO;;;;;SEM INFORMAÇÃO;12/09/2015;;27/02/2014;;
1700146;RCBP RORAIMA;FEMININO;18/05/1960;54;BRANCO;BRASIL;PARANÁ;;MÉDIO (ANTIGO SEGUNDO GRAU);CASADO;622;TRABALHADORES AGRÍCOLAS   	;RORAIMA;IRACEMA;PELE DE OUTRAS PARTES DA FACE;C443;CARCINOMA BASOCELULAR, TIPO MORFEIA;80923;PELE DE OUTRAS PARTES DA FACE;C443;;;;;false;HISTOLOGIA DO TUMOR PRIMÁRIO;SEM INFORMAÇÃO;;;;;;;;15/09/2014;;
1700146;RCBP RORAIMA;FEMININO;18/05/1960;54;BRANCO;BRASIL;PARANÁ;;MÉDIO (ANTIGO SEGUNDO GRAU);CASADO;622;TRABALHADORES AGRÍCOLAS   	;RORAIMA;IRACEMA;PELE DO LABIO, SOE;C440;CARCINOMA BASOCELULAR NODULAR;80973;PELE DO LABIO;C440;;;;;false;HISTOLOGIA DO TUMOR PRIMÁRIO;SEM INFORMAÇÃO;;;;;;;;15/09/2014;;
1700134;RCBP RORAIMA;FEMININO;27/12/1934;79;PARDA;BRASIL;AMAZONAS;;FUNDAMENTAL I (1ª A 4ª SÉRIE);VIÚVO;0;SEM INFORMAÇÃO	;RORAIMA;BOA VISTA;PELE DE OUTRAS PARTES DA FACE;C443;CARCINOMA BASOCELULAR NODULAR;80973;PELE DE OUTRAS PARTES DA FACE;C443;;;;;false;HISTOLOGIA DO TUMOR PRIMÁRIO;LOCALIZADO;;;;;;;;29/10/2014;;
1700134;RCBP RORAIMA;FEMININO;27/12/1934;79;PARDA;BRASIL;AMAZONAS;;FUNDAMENTAL I (1ª A 4ª SÉRIE);VIÚVO;0;SEM INFORMAÇÃO	;RORAIMA;BOA VISTA;OUVIDO EXTERNO;C442;CARCINOMA BASOCELULAR, SOE;80903;PELE DA ORELHA E CONDUTO AUDITIVO EXTERNO;C442;;;;;false;HISTOLOGIA DO TUMOR PRIMÁRIO;LOCALIZADO;;;;;;;;29/10/2014;;
1700146;RCBP RORAIMA;FEMININO;18/05/1960;54;BRANCO;BRASIL;PARANÁ;;MÉDIO (ANTIGO SEGUNDO GRAU);CASADO;622;TRABALHADORES AGRÍCOLAS   	;RORAIMA;IRACEMA;PELE DO MEMBRO SUPERIOR E DO OMBRO;C446;CARCINOMA BASOCELULAR, SOE;80903;PELE DO MEMBRO SUPERIOR E DO OMBRO;C446;;;;;false;HISTOLOGIA DO TUMOR PRIMÁRIO;SEM INFORMAÇÃO;;;;;;;;15/09/2014;;
1700146;RCBP RORAIMA;FEMININO;18/05/1960;54;BRANCO;BRASIL;PARANÁ;;MÉDIO (ANTIGO SEGUNDO GRAU);CASADO;622;TRABALHADORES AGRÍCOLAS   	;RORAIMA;IRACEMA;PELE, SOE;C449;CARCINOMA BASOCELULAR, SOE;80903;NEOPLASIA MALIGNA DA PELE;C449;;;;;false;HISTOLOGIA DO TUMOR PRIMÁRIO;SEM INFORMAÇÃO;;;;;;;;26/09/2014;;
1698895;RCBP RORAIMA;FEMININO;25/12/1955;58;BRANCO;BRASIL;Não informado;Não Informado;FUNDAMENTAL I (1ª A 4ª SÉRIE);SEM INFORMAÇÃO;0;SEM INFORMAÇÃO	;RORAIMA;BOA VISTA;COLO DO UTERO, SOE;C539;NEOPLASIA INTRA-EPITELIAL ESCAMOSA,GRAU IIII;80772;COLO DO UTERO, SOE;D069;;;;;false;CITOLOGIA;"IN SITU";;;;;;;;26/11/2014;;
1698537;RCBP RORAIMA;FEMININO;15/06/1991;23;SEM INFORMAÇÃO;BRASIL;Não informado;Não Informado;SEM INFORMAÇÃO;SEM INFORMAÇÃO;0;SEM INFORMAÇÃO	;RORAIMA;BOA VISTA;COLO DO UTERO, SOE;C539;NEOPLASIA INTRA-EPITELIAL ESCAMOSA,GRAU IIII;80772;COLO DO UTERO, SOE;D069;;;;;false;CITOLOGIA;"IN SITU";;;;;;;;10/10/2014;;
1698894;RCBP RORAIMA;FEMININO;18/04/1938;76;PARDA;BRASIL;Não informado;Não Informado;SEM ESCOLARIDADE;SEM INFORMAÇÃO;;;RORAIMA;BOA VISTA;PELE DO COURO CABELUDO E DO PESCOCO;C444;CARCINOMA ESCAMOCELULAR, SOE;80703;PELE DO COURO CABELUDO E DO PESCOCO;C444;;;;;false;HISTOLOGIA DO TUMOR PRIMÁRIO;LOCALIZADO;;;;;;;;21/07/2014;;
1698917;RCBP RORAIMA;FEMININO;03/09/1951;63;PARDA;BRASIL;AMAZONAS;;FUNDAMENTAL I (1ª A 4ª SÉRIE);VIÚVO;0;SEM INFORMAÇÃO	;RORAIMA;BOA VISTA;RETO, SOE;C209;CARCINOMA ESCAMOCELULAR, SOE;80703;RETO;C20;;;;;false;HISTOLOGIA DO TUMOR PRIMÁRIO;METÁSTASE;;;;;SEM INFORMAÇÃO;25/02/2015;;14/10/2014;;
1698925;RCBP RORAIMA;FEMININO;13/05/1968;46;PRETA;BRASIL;Não informado;Não Informado;FUNDAMENTAL I (1ª A 4ª SÉRIE);SEM INFORMAÇÃO;0;SEM INFORMAÇÃO	;RORAIMA;BOA VISTA;COLO DO UTERO, SOE;C539;NEOPLASIA INTRA-EPITELIAL ESCAMOSA,GRAU IIII;80772;COLO DO UTERO, SOE;D069;;;;;false;CITOLOGIA;"IN SITU";;;;;;;;22/08/2014;;
1698950;RCBP RORAIMA;FEMININO;10/09/1958;56;PARDA;BRASIL;Não informado;Não Informado;FUNDAMENTAL I (1ª A 4ª SÉRIE);SEM INFORMAÇÃO;;;RORAIMA;BOA VISTA;COLO DO UTERO, SOE;C539;NEOPLASIA INTRA-EPITELIAL ESCAMOSA,GRAU IIII;80772;COLO DO UTERO, SOE;D069;;;;;false;CITOLOGIA;"IN SITU";;;;;;;;22/10/2014;;
1698952;RCBP RORAIMA;FEMININO;19/10/1953;60;PARDA;BRASIL;Não informado;Não Informado;MÉDIO (ANTIGO SEGUNDO GRAU);SEM INFORMAÇÃO;0;SEM INFORMAÇÃO	;RORAIMA;BOA VISTA;COLO DO UTERO, SOE;C539;NEOPLASIA INTRA-EPITELIAL ESCAMOSA,GRAU IIII;80772;COLO DO UTERO, SOE;D069;;;;;false;CITOLOGIA;"IN SITU";;;;;;;;14/02/2014;;
1698961;RCBP RORAIMA;FEMININO;31/10/1952;61;BRANCO;BRASIL;RORAIMA;;MÉDIO (ANTIGO SEGUNDO GRAU);SOLTEIRO;0;SEM INFORMAÇÃO	;RORAIMA;BOA VISTA;PELE DE OUTRAS PARTES DA FACE;C443;CARCINOMA BASOCELULAR, SOE;80903;PELE DE OUTRAS PARTES DA FACE;C443;;;;;false;HISTOLOGIA DO TUMOR PRIMÁRIO;SEM INFORMAÇÃO;;;;;;;;16/07/2014;;
1698962;RCBP RORAIMA;FEMININO;29/06/1977;36;PRETA;BRASIL;PARÁ;SANTARÉM;SUPERIOR COMPLETO;SOLTEIRO;111;MEMBROS SUPERIORES DO PODER LEGISLATIVO, EXECUTIVO E JUDICIÁRIO   	;RORAIMA;SÃO JOÃO DA BALIZA;ESTOMAGO, SOE;C169;NEOPLASIA MALIGNA;80003;ESTOMAGO, SOE;C169;;;;;false;HISTOLOGIA DO TUMOR PRIMÁRIO;SEM INFORMAÇÃO;;;;;CÂNCER;02/06/2015;;04/02/2014;;
1698993;RCBP RORAIMA;FEMININO;27/06/1945;69;PARDA;BRASIL;CEARÁ;RUSSAS;FUNDAMENTAL I (1ª A 4ª SÉRIE);SOLTEIRO;763;TRABALHADORES DA CONFECÇÃO DE ROUPAS 	;RORAIMA;BOA VISTA;MAMA , SOE;C509;CARCINOMA DUCTAL INFILTRANTE;85003;MAMA , SOE;C509;;;;;false;HISTOLOGIA DO TUMOR PRIMÁRIO;METÁSTASE;;;;;;;;18/07/2014;;
1698997;RCBP RORAIMA;FEMININO;12/07/1958;55;SEM INFORMAÇÃO;BRASIL;AMAZONAS;;MÉDIO (ANTIGO SEGUNDO GRAU);SOLTEIRO;0;SEM INFORMAÇÃO	;RORAIMA;CARACARAÍ;COLO DO UTERO, SOE;C539;CARCINOMA ESCAMOCELULAR, SOE;80703;COLO DO UTERO, SOE;C539;;;;;false;HISTOLOGIA DO TUMOR PRIMÁRIO;SEM INFORMAÇÃO;;;;;;;;02/04/2014;;
1699022;RCBP RORAIMA;FEMININO;13/12/1960;53;PARDA;BRASIL;Não informado;Não Informado;SEM INFORMAÇÃO;SEM INFORMAÇÃO;;;RORAIMA;BOA VISTA;COLO DO UTERO, SOE;C539;NEOPLASIA INTRA-EPITELIAL ESCAMOSA,GRAU IIII;80772;COLO DO UTERO, SOE;D069;;;;;false;CITOLOGIA;"IN SITU";;;;;;;;27/10/2014;;
1699304;RCBP RORAIMA;FEMININO;25/12/1969;44;PARDA;BRASIL;Não informado;Não Informado;FUNDAMENTAL II (5ª A 8ª SÉRIE);SEM INFORMAÇÃO;0;SEM INFORMAÇÃO	;RORAIMA;BOA VISTA;COLO DO UTERO, SOE;C539;NEOPLASIA INTRA-EPITELIAL ESCAMOSA,GRAU IIII;80772;COLO DO UTERO, SOE;D069;;;;;false;CITOLOGIA;"IN SITU";;;;;;;;08/08/2014;;
1699308;RCBP RORAIMA;FEMININO;15/12/1939;74;BRANCO;BRASIL;CEARÁ;;FUNDAMENTAL I (1ª A 4ª SÉRIE);CASADO;0;SEM INFORMAÇÃO	;RORAIMA;BOA VISTA;PELE DE OUTRAS PARTES DA FACE;C443;CARCINOMA BASOCELULAR, SOE;80903;PELE DE OUTRAS PARTES DA FACE;C443;;;;;false;HISTOLOGIA DO TUMOR PRIMÁRIO;SEM INFORMAÇÃO;;;;;;;;15/03/2014;;
1699321;RCBP RORAIMA;FEMININO;20/01/1990;24;PARDA;BRASIL;Não informado;Não Informado;MÉDIO (ANTIGO SEGUNDO GRAU);SEM INFORMAÇÃO;0;SEM INFORMAÇÃO	;RORAIMA;BOA VISTA;COLO DO UTERO, SOE;C539;NEOPLASIA INTRA-EPITELIAL ESCAMOSA,GRAU IIII;80772;COLO DO UTERO, SOE;D069;;;;;false;CITOLOGIA;"IN SITU";;;;;;;;16/07/2014;;
1699326;RCBP RORAIMA;FEMININO;03/04/1953;61;SEM INFORMAÇÃO;BRASIL;Não informado;Não Informado;SEM INFORMAÇÃO;SEM INFORMAÇÃO;;;RORAIMA;BOA VISTA;COLO DO UTERO, SOE;C539;NEOPLASIA INTRA-EPITELIAL ESCAMOSA,GRAU IIII;80772;COLO DO UTERO, SOE;D069;;;;;false;CITOLOGIA;"IN SITU";;;;;;;;03/09/2014;;
1699333;RCBP RORAIMA;MASCULINO;22/12/1939;74;INDÍGENA;BRASIL;RORAIMA;;SEM ESCOLARIDADE;CASADO;622;TRABALHADORES AGRÍCOLAS   	;RORAIMA;UIRAMUTÃ;PELE DE OUTRAS PARTES DA FACE;C443;CARCINOMA BASOCELULAR, SOE;80903;PELE DE OUTRAS PARTES DA FACE;C443;;;;;false;HISTOLOGIA DO TUMOR PRIMÁRIO;LOCALIZADO;;;;;;;;12/11/2014;;
1699480;RCBP RORAIMA;FEMININO;20/11/1954;59;PARDA;BRASIL;GOIAS;;SEM ESCOLARIDADE;UNIÃO CONSENSUAL;0;SEM INFORMAÇÃO	;RORAIMA;SÃO JOÃO DA BALIZA;COLO DO UTERO, SOE;C539;CARCINOMA ESCAMOCELULAR, SOE;80703;COLO DO UTERO, SOE;C539;;;;;false;HISTOLOGIA DO TUMOR PRIMÁRIO;SEM INFORMAÇÃO;;;;;CÂNCER;02/08/2015;;24/02/2014;;
1699489;RCBP RORAIMA;FEMININO;09/08/1957;57;PARDA;BRASIL;Não informado;Não Informado;SEM INFORMAÇÃO;SEM INFORMAÇÃO;;;RORAIMA;BOA VISTA;COLO DO UTERO, SOE;C539;NEOPLASIA INTRA-EPITELIAL ESCAMOSA,GRAU IIII;80772;COLO DO UTERO, SOE;D069;;;;;false;CITOLOGIA;"IN SITU";;;;;;;;27/10/2014;;
1699880;RCBP RORAIMA;FEMININO;31/03/1999;14;PARDA;BRASIL;Não informado;Não Informado;FUNDAMENTAL II (5ª A 8ª SÉRIE);SEM INFORMAÇÃO;0;SEM INFORMAÇÃO	;RORAIMA;BOA VISTA;COLO DO UTERO, SOE;C539;NEOPLASIA INTRA-EPITELIAL ESCAMOSA,GRAU IIII;80772;COLO DO UTERO, SOE;D069;Outros carcinomas malignos não especificados;XI-F;;;true;CITOLOGIA;"IN SITU";;;;;;;;14/02/2014;;
1699788;RCBP RORAIMA;FEMININO;06/11/1969;45;PARDA;BRASIL;Não informado;Não Informado;MÉDIO (ANTIGO SEGUNDO GRAU);SEM INFORMAÇÃO;0;SEM INFORMAÇÃO	;RORAIMA;BOA VISTA;COLO DO UTERO, SOE;C539;NEOPLASIA INTRA-EPITELIAL ESCAMOSA,GRAU IIII;80772;COLO DO UTERO, SOE;D069;;;;;false;CITOLOGIA;"IN SITU";;;;;;;;19/12/2014;;
1699792;RCBP RORAIMA;FEMININO;12/09/1980;33;AMARELA;BRASIL;Não informado;Não Informado;MÉDIO (ANTIGO SEGUNDO GRAU);SEM INFORMAÇÃO;0;SEM INFORMAÇÃO	;RORAIMA;BOA VISTA;COLO DO UTERO, SOE;C539;NEOPLASIA INTRA-EPITELIAL ESCAMOSA,GRAU IIII;80772;COLO DO UTERO, SOE;D069;;;;;false;CITOLOGIA;"IN SITU";;;;;;;;07/04/2014;;
1699800;RCBP RORAIMA;FEMININO;26/04/1989;25;BRANCO;BRASIL;Não informado;Não Informado;SEM ESCOLARIDADE;SEM INFORMAÇÃO;0;SEM INFORMAÇÃO	;RORAIMA;BOA VISTA;COLO DO UTERO, SOE;C539;NEOPLASIA INTRA-EPITELIAL ESCAMOSA,GRAU IIII;80772;COLO DO UTERO, SOE;D069;;;;;false;CITOLOGIA;"IN SITU";;;;;;;;22/12/2014;;
1699803;RCBP RORAIMA;FEMININO;07/11/1977;36;BRANCO;BRASIL;Não informado;Não Informado;FUNDAMENTAL I (1ª A 4ª SÉRIE);SEM INFORMAÇÃO;0;SEM INFORMAÇÃO	;RORAIMA;BOA VISTA;COLO DO UTERO, SOE;C539;NEOPLASIA INTRA-EPITELIAL ESCAMOSA,GRAU IIII;80772;COLO DO UTERO, SOE;D069;;;;;false;CITOLOGIA;"IN SITU";;;;;;;;27/06/2014;;
1699804;RCBP RORAIMA;FEMININO;25/05/1975;38;SEM INFORMAÇÃO;BRASIL;Não informado;Não Informado;SEM INFORMAÇÃO;SEM INFORMAÇÃO;0;SEM INFORMAÇÃO	;RORAIMA;BOA VISTA;COLO DO UTERO, SOE;C539;NEOPLASIA INTRA-EPITELIAL ESCAMOSA,GRAU IIII;80772;COLO DO UTERO, SOE;D069;;;;;false;CITOLOGIA;"IN SITU";;;;;;;;08/05/2014;;
1699823;RCBP RORAIMA;FEMININO;29/11/1960;53;SEM INFORMAÇÃO;BRASIL;ESPIRITO SANTO;;FUNDAMENTAL I (1ª A 4ª SÉRIE);SEM INFORMAÇÃO;0;SEM INFORMAÇÃO	;RORAIMA;BONFIM;COLO DO UTERO, SOE;C539;CARCINOMA ESCAMOCELULAR, SOE;80703;COLO DO UTERO, SOE;C539;;;;;false;HISTOLOGIA DO TUMOR PRIMÁRIO;METÁSTASE;;;;;SEM INFORMAÇÃO;05/10/2017;;16/06/2014;;
1699840;RCBP RORAIMA;FEMININO;22/09/1993;20;PARDA;BRASIL;Não informado;Não Informado;FUNDAMENTAL II (5ª A 8ª SÉRIE);SEM INFORMAÇÃO;0;SEM INFORMAÇÃO	;RORAIMA;BOA VISTA;COLO DO UTERO, SOE;C539;NEOPLASIA INTRA-EPITELIAL ESCAMOSA,GRAU IIII;80772;COLO DO UTERO, SOE;D069;;;;;false;CITOLOGIA;"IN SITU";;;;;;;;07/06/2014;;
1699868;RCBP RORAIMA;FEMININO;20/07/1980;33;PARDA;BRASIL;Não informado;Não Informado;MÉDIO (ANTIGO SEGUNDO GRAU);SEM INFORMAÇÃO;0;SEM INFORMAÇÃO	;RORAIMA;BOA VISTA;COLO DO UTERO, SOE;C539;NEOPLASIA INTRA-EPITELIAL ESCAMOSA,GRAU IIII;80772;COLO DO UTERO, SOE;D069;;;;;false;CITOLOGIA;"IN SITU";;;;;;;;26/02/2014;;
1699875;RCBP RORAIMA;FEMININO;16/08/1972;42;PARDA;BRASIL;Não informado;Não Informado;MÉDIO (ANTIGO SEGUNDO GRAU);SEM INFORMAÇÃO;0;SEM INFORMAÇÃO	;RORAIMA;BOA VISTA;COLO DO UTERO, SOE;C539;NEOPLASIA INTRA-EPITELIAL ESCAMOSA,GRAU IIII;80772;COLO DO UTERO, SOE;D069;;;;;false;CITOLOGIA;"IN SITU";;;;;;;;22/12/2014;;
1700142;RCBP RORAIMA;FEMININO;28/12/1970;43;PARDA;BRASIL;MARANHÃO;;FUNDAMENTAL I (1ª A 4ª SÉRIE);SOLTEIRO;0;SEM INFORMAÇÃO	;RORAIMA;BOA VISTA;MAMA , SOE;C509;CARCINOMA DUCTAL INFILTRANTE;85003;MAMA , SOE;C509;;;;;false;HISTOLOGIA DO TUMOR PRIMÁRIO;SEM INFORMAÇÃO;;;;;;;;16/02/2014;;
1700172;RCBP RORAIMA;FEMININO;08/02/1982;32;PARDA;BRASIL;Não informado;Não Informado;MÉDIO (ANTIGO SEGUNDO GRAU);SEM INFORMAÇÃO;0;SEM INFORMAÇÃO	;RORAIMA;BOA VISTA;COLO DO UTERO, SOE;C539;NEOPLASIA INTRA-EPITELIAL ESCAMOSA,GRAU IIII;80772;COLO DO UTERO, SOE;D069;;;;;false;CITOLOGIA;"IN SITU";;;;;;;;01/12/2014;;
1700187;RCBP RORAIMA;FEMININO;01/09/1958;55;PARDA;BRASIL;Não informado;Não Informado;SEM INFORMAÇÃO;SEM INFORMAÇÃO;0;SEM INFORMAÇÃO	;RORAIMA;BOA VISTA;COLO DO UTERO, SOE;C539;NEOPLASIA INTRA-EPITELIAL ESCAMOSA,GRAU IIII;80772;COLO DO UTERO, SOE;D069;;;;;false;CITOLOGIA;"IN SITU";;;;;;;;04/04/2014;;
1700284;RCBP RORAIMA;MASCULINO;26/07/1942;72;PARDA;BRASIL;RORAIMA;;FUNDAMENTAL I (1ª A 4ª SÉRIE);CASADO;914;MECÂNICOS DE MANUTENÇÃO VEICULAR  	;RORAIMA;BOA VISTA;PELE DO MEMBRO SUPERIOR E DO OMBRO;C446;CARCINOMA ESCAMOCELULAR, SOE;80703;PELE DO MEMBRO SUPERIOR E DO OMBRO;C446;;;;;false;HISTOLOGIA DO TUMOR PRIMÁRIO;LOCALIZADO;;;;;;;;01/09/2014;;
1700286;RCBP RORAIMA;FEMININO;23/10/1957;56;PARDA;BRASIL;RORAIMA;;FUNDAMENTAL I (1ª A 4ª SÉRIE);VIÚVO;0;SEM INFORMAÇÃO	;RORAIMA;BOA VISTA;COLO DO UTERO, SOE;C539;CARCINOMA ESCAMOCELULAR, SOE;80703;COLO DO UTERO, SOE;C539;;;;;false;HISTOLOGIA DO TUMOR PRIMÁRIO;SEM INFORMAÇÃO;;;;;;;;08/05/2014;;
1700289;RCBP RORAIMA;MASCULINO;07/12/1951;62;BRANCO;BRASIL;PARÁ;;SUPERIOR COMPLETO;CASADO;114;DIRIGENTES E ADMINISTRADORES DE ORGANIZAÇÃO DE INTERESSE PÚBLICO  	;RORAIMA;BOA VISTA;PELE DO MEMBRO SUPERIOR E DO OMBRO;C446;CARCINOMA ESCAMOCELULAR, SOE;80703;PELE DO MEMBRO SUPERIOR E DO OMBRO;C446;;;;;false;HISTOLOGIA DO TUMOR PRIMÁRIO;SEM INFORMAÇÃO;;;;;;;;21/07/2014;;
1700289;RCBP RORAIMA;MASCULINO;07/12/1951;62;BRANCO;BRASIL;PARÁ;;SUPERIOR COMPLETO;CASADO;114;DIRIGENTES E ADMINISTRADORES DE ORGANIZAÇÃO DE INTERESSE PÚBLICO  	;RORAIMA;BOA VISTA;PELE, SOE;C449;CARCINOMA ESCAMOCELULAR, SOE;80703;NEOPLASIA MALIGNA DA PELE;C449;;;;;false;HISTOLOGIA DO TUMOR PRIMÁRIO;SEM INFORMAÇÃO;;;;;;;;09/09/2014;;
1700289;RCBP RORAIMA;MASCULINO;07/12/1951;63;BRANCO;BRASIL;PARÁ;;SUPERIOR COMPLETO;CASADO;114;DIRIGENTES E ADMINISTRADORES DE ORGANIZAÇÃO DE INTERESSE PÚBLICO  	;RORAIMA;BOA VISTA;PELE, SOE;C449;CARCINOMA BASOCELULAR, SOE;80903;NEOPLASIA MALIGNA DA PELE;C449;;;;;false;HISTOLOGIA DO TUMOR PRIMÁRIO;SEM INFORMAÇÃO;;;;;;;;12/12/2014;;
1700339;RCBP RORAIMA;FEMININO;16/06/1939;74;PARDA;BRASIL;MARANHÃO;;FUNDAMENTAL I (1ª A 4ª SÉRIE);CASADO;0;SEM INFORMAÇÃO	;RORAIMA;BOA VISTA;PELE DE OUTRAS PARTES DA FACE;C443;CARCINOMA BASOCELULAR, SOE;80903;PELE DE OUTRAS PARTES DA FACE;C443;;;;;false;HISTOLOGIA DO TUMOR PRIMÁRIO;LOCALIZADO;;;;;;;;12/03/2014;;
1700354;RCBP RORAIMA;MASCULINO;17/05/1942;72;PARDA;BRASIL;Não informado;;FUNDAMENTAL I (1ª A 4ª SÉRIE);CASADO;0;SEM INFORMAÇÃO	;RORAIMA;BOA VISTA;MEDULA OSSEA;C421;LEUCEMIA MIELOIDE AGUDA, SOE;98613;LEUCEMIA MIELOIDE AGUDA;C920;;;;;false;HISTOLOGIA DO TUMOR PRIMÁRIO;NÃO SE APLICA;SEM INFORMAÇÃO;99 - SEM INFORMAÇÃO;999;MORTO;CÂNCER;08/07/2014;08/07/2014;08/07/2014;;
1700367;RCBP RORAIMA;MASCULINO;16/10/1960;53;PARDA;BRASIL;RORAIMA;;SEM INFORMAÇÃO;SEM INFORMAÇÃO;0;SEM INFORMAÇÃO	;RORAIMA;BOA VISTA;COLON, SOE;C189;ADENOCARCINOMA, SOE;81403;COLON, SOE;C189;;;;;false;HISTOLOGIA DO TUMOR PRIMÁRIO;METÁSTASE;;;;;;;;27/01/2014;;
1700372;RCBP RORAIMA;FEMININO;29/06/1934;80;PARDA;BRASIL;Não informado;;FUNDAMENTAL I (1ª A 4ª SÉRIE);VIÚVO;0;SEM INFORMAÇÃO	;RORAIMA;CANTÁ;PANCREAS, SOE;C259;NEOPLASIA MALIGNA;80003;PANCREAS, SOE;C259;;;;;false;HISTOLOGIA DO TUMOR PRIMÁRIO;SEM INFORMAÇÃO;SEM INFORMAÇÃO;99 - SEM INFORMAÇÃO;999;MORTO;CÂNCER;31/10/2014;31/10/2014;31/10/2014;;
1700387;RCBP RORAIMA;MASCULINO;01/05/1991;22;BRANCO;BRASIL;Não informado;;MÉDIO (ANTIGO SEGUNDO GRAU);CASADO;254;AUDITORES FISCAIS PÚBLICOS	;RORAIMA;BOA VISTA;MEDULA OSSEA;C421;LEUCEMIA LINFOBLASTICA DE CELULAS PRECURSORAS,SOE;98353;LEUCEMIA LINFOBLASTICA AGUDA;C910;;;LEUCEMIA LINFÓIDE AGUDA;1.1;false;HISTOLOGIA DO TUMOR PRIMÁRIO;NÃO SE APLICA;SEM INFORMAÇÃO;99 - SEM INFORMAÇÃO;999;MORTO;CÂNCER;11/01/2014;11/01/2014;11/01/2014;;
1700391;RCBP RORAIMA;MASCULINO;07/10/1966;48;PARDA;BRASIL;Não informado;;FUNDAMENTAL II (5ª A 8ª SÉRIE);SOLTEIRO;710;SUPERVISORES DA EXTRAÇÃO MINERAL E DA CONSTRUÇÃO CIVIL	;RORAIMA;BOA VISTA;ESTOMAGO, SOE;C169;NEOPLASIA MALIGNA;80003;ESTOMAGO, SOE;C169;;;;;false;HISTOLOGIA DO TUMOR PRIMÁRIO;SEM INFORMAÇÃO;SEM INFORMAÇÃO;99 - SEM INFORMAÇÃO;999;MORTO;CÂNCER;08/12/2014;08/12/2014;08/12/2014;;
1700396;RCBP RORAIMA;FEMININO;19/06/1980;34;PARDA;BRASIL;Não informado;Não Informado;SEM INFORMAÇÃO;SEM INFORMAÇÃO;;;RORAIMA;BOA VISTA;COLO DO UTERO, SOE;C539;NEOPLASIA INTRA-EPITELIAL ESCAMOSA,GRAU IIII;80772;COLO DO UTERO, SOE;D069;;;;;false;CITOLOGIA;"IN SITU";;;;;;;;24/10/2014;;
1700310;RCBP RORAIMA;FEMININO;10/06/1982;32;PARDA;BRASIL;Não informado;Não Informado;MÉDIO (ANTIGO SEGUNDO GRAU);SEM INFORMAÇÃO;0;SEM INFORMAÇÃO	;RORAIMA;BOA VISTA;COLO DO UTERO, SOE;C539;NEOPLASIA INTRA-EPITELIAL ESCAMOSA,GRAU IIII;80772;COLO DO UTERO, SOE;D069;;;;;false;CITOLOGIA;"IN SITU";;;;;;;;15/07/2014;;
1700315;RCBP RORAIMA;MASCULINO;08/09/1943;71;PARDA;BRASIL;PARÁ;;MÉDIO (ANTIGO SEGUNDO GRAU);UNIÃO CONSENSUAL;0;SEM INFORMAÇÃO	;RORAIMA;PACARAIMA;PROSTATA, SOE;C619;ADENOCARCINOMA, SOE;81403;PROSTATA;C61;;;;;false;HISTOLOGIA DO TUMOR PRIMÁRIO;SEM INFORMAÇÃO;;;;;;;;29/09/2014;;
1700317;RCBP RORAIMA;MASCULINO;11/06/1930;84;BRANCO;BRASIL;RORAIMA;;SUPERIOR COMPLETO;CASADO;223;PROFISSIONAIS DA MEDICINA, SAÚDE E AFINS  	;RORAIMA;BOA VISTA;FIGADO, SOE;C220;NEOPLASIA MALIGNA;80003;FIGADO E VIAS BILIARES INTRA-HEPATICAS;C22;;;;;false;PESQUISA;SEM INFORMAÇÃO;;;;;;;;25/06/2014;;
1700326;RCBP RORAIMA;MASCULINO;13/01/1981;33;PARDA;BRASIL;RONDONIA;;FUNDAMENTAL I (1ª A 4ª SÉRIE);SEM INFORMAÇÃO;377;ATLETAS, DESPORTISTAS E AFINS 	;RORAIMA;BOA VISTA;ESTOMAGO, SOE;C169;ADENOCARCINOMA, SOE;81403;ESTOMAGO, SOE;C169;;;;;false;HISTOLOGIA DO TUMOR PRIMÁRIO;SEM INFORMAÇÃO;;;;;CÂNCER;23/03/2015;;24/07/2014;;
1700374;RCBP RORAIMA;MASCULINO;20/08/1933;80;BRANCO;BRASIL;Não informado;;SEM ESCOLARIDADE;CASADO;0;SEM INFORMAÇÃO	;RORAIMA;BOA VISTA;PROSTATA, SOE;C619;NEOPLASIA MALIGNA;80003;PROSTATA;C61;;;;;false;HISTOLOGIA DO TUMOR PRIMÁRIO;METÁSTASE;SEM INFORMAÇÃO;99 - SEM INFORMAÇÃO;999;MORTO;CÂNCER;09/01/2014;09/01/2014;09/01/2014;;
1700866;RCBP RORAIMA;MASCULINO;11/12/1948;65;SEM INFORMAÇÃO;BRASIL;Não informado;;FUNDAMENTAL I (1ª A 4ª SÉRIE);SEM INFORMAÇÃO;0;SEM INFORMAÇÃO	;RORAIMA;SÃO JOÃO DA BALIZA;PROSTATA, SOE;C619;ADENOCARCINOMA, SOE;81403;PROSTATA;C61;;;;;false;HISTOLOGIA DO TUMOR PRIMÁRIO;SEM INFORMAÇÃO;;;;;CÂNCER;13/05/2015;;25/11/2014;;
1159856;RCBP RORAIMA;FEMININO;13/06/1947;66;PARDA;BRASIL;MARANHÃO;;SEM INFORMAÇÃO;SEM INFORMAÇÃO;0;SEM INFORMAÇÃO	;RORAIMA;BOA VISTA;PELE, SOE;C449;CARCINOMA BASOCELULAR, SOE;80903;NEOPLASIA MALIGNA DA PELE;C449;;;;;false;HISTOLOGIA DO TUMOR PRIMÁRIO;SEM INFORMAÇÃO;;;;;;;;10/03/2014;;
1159948;RCBP RORAIMA;FEMININO;05/04/1963;51;BRANCO;BRASIL;ACRE;;FUNDAMENTAL I (1ª A 4ª SÉRIE);CASADO;0;SEM INFORMAÇÃO	;RORAIMA;BOA VISTA;MAMA , SOE;C509;CARCINOMA DUCTAL INFILTRANTE;85003;MAMA , SOE;C509;;;;;false;HISTOLOGIA DO TUMOR PRIMÁRIO;SEM INFORMAÇÃO;;;;;;;;16/09/2014;;
1159869;RCBP RORAIMA;MASCULINO;29/11/1933;80;BRANCO;BRASIL;CEARÁ;;FUNDAMENTAL I (1ª A 4ª SÉRIE);CASADO;;;RORAIMA;BOA VISTA;ESOFAGO, SOE;C159;CARCINOMA ESCAMOCELULAR, SOE;80703;ESOFAGO, SOE;C159;;;;;false;HISTOLOGIA DO TUMOR PRIMÁRIO;SEM INFORMAÇÃO;;;;;SEM INFORMAÇÃO;25/06/2014;;03/01/2014;;
713382;RCBP RORAIMA;MASCULINO;15/01/1942;72;SEM INFORMAÇÃO;BRASIL;AMAZONAS;;MÉDIO (ANTIGO SEGUNDO GRAU);SEM INFORMAÇÃO;0;SEM INFORMAÇÃO	;RORAIMA;CARACARAÍ;PROSTATA, SOE;C619;ADENOCARCINOMA, SOE;81403;PROSTATA;C61;;;;;false;HISTOLOGIA DO TUMOR PRIMÁRIO;LOCALIZADO;;;;;;;;23/01/2014;;
1159892;RCBP RORAIMA;MASCULINO;05/05/1984;29;PARDA;BRASIL;MARANHÃO;;MÉDIO (ANTIGO SEGUNDO GRAU);CASADO;322;TÉCNICOS DA CIÊNCIA DA SAÚDE HUMANA 	;RORAIMA;BOA VISTA;TIREOIDE, SOE;C739;ADENOCARCINOMA PAPILAR, SOE;82603;GLANDULA TIREOIDE;C73;;;CARCINOMA DE TIREÓIDE;8.1;false;HISTOLOGIA DO TUMOR PRIMÁRIO;LOCALIZADO;;;;;;;;17/02/2014;;
1159953;RCBP RORAIMA;FEMININO;07/11/1950;63;SEM INFORMAÇÃO;BRASIL;SÃO PAULO;;SEM ESCOLARIDADE;CASADO;622;TRABALHADORES AGRÍCOLAS   	;RORAIMA;IRACEMA;PELE DO MEMBRO SUPERIOR E DO OMBRO;C446;CARCINOMA BASOCELULAR, SOE;80903;PELE DO MEMBRO SUPERIOR E DO OMBRO;C446;;;;;false;HISTOLOGIA DO TUMOR PRIMÁRIO;LOCALIZADO;;;;;;;;10/03/2014;;
1159778;RCBP RORAIMA;MASCULINO;14/02/1964;49;PARDA;BRASIL;MARANHÃO;;FUNDAMENTAL I (1ª A 4ª SÉRIE);CASADO;715;TRABALHADORES DA CONSTRUÇÃO CIVIL E OBRAS PÚBLICAS	;RORAIMA;BOA VISTA;OUVIDO EXTERNO;C442;CARCINOMA BASOCELULAR, SOE;80903;PELE DA ORELHA E CONDUTO AUDITIVO EXTERNO;C442;;;;;false;HISTOLOGIA DO TUMOR PRIMÁRIO;SEM INFORMAÇÃO;;;;;;;;30/01/2014;;
1159804;RCBP RORAIMA;FEMININO;10/02/1949;65;PARDA;BRASIL;Não informado;Não Informado;SEM ESCOLARIDADE;SEM INFORMAÇÃO;0;SEM INFORMAÇÃO	;RORAIMA;BOA VISTA;COLO DO UTERO, SOE;C539;NEOPLASIA INTRA-EPITELIAL ESCAMOSA,GRAU IIII;80772;COLO DO UTERO, SOE;D069;;;;;false;CITOLOGIA;"IN SITU";;;;;;;;26/03/2014;;
1159819;RCBP RORAIMA;FEMININO;02/09/2005;9;SEM INFORMAÇÃO;BRASIL;RORAIMA;;SEM INFORMAÇÃO;SOLTEIRO;0;SEM INFORMAÇÃO	;RORAIMA;BOA VISTA;MEDULA OSSEA;C421;LEUCEMIA LINFOBLASTICA DE CEL. PRECURSORAS TIPO B;98363;LEUCEMIA LINFOBLASTICA AGUDA;C910;Leucemias linfóides;I-A;;;false;HISTOLOGIA DO TUMOR PRIMÁRIO;NÃO SE APLICA;;;;;;;;14/10/2014;;
1159452;RCBP RORAIMA;FEMININO;05/10/1952;61;BRANCO;BRASIL;Não informado;;FUNDAMENTAL I (1ª A 4ª SÉRIE);CASADO;0;SEM INFORMAÇÃO	;RORAIMA;BOA VISTA;OVARIO, SOE;C569;CARCINOMA EMBRIONARIO, SOE;90703;OVARIO;C56;;;;;true;HISTOLOGIA DO TUMOR PRIMÁRIO;SEM INFORMAÇÃO;;;;;CÂNCER;30/10/2014;;14/02/2014;;
1391309;RCBP RORAIMA;FEMININO;02/04/1950;64;PARDA;BRASIL;MARANHÃO;;FUNDAMENTAL I (1ª A 4ª SÉRIE);SOLTEIRO;622;TRABALHADORES AGRÍCOLAS   	;RORAIMA;CANTÁ;PELE DE OUTRAS PARTES DA FACE;C443;CARCINOMA BASOCELULAR, SOE;80903;PELE DE OUTRAS PARTES DA FACE;C443;;;;;false;CLÍNICO;LOCALIZADO;;;;;;;;26/08/2014;;
1469841;RCBP RORAIMA;FEMININO;24/06/1953;61;BRANCO;BRASIL;ESPIRITO SANTO;;FUNDAMENTAL II (5ª A 8ª SÉRIE);SOLTEIRO;;;RORAIMA;BOA VISTA;PELE DO COURO CABELUDO E DO PESCOCO;C444;CARCINOMA ESCAMOCELULAR, SOE;80703;PELE DO COURO CABELUDO E DO PESCOCO;C444;;;;;false;HISTOLOGIA DO TUMOR PRIMÁRIO;LOCALIZADO;;;;;;;;28/07/2014;;
1469856;RCBP RORAIMA;FEMININO;16/03/1969;45;PARDA;BRASIL;Não informado;Não Informado;MÉDIO (ANTIGO SEGUNDO GRAU);SEM INFORMAÇÃO;0;SEM INFORMAÇÃO	;RORAIMA;BOA VISTA;COLO DO UTERO, SOE;C539;NEOPLASIA INTRA-EPITELIAL ESCAMOSA,GRAU IIII;80772;COLO DO UTERO, SOE;D069;;;;;false;CITOLOGIA;"IN SITU";;;;;;;;19/12/2014;;
1469867;RCBP RORAIMA;MASCULINO;01/07/1969;45;INDÍGENA;BRASIL;RORAIMA;;SEM ESCOLARIDADE;CASADO;622;TRABALHADORES AGRÍCOLAS   	;RORAIMA;ALTO ALEGRE;LOCALIZACAO PRIMARIA DESCONHECIDA, SOE;C809;NEOPLASIA MALIGNA;80003;LOCALIZACAO PRIMARIA DESCONHECIDA;C80;;;;;false;HISTOLOGIA DO TUMOR PRIMÁRIO;SEM INFORMAÇÃO;;;;;;;;07/11/2014;;
1469900;RCBP RORAIMA;FEMININO;24/06/1953;60;BRANCO;BRASIL;ESPIRITO SANTO;;FUNDAMENTAL II (5ª A 8ª SÉRIE);SOLTEIRO;0;SEM INFORMAÇÃO	;RORAIMA;BOA VISTA;PELE DO TRONCO;C445;CARCINOMA ESCAMOCELULAR, SOE;80703;PELE DO TRONCO;C445;;;;;false;HISTOLOGIA DO TUMOR PRIMÁRIO;SEM INFORMAÇÃO;;;;;;;;23/04/2014;;
558213;RCBP RORAIMA;MASCULINO;01/01/1940;74;PARDA;BRASIL;RORAIMA;BOA VISTA;SEM INFORMAÇÃO;CASADO;0;SEM INFORMAÇÃO	;RORAIMA;BOA VISTA;SEIO MAXILAR;C310;CARCINOMA, SOE;80103;SEIO MAXILAR;C310;;;;;false;HISTOLOGIA DO TUMOR PRIMÁRIO;LOCALIZADO;;;;;;;;12/05/2014;;
1159042;RCBP RORAIMA;FEMININO;03/05/1961;52;PARDA;BRASIL;Não informado;;SEM INFORMAÇÃO;CASADO;;;RORAIMA;MUCAJAÍ;PORCAO CENTRAL DA MAMA;C501;NEOPLASIA MALIGNA;80003;PORCAO CENTRAL DA MAMA;C501;;;;;false;HISTOLOGIA DO TUMOR PRIMÁRIO;SEM INFORMAÇÃO;;;;;CÂNCER;28/04/2014;;13/01/2014;;
1159038;RCBP RORAIMA;FEMININO;10/08/1966;47;PARDA;BRASIL;Não informado;;MÉDIO (ANTIGO SEGUNDO GRAU);CASADO;;;RORAIMA;SÃO JOÃO DA BALIZA;MEDULA OSSEA;C421;MIELOMA MULTIPLO;97323;MIELOMA MULTIPLO;C900;;;;;false;HISTOLOGIA DO TUMOR PRIMÁRIO;NÃO SE APLICA;;;;;CÂNCER;24/08/2014;;25/01/2014;;
1159039;RCBP RORAIMA;FEMININO;31/07/1983;31;PARDA;BRASIL;Não informado;;MÉDIO (ANTIGO SEGUNDO GRAU);SOLTEIRO;;;RORAIMA;BOA VISTA;COLO DO UTERO, SOE;C539;NEOPLASIA MALIGNA;80003;COLO DO UTERO, SOE;C539;;;;;false;HISTOLOGIA DO TUMOR PRIMÁRIO;SEM INFORMAÇÃO;;;;;CÂNCER;24/10/2014;;24/10/2014;;
1159041;RCBP RORAIMA;FEMININO;14/07/1969;44;BRANCO;BRASIL;Não informado;;SEM INFORMAÇÃO;SOLTEIRO;;;RORAIMA;BOA VISTA;COLO DO UTERO, SOE;C539;NEOPLASIA MALIGNA;80003;COLO DO UTERO, SOE;C539;;;;;false;HISTOLOGIA DO TUMOR PRIMÁRIO;SEM INFORMAÇÃO;;;;;CÂNCER;02/11/2014;;27/02/2014;;
1159044;RCBP RORAIMA;MASCULINO;02/09/1954;59;PARDA;BRASIL;AMAZONAS;MANAUS;FUNDAMENTAL I (1ª A 4ª SÉRIE);UNIÃO CONSENSUAL;215;PROFISSIONAIS EM NAVEGAÇÃO AÉREA, MARÍTIMA E FLUVIAL  	;RORAIMA;CARACARAÍ;PULMAO, SOE;C349;NEOPLASIA MALIGNA;80003;BRONQUIOS OU PULMOES, SOE;C349;;;;;false;HISTOLOGIA DO TUMOR PRIMÁRIO;SEM INFORMAÇÃO;;;;;CÂNCER;10/12/2014;;30/03/2014;;
1159057;RCBP RORAIMA;MASCULINO;06/01/1976;38;INDÍGENA;BRASIL;RORAIMA;NORMANDIA;SEM INFORMAÇÃO;SEM INFORMAÇÃO;622;TRABALHADORES AGRÍCOLAS   	;RORAIMA;NORMANDIA;ESOFAGO, SOE;C159;NEOPLASIA MALIGNA;80003;ESOFAGO, SOE;C159;;;;;false;HISTOLOGIA DO TUMOR PRIMÁRIO;SEM INFORMAÇÃO;;;;;CÂNCER;11/02/2014;;16/01/2014;;
1159104;RCBP RORAIMA;MASCULINO;30/07/1958;56;BRANCO;BRASIL;Não informado;;SUPERIOR COMPLETO;UNIÃO CONSENSUAL;222;AGRÔNOMOS E AFINS 	;RORAIMA;RORAINÓPOLIS;COLON, SOE;C189;NEOPLASIA MALIGNA;80003;COLON, SOE;C189;;;;;false;HISTOLOGIA DO TUMOR PRIMÁRIO;SEM INFORMAÇÃO;;;;;CÂNCER;17/12/2014;;17/12/2014;;
1391752;RCBP RORAIMA;FEMININO;12/10/1998;16;SEM INFORMAÇÃO;BRASIL;Não informado;Não Informado;SEM INFORMAÇÃO;SEM INFORMAÇÃO;;;RORAIMA;BOA VISTA;COLO DO UTERO, SOE;C539;NEOPLASIA INTRA-EPITELIAL ESCAMOSA,GRAU IIII;80772;COLO DO UTERO, SOE;D069;Outros carcinomas malignos não especificados;XI-F;;;true;CITOLOGIA;"IN SITU";;;;;;;;12/11/2014;;
1391754;RCBP RORAIMA;MASCULINO;28/10/1947;66;PARDA;BRASIL;ALAGOAS;;SEM INFORMAÇÃO;CASADO;515;TRABALHADORES DOS SERVIÇOS DE SAÚDE  	;RORAIMA;BOA VISTA;PELE DE OUTRAS PARTES DA FACE;C443;CARCINOMA BASOCELULAR, SOE;80903;PELE DE OUTRAS PARTES DA FACE;C443;;;;;false;HISTOLOGIA DO TUMOR PRIMÁRIO;LOCALIZADO;;;;;;;;30/06/2014;;
1391755;RCBP RORAIMA;FEMININO;06/04/1983;31;PARDA;BRASIL;Não informado;Não Informado;SEM ESCOLARIDADE;SEM INFORMAÇÃO;;;RORAIMA;BOA VISTA;COLO DO UTERO, SOE;C539;NEOPLASIA INTRA-EPITELIAL ESCAMOSA,GRAU IIII;80772;COLO DO UTERO, SOE;D069;;;;;false;CITOLOGIA;"IN SITU";;;;;;;;29/10/2014;;
1159029;RCBP RORAIMA;MASCULINO;28/09/1942;71;PARDA;BRASIL;MINAS GERAIS;PATROCÍNIO;SEM ESCOLARIDADE;CASADO;622;TRABALHADORES AGRÍCOLAS   	;RORAIMA;CANTÁ;PANCREAS, SOE;C259;NEOPLASIA MALIGNA;80003;PANCREAS, SOE;C259;;;;;false;HISTOLOGIA DO TUMOR PRIMÁRIO;SEM INFORMAÇÃO;;;;;CÂNCER;19/06/2014;;24/01/2014;;
1159030;RCBP RORAIMA;MASCULINO;14/08/1937;76;PARDA;BRASIL;Não informado;;FUNDAMENTAL II (5ª A 8ª SÉRIE);SOLTEIRO;141;GERENTES DE PRODUÇÃO E OPERAÇÕES  	;RORAIMA;BOA VISTA;LOCALIZACAO PRIMARIA DESCONHECIDA, SOE;C809;PLASMOCITOMA EXTRAMEDULAR;97343;PLASMOCITOMA EXTRAMEDULAR;C902;;;;;false;HISTOLOGIA DO TUMOR PRIMÁRIO;NÃO SE APLICA;;;;;CÂNCER;11/01/2014;;01/01/2014;;
1159032;RCBP RORAIMA;MASCULINO;19/08/1985;28;PARDA;BRASIL;PARÁ;ITAITUBA;MÉDIO (ANTIGO SEGUNDO GRAU);CASADO;711;TRABALHADORES DA EXTRAÇÃO MINERAL 	;RORAIMA;BOA VISTA;PANCREAS, SOE;C259;NEOPLASIA MALIGNA;80003;PANCREAS, SOE;C259;;;NEOPLASIAS MALIGNAS INESPECÍFICAS;10.1;false;HISTOLOGIA DO TUMOR PRIMÁRIO;SEM INFORMAÇÃO;;;;;CÂNCER;17/01/2014;;02/01/2014;;
1159033;RCBP RORAIMA;FEMININO;22/10/1952;61;INDÍGENA;BRASIL;Não informado;;FUNDAMENTAL I (1ª A 4ª SÉRIE);CASADO;0;SEM INFORMAÇÃO	;RORAIMA;BOA VISTA;VIAS BILIARES EXTRA-HEPATICAS;C240;NEOPLASIA MALIGNA;80003;VIAS BILIARES EXTRA-HEPATICAS;C240;;;;;false;HISTOLOGIA DO TUMOR PRIMÁRIO;SEM INFORMAÇÃO;;;;;CÂNCER;20/12/2014;;01/03/2014;;
1159034;RCBP RORAIMA;FEMININO;09/09/1939;74;PARDA;BRASIL;Não informado;;FUNDAMENTAL I (1ª A 4ª SÉRIE);CASADO;;;RORAIMA;RORAINÓPOLIS;ENDOMETRIO;C541;NEOPLASIA MALIGNA;80003;ENDOMETRIO;C541;;;;;false;SDO;SEM INFORMAÇÃO;SEM INFORMAÇÃO;99 - SEM INFORMAÇÃO;999;MORTO;CÂNCER;12/03/2014;12/03/2014;12/03/2014;;
1159035;RCBP RORAIMA;FEMININO;11/04/2003;11;PARDA;BRASIL;Não informado;;SEM INFORMAÇÃO;SOLTEIRO;;;RORAIMA;BOA VISTA;LARINGE, SOE;C329;NEOPLASIA MALIGNA;80003;LARINGE, SOE;C329;Outros tumores malignos não especificados;XII-B;;;false;SDO;SEM INFORMAÇÃO;SEM INFORMAÇÃO;99 - SEM INFORMAÇÃO;999;MORTO;CÂNCER;29/10/2014;29/10/2014;29/10/2014;;
1159036;RCBP RORAIMA;FEMININO;31/01/1956;58;INDÍGENA;BRASIL;RORAIMA;NORMANDIA;FUNDAMENTAL I (1ª A 4ª SÉRIE);SOLTEIRO;622;TRABALHADORES AGRÍCOLAS   	;RORAIMA;BONFIM;COLO DO UTERO, SOE;C539;NEOPLASIA MALIGNA;80003;COLO DO UTERO, SOE;C539;;;;;false;HISTOLOGIA DO TUMOR PRIMÁRIO;SEM INFORMAÇÃO;;;;;CÂNCER;16/06/2014;;16/06/2014;;
1159045;RCBP RORAIMA;FEMININO;21/12/1945;68;PARDA;BRASIL;RORAIMA;BOA VISTA;SEM ESCOLARIDADE;SOLTEIRO;622;TRABALHADORES AGRÍCOLAS   	;RORAIMA;BOA VISTA;ESTOMAGO, SOE;C169;NEOPLASIA MALIGNA;80003;ESTOMAGO, SOE;C169;;;;;false;HISTOLOGIA DO TUMOR PRIMÁRIO;SEM INFORMAÇÃO;;;;;CÂNCER;08/06/2014;;08/06/2014;;
1159050;RCBP RORAIMA;MASCULINO;08/10/1967;46;PARDA;BRASIL;Não informado;;FUNDAMENTAL I (1ª A 4ª SÉRIE);CASADO;622;TRABALHADORES AGRÍCOLAS   	;RORAIMA;RORAINÓPOLIS;COLON, SOE;C189;NEOPLASIA MALIGNA;80003;COLON, SOE;C189;;;;;false;HISTOLOGIA DO TUMOR PRIMÁRIO;METÁSTASE;;;;;CÂNCER;19/06/2014;;19/06/2014;;
1159117;RCBP RORAIMA;MASCULINO;30/09/1936;77;BRANCO;BRASIL;RORAIMA;BOA VISTA;SEM ESCOLARIDADE;CASADO;622;TRABALHADORES AGRÍCOLAS   	;RORAIMA;BOA VISTA;MEDULA OSSEA;C421;LEUCEMIA LINF.CRON.DE CEL.B/LINFOMA LINF.PEQ.CELS.;98233;LEUCEMIA LINFOCITICA CRONICA;C911;;;;;false;HISTOLOGIA DO TUMOR PRIMÁRIO;NÃO SE APLICA;;;;;CÂNCER;18/08/2014;;26/02/2014;;
1159118;RCBP RORAIMA;MASCULINO;20/05/1945;68;PARDA;BRASIL;RIO GRANDE DO NORTE;MACAÍBA;FUNDAMENTAL II (5ª A 8ª SÉRIE);CASADO;232;PROFESSORES DO ENSINO MÉDIO   	;RORAIMA;PACARAIMA;ESTOMAGO, SOE;C169;NEOPLASIA MALIGNA;80003;ESTOMAGO, SOE;C169;;;;;false;HISTOLOGIA DO TUMOR PRIMÁRIO;SEM INFORMAÇÃO;;;;;CÂNCER;10/06/2014;;04/02/2014;;
1159125;RCBP RORAIMA;MASCULINO;20/10/1938;75;PARDA;BRASIL;RORAIMA;BOA VISTA;SEM ESCOLARIDADE;VIÚVO;622;TRABALHADORES AGRÍCOLAS   	;RORAIMA;BOA VISTA;PELE, SOE;C449;NEOPLASIA MALIGNA;80003;NEOPLASIA MALIGNA DA PELE;C449;;;;;false;HISTOLOGIA DO TUMOR PRIMÁRIO;SEM INFORMAÇÃO;;;;;CÂNCER;24/12/2014;;23/03/2014;;
1159053;RCBP RORAIMA;MASCULINO;11/08/1964;49;PRETA;BRASIL;Não informado;;FUNDAMENTAL II (5ª A 8ª SÉRIE);SEM INFORMAÇÃO;622;TRABALHADORES AGRÍCOLAS   	;RORAIMA;CARACARAÍ;ESTOMAGO, SOE;C169;NEOPLASIA MALIGNA;80003;ESTOMAGO, SOE;C169;;;;;false;HISTOLOGIA DO TUMOR PRIMÁRIO;SEM INFORMAÇÃO;;;;;CÂNCER;18/12/2014;;25/03/2014;;
1159111;RCBP RORAIMA;FEMININO;05/02/1940;73;PARDA;BRASIL;Não informado;;FUNDAMENTAL I (1ª A 4ª SÉRIE);VIÚVO;622;TRABALHADORES AGRÍCOLAS   	;RORAIMA;CAROEBE;LESAO SOBREPOSTA DO ESTOMAGO;C168;NEOPLASIA MALIGNA;80003;LESAO INVASIVA DO ESTOMAGO;C168;;;;;false;HISTOLOGIA DO TUMOR PRIMÁRIO;SEM INFORMAÇÃO;;;;;CÂNCER;30/03/2014;;21/01/2014;;
1159416;RCBP RORAIMA;MASCULINO;27/03/1965;49;INDÍGENA;BRASIL;RORAIMA;;FUNDAMENTAL I (1ª A 4ª SÉRIE);SOLTEIRO;711;TRABALHADORES DA EXTRAÇÃO MINERAL 	;RORAIMA;BOA VISTA;CEREBRO;C710;GLIOBLASTOMA, SOE;94403;CEREBRO;C710;;;;;false;HISTOLOGIA DO TUMOR PRIMÁRIO;SEM INFORMAÇÃO;;;;;SEM INFORMAÇÃO;26/12/2014;;08/05/2014;;
1159106;RCBP RORAIMA;MASCULINO;06/04/1937;76;BRANCO;VENEZUELA;Não informado;Não Informado;MÉDIO (ANTIGO SEGUNDO GRAU);CASADO;;;RORAIMA;BOA VISTA;PULMAO, SOE;C349;NEOPLASIA MALIGNA;80003;BRONQUIOS OU PULMOES, SOE;C349;;;;;false;HISTOLOGIA DO TUMOR PRIMÁRIO;SEM INFORMAÇÃO;;;;;CÂNCER;21/12/2014;;30/01/2014;;
1159107;RCBP RORAIMA;FEMININO;15/01/1976;38;PARDA;BRASIL;MARANHÃO;BARRA DO CORDA;MÉDIO (ANTIGO SEGUNDO GRAU);UNIÃO CONSENSUAL;0;SEM INFORMAÇÃO	;RORAIMA;BOA VISTA;OVARIO, SOE;C569;NEOPLASIA MALIGNA;80003;OVARIO;C56;;;;;false;HISTOLOGIA DO TUMOR PRIMÁRIO;SEM INFORMAÇÃO;;;;;CÂNCER;15/12/2014;;26/03/2014;;
1159144;RCBP RORAIMA;FEMININO;17/07/1950;63;PRETA;BRASIL;Não informado;;FUNDAMENTAL I (1ª A 4ª SÉRIE);VIÚVO;0;SEM INFORMAÇÃO	;RORAIMA;BOA VISTA;COLON SIGMOIDE;C187;NEOPLASIA MALIGNA;80003;COLON SIGMOIDE;C187;;;;;false;HISTOLOGIA DO TUMOR PRIMÁRIO;METÁSTASE;;;;;CÂNCER;10/02/2014;;03/01/2014;;
1159130;RCBP RORAIMA;MASCULINO;07/11/1922;91;PARDA;BRASIL;CEARÁ;FORTALEZA;SEM ESCOLARIDADE;VIÚVO;0;SEM INFORMAÇÃO	;RORAIMA;BOA VISTA;PROSTATA, SOE;C619;NEOPLASIA MALIGNA;80003;PROSTATA;C61;;;;;false;HISTOLOGIA DO TUMOR PRIMÁRIO;SEM INFORMAÇÃO;;;;;CÂNCER;01/07/2014;;22/03/2014;;
1159131;RCBP RORAIMA;MASCULINO;09/10/1940;73;PARDA;BRASIL;CEARÁ;GRANJA;SEM ESCOLARIDADE;SOLTEIRO;711;TRABALHADORES DA EXTRAÇÃO MINERAL 	;RORAIMA;AMAJARI;LOCALIZACAO PRIMARIA DESCONHECIDA, SOE;C809;NEOPLASIA MALIGNA;80003;LOCALIZACAO PRIMARIA DESCONHECIDA;C80;;;;;false;HISTOLOGIA DO TUMOR PRIMÁRIO;SEM INFORMAÇÃO;;;;;CÂNCER;12/02/2014;;23/01/2014;;
1159137;RCBP RORAIMA;MASCULINO;14/07/1932;81;BRANCO;BRASIL;RIO DE JANEIRO;RIO DE JANEIRO;SEM ESCOLARIDADE;SOLTEIRO;0;SEM INFORMAÇÃO	;RORAIMA;BOA VISTA;PROSTATA, SOE;C619;NEOPLASIA MALIGNA;80003;PROSTATA;C61;;;;;false;HISTOLOGIA DO TUMOR PRIMÁRIO;SEM INFORMAÇÃO;;;;;CÂNCER;10/07/2014;;24/03/2014;;
1159150;RCBP RORAIMA;MASCULINO;22/06/1943;70;BRANCO;BRASIL;CEARÁ;ITAIÇABA;FUNDAMENTAL II (5ª A 8ª SÉRIE);SOLTEIRO;0;SEM INFORMAÇÃO	;RORAIMA;BOA VISTA;FIGADO, SOE;C220;NEOPLASIA MALIGNA;80003;FIGADO E VIAS BILIARES INTRA-HEPATICAS;C22;;;;;false;HISTOLOGIA DO TUMOR PRIMÁRIO;SEM INFORMAÇÃO;;;;;CÂNCER;13/03/2014;;21/01/2014;;
1159146;RCBP RORAIMA;FEMININO;15/08/1936;77;BRANCO;BRASIL;RORAIMA;BOA VISTA;FUNDAMENTAL I (1ª A 4ª SÉRIE);SEPARADO JUDICIALMENTE;0;SEM INFORMAÇÃO	;RORAIMA;BOA VISTA;PULMAO, SOE;C349;NEOPLASIA MALIGNA;80003;BRONQUIOS OU PULMOES, SOE;C349;;;;;false;HISTOLOGIA DO TUMOR PRIMÁRIO;SEM INFORMAÇÃO;;;;;CÂNCER;11/02/2014;;10/01/2014;;
1159147;RCBP RORAIMA;FEMININO;22/08/1935;78;BRANCO;BRASIL;MINAS GERAIS;SÃO JOSÉ DO MANTIMENTO;FUNDAMENTAL II (5ª A 8ª SÉRIE);CASADO;0;SEM INFORMAÇÃO	;RORAIMA;SÃO JOÃO DA BALIZA;FIGADO, SOE;C220;NEOPLASIA MALIGNA;80003;FIGADO E VIAS BILIARES INTRA-HEPATICAS;C22;;;;;false;SDO;SEM INFORMAÇÃO;;;;;CÂNCER;08/12/2014;;30/04/2014;;
1159152;RCBP RORAIMA;FEMININO;20/12/1964;49;BRANCO;BRASIL;RORAIMA;BOA VISTA;MÉDIO (ANTIGO SEGUNDO GRAU);SEPARADO JUDICIALMENTE;411;ESCRITURÁRIOS EM GERAL, AGENTES, ASSISTENTES E AUXILIARES ADMINISTRATIVOS 	;RORAIMA;BOA VISTA;ESTOMAGO, SOE;C169;NEOPLASIA MALIGNA;80003;ESTOMAGO, SOE;C169;;;;;false;HISTOLOGIA DO TUMOR PRIMÁRIO;SEM INFORMAÇÃO;;;;;CÂNCER;26/07/2014;;13/02/2014;;
1159169;RCBP RORAIMA;MASCULINO;27/04/1994;19;INDÍGENA;VENEZUELA;Não informado;Não Informado;MÉDIO (ANTIGO SEGUNDO GRAU);SOLTEIRO;0;SEM INFORMAÇÃO	;RORAIMA;BOA VISTA;FIGADO, SOE;C220;NEOPLASIA MALIGNA;80003;FIGADO E VIAS BILIARES INTRA-HEPATICAS;C22;Tumores hepáticos malignos e não especificados;VII-C;NEOPLASIAS MALIGNAS INESPECÍFICAS;10.1;false;HISTOLOGIA DO TUMOR PRIMÁRIO;SEM INFORMAÇÃO;;;;;CÂNCER;05/04/2014;;05/04/2014;;
1159170;RCBP RORAIMA;FEMININO;07/07/1997;17;PARDA;BRASIL;Não informado;;MÉDIO (ANTIGO SEGUNDO GRAU);SOLTEIRO;0;SEM INFORMAÇÃO	;RORAIMA;BOA VISTA;MEDULA OSSEA;C421;LEUCEMIA LINFOBLASTICA DE CELULAS PRECURSORAS,SOE;98353;LEUCEMIA LINFOBLASTICA AGUDA;C910;Leucemias linfóides;I-A;LEUCEMIA LINFÓIDE AGUDA;1.1;false;SDO;NÃO SE APLICA;SEM INFORMAÇÃO;99 - SEM INFORMAÇÃO;999;MORTO;CÂNCER;10/12/2014;10/12/2014;10/12/2014;;
1159285;RCBP RORAIMA;MASCULINO;20/09/1942;71;PARDA;BRASIL;Não informado;;FUNDAMENTAL I (1ª A 4ª SÉRIE);SOLTEIRO;0;SEM INFORMAÇÃO	;RORAIMA;BOA VISTA;PULMAO, SOE;C349;NEOPLASIA MALIGNA;80003;BRONQUIOS OU PULMOES, SOE;C349;;;;;false;SDO;SEM INFORMAÇÃO;SEM INFORMAÇÃO;99 - SEM INFORMAÇÃO;999;MORTO;CÂNCER;04/06/2014;04/06/2014;04/06/2014;;
1159175;RCBP RORAIMA;MASCULINO;10/05/1945;69;PARDA;BRASIL;Não informado;;FUNDAMENTAL I (1ª A 4ª SÉRIE);SOLTEIRO;0;SEM INFORMAÇÃO	;RORAIMA;CARACARAÍ;PROSTATA, SOE;C619;NEOPLASIA MALIGNA;80003;PROSTATA;C61;;;;;false;SDO;SEM INFORMAÇÃO;SEM INFORMAÇÃO;99 - SEM INFORMAÇÃO;999;MORTO;CÂNCER;27/06/2014;27/06/2014;27/06/2014;;
1159176;RCBP RORAIMA;MASCULINO;17/02/1923;91;PARDA;BRASIL;Não informado;;SEM ESCOLARIDADE;SOLTEIRO;0;SEM INFORMAÇÃO	;RORAIMA;AMAJARI;PROSTATA, SOE;C619;NEOPLASIA MALIGNA;80003;PROSTATA;C61;;;;;false;SDO;SEM INFORMAÇÃO;SEM INFORMAÇÃO;99 - SEM INFORMAÇÃO;999;MORTO;CÂNCER;21/12/2014;21/12/2014;21/12/2014;;
1159321;RCBP RORAIMA;FEMININO;10/02/1945;69;BRANCO;BRASIL;Não informado;;SEM ESCOLARIDADE;VIÚVO;0;SEM INFORMAÇÃO	;RORAIMA;MUCAJAÍ;COLO DO UTERO, SOE;C539;NEOPLASIA MALIGNA;80003;COLO DO UTERO, SOE;C539;;;;;false;SDO;SEM INFORMAÇÃO;SEM INFORMAÇÃO;99 - SEM INFORMAÇÃO;999;MORTO;CÂNCER;11/03/2014;11/03/2014;11/03/2014;;
1469877;RCBP RORAIMA;FEMININO;31/05/1958;56;SEM INFORMAÇÃO;BRASIL;MINAS GERAIS;;SEM INFORMAÇÃO;SEM INFORMAÇÃO;0;SEM INFORMAÇÃO	;RORAIMA;BOA VISTA;COLON DESCENDENTE;C186;ADENOCARCINOMA, SOE;81403;COLON DESCENDENTE;C186;;;;;false;HISTOLOGIA DO TUMOR PRIMÁRIO;METÁSTASE;;;;;;;;01/08/2014;;
1159436;RCBP RORAIMA;MASCULINO;04/03/1945;69;PARDA;BRASIL;Não informado;;SEM INFORMAÇÃO;SEM INFORMAÇÃO;622;TRABALHADORES AGRÍCOLAS   	;RORAIMA;BOA VISTA;PROSTATA, SOE;C619;NEOPLASIA MALIGNA;80003;PROSTATA;C61;;;;;false;SDO;SEM INFORMAÇÃO;SEM INFORMAÇÃO;99 - SEM INFORMAÇÃO;999;MORTO;CÂNCER;13/08/2014;13/08/2014;13/08/2014;;
1159438;RCBP RORAIMA;MASCULINO;24/01/1951;62;BRANCO;BRASIL;Não informado;;FUNDAMENTAL I (1ª A 4ª SÉRIE);UNIÃO CONSENSUAL;722;TRABALHADORES DE CONFORMAÇÃO DE METAIS E DE COMPÓSITOS	;RORAIMA;BOA VISTA;FIGADO, SOE;C220;NEOPLASIA MALIGNA;80003;FIGADO E VIAS BILIARES INTRA-HEPATICAS;C22;;;;;false;SDO;SEM INFORMAÇÃO;SEM INFORMAÇÃO;99 - SEM INFORMAÇÃO;999;MORTO;CÂNCER;18/01/2014;18/01/2014;18/01/2014;;
1159439;RCBP RORAIMA;MASCULINO;15/04/1969;45;PARDA;BRASIL;Não informado;;MÉDIO (ANTIGO SEGUNDO GRAU);SOLTEIRO;821;OPERADORES DE INSTALAÇÕES E EQUIPAMENTOS DE PRODUÇÃO DE METAIS E LIGAS- PRIMEIRA FUSÃO	;RORAIMA;PACARAIMA;PENIS, SOE;C609;NEOPLASIA MALIGNA;80003;PENIS, SOE;C609;;;;;false;SDO;SEM INFORMAÇÃO;SEM INFORMAÇÃO;99 - SEM INFORMAÇÃO;999;MORTO;CÂNCER;10/09/2014;10/09/2014;10/09/2014;;
1159440;RCBP RORAIMA;FEMININO;21/03/1940;74;PARDA;BRASIL;Não informado;;FUNDAMENTAL I (1ª A 4ª SÉRIE);VIÚVO;0;SEM INFORMAÇÃO	;RORAIMA;MUCAJAÍ;PARAMETRIO;C573;NEOPLASIA MALIGNA;80003;PARAMETRIO;C573;;;;;false;SDO;SEM INFORMAÇÃO;SEM INFORMAÇÃO;99 - SEM INFORMAÇÃO;999;MORTO;CÂNCER;08/11/2014;08/11/2014;08/11/2014;;
1159443;RCBP RORAIMA;MASCULINO;21/08/1961;52;BRANCO;BRASIL;Não informado;;FUNDAMENTAL II (5ª A 8ª SÉRIE);SOLTEIRO;;;RORAIMA;BOA VISTA;LOCALIZACAO PRIMARIA DESCONHECIDA, SOE;C809;NEOPLASIA MALIGNA;80003;LOCALIZACAO PRIMARIA DESCONHECIDA;C80;;;;;false;SDO;SEM INFORMAÇÃO;SEM INFORMAÇÃO;99 - SEM INFORMAÇÃO;999;MORTO;CÂNCER;16/02/2014;16/02/2014;16/02/2014;;
1159444;RCBP RORAIMA;FEMININO;21/03/1977;37;INDÍGENA;BRASIL;Não informado;;MÉDIO (ANTIGO SEGUNDO GRAU);UNIÃO CONSENSUAL;0;SEM INFORMAÇÃO	;RORAIMA;BOA VISTA;COLO DO UTERO, SOE;C539;NEOPLASIA MALIGNA;80003;COLO DO UTERO, SOE;C539;;;;;false;SDO;SEM INFORMAÇÃO;SEM INFORMAÇÃO;99 - SEM INFORMAÇÃO;999;MORTO;CÂNCER;03/10/2014;03/10/2014;03/10/2014;;
1159448;RCBP RORAIMA;FEMININO;08/01/1984;30;PARDA;BRASIL;Não informado;;MÉDIO (ANTIGO SEGUNDO GRAU);UNIÃO CONSENSUAL;322;TÉCNICOS DA CIÊNCIA DA SAÚDE HUMANA 	;RORAIMA;BOA VISTA;COLO DO UTERO, SOE;C539;NEOPLASIA MALIGNA;80003;COLO DO UTERO, SOE;C539;;;;;false;HISTOLOGIA DA METÁSTASE;METÁSTASE;;;;;CÂNCER;22/12/2014;;28/05/2014;;
1159449;RCBP RORAIMA;FEMININO;28/06/1994;20;BRANCO;BRASIL;Não informado;;SUPERIOR COMPLETO;SEM INFORMAÇÃO;0;SEM INFORMAÇÃO	;RORAIMA;BOA VISTA;OVARIO, SOE;C569;NEOPLASIA MALIGNA;80003;OVARIO;C56;;;NEOPLASIAS MALIGNAS INESPECÍFICAS;10.1;false;SDO;SEM INFORMAÇÃO;SEM INFORMAÇÃO;99 - SEM INFORMAÇÃO;999;MORTO;CÂNCER;05/11/2014;05/11/2014;05/11/2014;;
1159451;RCBP RORAIMA;FEMININO;09/11/1919;94;BRANCO;BRASIL;Não informado;;SEM ESCOLARIDADE;VIÚVO;0;SEM INFORMAÇÃO	;RORAIMA;BOA VISTA;LOCALIZACAO PRIMARIA DESCONHECIDA, SOE;C809;NEOPLASIA MALIGNA;80003;LOCALIZACAO PRIMARIA DESCONHECIDA;C80;;;;;false;SDO;SEM INFORMAÇÃO;SEM INFORMAÇÃO;99 - SEM INFORMAÇÃO;999;MORTO;CÂNCER;13/07/2014;13/07/2014;13/07/2014;;
1159454;RCBP RORAIMA;FEMININO;02/06/1943;70;BRANCO;BRASIL;Não informado;;MÉDIO (ANTIGO SEGUNDO GRAU);CASADO;622;TRABALHADORES AGRÍCOLAS   	;RORAIMA;BOA VISTA;COLO DO UTERO, SOE;C539;NEOPLASIA MALIGNA;80003;COLO DO UTERO, SOE;C539;;;;;false;SDO;SEM INFORMAÇÃO;SEM INFORMAÇÃO;99 - SEM INFORMAÇÃO;999;MORTO;CÂNCER;08/05/2014;08/05/2014;08/05/2014;;
1469822;RCBP RORAIMA;FEMININO;16/10/1962;52;PARDA;BRASIL;MARANHÃO;;SEM INFORMAÇÃO;CASADO;0;SEM INFORMAÇÃO	;RORAIMA;BOA VISTA;PELE, SOE;C449;CARCINOMA BASOCELULAR, SOE;80903;NEOPLASIA MALIGNA DA PELE;C449;;;;;false;HISTOLOGIA DO TUMOR PRIMÁRIO;SEM INFORMAÇÃO;;;;;;;;03/11/2014;;
1469889;RCBP RORAIMA;FEMININO;16/10/1962;52;PARDA;BRASIL;MARANHÃO;;FUNDAMENTAL I (1ª A 4ª SÉRIE);CASADO;0;SEM INFORMAÇÃO	;RORAIMA;BOA VISTA;PELE DE OUTRAS PARTES DA FACE;C443;CARCINOMA BASOCELULAR NODULAR;80973;PELE DE OUTRAS PARTES DA FACE;C443;;;;;false;HISTOLOGIA DO TUMOR PRIMÁRIO;LOCALIZADO;;;;;;;;12/11/2014;;
1469823;RCBP RORAIMA;FEMININO;20/07/1981;32;PARDA;BRASIL;Não informado;Não Informado;MÉDIO (ANTIGO SEGUNDO GRAU);SEM INFORMAÇÃO;0;SEM INFORMAÇÃO	;RORAIMA;BOA VISTA;COLO DO UTERO, SOE;C539;NEOPLASIA INTRA-EPITELIAL ESCAMOSA,GRAU IIII;80772;COLO DO UTERO, SOE;D069;;;;;false;CITOLOGIA;"IN SITU";;;;;;;;09/04/2014;;
1469826;RCBP RORAIMA;FEMININO;08/07/1946;68;PARDA;BRASIL;MARANHÃO;;FUNDAMENTAL I (1ª A 4ª SÉRIE);CASADO;0;SEM INFORMAÇÃO	;RORAIMA;BOA VISTA;PELE DE OUTRAS PARTES DA FACE;C443;CARCINOMA BASOCELULAR NODULAR;80973;PELE DE OUTRAS PARTES DA FACE;C443;;;;;false;HISTOLOGIA DO TUMOR PRIMÁRIO;LOCALIZADO;;;;;;;;12/11/2014;;
1469834;RCBP RORAIMA;FEMININO;27/09/1953;60;PARDA;BRASIL;AMAZONAS;;MÉDIO (ANTIGO SEGUNDO GRAU);SOLTEIRO;252;PROFISSIONAIS DE ORGANIZAÇÃO E ADMINISTRAÇÃO DE EMPRESAS E AFINS  	;RORAIMA;BOA VISTA;MAMA , SOE;C509;CARCINOMA INTRADUCTAL, NAO INFILTRANTE, SOE;85002;CARCINOMA "IN SITU" DA MAMA, SOE;D059;;;;;false;HISTOLOGIA DO TUMOR PRIMÁRIO;"IN SITU";;;;;;;;15/01/2014;;
1469837;RCBP RORAIMA;FEMININO;01/07/1987;26;PARDA;BRASIL;Não informado;Não Informado;MÉDIO (ANTIGO SEGUNDO GRAU);SEM INFORMAÇÃO;0;SEM INFORMAÇÃO	;RORAIMA;BOA VISTA;COLO DO UTERO, SOE;C539;NEOPLASIA INTRA-EPITELIAL ESCAMOSA,GRAU IIII;80772;COLO DO UTERO, SOE;D069;;;;;false;CITOLOGIA;"IN SITU";;;;;;;;20/01/2014;;
1469842;RCBP RORAIMA;FEMININO;23/07/1990;23;PARDA;BRASIL;Não informado;Não Informado;MÉDIO (ANTIGO SEGUNDO GRAU);SEM INFORMAÇÃO;0;SEM INFORMAÇÃO	;RORAIMA;BOA VISTA;COLO DO UTERO, SOE;C539;NEOPLASIA INTRA-EPITELIAL ESCAMOSA,GRAU IIII;80772;COLO DO UTERO, SOE;D069;;;;;false;CITOLOGIA;"IN SITU";;;;;;;;09/04/2014;;
1469866;RCBP RORAIMA;MASCULINO;07/02/1958;56;BRANCO;BRASIL;GOIAS;GOIÂNIA;SUPERIOR COMPLETO;SEPARADO JUDICIALMENTE;252;PROFISSIONAIS DE ORGANIZAÇÃO E ADMINISTRAÇÃO DE EMPRESAS E AFINS  	;RORAIMA;BOA VISTA;PELE DO TRONCO;C445;CARCINOMA BASOCELULAR, SOE;80903;PELE DO TRONCO;C445;;;;;false;HISTOLOGIA DO TUMOR PRIMÁRIO;LOCALIZADO;;;;;;;;12/12/2014;;
1469884;RCBP RORAIMA;FEMININO;08/04/1996;18;PARDA;BRASIL;Não informado;Não Informado;MÉDIO (ANTIGO SEGUNDO GRAU);SEM INFORMAÇÃO;0;SEM INFORMAÇÃO	;RORAIMA;BOA VISTA;COLO DO UTERO, SOE;C539;NEOPLASIA INTRA-EPITELIAL ESCAMOSA,GRAU IIII;80772;COLO DO UTERO, SOE;D069;Outros carcinomas malignos não especificados;XI-F;;;true;CITOLOGIA;"IN SITU";;;;;;;;26/11/2014;;
1469869;RCBP RORAIMA;MASCULINO;;;BRANCO;BRASIL;MARANHÃO;;FUNDAMENTAL I (1ª A 4ª SÉRIE);CASADO;717;AJUDANTES DE OBRAS	;RORAIMA;BOA VISTA;PELE, SOE;C449;CARCINOMA BASOCELULAR, SOE;80903;NEOPLASIA MALIGNA DA PELE;C449;;;;;false;HISTOLOGIA DO TUMOR PRIMÁRIO;SEM INFORMAÇÃO;;;;;;;;12/12/2014;;
1469880;RCBP RORAIMA;FEMININO;28/11/1959;54;BRANCO;BRASIL;RIO GRANDE DO NORTE;;SUPERIOR COMPLETO;SOLTEIRO;251;CIENTISTAS SOCIAIS, PSICÓLOGOS E AFINS	;RORAIMA;BOA VISTA;PELE, SOE;C449;CARCINOMA BASOCELULAR, SOE;80903;NEOPLASIA MALIGNA DA PELE;C449;;;;;false;HISTOLOGIA DO TUMOR PRIMÁRIO;SEM INFORMAÇÃO;;;;;;;;19/07/2014;;
1159929;RCBP RORAIMA;FEMININO;19/01/1971;43;PARDA;BRASIL;RORAIMA;BOA VISTA;MÉDIO (ANTIGO SEGUNDO GRAU);CASADO;514;TRABALHADORES NOS SERVIÇOS DE ADMINISTRAÇÃO, CONSERVAÇÃO E MANUTENÇÃO DE EDIFÍCIOS E LOGRADOUROS  	;RORAIMA;BOA VISTA;MAMA , SOE;C509;CARCINOMA DUCTAL INFILTRANTE;85003;MAMA , SOE;C509;;;;;false;HISTOLOGIA DO TUMOR PRIMÁRIO;METÁSTASE;;;;;CÂNCER;03/09/2015;;01/10/2014;;
717184;RCBP RORAIMA;MASCULINO;;;SEM INFORMAÇÃO;BRASIL;RORAIMA;BOA VISTA;SEM INFORMAÇÃO;SEM INFORMAÇÃO;0;SEM INFORMAÇÃO	;RORAIMA;BOA VISTA;PELE DE OUTRAS PARTES DA FACE;C443;CARCINOMA BASOCELULAR, SOE;80903;PELE DE OUTRAS PARTES DA FACE;C443;;;;;false;HISTOLOGIA DO TUMOR PRIMÁRIO;SEM INFORMAÇÃO;;;;;;;;06/02/2014;;
1159985;RCBP RORAIMA;MASCULINO;25/04/1962;51;SEM INFORMAÇÃO;BRASIL;MARANHÃO;;FUNDAMENTAL I (1ª A 4ª SÉRIE);CASADO;0;SEM INFORMAÇÃO	;RORAIMA;BOA VISTA;PELE DO MEMBRO SUPERIOR E DO OMBRO;C446;CARCINOMA BASOCELULAR, SOE;80903;PELE DO MEMBRO SUPERIOR E DO OMBRO;C446;;;;;false;HISTOLOGIA DO TUMOR PRIMÁRIO;SEM INFORMAÇÃO;;;;;;;;14/02/2014;;
1159992;RCBP RORAIMA;MASCULINO;28/10/1940;73;BRANCO;BRASIL;MARANHÃO;;FUNDAMENTAL II (5ª A 8ª SÉRIE);CASADO;0;SEM INFORMAÇÃO	;RORAIMA;BOA VISTA;PELE DE OUTRAS PARTES DA FACE;C443;CARCINOMA BASOCELULAR, SOE;80903;PELE DE OUTRAS PARTES DA FACE;C443;;;;;false;HISTOLOGIA DO TUMOR PRIMÁRIO;SEM INFORMAÇÃO;;;;;;;;05/09/2014;;
1159993;RCBP RORAIMA;MASCULINO;;84;SEM INFORMAÇÃO;Não informado;Não informado;Não Informado;SEM INFORMAÇÃO;SEM INFORMAÇÃO;0;SEM INFORMAÇÃO	;RORAIMA;BOA VISTA;PROSTATA, SOE;C619;ADENOCARCINOMA, SOE;81403;PROSTATA;C61;;;;;false;HISTOLOGIA DO TUMOR PRIMÁRIO;SEM INFORMAÇÃO;;;;SEM INFORMAÇÃO;;;;11/02/2014;;
1159994;RCBP RORAIMA;MASCULINO;;65;SEM INFORMAÇÃO;BRASIL;Não informado;Não Informado;SEM INFORMAÇÃO;SEM INFORMAÇÃO;0;SEM INFORMAÇÃO	;RORAIMA;BOA VISTA;PULMAO, SOE;C349;CARCINOMA ESCAMOCELULAR, SOE;80703;BRONQUIOS OU PULMOES, SOE;C349;;;;;false;HISTOLOGIA DO TUMOR PRIMÁRIO;SEM INFORMAÇÃO;;;;;;;;16/10/2014;;
1159474;RCBP RORAIMA;MASCULINO;01/01/1969;45;INDÍGENA;VENEZUELA;Não informado;Não Informado;SEM ESCOLARIDADE;CASADO;622;TRABALHADORES AGRÍCOLAS   	;RORAIMA;AMAJARI;FIGADO, SOE;C220;NEOPLASIA MALIGNA;80003;FIGADO E VIAS BILIARES INTRA-HEPATICAS;C22;;;;;false;SDO;SEM INFORMAÇÃO;SEM INFORMAÇÃO;99 - SEM INFORMAÇÃO;999;MORTO;CÂNCER;14/04/2014;14/04/2014;14/04/2014;;
1159055;RCBP RORAIMA;MASCULINO;10/09/1955;58;PARDA;BRASIL;Não informado;;FUNDAMENTAL II (5ª A 8ª SÉRIE);SEM INFORMAÇÃO;711;TRABALHADORES DA EXTRAÇÃO MINERAL 	;RORAIMA;BOA VISTA;LINGUA, SOE;C029;NEOPLASIA MALIGNA;80003;LINGUA, SOE;C029;;;;;false;HISTOLOGIA DO TUMOR PRIMÁRIO;SEM INFORMAÇÃO;;;;;CÂNCER;23/11/2014;;20/01/2014;;
1159179;RCBP RORAIMA;MASCULINO;23/10/1950;63;BRANCO;BRASIL;Não informado;;MÉDIO (ANTIGO SEGUNDO GRAU);UNIÃO CONSENSUAL;622;TRABALHADORES AGRÍCOLAS   	;RORAIMA;BOA VISTA;PROSTATA, SOE;C619;NEOPLASIA MALIGNA;80003;PROSTATA;C61;;;;;false;SDO;METÁSTASE;SEM INFORMAÇÃO;99 - SEM INFORMAÇÃO;999;MORTO;CÂNCER;15/07/2014;15/07/2014;15/07/2014;;
1159183;RCBP RORAIMA;MASCULINO;23/03/1947;67;PARDA;BRASIL;Não informado;;SEM ESCOLARIDADE;CASADO;;;RORAIMA;CARACARAÍ;ESOFAGO, SOE;C159;NEOPLASIA MALIGNA;80003;ESOFAGO, SOE;C159;;;;;false;SDO;SEM INFORMAÇÃO;SEM INFORMAÇÃO;99 - SEM INFORMAÇÃO;999;MORTO;CÂNCER;21/05/2014;21/05/2014;21/05/2014;;
1159185;RCBP RORAIMA;MASCULINO;17/03/1958;55;BRANCO;BRASIL;Não informado;;FUNDAMENTAL II (5ª A 8ª SÉRIE);CASADO;622;TRABALHADORES AGRÍCOLAS   	;RORAIMA;IRACEMA;LOCALIZACAO PRIMARIA DESCONHECIDA, SOE;C809;NEOPLASIA MALIGNA;80003;LOCALIZACAO PRIMARIA DESCONHECIDA;C80;;;;;false;SDO;SEM INFORMAÇÃO;SEM INFORMAÇÃO;99 - SEM INFORMAÇÃO;999;MORTO;CÂNCER;04/03/2014;04/03/2014;04/03/2014;;
1159187;RCBP RORAIMA;MASCULINO;05/01/1951;63;PARDA;BRASIL;Não informado;;FUNDAMENTAL I (1ª A 4ª SÉRIE);UNIÃO CONSENSUAL;622;TRABALHADORES AGRÍCOLAS   	;RORAIMA;BOA VISTA;FIGADO, SOE;C220;CARCINOMA HEPATOCELULAR, SOE;81703;CARCINOMA DE CELULAS HEPATICAS;C220;;;;;false;SDO;SEM INFORMAÇÃO;SEM INFORMAÇÃO;99 - SEM INFORMAÇÃO;999;MORTO;CÂNCER;29/04/2014;29/04/2014;29/04/2014;;
1159188;RCBP RORAIMA;MASCULINO;24/10/1938;75;PRETA;BRASIL;Não informado;;FUNDAMENTAL I (1ª A 4ª SÉRIE);CASADO;622;TRABALHADORES AGRÍCOLAS   	;RORAIMA;RORAINÓPOLIS;MEDULA OSSEA;C421;LEUCEMIA LINF.CRON.DE CEL.B/LINFOMA LINF.PEQ.CELS.;98233;LEUCEMIA LINFOCITICA CRONICA;C911;;;;;false;SDO;NÃO SE APLICA;SEM INFORMAÇÃO;99 - SEM INFORMAÇÃO;999;MORTO;CÂNCER;25/09/2014;25/09/2014;25/09/2014;;
1159192;RCBP RORAIMA;MASCULINO;15/09/1955;58;PRETA;BRASIL;Não informado;;SEM INFORMAÇÃO;SEM INFORMAÇÃO;711;TRABALHADORES DA EXTRAÇÃO MINERAL 	;RORAIMA;BOA VISTA;ESTOMAGO, SOE;C169;CARCINOMA "IN SITU", SOE;80102;ESTOMAGO;D002;;;;;false;SDO;"IN SITU";SEM INFORMAÇÃO;99 - SEM INFORMAÇÃO;999;MORTO;CÂNCER;07/05/2014;07/05/2014;07/05/2014;;
1159194;RCBP RORAIMA;MASCULINO;05/02/1921;93;BRANCO;BRASIL;Não informado;;SEM ESCOLARIDADE;SOLTEIRO;711;TRABALHADORES DA EXTRAÇÃO MINERAL 	;RORAIMA;BOA VISTA;RIM, SOE;C649;NEOPLASIA MALIGNA;80003;RIM;C64;;;;;false;SDO;SEM INFORMAÇÃO;SEM INFORMAÇÃO;99 - SEM INFORMAÇÃO;999;MORTO;CÂNCER;05/08/2014;05/08/2014;05/08/2014;;
1159164;RCBP RORAIMA;MASCULINO;28/10/1959;54;PARDA;BRASIL;Não informado;;MÉDIO (ANTIGO SEGUNDO GRAU);CASADO;;;RORAIMA;BOA VISTA;PANCREAS, SOE;C259;NEOPLASIA MALIGNA;80003;PANCREAS, SOE;C259;;;;;false;HISTOLOGIA DO TUMOR PRIMÁRIO;SEM INFORMAÇÃO;;;;;CÂNCER;20/10/2014;;01/02/2014;;
1159167;RCBP RORAIMA;FEMININO;04/10/1969;44;INDÍGENA;BRASIL;RORAIMA;BONFIM;MÉDIO (ANTIGO SEGUNDO GRAU);SEM INFORMAÇÃO;513;TRABALHADORES DOS SERVIÇOS DE HOTELARIA E ALIMENTAÇÃO 	;RORAIMA;BONFIM;FIGADO, SOE;C220;NEOPLASIA MALIGNA;80003;FIGADO E VIAS BILIARES INTRA-HEPATICAS;C22;;;;;false;HISTOLOGIA DO TUMOR PRIMÁRIO;SEM INFORMAÇÃO;;;;;CÂNCER;01/09/2014;;16/03/2014;;
1159168;RCBP RORAIMA;FEMININO;12/01/1970;43;PARDA;BRASIL;PARÁ;MOJU;FUNDAMENTAL I (1ª A 4ª SÉRIE);SEM INFORMAÇÃO;763;TRABALHADORES DA CONFECÇÃO DE ROUPAS 	;RORAIMA;BOA VISTA;COLO DO UTERO, SOE;C539;NEOPLASIA MALIGNA;80003;COLO DO UTERO, SOE;C539;;;;;false;HISTOLOGIA DO TUMOR PRIMÁRIO;SEM INFORMAÇÃO;;;;;CÂNCER;10/01/2014;;10/01/2014;;
1159278;RCBP RORAIMA;MASCULINO;25/05/1948;65;PARDA;BRASIL;Não informado;;SEM ESCOLARIDADE;VIÚVO;;;RORAIMA;CARACARAÍ;PANCREAS, SOE;C259;NEOPLASIA MALIGNA;80003;PANCREAS, SOE;C259;;;;;false;SDO;SEM INFORMAÇÃO;SEM INFORMAÇÃO;99 - SEM INFORMAÇÃO;999;MORTO;CÂNCER;12/04/2014;12/04/2014;12/04/2014;;
1159299;RCBP RORAIMA;FEMININO;06/12/1955;58;PARDA;BRASIL;Não informado;;FUNDAMENTAL I (1ª A 4ª SÉRIE);UNIÃO CONSENSUAL;622;TRABALHADORES AGRÍCOLAS   	;RORAIMA;BONFIM;MEDULA OSSEA;C421;SINDROME MIELODISPLASICA, SOE;99893;SINDROME MIELODISPLASICA, NAO ESPECIFICADA;D469;;;;;false;SDO;NÃO SE APLICA;SEM INFORMAÇÃO;99 - SEM INFORMAÇÃO;999;MORTO;NÃO CÂNCER;11/05/2014;11/05/2014;11/05/2014;;
1159300;RCBP RORAIMA;FEMININO;05/04/1933;81;PARDA;BRASIL;Não informado;;SEM ESCOLARIDADE;VIÚVO;0;SEM INFORMAÇÃO	;RORAIMA;BOA VISTA;MEDULA OSSEA;C421;SINDROME MIELODISPLASICA, SOE;99893;SINDROME MIELODISPLASICA, NAO ESPECIFICADA;D469;;;;;false;SDO;NÃO SE APLICA;SEM INFORMAÇÃO;99 - SEM INFORMAÇÃO;999;MORTO;NÃO CÂNCER;05/12/2014;05/12/2014;05/12/2014;;
1159301;RCBP RORAIMA;FEMININO;22/12/1970;43;SEM INFORMAÇÃO;BRASIL;Não informado;;SEM INFORMAÇÃO;UNIÃO CONSENSUAL;232;PROFESSORES DO ENSINO MÉDIO   	;RORAIMA;BOA VISTA;COLO DO UTERO, SOE;C539;NEOPLASIA MALIGNA;80003;COLO DO UTERO, SOE;C539;;;;;false;SDO;SEM INFORMAÇÃO;SEM INFORMAÇÃO;99 - SEM INFORMAÇÃO;999;MORTO;CÂNCER;28/02/2014;28/02/2014;28/02/2014;;
1159302;RCBP RORAIMA;FEMININO;30/07/1945;68;BRANCO;BRASIL;Não informado;;FUNDAMENTAL I (1ª A 4ª SÉRIE);VIÚVO;0;SEM INFORMAÇÃO	;RORAIMA;BOA VISTA;ABDOME, SOE;C762;NEOPLASIA MALIGNA;80003;ABDOME;C762;;;;;false;SDO;SEM INFORMAÇÃO;SEM INFORMAÇÃO;99 - SEM INFORMAÇÃO;999;MORTO;CÂNCER;11/04/2014;11/04/2014;11/04/2014;;
1159304;RCBP RORAIMA;FEMININO;09/01/1939;75;PARDA;BRASIL;Não informado;;SEM ESCOLARIDADE;VIÚVO;0;SEM INFORMAÇÃO	;RORAIMA;BOA VISTA;VESICULA BILIAR, SOE;C239;NEOPLASIA MALIGNA;80003;VESICULA BILIAR;C23;;;;;false;SDO;METÁSTASE;SEM INFORMAÇÃO;99 - SEM INFORMAÇÃO;999;MORTO;CÂNCER;20/03/2014;20/03/2014;20/03/2014;;
1159305;RCBP RORAIMA;FEMININO;17/08/1939;75;BRANCO;BRASIL;Não informado;;FUNDAMENTAL I (1ª A 4ª SÉRIE);VIÚVO;622;TRABALHADORES AGRÍCOLAS   	;RORAIMA;BOA VISTA;MAMA , SOE;C509;NEOPLASIA MALIGNA;80003;MAMA , SOE;C509;;;;;false;SDO;SEM INFORMAÇÃO;SEM INFORMAÇÃO;99 - SEM INFORMAÇÃO;999;MORTO;CÂNCER;06/09/2014;06/09/2014;06/09/2014;;
1159307;RCBP RORAIMA;FEMININO;15/01/1955;59;PARDA;BRASIL;Não informado;;SEM ESCOLARIDADE;CASADO;622;TRABALHADORES AGRÍCOLAS   	;RORAIMA;BOA VISTA;ESTOMAGO, SOE;C169;NEOPLASIA MALIGNA;80003;ESTOMAGO, SOE;C169;;;;;false;SDO;SEM INFORMAÇÃO;SEM INFORMAÇÃO;99 - SEM INFORMAÇÃO;999;MORTO;CÂNCER;16/05/2014;16/05/2014;16/05/2014;;
1159310;RCBP RORAIMA;FEMININO;24/08/1944;69;PARDA;BRASIL;Não informado;;SEM ESCOLARIDADE;SEM INFORMAÇÃO;0;SEM INFORMAÇÃO	;RORAIMA;BOA VISTA;UTERO, SOE;C559;NEOPLASIA MALIGNA;80003;UTERO, SOE;C55;;;;;false;SDO;SEM INFORMAÇÃO;SEM INFORMAÇÃO;99 - SEM INFORMAÇÃO;999;MORTO;CÂNCER;23/06/2014;23/06/2014;23/06/2014;;
1159311;RCBP RORAIMA;FEMININO;25/12/1941;72;INDÍGENA;BRASIL;Não informado;;SEM ESCOLARIDADE;UNIÃO CONSENSUAL;0;SEM INFORMAÇÃO	;RORAIMA;MUCAJAÍ;PARAMETRIO;C573;NEOPLASIA MALIGNA;80003;PARAMETRIO;C573;;;;;false;SDO;SEM INFORMAÇÃO;SEM INFORMAÇÃO;99 - SEM INFORMAÇÃO;999;MORTO;CÂNCER;29/11/2014;29/11/2014;29/11/2014;;
1159312;RCBP RORAIMA;FEMININO;05/01/1944;70;PARDA;BRASIL;Não informado;;FUNDAMENTAL I (1ª A 4ª SÉRIE);CASADO;0;SEM INFORMAÇÃO	;RORAIMA;IRACEMA;MEDULA OSSEA;C421;LEUCEMIA MIELOIDE AGUDA, SOE;98613;LEUCEMIA MIELOIDE AGUDA;C920;;;;;false;SDO;NÃO SE APLICA;SEM INFORMAÇÃO;99 - SEM INFORMAÇÃO;999;MORTO;CÂNCER;30/03/2014;30/03/2014;30/03/2014;;
1159315;RCBP RORAIMA;FEMININO;11/04/1986;28;PARDA;BRASIL;Não informado;;FUNDAMENTAL II (5ª A 8ª SÉRIE);SOLTEIRO;0;SEM INFORMAÇÃO	;RORAIMA;BOA VISTA;PELVE, SOE;C763;NEOPLASIA MALIGNA;80003;PELVE;C763;;;NEOPLASIAS MALIGNAS INESPECÍFICAS;10.1;false;SDO;SEM INFORMAÇÃO;SEM INFORMAÇÃO;99 - SEM INFORMAÇÃO;999;MORTO;CÂNCER;31/07/2014;31/07/2014;31/07/2014;;
1159317;RCBP RORAIMA;FEMININO;01/03/1936;78;PARDA;BRASIL;Não informado;;FUNDAMENTAL I (1ª A 4ª SÉRIE);SEPARADO JUDICIALMENTE;0;SEM INFORMAÇÃO	;RORAIMA;BOA VISTA;FIGADO, SOE;C220;NEOPLASIA MALIGNA;80003;FIGADO E VIAS BILIARES INTRA-HEPATICAS;C22;;;;;false;SDO;SEM INFORMAÇÃO;SEM INFORMAÇÃO;99 - SEM INFORMAÇÃO;999;MORTO;CÂNCER;05/10/2014;05/10/2014;05/10/2014;;
1159326;RCBP RORAIMA;FEMININO;15/01/1955;59;PARDA;BRASIL;RORAIMA;BOA VISTA;SEM ESCOLARIDADE;CASADO;0;SEM INFORMAÇÃO	;RORAIMA;BOA VISTA;MEDULA OSSEA;C421;LEUCEMIA, SOE;98003;LEUCEMIA NAO ESPECIFICADA;C959;;;;;false;SDO;NÃO SE APLICA;SEM INFORMAÇÃO;99 - SEM INFORMAÇÃO;999;MORTO;CÂNCER;05/04/2014;;05/04/2014;;
1159349;RCBP RORAIMA;FEMININO;22/08/1947;66;PARDA;BRASIL;Não informado;;FUNDAMENTAL I (1ª A 4ª SÉRIE);VIÚVO;0;SEM INFORMAÇÃO	;RORAIMA;BOA VISTA;PANCREAS, SOE;C259;NEOPLASIA MALIGNA;80003;PANCREAS, SOE;C259;;;;;false;SDO;SEM INFORMAÇÃO;SEM INFORMAÇÃO;99 - SEM INFORMAÇÃO;999;MORTO;CÂNCER;13/08/2014;13/08/2014;13/08/2014;;
1159352;RCBP RORAIMA;FEMININO;02/04/1932;82;BRANCO;BRASIL;Não informado;;MÉDIO (ANTIGO SEGUNDO GRAU);VIÚVO;0;SEM INFORMAÇÃO	;RORAIMA;BOA VISTA;PULMAO, SOE;C349;NEOPLASIA MALIGNA;80003;BRONQUIOS OU PULMOES, SOE;C349;;;;;false;SDO;SEM INFORMAÇÃO;SEM INFORMAÇÃO;99 - SEM INFORMAÇÃO;999;MORTO;CÂNCER;13/07/2014;13/07/2014;13/07/2014;;
1159020;RCBP RORAIMA;FEMININO;27/09/1936;77;PARDA;BRASIL;Não informado;;SEM ESCOLARIDADE;SOLTEIRO;622;TRABALHADORES AGRÍCOLAS   	;RORAIMA;BOA VISTA;UTERO, SOE;C559;NEOPLASIA MALIGNA;80003;UTERO, SOE;C55;;;;;false;SDO;SEM INFORMAÇÃO;SEM INFORMAÇÃO;99 - SEM INFORMAÇÃO;999;MORTO;CÂNCER;20/06/2014;20/06/2014;20/06/2014;;
1159024;RCBP RORAIMA;FEMININO;30/07/1944;69;BRANCO;BRASIL;Não informado;;FUNDAMENTAL I (1ª A 4ª SÉRIE);VIÚVO;0;SEM INFORMAÇÃO	;RORAIMA;BOA VISTA;MAMA , SOE;C509;NEOPLASIA MALIGNA;80003;MAMA , SOE;C509;;;;;false;HISTOLOGIA DO TUMOR PRIMÁRIO;METÁSTASE;;;;;CÂNCER;12/07/2014;;12/07/2014;;
1159019;RCBP RORAIMA;FEMININO;17/01/1963;51;PARDA;BRASIL;Não informado;;SEM ESCOLARIDADE;CASADO;0;SEM INFORMAÇÃO	;RORAIMA;RORAINÓPOLIS;AMPOLA DE VATER;C241;NEOPLASIA MALIGNA;80003;AMPOLA DE VATER;C241;;;;;false;HISTOLOGIA DO TUMOR PRIMÁRIO;SEM INFORMAÇÃO;;;;;CÂNCER;04/05/2014;;28/01/2014;;
1159025;RCBP RORAIMA;FEMININO;03/05/1935;78;PARDA;BRASIL;Não informado;;FUNDAMENTAL I (1ª A 4ª SÉRIE);VIÚVO;0;SEM INFORMAÇÃO	;RORAIMA;BOA VISTA;MAMA , SOE;C509;NEOPLASIA MALIGNA;80003;MAMA , SOE;C509;;;;;false;HISTOLOGIA DO TUMOR PRIMÁRIO;SEM INFORMAÇÃO;;;;;CÂNCER;11/12/2014;;10/02/2014;;
1159219;RCBP RORAIMA;MASCULINO;15/05/1938;76;PARDA;BRASIL;Não informado;;SEM INFORMAÇÃO;SEM INFORMAÇÃO;;;RORAIMA;BOA VISTA;PENIS, SOE;C609;NEOPLASIA MALIGNA;80003;PENIS, SOE;C609;;;;;false;SDO;SEM INFORMAÇÃO;SEM INFORMAÇÃO;99 - SEM INFORMAÇÃO;999;MORTO;NÃO CÂNCER;19/05/2014;19/05/2014;19/05/2014;;
1159220;RCBP RORAIMA;FEMININO;15/01/1910;104;INDÍGENA;BRASIL;Não informado;;SEM ESCOLARIDADE;VIÚVO;622;TRABALHADORES AGRÍCOLAS   	;RORAIMA;NORMANDIA;PELE, SOE;C449;MELANOMA MALIGNO, SOE;87203;MELANOMA MALIGNO DA PELE, SOE;C439;;;;;false;SDO;SEM INFORMAÇÃO;SEM INFORMAÇÃO;99 - SEM INFORMAÇÃO;999;MORTO;CÂNCER;13/09/2014;13/09/2014;13/09/2014;;
1159221;RCBP RORAIMA;MASCULINO;06/06/1932;82;PARDA;BRASIL;Não informado;;FUNDAMENTAL I (1ª A 4ª SÉRIE);VIÚVO;111;MEMBROS SUPERIORES DO PODER LEGISLATIVO, EXECUTIVO E JUDICIÁRIO   	;RORAIMA;BOA VISTA;CEREBELO, SOE;C716;NEOPLASIA MALIGNA;80003;CEREBELO;C716;;;;;false;SDO;SEM INFORMAÇÃO;SEM INFORMAÇÃO;99 - SEM INFORMAÇÃO;999;MORTO;CÂNCER;13/10/2014;13/10/2014;13/10/2014;;
1159222;RCBP RORAIMA;MASCULINO;10/09/1941;72;BRANCO;BRASIL;Não informado;;FUNDAMENTAL II (5ª A 8ª SÉRIE);CASADO;232;PROFESSORES DO ENSINO MÉDIO   	;RORAIMA;BOA VISTA;ESTOMAGO, SOE;C169;NEOPLASIA MALIGNA;80003;ESTOMAGO, SOE;C169;;;;;false;SDO;SEM INFORMAÇÃO;SEM INFORMAÇÃO;99 - SEM INFORMAÇÃO;999;MORTO;CÂNCER;09/04/2014;09/04/2014;09/04/2014;;
1159224;RCBP RORAIMA;MASCULINO;15/07/1949;64;PARDA;BRASIL;Não informado;;FUNDAMENTAL I (1ª A 4ª SÉRIE);SEM INFORMAÇÃO;622;TRABALHADORES AGRÍCOLAS   	;RORAIMA;BOA VISTA;PROSTATA, SOE;C619;NEOPLASIA MALIGNA;80003;PROSTATA;C61;;;;;false;SDO;SEM INFORMAÇÃO;SEM INFORMAÇÃO;99 - SEM INFORMAÇÃO;999;MORTO;CÂNCER;09/03/2014;09/03/2014;09/03/2014;;
1159227;RCBP RORAIMA;MASCULINO;19/11/1952;62;PARDA;BRASIL;Não informado;;SEM ESCOLARIDADE;SOLTEIRO;;;RORAIMA;BOA VISTA;FIGADO, SOE;C220;NEOPLASIA MALIGNA;80003;FIGADO E VIAS BILIARES INTRA-HEPATICAS;C22;;;;;false;SDO;SEM INFORMAÇÃO;SEM INFORMAÇÃO;99 - SEM INFORMAÇÃO;999;MORTO;CÂNCER;13/12/2014;13/12/2014;13/12/2014;;
1159056;RCBP RORAIMA;MASCULINO;01/11/1937;76;INDÍGENA;BRASIL;RORAIMA;BONFIM;SEM ESCOLARIDADE;SOLTEIRO;622;TRABALHADORES AGRÍCOLAS   	;RORAIMA;BOA VISTA;ESTOMAGO, SOE;C169;NEOPLASIA MALIGNA;80003;ESTOMAGO, SOE;C169;;;;;false;HISTOLOGIA DO TUMOR PRIMÁRIO;SEM INFORMAÇÃO;;;;;CÂNCER;30/09/2014;;30/09/2014;;
1159063;RCBP RORAIMA;FEMININO;19/12/1945;68;BRANCO;BRASIL;Não informado;;SEM ESCOLARIDADE;VIÚVO;0;SEM INFORMAÇÃO	;RORAIMA;BOA VISTA;LOCALIZACAO PRIMARIA DESCONHECIDA, SOE;C809;NEOPLASIA MALIGNA;80003;LOCALIZACAO PRIMARIA DESCONHECIDA;C80;;;;;false;SDO;METÁSTASE;SEM INFORMAÇÃO;99 - SEM INFORMAÇÃO;999;MORTO;CÂNCER;24/07/2014;24/07/2014;24/07/2014;;
1159071;RCBP RORAIMA;MASCULINO;08/11/1942;71;BRANCO;BRASIL;RIO GRANDE DO SUL;ERECHIM;SUPERIOR COMPLETO;SEM INFORMAÇÃO;;;RORAIMA;BOA VISTA;FIGADO, SOE;C220;CARCINOMA HEPATOCELULAR, SOE;81703;CARCINOMA DE CELULAS HEPATICAS;C220;;;;;false;HISTOLOGIA DO TUMOR PRIMÁRIO;SEM INFORMAÇÃO;;;;;CÂNCER;30/08/2014;;30/08/2014;;
1159090;RCBP RORAIMA;MASCULINO;23/12/2000;13;PARDA;BRASIL;Não informado;;FUNDAMENTAL II (5ª A 8ª SÉRIE);SOLTEIRO;0;SEM INFORMAÇÃO	;RORAIMA;BOA VISTA;GLANDULA PINEAL;C753;NEOPLASIA MALIGNA;80003;GLANDULA PINEAL;C753;Neoplasias intracranianas e intra-espinhais não especificadas;III-F;;;false;HISTOLOGIA DO TUMOR PRIMÁRIO;SEM INFORMAÇÃO;;;;;CÂNCER;28/10/2014;;15/02/2014;;
1159116;RCBP RORAIMA;MASCULINO;22/02/1952;61;PARDA;BRASIL;Não informado;;FUNDAMENTAL I (1ª A 4ª SÉRIE);UNIÃO CONSENSUAL;;;RORAIMA;BOA VISTA;LOCALIZACAO PRIMARIA DESCONHECIDA, SOE;C809;NEOPLASIA MALIGNA;80003;LOCALIZACAO PRIMARIA DESCONHECIDA;C80;;;;;false;HISTOLOGIA DO TUMOR PRIMÁRIO;METÁSTASE;;;;;CÂNCER;15/01/2014;;01/01/2014;;
1159114;RCBP RORAIMA;MASCULINO;14/11/1955;58;PARDA;BRASIL;Não informado;;SEM ESCOLARIDADE;SOLTEIRO;;;RORAIMA;RORAINÓPOLIS;LOBO SUPERIOR DO PULMAO;C341;NEOPLASIA MALIGNA;80003;LOBO SUPERIOR, BRONQUIO OU PULMAO;C341;;;;;false;SDO;SEM INFORMAÇÃO;SEM INFORMAÇÃO;99 - SEM INFORMAÇÃO;999;MORTO;CÂNCER;27/05/2014;27/05/2014;27/05/2014;;
1159836;RCBP RORAIMA;FEMININO;10/08/1971;42;PARDA;BRASIL;Não informado;Não Informado;SUPERIOR COMPLETO;SEM INFORMAÇÃO;0;SEM INFORMAÇÃO	;RORAIMA;BOA VISTA;COLO DO UTERO, SOE;C539;NEOPLASIA INTRA-EPITELIAL ESCAMOSA,GRAU IIII;80772;COLO DO UTERO, SOE;D069;;;;;false;CITOLOGIA;"IN SITU";;;;;;;;09/04/2014;;
1159058;RCBP RORAIMA;FEMININO;09/07/1970;43;PARDA;BRASIL;Não informado;;MÉDIO (ANTIGO SEGUNDO GRAU);SOLTEIRO;111;MEMBROS SUPERIORES DO PODER LEGISLATIVO, EXECUTIVO E JUDICIÁRIO   	;RORAIMA;BOA VISTA;MAMA , SOE;C509;NEOPLASIA MALIGNA;80003;MAMA , SOE;C509;;;;;false;HISTOLOGIA DO TUMOR PRIMÁRIO;SEM INFORMAÇÃO;;;;;CÂNCER;27/04/2014;;27/04/2014;;
1159067;RCBP RORAIMA;MASCULINO;06/04/1967;46;INDÍGENA;BRASIL;RORAIMA;;SEM ESCOLARIDADE;SEM INFORMAÇÃO;;;RORAIMA;ALTO ALEGRE;PULMAO, SOE;C349;NEOPLASIA MALIGNA;80003;BRONQUIOS OU PULMOES, SOE;C349;;;;;false;HISTOLOGIA DO TUMOR PRIMÁRIO;SEM INFORMAÇÃO;;;;;CÂNCER;13/03/2014;;17/02/2014;;
1159072;RCBP RORAIMA;MASCULINO;24/12/1967;46;BRANCO;BRASIL;Não informado;;MÉDIO (ANTIGO SEGUNDO GRAU);CASADO;232;PROFESSORES DO ENSINO MÉDIO   	;RORAIMA;BOA VISTA;PROSTATA, SOE;C619;NEOPLASIA MALIGNA;80003;PROSTATA;C61;;;;;false;HISTOLOGIA DO TUMOR PRIMÁRIO;SEM INFORMAÇÃO;;;;;CÂNCER;06/10/2014;;18/01/2014;;
1159082;RCBP RORAIMA;MASCULINO;09/02/1934;79;PARDA;BRASIL;AMAZONAS;MANAUS;FUNDAMENTAL I (1ª A 4ª SÉRIE);CASADO;622;TRABALHADORES AGRÍCOLAS   	;RORAIMA;BOA VISTA;MEDULA OSSEA;C421;LEUCEMIA MIELOIDE AGUDA, SOE;98613;LEUCEMIA MIELOIDE AGUDA;C920;;;;;false;HISTOLOGIA DO TUMOR PRIMÁRIO;NÃO SE APLICA;;;;;CÂNCER;17/01/2014;;17/01/2014;;
1159085;RCBP RORAIMA;MASCULINO;03/09/1938;76;BRANCO;BRASIL;PARÁ;FARO;SUPERIOR COMPLETO;VIÚVO;111;MEMBROS SUPERIORES DO PODER LEGISLATIVO, EXECUTIVO E JUDICIÁRIO   	;RORAIMA;BOA VISTA;RIM, SOE;C649;NEOPLASIA MALIGNA;80003;RIM;C64;;;;;false;HISTOLOGIA DO TUMOR PRIMÁRIO;SEM INFORMAÇÃO;;;;;CÂNCER;24/12/2014;;24/12/2014;;
1159246;RCBP RORAIMA;MASCULINO;12/04/1971;43;PARDA;BRASIL;Não informado;;FUNDAMENTAL I (1ª A 4ª SÉRIE);UNIÃO CONSENSUAL;842;OPERADORES NA PREPARAÇÃO DE FUMO E NA FABRICAÇÃO DE CHARUTOS E CIGARROS   	;RORAIMA;BOA VISTA;ESTOMAGO, SOE;C169;NEOPLASIA MALIGNA;80003;ESTOMAGO, SOE;C169;;;;;false;SDO;SEM INFORMAÇÃO;SEM INFORMAÇÃO;99 - SEM INFORMAÇÃO;999;MORTO;CÂNCER;15/08/2014;15/08/2014;15/08/2014;;
1159122;RCBP RORAIMA;MASCULINO;28/11/1968;45;PRETA;BRASIL;Não informado;;FUNDAMENTAL I (1ª A 4ª SÉRIE);SOLTEIRO;848;TRABALHADORES ARTESANAIS NA  AGROINDÚSTRIA, NA INDÚSTRIA DE ALIMENTOS E DO FUMO   	;RORAIMA;BOA VISTA;PULMAO, SOE;C349;NEOPLASIA MALIGNA;80003;BRONQUIOS OU PULMOES, SOE;C349;;;;;false;HISTOLOGIA DO TUMOR PRIMÁRIO;SEM INFORMAÇÃO;;;;;CÂNCER;28/01/2014;;02/01/2014;;
1159123;RCBP RORAIMA;MASCULINO;25/01/1933;81;BRANCO;BRASIL;RIO GRANDE DO NORTE;CARAÚBAS;SEM ESCOLARIDADE;SOLTEIRO;711;TRABALHADORES DA EXTRAÇÃO MINERAL 	;RORAIMA;BOA VISTA;PULMAO, SOE;C349;NEOPLASIA MALIGNA;80003;BRONQUIOS OU PULMOES, SOE;C349;;;;;false;HISTOLOGIA DO TUMOR PRIMÁRIO;SEM INFORMAÇÃO;;;;;CÂNCER;30/10/2014;;21/02/2014;;
1159203;RCBP RORAIMA;MASCULINO;22/09/1967;47;BRANCO;BRASIL;Não informado;;SEM INFORMAÇÃO;UNIÃO CONSENSUAL;;;RORAIMA;BOA VISTA;PULMAO, SOE;C349;NEOPLASIA MALIGNA;80003;BRONQUIOS OU PULMOES, SOE;C349;;;;;false;SDO;SEM INFORMAÇÃO;SEM INFORMAÇÃO;99 - SEM INFORMAÇÃO;999;MORTO;CÂNCER;22/10/2014;22/10/2014;22/10/2014;;
1159205;RCBP RORAIMA;MASCULINO;17/03/1934;80;BRANCO;BRASIL;Não informado;;SEM ESCOLARIDADE;VIÚVO;622;TRABALHADORES AGRÍCOLAS   	;RORAIMA;BOA VISTA;RIM, SOE;C649;NEOPLASIA MALIGNA;80003;RIM;C64;;;;;false;SDO;SEM INFORMAÇÃO;SEM INFORMAÇÃO;99 - SEM INFORMAÇÃO;999;MORTO;CÂNCER;20/08/2014;20/08/2014;20/08/2014;;
1159207;RCBP RORAIMA;MASCULINO;20/04/1947;67;PARDA;BRASIL;Não informado;;FUNDAMENTAL I (1ª A 4ª SÉRIE);SOLTEIRO;342;TÉCNICOS EM TRANSPORTES (LOGÍSTICA)   	;RORAIMA;CARACARAÍ;COLON, SOE;C189;NEOPLASIA MALIGNA;80003;COLON, SOE;C189;;;;;false;SDO;METÁSTASE;SEM INFORMAÇÃO;99 - SEM INFORMAÇÃO;999;MORTO;CÂNCER;21/08/2014;21/08/2014;21/08/2014;;
1159208;RCBP RORAIMA;MASCULINO;20/02/1934;79;BRANCO;BRASIL;Não informado;;FUNDAMENTAL II (5ª A 8ª SÉRIE);SOLTEIRO;622;TRABALHADORES AGRÍCOLAS   	;RORAIMA;BOA VISTA;PROSTATA, SOE;C619;NEOPLASIA MALIGNA;80003;PROSTATA;C61;;;;;false;SDO;SEM INFORMAÇÃO;SEM INFORMAÇÃO;99 - SEM INFORMAÇÃO;999;MORTO;CÂNCER;08/02/2014;08/02/2014;08/02/2014;;
1159209;RCBP RORAIMA;MASCULINO;27/07/1970;43;BRANCO;BRASIL;Não informado;;FUNDAMENTAL I (1ª A 4ª SÉRIE);SOLTEIRO;711;TRABALHADORES DA EXTRAÇÃO MINERAL 	;RORAIMA;BOA VISTA;MEDULA OSSEA;C421;LEUCEMIA MIELOIDE AGUDA, SOE;98613;LEUCEMIA MIELOIDE AGUDA;C920;;;;;false;SDO;NÃO SE APLICA;SEM INFORMAÇÃO;99 - SEM INFORMAÇÃO;999;MORTO;CÂNCER;25/01/2014;25/01/2014;25/01/2014;;
1159210;RCBP RORAIMA;MASCULINO;05/10/1956;58;BRANCO;BRASIL;Não informado;;FUNDAMENTAL I (1ª A 4ª SÉRIE);CASADO;;;RORAIMA;BOA VISTA;COLON, SOE;C189;NEOPLASIA MALIGNA;80003;COLON, SOE;C189;;;;;false;SDO;METÁSTASE;SEM INFORMAÇÃO;99 - SEM INFORMAÇÃO;999;MORTO;CÂNCER;31/10/2014;31/10/2014;31/10/2014;;
1159211;RCBP RORAIMA;MASCULINO;03/12/1921;92;BRANCO;BRASIL;Não informado;;FUNDAMENTAL I (1ª A 4ª SÉRIE);VIÚVO;;;RORAIMA;MUCAJAÍ;PELE, SOE;C449;NEOPLASIA MALIGNA;80003;NEOPLASIA MALIGNA DA PELE;C449;;;;;false;SDO;SEM INFORMAÇÃO;SEM INFORMAÇÃO;99 - SEM INFORMAÇÃO;999;MORTO;CÂNCER;05/05/2014;05/05/2014;05/05/2014;;
1159212;RCBP RORAIMA;MASCULINO;02/11/1938;75;BRANCO;BRASIL;Não informado;;FUNDAMENTAL II (5ª A 8ª SÉRIE);CASADO;711;TRABALHADORES DA EXTRAÇÃO MINERAL 	;RORAIMA;BOA VISTA;PULMAO, SOE;C349;NEOPLASIA MALIGNA;80003;BRONQUIOS OU PULMOES, SOE;C349;;;;;false;SDO;SEM INFORMAÇÃO;SEM INFORMAÇÃO;99 - SEM INFORMAÇÃO;999;MORTO;CÂNCER;23/10/2014;23/10/2014;23/10/2014;;
1159213;RCBP RORAIMA;MASCULINO;08/09/1945;68;PRETA;BRASIL;Não informado;;SEM ESCOLARIDADE;CASADO;622;TRABALHADORES AGRÍCOLAS   	;RORAIMA;BOA VISTA;ESTOMAGO, SOE;C169;NEOPLASIA MALIGNA;80003;ESTOMAGO, SOE;C169;;;;;false;SDO;SEM INFORMAÇÃO;SEM INFORMAÇÃO;99 - SEM INFORMAÇÃO;999;MORTO;CÂNCER;26/05/2014;26/05/2014;26/05/2014;;
1159215;RCBP RORAIMA;MASCULINO;11/09/1947;67;BRANCO;BRASIL;Não informado;;FUNDAMENTAL I (1ª A 4ª SÉRIE);CASADO;622;TRABALHADORES AGRÍCOLAS   	;RORAIMA;CAROEBE;CEREBELO, SOE;C716;NEOPLASIA MALIGNA;80003;CEREBELO;C716;;;;;false;SDO;SEM INFORMAÇÃO;SEM INFORMAÇÃO;99 - SEM INFORMAÇÃO;999;MORTO;CÂNCER;11/09/2014;11/09/2014;11/09/2014;;
1159216;RCBP RORAIMA;MASCULINO;30/11/1949;64;PARDA;BRASIL;Não informado;;MÉDIO (ANTIGO SEGUNDO GRAU);VIÚVO;;;RORAIMA;BOA VISTA;LOCALIZACAO PRIMARIA DESCONHECIDA, SOE;C809;NEOPLASIA MALIGNA;80003;LOCALIZACAO PRIMARIA DESCONHECIDA;C80;;;;;false;SDO;SEM INFORMAÇÃO;SEM INFORMAÇÃO;99 - SEM INFORMAÇÃO;999;MORTO;CÂNCER;19/08/2014;19/08/2014;19/08/2014;;
1159217;RCBP RORAIMA;MASCULINO;04/08/1951;62;BRANCO;BRASIL;Não informado;;SUPERIOR COMPLETO;UNIÃO CONSENSUAL;;;RORAIMA;BOA VISTA;RETO, SOE;C209;NEOPLASIA MALIGNA;80003;RETO;C20;;;;;false;SDO;SEM INFORMAÇÃO;SEM INFORMAÇÃO;99 - SEM INFORMAÇÃO;999;MORTO;CÂNCER;19/05/2014;19/05/2014;19/05/2014;;
1159230;RCBP RORAIMA;MASCULINO;17/11/1931;82;PARDA;BRASIL;Não informado;;SEM ESCOLARIDADE;SOLTEIRO;0;SEM INFORMAÇÃO	;RORAIMA;RORAINÓPOLIS;ESTOMAGO, SOE;C169;NEOPLASIA MALIGNA;80003;ESTOMAGO, SOE;C169;;;;;false;SDO;SEM INFORMAÇÃO;SEM INFORMAÇÃO;99 - SEM INFORMAÇÃO;999;MORTO;CÂNCER;10/02/2014;10/02/2014;10/02/2014;;
1159233;RCBP RORAIMA;MASCULINO;16/12/1965;48;BRANCO;BRASIL;Não informado;;FUNDAMENTAL II (5ª A 8ª SÉRIE);SEM INFORMAÇÃO;;;RORAIMA;MUCAJAÍ;LESAO SOBREPOSTA DA PELE;C448;NEOPLASIA MALIGNA;80003;LESAO INVASIVA DA PELE;C448;;;;;false;SDO;SEM INFORMAÇÃO;SEM INFORMAÇÃO;99 - SEM INFORMAÇÃO;999;MORTO;CÂNCER;03/07/2014;03/07/2014;03/07/2014;;
1159234;RCBP RORAIMA;MASCULINO;26/08/1951;63;PRETA;BRASIL;Não informado;;SEM ESCOLARIDADE;SOLTEIRO;342;TÉCNICOS EM TRANSPORTES (LOGÍSTICA)   	;RORAIMA;RORAINÓPOLIS;COLON, SOE;C189;NEOPLASIA MALIGNA;80003;COLON, SOE;C189;;;;;false;SDO;SEM INFORMAÇÃO;SEM INFORMAÇÃO;99 - SEM INFORMAÇÃO;999;MORTO;CÂNCER;20/09/2014;20/09/2014;20/09/2014;;
1159236;RCBP RORAIMA;MASCULINO;19/05/1984;29;INDÍGENA;BRASIL;Não informado;;FUNDAMENTAL I (1ª A 4ª SÉRIE);SOLTEIRO;622;TRABALHADORES AGRÍCOLAS   	;RORAIMA;NORMANDIA;LOCALIZACAO PRIMARIA DESCONHECIDA, SOE;C809;PLASMOCITOMA EXTRAMEDULAR;97343;PLASMOCITOMA EXTRAMEDULAR;C902;;;MIELOMA, MASTOCITOMA E MISCELÂNEA DE NEOPLASIAS LINFORETICULARES, NEC;9.2.3;false;SDO;METÁSTASE;SEM INFORMAÇÃO;99 - SEM INFORMAÇÃO;999;MORTO;CÂNCER;04/02/2014;04/02/2014;04/02/2014;;
1159240;RCBP RORAIMA;FEMININO;28/07/1955;59;PARDA;BRASIL;Não informado;;FUNDAMENTAL I (1ª A 4ª SÉRIE);SOLTEIRO;512;TRABALHADORES DOS SERVIÇOS DOMÉSTICOS EM GERAL	;RORAIMA;BOA VISTA;FIGADO, SOE;C220;NEOPLASIA MALIGNA;80003;FIGADO E VIAS BILIARES INTRA-HEPATICAS;C22;;;;;false;SDO;SEM INFORMAÇÃO;SEM INFORMAÇÃO;99 - SEM INFORMAÇÃO;999;MORTO;CÂNCER;28/12/2014;28/12/2014;28/12/2014;;
1159243;RCBP RORAIMA;FEMININO;15/06/1947;66;PARDA;BRASIL;Não informado;;SEM ESCOLARIDADE;CASADO;0;SEM INFORMAÇÃO	;RORAIMA;ALTO ALEGRE;CABECA DO PANCREAS;C250;NEOPLASIA MALIGNA;80003;CABECA DO PANCREAS;C250;;;;;false;SDO;METÁSTASE;SEM INFORMAÇÃO;99 - SEM INFORMAÇÃO;999;MORTO;CÂNCER;11/03/2014;11/03/2014;11/03/2014;;
1159244;RCBP RORAIMA;MASCULINO;13/09/1924;89;BRANCO;BRASIL;Não informado;;FUNDAMENTAL I (1ª A 4ª SÉRIE);VIÚVO;0;SEM INFORMAÇÃO	;RORAIMA;BOA VISTA;PROSTATA, SOE;C619;NEOPLASIA MALIGNA;80003;PROSTATA;C61;;;;;false;SDO;SEM INFORMAÇÃO;SEM INFORMAÇÃO;99 - SEM INFORMAÇÃO;999;MORTO;CÂNCER;08/01/2014;08/01/2014;08/01/2014;;
1159239;RCBP RORAIMA;MASCULINO;15/09/1950;63;BRANCO;BRASIL;Não informado;;FUNDAMENTAL I (1ª A 4ª SÉRIE);SOLTEIRO;622;TRABALHADORES AGRÍCOLAS   	;RORAIMA;CANTÁ;ESTOMAGO, SOE;C169;NEOPLASIA MALIGNA;80003;ESTOMAGO, SOE;C169;;;;;false;HISTOLOGIA DO TUMOR PRIMÁRIO;SEM INFORMAÇÃO;;;;;CÂNCER;09/06/2014;;09/06/2014;;
1159254;RCBP RORAIMA;MASCULINO;27/02/1932;82;BRANCO;BRASIL;Não informado;;FUNDAMENTAL II (5ª A 8ª SÉRIE);UNIÃO CONSENSUAL;;;RORAIMA;BOA VISTA;PULMAO, SOE;C349;NEOPLASIA MALIGNA;80003;BRONQUIOS OU PULMOES, SOE;C349;;;;;false;SDO;SEM INFORMAÇÃO;SEM INFORMAÇÃO;99 - SEM INFORMAÇÃO;999;MORTO;CÂNCER;21/03/2014;21/03/2014;21/03/2014;;
1159342;RCBP RORAIMA;FEMININO;15/02/1933;81;PARDA;BRASIL;Não informado;;FUNDAMENTAL I (1ª A 4ª SÉRIE);SEPARADO JUDICIALMENTE;0;SEM INFORMAÇÃO	;RORAIMA;BOA VISTA;PULMAO, SOE;C349;NEOPLASIA MALIGNA;80003;BRONQUIOS OU PULMOES, SOE;C349;;;;;false;SDO;METÁSTASE;SEM INFORMAÇÃO;99 - SEM INFORMAÇÃO;999;MORTO;CÂNCER;20/10/2014;20/10/2014;20/10/2014;;
1159344;RCBP RORAIMA;FEMININO;08/05/1940;74;PARDA;BRASIL;Não informado;;FUNDAMENTAL I (1ª A 4ª SÉRIE);SEPARADO JUDICIALMENTE;0;SEM INFORMAÇÃO	;RORAIMA;BOA VISTA;VULVA, SOE;C519;NEOPLASIA MALIGNA;80003;VULVA, SOE;C519;;;;;false;SDO;SEM INFORMAÇÃO;SEM INFORMAÇÃO;99 - SEM INFORMAÇÃO;999;MORTO;CÂNCER;14/07/2014;14/07/2014;14/07/2014;;
1159473;RCBP RORAIMA;MASCULINO;14/12/1959;54;PARDA;BRASIL;Não informado;;FUNDAMENTAL I (1ª A 4ª SÉRIE);CASADO;;;RORAIMA;BOA VISTA;ESOFAGO, SOE;C159;NEOPLASIA MALIGNA;80003;ESOFAGO, SOE;C159;;;;;false;SDO;SEM INFORMAÇÃO;SEM INFORMAÇÃO;99 - SEM INFORMAÇÃO;999;MORTO;CÂNCER;19/05/2014;19/05/2014;19/05/2014;;
1159248;RCBP RORAIMA;FEMININO;09/11/1951;62;BRANCO;BRASIL;Não informado;;FUNDAMENTAL I (1ª A 4ª SÉRIE);CASADO;512;TRABALHADORES DOS SERVIÇOS DOMÉSTICOS EM GERAL	;RORAIMA;BONFIM;UTERO, SOE;C559;NEOPLASIA MALIGNA;80003;UTERO, SOE;C55;;;;;false;SDO;METÁSTASE;SEM INFORMAÇÃO;99 - SEM INFORMAÇÃO;999;MORTO;CÂNCER;03/01/2014;03/01/2014;03/01/2014;;
1159252;RCBP RORAIMA;MASCULINO;14/03/1934;80;BRANCO;BRASIL;Não informado;;FUNDAMENTAL I (1ª A 4ª SÉRIE);SEM INFORMAÇÃO;111;MEMBROS SUPERIORES DO PODER LEGISLATIVO, EXECUTIVO E JUDICIÁRIO   	;RORAIMA;BOA VISTA;PROSTATA, SOE;C619;NEOPLASIA MALIGNA;80003;PROSTATA;C61;;;;;false;SDO;SEM INFORMAÇÃO;SEM INFORMAÇÃO;99 - SEM INFORMAÇÃO;999;MORTO;CÂNCER;06/10/2014;06/10/2014;06/10/2014;;
1159257;RCBP RORAIMA;FEMININO;02/06/1978;36;PARDA;BRASIL;Não informado;;FUNDAMENTAL II (5ª A 8ª SÉRIE);UNIÃO CONSENSUAL;514;TRABALHADORES NOS SERVIÇOS DE ADMINISTRAÇÃO, CONSERVAÇÃO E MANUTENÇÃO DE EDIFÍCIOS E LOGRADOUROS  	;RORAIMA;CARACARAÍ;COLO DO UTERO, SOE;C539;NEOPLASIA MALIGNA;80003;COLO DO UTERO, SOE;C539;;;;;false;SDO;SEM INFORMAÇÃO;SEM INFORMAÇÃO;99 - SEM INFORMAÇÃO;999;MORTO;CÂNCER;17/08/2014;17/08/2014;17/08/2014;;
1159261;RCBP RORAIMA;FEMININO;01/01/1927;87;PARDA;BRASIL;Não informado;;SEM ESCOLARIDADE;VIÚVO;0;SEM INFORMAÇÃO	;RORAIMA;BOA VISTA;LOCALIZACAO PRIMARIA DESCONHECIDA, SOE;C809;NEOPLASIA MALIGNA;80003;LOCALIZACAO PRIMARIA DESCONHECIDA;C80;;;;;false;SDO;SEM INFORMAÇÃO;SEM INFORMAÇÃO;99 - SEM INFORMAÇÃO;999;MORTO;CÂNCER;28/02/2014;28/02/2014;28/02/2014;;
1159263;RCBP RORAIMA;FEMININO;07/10/1955;59;PARDA;BRASIL;Não informado;;FUNDAMENTAL II (5ª A 8ª SÉRIE);CASADO;0;SEM INFORMAÇÃO	;RORAIMA;BOA VISTA;COLO DO UTERO, SOE;C539;NEOPLASIA MALIGNA;80003;COLO DO UTERO, SOE;C539;;;;;false;SDO;SEM INFORMAÇÃO;SEM INFORMAÇÃO;99 - SEM INFORMAÇÃO;999;MORTO;CÂNCER;26/12/2014;26/12/2014;26/12/2014;;
1159269;RCBP RORAIMA;MASCULINO;27/07/1998;15;BRANCO;BRASIL;Não informado;;MÉDIO (ANTIGO SEGUNDO GRAU);SOLTEIRO;0;SEM INFORMAÇÃO	;RORAIMA;SÃO LUIZ;ESTOMAGO, SOE;C169;NEOPLASIA MALIGNA;80003;ESTOMAGO, SOE;C169;Outros tumores malignos não especificados;XII-B;NEOPLASIAS MALIGNAS INESPECÍFICAS;10.1;false;SDO;SEM INFORMAÇÃO;SEM INFORMAÇÃO;99 - SEM INFORMAÇÃO;999;MORTO;CÂNCER;30/04/2014;30/04/2014;30/04/2014;;
1159271;RCBP RORAIMA;MASCULINO;23/04/1945;69;PRETA;BRASIL;Não informado;;SEM ESCOLARIDADE;UNIÃO CONSENSUAL;0;SEM INFORMAÇÃO	;RORAIMA;BOA VISTA;ESTOMAGO, SOE;C169;NEOPLASIA MALIGNA;80003;ESTOMAGO, SOE;C169;;;;;false;SDO;SEM INFORMAÇÃO;SEM INFORMAÇÃO;99 - SEM INFORMAÇÃO;999;MORTO;CÂNCER;12/06/2014;12/06/2014;12/06/2014;;
1159275;RCBP RORAIMA;FEMININO;14/03/1962;52;BRANCO;BRASIL;Não informado;;FUNDAMENTAL I (1ª A 4ª SÉRIE);SOLTEIRO;354;TÉCNICOS DE NIVEL MÉDIO EM OPERAÇÕES COMERCIAIS   	;RORAIMA;BOA VISTA;PANCREAS, SOE;C259;NEOPLASIA MALIGNA;80003;PANCREAS, SOE;C259;;;;;false;SDO;SEM INFORMAÇÃO;SEM INFORMAÇÃO;99 - SEM INFORMAÇÃO;999;MORTO;CÂNCER;03/07/2014;03/07/2014;03/07/2014;;
1159320;RCBP RORAIMA;FEMININO;14/03/1957;57;BRANCO;BRASIL;Não informado;;FUNDAMENTAL I (1ª A 4ª SÉRIE);CASADO;622;TRABALHADORES AGRÍCOLAS   	;RORAIMA;BOA VISTA;MEDULA OSSEA;C421;MIELOMA MULTIPLO;97323;MIELOMA MULTIPLO;C900;;;;;false;SDO;NÃO SE APLICA;SEM INFORMAÇÃO;99 - SEM INFORMAÇÃO;999;MORTO;CÂNCER;25/11/2014;25/11/2014;25/11/2014;;
1159329;RCBP RORAIMA;FEMININO;12/10/1940;73;PARDA;BRASIL;Não informado;;SEM ESCOLARIDADE;VIÚVO;622;TRABALHADORES AGRÍCOLAS   	;RORAIMA;BOA VISTA;UTERO, SOE;C559;NEOPLASIA MALIGNA;80003;UTERO, SOE;C55;;;;;false;SDO;SEM INFORMAÇÃO;SEM INFORMAÇÃO;99 - SEM INFORMAÇÃO;999;MORTO;CÂNCER;31/07/2014;;31/07/2014;;
1159330;RCBP RORAIMA;FEMININO;19/03/1968;46;PARDA;BRASIL;Não informado;;SUPERIOR COMPLETO;SOLTEIRO;354;TÉCNICOS DE NIVEL MÉDIO EM OPERAÇÕES COMERCIAIS   	;RORAIMA;BOA VISTA;MAMA , SOE;C509;NEOPLASIA MALIGNA;80003;MAMA , SOE;C509;;;;;false;SDO;SEM INFORMAÇÃO;SEM INFORMAÇÃO;99 - SEM INFORMAÇÃO;999;MORTO;CÂNCER;06/12/2014;06/12/2014;06/12/2014;;
1159283;RCBP RORAIMA;MASCULINO;11/06/1940;74;PARDA;BRASIL;Não informado;;FUNDAMENTAL II (5ª A 8ª SÉRIE);CASADO;711;TRABALHADORES DA EXTRAÇÃO MINERAL 	;RORAIMA;BOA VISTA;ESTOMAGO, SOE;C169;NEOPLASIA MALIGNA;80003;ESTOMAGO, SOE;C169;;;;;false;SDO;SEM INFORMAÇÃO;SEM INFORMAÇÃO;99 - SEM INFORMAÇÃO;999;MORTO;CÂNCER;12/12/2014;12/12/2014;12/12/2014;;
1159288;RCBP RORAIMA;MASCULINO;29/08/1946;68;PARDA;BRASIL;Não informado;;SEM ESCOLARIDADE;CASADO;;;RORAIMA;SÃO JOÃO DA BALIZA;PULMAO, SOE;C349;NEOPLASIA MALIGNA;80003;BRONQUIOS OU PULMOES, SOE;C349;;;;;false;SDO;SEM INFORMAÇÃO;SEM INFORMAÇÃO;99 - SEM INFORMAÇÃO;999;MORTO;CÂNCER;08/12/2014;08/12/2014;08/12/2014;;
1159289;RCBP RORAIMA;MASCULINO;18/08/1945;68;PARDA;BRASIL;Não informado;;FUNDAMENTAL I (1ª A 4ª SÉRIE);SOLTEIRO;;;RORAIMA;BOA VISTA;FIGADO, SOE;C220;NEOPLASIA MALIGNA;80003;FIGADO E VIAS BILIARES INTRA-HEPATICAS;C22;;;;;false;SDO;SEM INFORMAÇÃO;SEM INFORMAÇÃO;99 - SEM INFORMAÇÃO;999;MORTO;CÂNCER;17/05/2014;17/05/2014;17/05/2014;;
1159291;RCBP RORAIMA;FEMININO;06/03/1951;62;PARDA;BRASIL;Não informado;;FUNDAMENTAL I (1ª A 4ª SÉRIE);VIÚVO;0;SEM INFORMAÇÃO	;RORAIMA;BOA VISTA;LOCALIZACAO PRIMARIA DESCONHECIDA, SOE;C809;NEOPLASIA MALIGNA;80003;LOCALIZACAO PRIMARIA DESCONHECIDA;C80;;;;;false;SDO;SEM INFORMAÇÃO;SEM INFORMAÇÃO;99 - SEM INFORMAÇÃO;999;MORTO;CÂNCER;22/01/2014;22/01/2014;22/01/2014;;
1159292;RCBP RORAIMA;FEMININO;28/08/1955;58;PARDA;BRASIL;Não informado;;FUNDAMENTAL II (5ª A 8ª SÉRIE);CASADO;0;SEM INFORMAÇÃO	;RORAIMA;BOA VISTA;FIGADO, SOE;C220;NEOPLASIA MALIGNA;80003;FIGADO E VIAS BILIARES INTRA-HEPATICAS;C22;;;;;false;SDO;SEM INFORMAÇÃO;SEM INFORMAÇÃO;99 - SEM INFORMAÇÃO;999;MORTO;CÂNCER;18/04/2014;18/04/2014;18/04/2014;;
1159294;RCBP RORAIMA;FEMININO;16/06/1924;90;INDÍGENA;BRASIL;Não informado;;SEM ESCOLARIDADE;SOLTEIRO;0;SEM INFORMAÇÃO	;RORAIMA;BOA VISTA;PANCREAS, SOE;C259;NEOPLASIA MALIGNA;80003;PANCREAS, SOE;C259;;;;;false;SDO;SEM INFORMAÇÃO;SEM INFORMAÇÃO;99 - SEM INFORMAÇÃO;999;MORTO;CÂNCER;29/12/2014;29/12/2014;29/12/2014;;
1159296;RCBP RORAIMA;FEMININO;13/08/1965;49;PARDA;BRASIL;Não informado;;SUPERIOR COMPLETO;SEPARADO JUDICIALMENTE;;;RORAIMA;BOA VISTA;LOCALIZACAO PRIMARIA DESCONHECIDA, SOE;C809;NEOPLASIA MALIGNA;80003;LOCALIZACAO PRIMARIA DESCONHECIDA;C80;;;;;false;SDO;METÁSTASE;SEM INFORMAÇÃO;99 - SEM INFORMAÇÃO;999;MORTO;CÂNCER;13/12/2014;13/12/2014;13/12/2014;;
1159318;RCBP RORAIMA;FEMININO;10/03/1962;51;INDÍGENA;BRASIL;Não informado;;SEM INFORMAÇÃO;SEM INFORMAÇÃO;0;SEM INFORMAÇÃO	;RORAIMA;PACARAIMA;LOCALIZACAO PRIMARIA DESCONHECIDA, SOE;C809;NEOPLASIA MALIGNA;80003;LOCALIZACAO PRIMARIA DESCONHECIDA;C80;;;;;false;SDO;METÁSTASE;SEM INFORMAÇÃO;99 - SEM INFORMAÇÃO;999;MORTO;CÂNCER;13/02/2014;13/02/2014;13/02/2014;;
1159322;RCBP RORAIMA;FEMININO;25/12/1964;49;PARDA;BRASIL;Não informado;;FUNDAMENTAL I (1ª A 4ª SÉRIE);CASADO;0;SEM INFORMAÇÃO	;RORAIMA;BOA VISTA;ESTOMAGO, SOE;C169;NEOPLASIA MALIGNA;80003;ESTOMAGO, SOE;C169;;;;;false;SDO;SEM INFORMAÇÃO;SEM INFORMAÇÃO;99 - SEM INFORMAÇÃO;999;MORTO;CÂNCER;07/05/2014;07/05/2014;07/05/2014;;
1159333;RCBP RORAIMA;FEMININO;26/07/1949;64;PARDA;BRASIL;Não informado;;SEM ESCOLARIDADE;CASADO;0;SEM INFORMAÇÃO	;RORAIMA;SÃO JOÃO DA BALIZA;ANGULO ESPLENICO DO COLON;C185;NEOPLASIA MALIGNA;80003;FLEXURA ESPLENICA DO COLON;C185;;;;;false;SDO;SEM INFORMAÇÃO;SEM INFORMAÇÃO;99 - SEM INFORMAÇÃO;999;MORTO;CÂNCER;11/03/2014;;11/03/2014;;
1159335;RCBP RORAIMA;FEMININO;12/11/1938;75;BRANCO;BRASIL;Não informado;;SEM ESCOLARIDADE;VIÚVO;0;SEM INFORMAÇÃO	;RORAIMA;CANTÁ;PULMAO, SOE;C349;NEOPLASIA MALIGNA;80003;BRONQUIOS OU PULMOES, SOE;C349;;;;;false;SDO;METÁSTASE;SEM INFORMAÇÃO;99 - SEM INFORMAÇÃO;999;MORTO;CÂNCER;28/10/2014;28/10/2014;28/10/2014;;
1159336;RCBP RORAIMA;FEMININO;12/04/1930;84;BRANCO;BRASIL;Não informado;;FUNDAMENTAL I (1ª A 4ª SÉRIE);SEM INFORMAÇÃO;0;SEM INFORMAÇÃO	;RORAIMA;BOA VISTA;FIGADO, SOE;C220;NEOPLASIA MALIGNA;80003;FIGADO E VIAS BILIARES INTRA-HEPATICAS;C22;;;;;false;SDO;SEM INFORMAÇÃO;SEM INFORMAÇÃO;99 - SEM INFORMAÇÃO;999;MORTO;CÂNCER;04/07/2014;04/07/2014;04/07/2014;;
1159337;RCBP RORAIMA;FEMININO;28/01/1929;85;PARDA;BRASIL;Não informado;;SEM ESCOLARIDADE;VIÚVO;0;SEM INFORMAÇÃO	;RORAIMA;MUCAJAÍ;PARAMETRIO;C573;NEOPLASIA MALIGNA;80003;PARAMETRIO;C573;;;;;false;SDO;SEM INFORMAÇÃO;SEM INFORMAÇÃO;99 - SEM INFORMAÇÃO;999;MORTO;CÂNCER;12/06/2014;12/06/2014;12/06/2014;;
1159357;RCBP RORAIMA;MASCULINO;27/01/1977;37;PARDA;BRASIL;Não informado;;MÉDIO (ANTIGO SEGUNDO GRAU);UNIÃO CONSENSUAL;111;MEMBROS SUPERIORES DO PODER LEGISLATIVO, EXECUTIVO E JUDICIÁRIO   	;RORAIMA;BOA VISTA;LOCALIZACAO PRIMARIA DESCONHECIDA, SOE;C809;NEOPLASIA MALIGNA;80003;LOCALIZACAO PRIMARIA DESCONHECIDA;C80;;;;;false;SDO;METÁSTASE;SEM INFORMAÇÃO;99 - SEM INFORMAÇÃO;999;MORTO;CÂNCER;26/02/2014;26/02/2014;26/02/2014;;
1159395;RCBP RORAIMA;FEMININO;01/11/1947;67;BRANCO;BRASIL;Não informado;;FUNDAMENTAL I (1ª A 4ª SÉRIE);CASADO;0;SEM INFORMAÇÃO	;RORAIMA;BOA VISTA;FIGADO, SOE;C220;CARCINOMA HEPATOCELULAR, SOE;81703;CARCINOMA DE CELULAS HEPATICAS;C220;;;;;false;SDO;SEM INFORMAÇÃO;SEM INFORMAÇÃO;99 - SEM INFORMAÇÃO;999;MORTO;CÂNCER;29/12/2014;29/12/2014;29/12/2014;;
1159399;RCBP RORAIMA;MASCULINO;25/04/1930;84;BRANCO;BRASIL;Não informado;;FUNDAMENTAL I (1ª A 4ª SÉRIE);VIÚVO;342;TÉCNICOS EM TRANSPORTES (LOGÍSTICA)   	;RORAIMA;MUCAJAÍ;PROSTATA, SOE;C619;NEOPLASIA MALIGNA;80003;PROSTATA;C61;;;;;false;SDO;SEM INFORMAÇÃO;SEM INFORMAÇÃO;99 - SEM INFORMAÇÃO;999;MORTO;CÂNCER;20/09/2014;20/09/2014;20/09/2014;;
1159402;RCBP RORAIMA;MASCULINO;02/01/1915;99;PARDA;BRASIL;Não informado;;FUNDAMENTAL I (1ª A 4ª SÉRIE);VIÚVO;0;SEM INFORMAÇÃO	;RORAIMA;CARACARAÍ;LOCALIZACAO PRIMARIA DESCONHECIDA, SOE;C809;NEOPLASIA MALIGNA;80003;LOCALIZACAO PRIMARIA DESCONHECIDA;C80;;;;;false;SDO;METÁSTASE;SEM INFORMAÇÃO;99 - SEM INFORMAÇÃO;999;MORTO;CÂNCER;15/04/2014;15/04/2014;15/04/2014;;
1159403;RCBP RORAIMA;MASCULINO;31/08/1920;94;PRETA;BRASIL;Não informado;;FUNDAMENTAL II (5ª A 8ª SÉRIE);SOLTEIRO;0;SEM INFORMAÇÃO	;RORAIMA;CARACARAÍ;ESTOMAGO, SOE;C169;NEOPLASIA MALIGNA;80003;ESTOMAGO, SOE;C169;;;;;false;SDO;SEM INFORMAÇÃO;SEM INFORMAÇÃO;99 - SEM INFORMAÇÃO;999;MORTO;CÂNCER;11/12/2014;11/12/2014;11/12/2014;;
1159404;RCBP RORAIMA;MASCULINO;08/12/1961;52;PRETA;BRASIL;Não informado;;FUNDAMENTAL I (1ª A 4ª SÉRIE);CASADO;842;OPERADORES NA PREPARAÇÃO DE FUMO E NA FABRICAÇÃO DE CHARUTOS E CIGARROS   	;RORAIMA;BOA VISTA;PROSTATA, SOE;C619;NEOPLASIA MALIGNA;80003;PROSTATA;C61;;;;;false;SDO;SEM INFORMAÇÃO;SEM INFORMAÇÃO;99 - SEM INFORMAÇÃO;999;MORTO;CÂNCER;27/07/2014;27/07/2014;27/07/2014;;
1159405;RCBP RORAIMA;MASCULINO;03/06/1957;56;BRANCO;BRASIL;Não informado;;FUNDAMENTAL I (1ª A 4ª SÉRIE);SOLTEIRO;711;TRABALHADORES DA EXTRAÇÃO MINERAL 	;RORAIMA;BOA VISTA;MEDULA OSSEA;C421;LEUCEMIA LINF.CRON.DE CEL.B/LINFOMA LINF.PEQ.CELS.;98233;LEUCEMIA LINFOCITICA CRONICA;C911;;;;;false;SDO;NÃO SE APLICA;SEM INFORMAÇÃO;99 - SEM INFORMAÇÃO;999;MORTO;CÂNCER;07/03/2014;07/03/2014;07/03/2014;;
1159407;RCBP RORAIMA;MASCULINO;02/01/1940;74;PARDA;BRASIL;Não informado;;SEM INFORMAÇÃO;SEM INFORMAÇÃO;621;TRABALHADORES NA EXPLORAÇÃO AGROPECUÁRIA EM GERAL	;RORAIMA;RORAINÓPOLIS;ANTRO GASTRICO;C163;NEOPLASIA MALIGNA;80003;ANTRO PILORICO;C163;;;;;false;SDO;SEM INFORMAÇÃO;SEM INFORMAÇÃO;99 - SEM INFORMAÇÃO;999;MORTO;CÂNCER;11/09/2014;11/09/2014;11/09/2014;;
1159408;RCBP RORAIMA;MASCULINO;07/09/1947;66;PARDA;BRASIL;Não informado;;MÉDIO (ANTIGO SEGUNDO GRAU);CASADO;0;SEM INFORMAÇÃO	;RORAIMA;BOA VISTA;PROSTATA, SOE;C619;NEOPLASIA MALIGNA;80003;PROSTATA;C61;;;;;false;SDO;SEM INFORMAÇÃO;SEM INFORMAÇÃO;99 - SEM INFORMAÇÃO;999;MORTO;CÂNCER;08/07/2014;08/07/2014;08/07/2014;;
1159409;RCBP RORAIMA;MASCULINO;17/12/1939;74;BRANCO;BRASIL;Não informado;;MÉDIO (ANTIGO SEGUNDO GRAU);SOLTEIRO;111;MEMBROS SUPERIORES DO PODER LEGISLATIVO, EXECUTIVO E JUDICIÁRIO   	;RORAIMA;BOA VISTA;PULMAO, SOE;C349;NEOPLASIA MALIGNA;80003;BRONQUIOS OU PULMOES, SOE;C349;;;;;false;SDO;SEM INFORMAÇÃO;SEM INFORMAÇÃO;99 - SEM INFORMAÇÃO;999;MORTO;CÂNCER;28/02/2014;28/02/2014;28/02/2014;;
1159411;RCBP RORAIMA;FEMININO;05/08/1963;50;BRANCO;BRASIL;Não informado;;MÉDIO (ANTIGO SEGUNDO GRAU);CASADO;;;RORAIMA;BOA VISTA;GLANDULA PAROTIDA, SOE;C079;NEOPLASIA MALIGNA;80003;GLANDULA PAROTIDA;C07;;;;;false;SDO;SEM INFORMAÇÃO;SEM INFORMAÇÃO;99 - SEM INFORMAÇÃO;999;MORTO;CÂNCER;10/02/2014;10/02/2014;10/02/2014;;
1159414;RCBP RORAIMA;MASCULINO;12/02/1950;64;SEM INFORMAÇÃO;BRASIL;Não informado;;FUNDAMENTAL I (1ª A 4ª SÉRIE);VIÚVO;711;TRABALHADORES DA EXTRAÇÃO MINERAL 	;RORAIMA;BOA VISTA;RIM, SOE;C649;NEOPLASIA MALIGNA;80003;RIM;C64;;;;;false;SDO;SEM INFORMAÇÃO;SEM INFORMAÇÃO;99 - SEM INFORMAÇÃO;999;MORTO;CÂNCER;21/06/2014;21/06/2014;21/06/2014;;
1159415;RCBP RORAIMA;FEMININO;28/08/1971;43;BRANCO;BRASIL;Não informado;;MÉDIO (ANTIGO SEGUNDO GRAU);CASADO;;;RORAIMA;MUCAJAÍ;ESTOMAGO, SOE;C169;NEOPLASIA MALIGNA;80003;ESTOMAGO, SOE;C169;;;;;false;SDO;SEM INFORMAÇÃO;SEM INFORMAÇÃO;99 - SEM INFORMAÇÃO;999;MORTO;CÂNCER;05/12/2014;05/12/2014;05/12/2014;;
1159421;RCBP RORAIMA;MASCULINO;22/10/1967;46;BRANCO;BRASIL;Não informado;;MÉDIO (ANTIGO SEGUNDO GRAU);CASADO;141;GERENTES DE PRODUÇÃO E OPERAÇÕES  	;RORAIMA;BOA VISTA;ESTOMAGO, SOE;C169;NEOPLASIA MALIGNA;80003;ESTOMAGO, SOE;C169;;;;;false;SDO;SEM INFORMAÇÃO;SEM INFORMAÇÃO;99 - SEM INFORMAÇÃO;999;MORTO;CÂNCER;18/01/2014;18/01/2014;18/01/2014;;
1159422;RCBP RORAIMA;FEMININO;15/08/1978;35;PRETA;BRASIL;Não informado;;FUNDAMENTAL I (1ª A 4ª SÉRIE);SOLTEIRO;0;SEM INFORMAÇÃO	;RORAIMA;BOA VISTA;ILHOTAS DE LANGERHANS;C254;NEOPLASIA MALIGNA;80003;PANCREAS ENDOCRINO;C254;;;;;false;SDO;SEM INFORMAÇÃO;SEM INFORMAÇÃO;99 - SEM INFORMAÇÃO;999;MORTO;CÂNCER;24/07/2014;24/07/2014;24/07/2014;;
1159423;RCBP RORAIMA;FEMININO;09/03/1964;50;BRANCO;BRASIL;RORAIMA;;MÉDIO (ANTIGO SEGUNDO GRAU);CASADO;204;PROFISSIONAIS DE INVESTIGAÇÃO CRIMINAL	;RORAIMA;BOA VISTA;PELE, SOE;C449;MELANOMA MALIGNO, SOE;87203;MELANOMA MALIGNO DA PELE, SOE;C439;;;;;false;SDO;METÁSTASE;SEM INFORMAÇÃO;99 - SEM INFORMAÇÃO;999;MORTO;CÂNCER;20/10/2014;;20/10/2014;;
1159358;RCBP RORAIMA;FEMININO;29/01/1929;85;SEM INFORMAÇÃO;BRASIL;Não informado;;SEM ESCOLARIDADE;VIÚVO;0;SEM INFORMAÇÃO	;RORAIMA;BOA VISTA;LOCALIZACAO PRIMARIA DESCONHECIDA, SOE;C809;NEOPLASIA MALIGNA;80003;LOCALIZACAO PRIMARIA DESCONHECIDA;C80;;;;;false;SDO;METÁSTASE;SEM INFORMAÇÃO;99 - SEM INFORMAÇÃO;999;MORTO;CÂNCER;17/08/2014;17/08/2014;17/08/2014;;
1159361;RCBP RORAIMA;MASCULINO;17/11/1948;65;PARDA;CUBA;Não informado;Não Informado;SUPERIOR COMPLETO;CASADO;223;PROFISSIONAIS DA MEDICINA, SAÚDE E AFINS  	;RORAIMA;BOA VISTA;CABECA DO PANCREAS;C250;NEOPLASIA MALIGNA;80003;CABECA DO PANCREAS;C250;;;;;false;SDO;SEM INFORMAÇÃO;SEM INFORMAÇÃO;99 - SEM INFORMAÇÃO;999;MORTO;CÂNCER;08/08/2014;08/08/2014;08/08/2014;;
1159364;RCBP RORAIMA;MASCULINO;09/03/1940;74;PARDA;BRASIL;Não informado;;SEM ESCOLARIDADE;UNIÃO CONSENSUAL;;;RORAIMA;MUCAJAÍ;CEREBRO;C710;NEOPLASIA MALIGNA;80003;CEREBRO;C710;;;;;false;SDO;SEM INFORMAÇÃO;SEM INFORMAÇÃO;99 - SEM INFORMAÇÃO;999;MORTO;CÂNCER;27/06/2014;27/06/2014;27/06/2014;;
1159368;RCBP RORAIMA;MASCULINO;13/06/1950;63;PARDA;BRASIL;Não informado;;MÉDIO (ANTIGO SEGUNDO GRAU);SEM INFORMAÇÃO;711;TRABALHADORES DA EXTRAÇÃO MINERAL 	;RORAIMA;BOA VISTA;PULMAO, SOE;C349;NEOPLASIA MALIGNA;80003;BRONQUIOS OU PULMOES, SOE;C349;;;;;false;SDO;SEM INFORMAÇÃO;SEM INFORMAÇÃO;99 - SEM INFORMAÇÃO;999;MORTO;CÂNCER;29/04/2014;29/04/2014;29/04/2014;;
1159371;RCBP RORAIMA;FEMININO;25/02/1966;48;PARDA;BRASIL;Não informado;;FUNDAMENTAL II (5ª A 8ª SÉRIE);CASADO;622;TRABALHADORES AGRÍCOLAS   	;RORAIMA;MUCAJAÍ;MAMA , SOE;C509;NEOPLASIA MALIGNA;80003;MAMA , SOE;C509;;;;;false;SDO;SEM INFORMAÇÃO;SEM INFORMAÇÃO;99 - SEM INFORMAÇÃO;999;MORTO;CÂNCER;06/12/2014;06/12/2014;06/12/2014;;
1159372;RCBP RORAIMA;FEMININO;16/10/1965;48;PARDA;BRASIL;Não informado;;FUNDAMENTAL II (5ª A 8ª SÉRIE);UNIÃO CONSENSUAL;0;SEM INFORMAÇÃO	;RORAIMA;SÃO LUIZ;PULMAO, SOE;C349;NEOPLASIA MALIGNA;80003;BRONQUIOS OU PULMOES, SOE;C349;;;;;false;SDO;SEM INFORMAÇÃO;SEM INFORMAÇÃO;99 - SEM INFORMAÇÃO;999;MORTO;CÂNCER;02/07/2014;02/07/2014;02/07/2014;;
1159375;RCBP RORAIMA;FEMININO;19/10/1988;25;PARDA;BRASIL;Não informado;;MÉDIO (ANTIGO SEGUNDO GRAU);SOLTEIRO;0;SEM INFORMAÇÃO	;RORAIMA;BOA VISTA;LINFONODO, SOE;C779;LINFOMA MALIGNO, TIPO NAO HODGKIN, SOE;95913;LINFOMA NAO-HODGKIN, SOE;C859;;;LINFOMA NÃO-HODGKIN;2.1;false;SDO;NÃO SE APLICA;SEM INFORMAÇÃO;99 - SEM INFORMAÇÃO;999;MORTO;CÂNCER;07/05/2014;07/05/2014;07/05/2014;;
1159377;RCBP RORAIMA;FEMININO;16/11/1975;38;INDÍGENA;BRASIL;Não informado;;FUNDAMENTAL I (1ª A 4ª SÉRIE);SOLTEIRO;0;SEM INFORMAÇÃO	;RORAIMA;NORMANDIA;LOCALIZACAO PRIMARIA DESCONHECIDA, SOE;C809;NEOPLASIA MALIGNA;80003;LOCALIZACAO PRIMARIA DESCONHECIDA;C80;;;;;false;SDO;SEM INFORMAÇÃO;SEM INFORMAÇÃO;99 - SEM INFORMAÇÃO;999;MORTO;CÂNCER;16/07/2014;16/07/2014;16/07/2014;;
1159378;RCBP RORAIMA;MASCULINO;20/10/1934;80;PARDA;BRASIL;Não informado;;FUNDAMENTAL I (1ª A 4ª SÉRIE);VIÚVO;;;RORAIMA;BOA VISTA;CABECA, FACE E PESCOCO, SOE;C760;NEOPLASIA MALIGNA;80003;CABECA, FACE E PESCOCO;C760;;;;;false;SDO;SEM INFORMAÇÃO;SEM INFORMAÇÃO;99 - SEM INFORMAÇÃO;999;MORTO;CÂNCER;25/11/2014;25/11/2014;25/11/2014;;
1159379;RCBP RORAIMA;FEMININO;13/06/1982;32;PARDA;BRASIL;Não informado;;FUNDAMENTAL I (1ª A 4ª SÉRIE);SOLTEIRO;0;SEM INFORMAÇÃO	;RORAIMA;BOA VISTA;TIREOIDE, SOE;C739;NEOPLASIA MALIGNA;80003;GLANDULA TIREOIDE;C73;;;;;false;SDO;SEM INFORMAÇÃO;SEM INFORMAÇÃO;99 - SEM INFORMAÇÃO;999;MORTO;CÂNCER;07/10/2014;07/10/2014;07/10/2014;;
1159381;RCBP RORAIMA;MASCULINO;24/07/1953;60;PARDA;BRASIL;Não informado;;MÉDIO (ANTIGO SEGUNDO GRAU);SOLTEIRO;711;TRABALHADORES DA EXTRAÇÃO MINERAL 	;RORAIMA;BOA VISTA;ESOFAGO, SOE;C159;NEOPLASIA MALIGNA;80003;ESOFAGO, SOE;C159;;;;;false;SDO;SEM INFORMAÇÃO;SEM INFORMAÇÃO;99 - SEM INFORMAÇÃO;999;MORTO;CÂNCER;09/04/2014;09/04/2014;09/04/2014;;
1159385;RCBP RORAIMA;MASCULINO;21/02/1995;19;INDÍGENA;BRASIL;Não informado;;SEM INFORMAÇÃO;SOLTEIRO;;;RORAIMA;ALTO ALEGRE;LOCALIZACAO PRIMARIA DESCONHECIDA, SOE;C809;NEOPLASIA MALIGNA;80003;LOCALIZACAO PRIMARIA DESCONHECIDA;C80;Outros tumores malignos não especificados;XII-B;NEOPLASIAS MALIGNAS INESPECÍFICAS;10.1;false;SDO;METÁSTASE;SEM INFORMAÇÃO;99 - SEM INFORMAÇÃO;999;MORTO;CÂNCER;14/10/2014;;14/10/2014;;
1159386;RCBP RORAIMA;MASCULINO;15/02/1963;51;BRANCO;BRASIL;Não informado;;SUPERIOR COMPLETO;SOLTEIRO;223;PROFISSIONAIS DA MEDICINA, SAÚDE E AFINS  	;RORAIMA;BOA VISTA;LINFONODO, SOE;C779;LINFOMA MALIGNO, SOE;95903;LINFOMA NAO-HODGKIN, SOE;C859;;;;;false;SDO;NÃO SE APLICA;SEM INFORMAÇÃO;99 - SEM INFORMAÇÃO;999;MORTO;CÂNCER;05/05/2014;05/05/2014;05/05/2014;;
1159389;RCBP RORAIMA;MASCULINO;16/07/1947;66;PARDA;BRASIL;Não informado;;FUNDAMENTAL I (1ª A 4ª SÉRIE);CASADO;711;TRABALHADORES DA EXTRAÇÃO MINERAL 	;RORAIMA;BOA VISTA;CEREBRO;C710;NEOPLASIA MALIGNA;80003;CEREBRO;C710;;;;;false;SDO;SEM INFORMAÇÃO;SEM INFORMAÇÃO;99 - SEM INFORMAÇÃO;999;MORTO;CÂNCER;03/04/2014;03/04/2014;03/04/2014;;
1159392;RCBP RORAIMA;FEMININO;09/08/1923;90;BRANCO;BRASIL;Não informado;;FUNDAMENTAL I (1ª A 4ª SÉRIE);VIÚVO;0;SEM INFORMAÇÃO	;RORAIMA;BOA VISTA;MAMA , SOE;C509;NEOPLASIA MALIGNA;80003;MAMA , SOE;C509;;;;;false;SDO;SEM INFORMAÇÃO;SEM INFORMAÇÃO;99 - SEM INFORMAÇÃO;999;MORTO;CÂNCER;16/03/2014;16/03/2014;16/03/2014;;
1159393;RCBP RORAIMA;MASCULINO;21/05/1946;67;PARDA;BRASIL;Não informado;;SUPERIOR COMPLETO;SEM INFORMAÇÃO;251;CIENTISTAS SOCIAIS, PSICÓLOGOS E AFINS	;RORAIMA;BOA VISTA;PROSTATA, SOE;C619;NEOPLASIA MALIGNA;80003;PROSTATA;C61;;;;;false;SDO;SEM INFORMAÇÃO;SEM INFORMAÇÃO;99 - SEM INFORMAÇÃO;999;MORTO;CÂNCER;20/04/2014;20/04/2014;20/04/2014;;
1159380;RCBP RORAIMA;MASCULINO;20/09/1998;16;SEM INFORMAÇÃO;BRASIL;Não informado;;FUNDAMENTAL II (5ª A 8ª SÉRIE);SOLTEIRO;;;RORAIMA;BOA VISTA;OSSOS LONGOS M. INFERIOR E ARTICUL. ASSOCIADAS;C402;NEOPLASIA MALIGNA;80003;OSSOS LONGOS DOS M. INFERIORES;C402;Tumores ósseos malignos não especificados;VIII-E;OUTROS TUMORES ÓSSEOS ESPECÍFICOS E NÃO-ESPECÍFICOS;4.4;false;HISTOLOGIA DO TUMOR PRIMÁRIO;SEM INFORMAÇÃO;;;;;CÂNCER;10/11/2014;;10/11/2014;;
1159427;RCBP RORAIMA;MASCULINO;10/11/1944;69;PARDA;BRASIL;Não informado;;SUPERIOR COMPLETO;SEM INFORMAÇÃO;111;MEMBROS SUPERIORES DO PODER LEGISLATIVO, EXECUTIVO E JUDICIÁRIO   	;RORAIMA;BOA VISTA;FIGADO, SOE;C220;CARCINOMA HEPATOCELULAR, SOE;81703;CARCINOMA DE CELULAS HEPATICAS;C220;;;;;false;SDO;SEM INFORMAÇÃO;SEM INFORMAÇÃO;99 - SEM INFORMAÇÃO;999;MORTO;CÂNCER;07/11/2014;07/11/2014;07/11/2014;;
1159428;RCBP RORAIMA;MASCULINO;19/11/1942;72;PARDA;BRASIL;Não informado;;FUNDAMENTAL I (1ª A 4ª SÉRIE);SOLTEIRO;;;RORAIMA;BOA VISTA;ESTOMAGO, SOE;C169;NEOPLASIA MALIGNA;80003;ESTOMAGO, SOE;C169;;;;;false;SDO;SEM INFORMAÇÃO;SEM INFORMAÇÃO;99 - SEM INFORMAÇÃO;999;MORTO;CÂNCER;09/12/2014;09/12/2014;09/12/2014;;
1159434;RCBP RORAIMA;MASCULINO;11/01/1942;72;BRANCO;BRASIL;Não informado;;MÉDIO (ANTIGO SEGUNDO GRAU);VIÚVO;411;ESCRITURÁRIOS EM GERAL, AGENTES, ASSISTENTES E AUXILIARES ADMINISTRATIVOS 	;RORAIMA;BOA VISTA;LARINGE, SOE;C329;NEOPLASIA MALIGNA;80003;LARINGE, SOE;C329;;;;;false;SDO;SEM INFORMAÇÃO;SEM INFORMAÇÃO;99 - SEM INFORMAÇÃO;999;MORTO;CÂNCER;26/09/2014;26/09/2014;26/09/2014;;
1159452;RCBP RORAIMA;FEMININO;05/10/1952;62;BRANCO;BRASIL;Não informado;;FUNDAMENTAL I (1ª A 4ª SÉRIE);CASADO;0;SEM INFORMAÇÃO	;RORAIMA;BOA VISTA;TRATO GASTRINTESTINAL, SOE;C269;NEOPLASIA MALIGNA;80003;LOCALIZACAO MAL DEF. DENTRO DO APARELHO DIGESTIVO;C269;;;;;false;SDO;SEM INFORMAÇÃO;;;;;CÂNCER;30/10/2014;;30/10/2014;;
1159471;RCBP RORAIMA;FEMININO;19/01/1944;70;SEM INFORMAÇÃO;BRASIL;Não informado;;MÉDIO (ANTIGO SEGUNDO GRAU);SEM INFORMAÇÃO;322;TÉCNICOS DA CIÊNCIA DA SAÚDE HUMANA 	;RORAIMA;BOA VISTA;COLO DO UTERO, SOE;C539;NEOPLASIA MALIGNA;80003;COLO DO UTERO, SOE;C539;;;;;false;SDO;SEM INFORMAÇÃO;SEM INFORMAÇÃO;99 - SEM INFORMAÇÃO;999;MORTO;CÂNCER;08/05/2014;08/05/2014;08/05/2014;;
1159463;RCBP RORAIMA;FEMININO;23/05/1981;33;PARDA;BRASIL;Não informado;;MÉDIO (ANTIGO SEGUNDO GRAU);SOLTEIRO;0;SEM INFORMAÇÃO	;RORAIMA;BOA VISTA;COLO DO UTERO, SOE;C539;NEOPLASIA MALIGNA;80003;COLO DO UTERO, SOE;C539;;;;;false;SDO;SEM INFORMAÇÃO;SEM INFORMAÇÃO;99 - SEM INFORMAÇÃO;999;MORTO;CÂNCER;23/06/2014;23/06/2014;23/06/2014;;
1159465;RCBP RORAIMA;MASCULINO;27/06/1948;66;PARDA;BRASIL;Não informado;;SUPERIOR COMPLETO;CASADO;0;SEM INFORMAÇÃO	;RORAIMA;BOA VISTA;LOCALIZACAO PRIMARIA DESCONHECIDA, SOE;C809;NEOPLASIA MALIGNA;80003;LOCALIZACAO PRIMARIA DESCONHECIDA;C80;;;;;false;SDO;SEM INFORMAÇÃO;SEM INFORMAÇÃO;99 - SEM INFORMAÇÃO;999;MORTO;CÂNCER;07/07/2014;07/07/2014;07/07/2014;;
1159480;RCBP RORAIMA;MASCULINO;10/02/1947;67;PRETA;BRASIL;Não informado;;SEM ESCOLARIDADE;VIÚVO;622;TRABALHADORES AGRÍCOLAS   	;RORAIMA;BOA VISTA;PANCREAS, SOE;C259;NEOPLASIA MALIGNA;80003;PANCREAS, SOE;C259;;;;;false;SDO;SEM INFORMAÇÃO;SEM INFORMAÇÃO;99 - SEM INFORMAÇÃO;999;MORTO;CÂNCER;06/10/2014;06/10/2014;06/10/2014;;
1159482;RCBP RORAIMA;FEMININO;07/12/1946;67;PARDA;BRASIL;Não informado;;MÉDIO (ANTIGO SEGUNDO GRAU);SEPARADO JUDICIALMENTE;512;TRABALHADORES DOS SERVIÇOS DOMÉSTICOS EM GERAL	;RORAIMA;BOA VISTA;CABECA DO PANCREAS;C250;NEOPLASIA MALIGNA;80003;CABECA DO PANCREAS;C250;;;;;false;SDO;SEM INFORMAÇÃO;SEM INFORMAÇÃO;99 - SEM INFORMAÇÃO;999;MORTO;CÂNCER;15/04/2014;15/04/2014;15/04/2014;;
1159477;RCBP RORAIMA;FEMININO;14/02/1952;62;BRANCO;BRASIL;Não informado;;FUNDAMENTAL II (5ª A 8ª SÉRIE);VIÚVO;512;TRABALHADORES DOS SERVIÇOS DOMÉSTICOS EM GERAL	;RORAIMA;BOA VISTA;ESTOMAGO, SOE;C169;NEOPLASIA MALIGNA;80003;ESTOMAGO, SOE;C169;;;;;false;SDO;SEM INFORMAÇÃO;SEM INFORMAÇÃO;99 - SEM INFORMAÇÃO;999;MORTO;CÂNCER;28/02/2014;28/02/2014;28/02/2014;;
777130;RCBP RORAIMA;FEMININO;10/10/1937;76;SEM INFORMAÇÃO;BRASIL;SÃO PAULO;;FUNDAMENTAL I (1ª A 4ª SÉRIE);SOLTEIRO;0;SEM INFORMAÇÃO	;RORAIMA;CAROEBE;PALPEBRA;C441;CARCINOMA BASOCELULAR, SOE;80903;PELE DA PALPEBRA E CANTO;C441;;;;;false;HISTOLOGIA DO TUMOR PRIMÁRIO;SEM INFORMAÇÃO;;;;;;;;21/05/2014;;
558113;RCBP RORAIMA;MASCULINO;18/05/1928;86;PARDA;BRASIL;RORAIMA;;FUNDAMENTAL I (1ª A 4ª SÉRIE);VIÚVO;622;TRABALHADORES AGRÍCOLAS   	;RORAIMA;BOA VISTA;PELE DE OUTRAS PARTES DA FACE;C443;CARCINOMA BASOCELULAR, TIPO MORFEIA;80923;PELE DE OUTRAS PARTES DA FACE;C443;;;;;false;HISTOLOGIA DO TUMOR PRIMÁRIO;SEM INFORMAÇÃO;;;;;;;;23/10/2014;;
1159750;RCBP RORAIMA;FEMININO;04/04/1943;70;PRETA;BRASIL;Não informado;Não Informado;SUPERIOR INCOMPLETO;SOLTEIRO;322;TÉCNICOS DA CIÊNCIA DA SAÚDE HUMANA 	;RORAIMA;BOA VISTA;RETO, SOE;C209;ADENOCARCINOMA, SOE;81403;RETO;C20;;;;;false;HISTOLOGIA DO TUMOR PRIMÁRIO;SEM INFORMAÇÃO;;;;;CÂNCER;26/05/2014;;15/01/2014;;
1159749;RCBP RORAIMA;MASCULINO;25/04/1954;59;PARDA;BRASIL;Não informado;Não Informado;SEM INFORMAÇÃO;UNIÃO CONSENSUAL;;;RORAIMA;BOA VISTA;PANCREAS, SOE;C259;NEOPLASIA MALIGNA;80003;PANCREAS, SOE;C259;;;;;false;HISTOLOGIA DA METÁSTASE;METÁSTASE;;;;;CÂNCER;23/08/2014;;23/02/2014;;
1159963;RCBP RORAIMA;MASCULINO;;86;SEM INFORMAÇÃO;Não informado;Não informado;Não Informado;SEM INFORMAÇÃO;SEM INFORMAÇÃO;0;SEM INFORMAÇÃO	;RORAIMA;BOA VISTA;PELE, SOE;C449;CARCINOMA BASOCELULAR, SOE;80903;NEOPLASIA MALIGNA DA PELE;C449;;;;;false;HISTOLOGIA DO TUMOR PRIMÁRIO;SEM INFORMAÇÃO;;;;;;;;23/10/2014;;
1159964;RCBP RORAIMA;MASCULINO;;59;SEM INFORMAÇÃO;Não informado;Não informado;Não Informado;SEM INFORMAÇÃO;SEM INFORMAÇÃO;0;SEM INFORMAÇÃO	;RORAIMA;BOA VISTA;PROSTATA, SOE;C619;ADENOCARCINOMA, SOE;81403;PROSTATA;C61;;;;;false;HISTOLOGIA DO TUMOR PRIMÁRIO;SEM INFORMAÇÃO;;;;SEM INFORMAÇÃO;;;;02/01/2014;;
1159968;RCBP RORAIMA;MASCULINO;;36;INDÍGENA;Não informado;Não informado;Não Informado;SEM INFORMAÇÃO;SEM INFORMAÇÃO;0;SEM INFORMAÇÃO	;RORAIMA;BOA VISTA;PELE, SOE;C449;CARCINOMA ESCAMOCELULAR, SOE;80703;NEOPLASIA MALIGNA DA PELE;C449;;;;;false;HISTOLOGIA DO TUMOR PRIMÁRIO;SEM INFORMAÇÃO;;;;SEM INFORMAÇÃO;;;;21/10/2014;;
1159971;RCBP RORAIMA;FEMININO;;58;SEM INFORMAÇÃO;BRASIL;Não informado;Não Informado;SEM INFORMAÇÃO;SEM INFORMAÇÃO;0;SEM INFORMAÇÃO	;RORAIMA;AMAJARI;PELE DE OUTRAS PARTES DA FACE;C443;CARCINOMA BASOCELULAR, SOE;80903;PELE DE OUTRAS PARTES DA FACE;C443;;;;;false;HISTOLOGIA DO TUMOR PRIMÁRIO;LOCALIZADO;;;;;;;;23/04/2014;;
1159972;RCBP RORAIMA;MASCULINO;;58;SEM INFORMAÇÃO;Não informado;Não informado;Não Informado;SEM INFORMAÇÃO;SEM INFORMAÇÃO;0;SEM INFORMAÇÃO	;RORAIMA;BOA VISTA;LOCALIZACAO PRIMARIA DESCONHECIDA, SOE;C809;ADENOCARCINOMA, SOE;81403;LOCALIZACAO PRIMARIA DESCONHECIDA;C80;;;;;false;HISTOLOGIA DO TUMOR PRIMÁRIO;SEM INFORMAÇÃO;;;;SEM INFORMAÇÃO;;;;06/10/2014;;
558097;RCBP RORAIMA;FEMININO;01/01/1943;71;BRANCO;BRASIL;RORAIMA;;MÉDIO (ANTIGO SEGUNDO GRAU);CASADO;0;SEM INFORMAÇÃO	;RORAIMA;CAROEBE;CABECA, FACE E PESCOCO, SOE;C760;CARCINOMA, SOE;80103;CABECA, FACE E PESCOCO;C760;;;;;false;HISTOLOGIA DO TUMOR PRIMÁRIO;SEM INFORMAÇÃO;;;;;;;;20/10/2014;;
1159772;RCBP RORAIMA;FEMININO;04/03/2000;14;BRANCO;BRASIL;Não informado;Não Informado;SEM INFORMAÇÃO;SEM INFORMAÇÃO;0;SEM INFORMAÇÃO	;RORAIMA;BOA VISTA;COLO DO UTERO, SOE;C539;NEOPLASIA INTRA-EPITELIAL ESCAMOSA,GRAU IIII;80772;COLO DO UTERO, SOE;D069;Outros carcinomas malignos não especificados;XI-F;;;true;CITOLOGIA;"IN SITU";;;;;;;;02/06/2014;;
1159774;RCBP RORAIMA;FEMININO;25/10/2010;4;SEM INFORMAÇÃO;BRASIL;RORAIMA;;SEM ESCOLARIDADE;SEM INFORMAÇÃO;0;SEM INFORMAÇÃO	;RORAIMA;CARACARAÍ;MEDULA OSSEA;C421;LEUCEMIA LINFOBLASTICA DE CEL. PRECURSORAS TIPO B;98363;LEUCEMIA LINFOBLASTICA AGUDA;C910;Leucemias linfóides;I-A;;;false;HISTOLOGIA DO TUMOR PRIMÁRIO;NÃO SE APLICA;;;;;;;;29/12/2014;;
1159775;RCBP RORAIMA;MASCULINO;17/05/1959;55;BRANCO;BRASIL;SANTA CATARINA;;MÉDIO (ANTIGO SEGUNDO GRAU);UNIÃO CONSENSUAL;0;SEM INFORMAÇÃO	;RORAIMA;BOA VISTA;PULMAO, SOE;C349;NEOPLASIA MALIGNA;80003;BRONQUIOS OU PULMOES, SOE;C349;;;;;false;HISTOLOGIA DO TUMOR PRIMÁRIO;SEM INFORMAÇÃO;SEM INFORMAÇÃO;99 - SEM INFORMAÇÃO;999;MORTO;CÂNCER;21/06/2014;;21/06/2014;;
1159865;RCBP RORAIMA;FEMININO;25/01/1945;68;PARDA;BRASIL;CEARÁ;;SEM ESCOLARIDADE;VIÚVO;0;SEM INFORMAÇÃO	;RORAIMA;BOA VISTA;PELE DE OUTRAS PARTES DA FACE;C443;CARCINOMA BASOCELULAR, SOE;80903;PELE DE OUTRAS PARTES DA FACE;C443;;;;;false;HISTOLOGIA DO TUMOR PRIMÁRIO;LOCALIZADO;;;;;;;;13/01/2014;;
1159883;RCBP RORAIMA;MASCULINO;13/11/1939;74;BRANCO;BRASIL;Não informado;;FUNDAMENTAL I (1ª A 4ª SÉRIE);CASADO;622;TRABALHADORES AGRÍCOLAS   	;RORAIMA;ALTO ALEGRE;FIGADO, SOE;C220;CARCINOMA HEPATOCELULAR, SOE;81703;CARCINOMA DE CELULAS HEPATICAS;C220;;;;;false;HISTOLOGIA DO TUMOR PRIMÁRIO;SEM INFORMAÇÃO;SEM INFORMAÇÃO;99 - SEM INFORMAÇÃO;999;MORTO;NÃO CÂNCER;27/05/2014;27/05/2014;27/05/2014;;
1159891;RCBP RORAIMA;MASCULINO;01/01/1946;68;BRANCO;BRASIL;Não informado;;MÉDIO (ANTIGO SEGUNDO GRAU);UNIÃO CONSENSUAL;622;TRABALHADORES AGRÍCOLAS   	;RORAIMA;BOA VISTA;LINFONODO, SOE;C779;LINFOMA MALIGNO, SOE;95903;LINFOMA NAO-HODGKIN, SOE;C859;;;;;false;HISTOLOGIA DO TUMOR PRIMÁRIO;METÁSTASE;;;;;CÂNCER;15/12/2014;;22/03/2014;;
1159755;RCBP RORAIMA;FEMININO;23/06/1954;60;INDÍGENA;BRASIL;RORAIMA;BOA VISTA;FUNDAMENTAL I (1ª A 4ª SÉRIE);SEPARADO JUDICIALMENTE;0;SEM INFORMAÇÃO	;RORAIMA;BOA VISTA;COLO DO UTERO, SOE;C539;CARCINOMA ESCAMOCELULAR, SOE;80703;COLO DO UTERO, SOE;C539;;;;;false;HISTOLOGIA DO TUMOR PRIMÁRIO;SEM INFORMAÇÃO;;;;;CÂNCER;11/04/2015;;25/11/2014;;
1159894;RCBP RORAIMA;MASCULINO;30/06/1930;83;PRETA;BRASIL;Não informado;;SEM ESCOLARIDADE;VIÚVO;0;SEM INFORMAÇÃO	;RORAIMA;CAROEBE;ENCEFALO, SOE;C719;NEOPLASIA MALIGNA;80003;ENCEFALO, SOE;C719;;;;;false;HISTOLOGIA DO TUMOR PRIMÁRIO;SEM INFORMAÇÃO;SEM INFORMAÇÃO;99 - SEM INFORMAÇÃO;999;MORTO;CÂNCER;20/02/2014;20/02/2014;20/02/2014;;
1159902;RCBP RORAIMA;MASCULINO;17/05/1957;57;PARDA;BRASIL;Não informado;;SEM ESCOLARIDADE;CASADO;622;TRABALHADORES AGRÍCOLAS   	;RORAIMA;RORAINÓPOLIS;MENINGES CEREBRAIS;C700;NEOPLASIA MALIGNA;80003;MENINGES CEREBRAIS;C700;;;;;false;HISTOLOGIA DO TUMOR PRIMÁRIO;SEM INFORMAÇÃO;SEM INFORMAÇÃO;99 - SEM INFORMAÇÃO;999;MORTO;CÂNCER;15/10/2014;15/10/2014;15/10/2014;;
1159903;RCBP RORAIMA;MASCULINO;06/11/1952;61;SEM INFORMAÇÃO;BRASIL;MARANHÃO;BACABAL;FUNDAMENTAL II (5ª A 8ª SÉRIE);SOLTEIRO;;;RORAIMA;BOA VISTA;PELE DO TRONCO;C445;CARCINOMA BASOCELULAR, SOE;80903;PELE DO TRONCO;C445;;;;;false;HISTOLOGIA DO TUMOR PRIMÁRIO;LOCALIZADO;;;;;;;;23/04/2014;;
1159911;RCBP RORAIMA;FEMININO;16/01/1973;41;PARDA;BRASIL;RORAIMA;;FUNDAMENTAL II (5ª A 8ª SÉRIE);CASADO;0;SEM INFORMAÇÃO	;RORAIMA;BOA VISTA;COLO DO UTERO, SOE;C539;CARCINOMA ESCAMOCELULAR, SOE;80703;COLO DO UTERO, SOE;C539;;;;;false;HISTOLOGIA DO TUMOR PRIMÁRIO;SEM INFORMAÇÃO;;;;;;;;25/06/2014;;
1159915;RCBP RORAIMA;FEMININO;28/11/1995;18;BRANCO;BRASIL;Não informado;Não Informado;MÉDIO (ANTIGO SEGUNDO GRAU);SEM INFORMAÇÃO;0;SEM INFORMAÇÃO	;RORAIMA;BOA VISTA;COLO DO UTERO, SOE;C539;NEOPLASIA INTRA-EPITELIAL ESCAMOSA,GRAU IIII;80772;COLO DO UTERO, SOE;D069;Outros carcinomas malignos não especificados;XI-F;;;true;CITOLOGIA;"IN SITU";;;;;;;;15/01/2014;;
1159930;RCBP RORAIMA;FEMININO;13/03/1971;43;PARDA;BRASIL;Não informado;;FUNDAMENTAL II (5ª A 8ª SÉRIE);SEM INFORMAÇÃO;0;SEM INFORMAÇÃO	;RORAIMA;BOA VISTA;COLO DO UTERO, SOE;C539;NEOPLASIA INTRA-EPITELIAL ESCAMOSA,GRAU IIII;80772;COLO DO UTERO, SOE;D069;;;;;false;CITOLOGIA;"IN SITU";;;;;;;;28/08/2014;;
1159859;RCBP RORAIMA;FEMININO;25/09/1913;100;BRANCO;BRASIL;Não informado;;SEM ESCOLARIDADE;VIÚVO;0;SEM INFORMAÇÃO	;RORAIMA;BOA VISTA;TRATO INTESTINAL, SOE;C260;NEOPLASIA MALIGNA;80003;TRATO INTESTINAL, SOE;C260;;;;;false;HISTOLOGIA DA METÁSTASE;METÁSTASE;;;;;CÂNCER;21/08/2014;;01/02/2014;;
1159873;RCBP RORAIMA;MASCULINO;08/08/1951;62;PARDA;BRASIL;Não informado;;FUNDAMENTAL I (1ª A 4ª SÉRIE);VIÚVO;;;RORAIMA;MUCAJAÍ;PULMAO, SOE;C349;NEOPLASIA MALIGNA;80003;BRONQUIOS OU PULMOES, SOE;C349;;;;;false;HISTOLOGIA DO TUMOR PRIMÁRIO;SEM INFORMAÇÃO;;;;;CÂNCER;11/09/2014;;01/02/2014;;
1159795;RCBP RORAIMA;MASCULINO;27/04/1955;59;SEM INFORMAÇÃO;BRASIL;RORAIMA;;SEM INFORMAÇÃO;SEM INFORMAÇÃO;0;SEM INFORMAÇÃO	;RORAIMA;BOA VISTA;PROSTATA, SOE;C619;ADENOCARCINOMA, SOE;81403;PROSTATA;C61;;;;;false;HISTOLOGIA DO TUMOR PRIMÁRIO;METÁSTASE;;;;;;;;03/10/2014;;
1159815;RCBP RORAIMA;FEMININO;06/11/1967;46;PARDA;BRASIL;Não informado;Não Informado;FUNDAMENTAL I (1ª A 4ª SÉRIE);SEM INFORMAÇÃO;0;SEM INFORMAÇÃO	;RORAIMA;CANTÁ;COLO DO UTERO, SOE;C539;NEOPLASIA INTRA-EPITELIAL ESCAMOSA,GRAU IIII;80772;COLO DO UTERO, SOE;D069;;;;;false;CITOLOGIA;"IN SITU";;;;;;;;24/01/2014;;
1159816;RCBP RORAIMA;FEMININO;09/04/1881;133;PARDA;BRASIL;PARÁ;;MÉDIO (ANTIGO SEGUNDO GRAU);CASADO;0;SEM INFORMAÇÃO	;RORAIMA;BOA VISTA;MAMA , SOE;C509;CARCINOMA DUCTAL INFILTRANTE;85003;MAMA , SOE;C509;;;;;false;HISTOLOGIA DO TUMOR PRIMÁRIO;SEM INFORMAÇÃO;;;;;;;;21/07/2014;;
1159817;RCBP RORAIMA;FEMININO;06/01/1989;25;PARDA;BRASIL;Não informado;Não Informado;MÉDIO (ANTIGO SEGUNDO GRAU);SEM INFORMAÇÃO;0;SEM INFORMAÇÃO	;RORAIMA;BOA VISTA;COLO DO UTERO, SOE;C539;NEOPLASIA INTRA-EPITELIAL ESCAMOSA,GRAU IIII;80772;COLO DO UTERO, SOE;D069;;;;;false;CITOLOGIA;"IN SITU";;;;;;;;15/04/2014;;
1159820;RCBP RORAIMA;FEMININO;07/09/1912;101;PARDA;BRASIL;Não informado;;SEM ESCOLARIDADE;VIÚVO;0;SEM INFORMAÇÃO	;RORAIMA;RORAINÓPOLIS;LOCALIZACAO PRIMARIA DESCONHECIDA, SOE;C809;NEOPLASIA MALIGNA;80003;LOCALIZACAO PRIMARIA DESCONHECIDA;C80;;;;;false;HISTOLOGIA DA METÁSTASE;METÁSTASE;SEM INFORMAÇÃO;99 - SEM INFORMAÇÃO;999;MORTO;CÂNCER;04/01/2014;04/01/2014;04/01/2014;;
1159830;RCBP RORAIMA;FEMININO;15/06/1954;60;SEM INFORMAÇÃO;BRASIL;RORAIMA;;SUPERIOR COMPLETO;SEM INFORMAÇÃO;0;SEM INFORMAÇÃO	;RORAIMA;BOA VISTA;RETO, SOE;C209;ADENOCARCINOMA, SOE;81403;RETO;C20;;;;;false;HISTOLOGIA DO TUMOR PRIMÁRIO;METÁSTASE;;;;;;;;25/09/2014;;
1159788;RCBP RORAIMA;MASCULINO;19/04/1948;65;BRANCO;BRASIL;Não informado;;SUPERIOR COMPLETO;VIÚVO;0;SEM INFORMAÇÃO	;RORAIMA;BOA VISTA;LOCALIZACAO PRIMARIA DESCONHECIDA, SOE;C809;NEOPLASIA MALIGNA;80003;LOCALIZACAO PRIMARIA DESCONHECIDA;C80;;;;;false;HISTOLOGIA DO TUMOR PRIMÁRIO;SEM INFORMAÇÃO;;;;;CÂNCER;04/05/2014;;03/02/2014;;
1159800;RCBP RORAIMA;MASCULINO;28/03/1943;71;BRANCO;BRASIL;Não informado;;SEM INFORMAÇÃO;VIÚVO;622;TRABALHADORES AGRÍCOLAS   	;RORAIMA;BOA VISTA;PROSTATA, SOE;C619;NEOPLASIA MALIGNA;80003;PROSTATA;C61;;;;;false;HISTOLOGIA DO TUMOR PRIMÁRIO;SEM INFORMAÇÃO;;;;;CÂNCER;12/11/2014;;08/08/2014;;
1159827;RCBP RORAIMA;FEMININO;10/07/1959;54;BRANCO;BRASIL;Não informado;;SUPERIOR COMPLETO;CASADO;141;GERENTES DE PRODUÇÃO E OPERAÇÕES  	;RORAIMA;BOA VISTA;COLON, SOE;C189;NEOPLASIA MALIGNA;80003;COLON, SOE;C189;;;;;false;HISTOLOGIA DO TUMOR PRIMÁRIO;SEM INFORMAÇÃO;;;;;CÂNCER;01/04/2014;;08/02/2014;;
1159898;RCBP RORAIMA;MASCULINO;08/10/1948;65;PRETA;BRASIL;MINAS GERAIS;;SEM ESCOLARIDADE;SOLTEIRO;622;TRABALHADORES AGRÍCOLAS   	;RORAIMA;BOA VISTA;PULMAO, SOE;C349;CARCINOMA ESCAMOCELULAR, SOE;80703;BRONQUIOS OU PULMOES, SOE;C349;;;;;false;HISTOLOGIA DO TUMOR PRIMÁRIO;LOCALIZADO;;;;;;;;24/03/2014;;
1159904;RCBP RORAIMA;MASCULINO;28/02/1956;58;PARDA;BRASIL;RORAIMA;;FUNDAMENTAL II (5ª A 8ª SÉRIE);CASADO;;;RORAIMA;BOA VISTA;OROFARINGE, SOE;C109;CARCINOMA ESCAMOCELULAR, SOE;80703;OROFARINGE, SOE;C109;;;;;false;HISTOLOGIA DO TUMOR PRIMÁRIO;SEM INFORMAÇÃO;;;;;;;;02/10/2014;;
1159866;RCBP RORAIMA;FEMININO;13/04/1960;53;BRANCO;BRASIL;Não informado;;FUNDAMENTAL I (1ª A 4ª SÉRIE);CASADO;622;TRABALHADORES AGRÍCOLAS   	;RORAIMA;IRACEMA;SISTEMA NERVOSO, SOE;C729;NEOPLASIA MALIGNA;80003;SISTEMA NERVOSO CENTRAL, SOE;C729;;;;;true;HISTOLOGIA DO TUMOR PRIMÁRIO;LOCALIZADO;;;;;CÂNCER;14/05/2014;;22/01/2014;;
1159876;RCBP RORAIMA;MASCULINO;11/10/1971;42;PARDA;BRASIL;Não informado;;FUNDAMENTAL I (1ª A 4ª SÉRIE);SOLTEIRO;711;TRABALHADORES DA EXTRAÇÃO MINERAL 	;RORAIMA;CANTÁ;RETO, SOE;C209;NEOPLASIA MALIGNA;80003;RETO;C20;;;;;false;HISTOLOGIA DO TUMOR PRIMÁRIO;SEM INFORMAÇÃO;;;;;CÂNCER;24/10/2014;;01/03/2014;;
1159917;RCBP RORAIMA;MASCULINO;07/06/1981;32;SEM INFORMAÇÃO;BRASIL;PARÁ;;FUNDAMENTAL II (5ª A 8ª SÉRIE);SEM INFORMAÇÃO;842;OPERADORES NA PREPARAÇÃO DE FUMO E NA FABRICAÇÃO DE CHARUTOS E CIGARROS   	;RORAIMA;BOA VISTA;MEDULA OSSEA;C421;LEUCEMIA LINFOBLASTICA DE CELULAS PRECURSORAS,SOE;98353;LEUCEMIA LINFOBLASTICA AGUDA;C910;;;;;false;HISTOLOGIA DO TUMOR PRIMÁRIO;NÃO SE APLICA;;;;;CÂNCER;02/05/2014;;19/04/2014;;
1159924;RCBP RORAIMA;MASCULINO;31/05/1936;78;PARDA;BRASIL;RORAIMA;BOA VISTA;SEM ESCOLARIDADE;SOLTEIRO;;;RORAIMA;BOA VISTA;PELE DE OUTRAS PARTES DA FACE;C443;CARCINOMA BASOCELULAR, SOE;80903;PELE DE OUTRAS PARTES DA FACE;C443;;;;;false;HISTOLOGIA DO TUMOR PRIMÁRIO;LOCALIZADO;;;;;;;;21/07/2014;;
1159909;RCBP RORAIMA;FEMININO;08/03/1941;72;PARDA;BRASIL;Não informado;;SEM ESCOLARIDADE;SOLTEIRO;0;SEM INFORMAÇÃO	;RORAIMA;BOA VISTA;MEDULA OSSEA;C421;LEUCEMIA AGUDA, SOE;98013;LEUCEMIA AGUDA DE TIPO CELULAR, SOE;C950;;;;;false;HISTOLOGIA DO TUMOR PRIMÁRIO;NÃO SE APLICA;;;;;CÂNCER;02/09/2014;;15/02/2014;;
1160008;RCBP RORAIMA;FEMININO;16/12/1991;22;PARDA;BRASIL;Não informado;Não Informado;FUNDAMENTAL I (1ª A 4ª SÉRIE);SEM INFORMAÇÃO;0;SEM INFORMAÇÃO	;RORAIMA;BOA VISTA;COLO DO UTERO, SOE;C539;NEOPLASIA INTRA-EPITELIAL ESCAMOSA,GRAU IIII;80772;COLO DO UTERO, SOE;D069;;;;;false;CITOLOGIA;"IN SITU";;;;;;;;01/10/2014;;
1160010;RCBP RORAIMA;FEMININO;04/10/1944;69;PARDA;BRASIL;Não informado;Não Informado;SEM ESCOLARIDADE;CASADO;;;RORAIMA;BOA VISTA;PELE DE OUTRAS PARTES DA FACE;C443;CARCINOMA BASOCELULAR, SOE;80903;PELE DE OUTRAS PARTES DA FACE;C443;;;;;false;HISTOLOGIA DO TUMOR PRIMÁRIO;LOCALIZADO;;;;;;;;20/06/2014;;
1159956;RCBP RORAIMA;MASCULINO;;53;SEM INFORMAÇÃO;BRASIL;Não informado;Não Informado;SEM INFORMAÇÃO;SEM INFORMAÇÃO;0;SEM INFORMAÇÃO	;RORAIMA;BOA VISTA;PELE DO TRONCO;C445;CARCINOMA BASOCELULAR, SOE;80903;PELE DO TRONCO;C445;;;;;false;HISTOLOGIA DO TUMOR PRIMÁRIO;SEM INFORMAÇÃO;;;;;;;;03/10/2014;;
1159957;RCBP RORAIMA;MASCULINO;;83;SEM INFORMAÇÃO;Não informado;Não informado;Não Informado;SEM INFORMAÇÃO;SEM INFORMAÇÃO;0;SEM INFORMAÇÃO	;RORAIMA;BOA VISTA;PELE DO MEMBRO SUPERIOR E DO OMBRO;C446;CARCINOMA BASOCELULAR, SOE;80903;PELE DO MEMBRO SUPERIOR E DO OMBRO;C446;;;;;false;HISTOLOGIA DO TUMOR PRIMÁRIO;SEM INFORMAÇÃO;;;;;;;;16/04/2014;;
1159958;RCBP RORAIMA;MASCULINO;;59;SEM INFORMAÇÃO;Não informado;Não informado;Não Informado;SEM INFORMAÇÃO;SEM INFORMAÇÃO;0;SEM INFORMAÇÃO	;RORAIMA;BOA VISTA;PROSTATA, SOE;C619;ADENOCARCINOMA, SOE;81403;PROSTATA;C61;;;;;false;HISTOLOGIA DO TUMOR PRIMÁRIO;SEM INFORMAÇÃO;;;;SEM INFORMAÇÃO;;;;03/10/2014;;
1160009;RCBP RORAIMA;MASCULINO;28/09/1947;66;PARDA;BRASIL;CEARÁ;;SEM INFORMAÇÃO;CASADO;622;TRABALHADORES AGRÍCOLAS   	;RORAIMA;BOA VISTA;COLON, SOE;C189;ADENOCARCINOMA, SOE;81403;COLON, SOE;C189;;;;;false;HISTOLOGIA DO TUMOR PRIMÁRIO;LOCALIZADO;;;;;;;;18/05/2014;;
1160014;RCBP RORAIMA;MASCULINO;25/05/1960;54;PARDA;BRASIL;RORAIMA;BOA VISTA;SEM ESCOLARIDADE;SOLTEIRO;;;RORAIMA;BOA VISTA;LINGUA, SOE;C029;CARCINOMA ESCAMOCELULAR, SOE;80703;LINGUA, SOE;C029;;;;;false;HISTOLOGIA DO TUMOR PRIMÁRIO;LOCALIZADO;;;;;;;;27/10/2014;;
1160015;RCBP RORAIMA;FEMININO;13/06/1981;32;PARDA;BRASIL;Não informado;Não Informado;MÉDIO (ANTIGO SEGUNDO GRAU);SEM INFORMAÇÃO;0;SEM INFORMAÇÃO	;RORAIMA;BOA VISTA;COLO DO UTERO, SOE;C539;NEOPLASIA INTRA-EPITELIAL ESCAMOSA,GRAU IIII;80772;COLO DO UTERO, SOE;D069;;;;;false;CITOLOGIA;"IN SITU";;;;;;;;26/03/2014;;
1160016;RCBP RORAIMA;FEMININO;03/08/1996;17;SEM INFORMAÇÃO;BRASIL;RORAIMA;;SUPERIOR COMPLETO;SEM INFORMAÇÃO;0;SEM INFORMAÇÃO	;RORAIMA;BOA VISTA;MEDULA OSSEA;C421;ANEMIA REFRATARIA;99803;SINDROME MIELODISPLASICA;D46;Síndrome mielodisplásica e outras doenças mieloproliferativas;I-D;OUTRAS NEOPLASIAS ESPECÍFICAS, NEC;9.2.4;false;HISTOLOGIA DO TUMOR PRIMÁRIO;NÃO SE APLICA;;;;;;;;29/04/2014;;
1160017;RCBP RORAIMA;MASCULINO;14/04/1929;85;INDÍGENA;BRASIL;RORAIMA;;SEM ESCOLARIDADE;SEM INFORMAÇÃO;0;SEM INFORMAÇÃO	;RORAIMA;BOA VISTA;PROSTATA, SOE;C619;ADENOCARCINOMA, SOE;81403;PROSTATA;C61;;;;;false;HISTOLOGIA DO TUMOR PRIMÁRIO;METÁSTASE;;;;;;;;22/08/2014;;
1160021;RCBP RORAIMA;FEMININO;;63;SEM INFORMAÇÃO;Não informado;Não informado;Não Informado;SEM INFORMAÇÃO;SEM INFORMAÇÃO;0;SEM INFORMAÇÃO	;RORAIMA;BOA VISTA;PELE DO MEMBRO INFERIOR E DO QUADRIL;C447;SARCOMA, SOE;88003;PELE DO MEMBRO INFERIOR E DO QUADRIL;C447;;;;;false;HISTOLOGIA DO TUMOR PRIMÁRIO;SEM INFORMAÇÃO;;;;;;;;03/02/2014;;
1160023;RCBP RORAIMA;FEMININO;;;SEM INFORMAÇÃO;Não informado;Não informado;Não Informado;SEM INFORMAÇÃO;SEM INFORMAÇÃO;0;SEM INFORMAÇÃO	;RORAIMA;BOA VISTA;PELE DE OUTRAS PARTES DA FACE;C443;CARCINOMA, SOE;80103;PELE DE OUTRAS PARTES DA FACE;C443;;;;;false;HISTOLOGIA DO TUMOR PRIMÁRIO;SEM INFORMAÇÃO;;;;;;;;29/01/2014;;
1160012;RCBP RORAIMA;MASCULINO;15/02/1948;65;PRETA;BRASIL;MARANHÃO;CURURUPU;FUNDAMENTAL I (1ª A 4ª SÉRIE);CASADO;622;TRABALHADORES AGRÍCOLAS   	;RORAIMA;CARACARAÍ;PROSTATA, SOE;C619;NEOPLASIA MALIGNA;80003;PROSTATA;C61;;;;;false;HISTOLOGIA DO TUMOR PRIMÁRIO;SEM INFORMAÇÃO;;;;;CÂNCER;11/01/2014;;01/01/2014;;
713817;RCBP RORAIMA;FEMININO;;57;SEM INFORMAÇÃO;BRASIL;RORAIMA;BOA VISTA;SEM INFORMAÇÃO;SEM INFORMAÇÃO;;;RORAIMA;BOA VISTA;PELE, SOE;C449;CARCINOMA BASOCELULAR, SOE;80903;NEOPLASIA MALIGNA DA PELE;C449;;;;;false;HISTOLOGIA DO TUMOR PRIMÁRIO;SEM INFORMAÇÃO;;;;;;;;13/11/2014;;
1159066;RCBP RORAIMA;MASCULINO;02/12/1953;60;PARDA;BRASIL;Não informado;;FUNDAMENTAL I (1ª A 4ª SÉRIE);SEPARADO JUDICIALMENTE;342;TÉCNICOS EM TRANSPORTES (LOGÍSTICA)   	;RORAIMA;BOA VISTA;ESTOMAGO, SOE;C169;ADENOCARCINOMA, TIPO INTESTINAL;81443;ESTOMAGO, SOE;C169;;;;;false;HISTOLOGIA DO TUMOR PRIMÁRIO;SEM INFORMAÇÃO;;;;;CÂNCER;11/10/2014;;02/09/2014;;
1160011;RCBP RORAIMA;MASCULINO;08/04/1938;75;PARDA;BRASIL;RORAIMA;;SEM INFORMAÇÃO;VIÚVO;0;SEM INFORMAÇÃO	;RORAIMA;BOA VISTA;PROSTATA, SOE;C619;ADENOCARCINOMA, SOE;81403;PROSTATA;C61;;;;;false;HISTOLOGIA DO TUMOR PRIMÁRIO;LOCALIZADO;;;;;;;;11/02/2014;;
1160027;RCBP RORAIMA;MASCULINO;;46;INDÍGENA;Não informado;Não informado;Não Informado;SEM INFORMAÇÃO;SEM INFORMAÇÃO;0;SEM INFORMAÇÃO	;RORAIMA;BOA VISTA;PULMAO, SOE;C349;CARCINOMA, SOE;80103;BRONQUIOS OU PULMOES, SOE;C349;;;;;false;HISTOLOGIA DO TUMOR PRIMÁRIO;SEM INFORMAÇÃO;;;;SEM INFORMAÇÃO;;;;27/09/2014;;
1160029;RCBP RORAIMA;MASCULINO;;74;SEM INFORMAÇÃO;BRASIL;Não informado;Não Informado;SEM INFORMAÇÃO;SEM INFORMAÇÃO;0;SEM INFORMAÇÃO	;RORAIMA;BOA VISTA;ESTOMAGO, SOE;C169;ADENOCARCINOMA, SOE;81403;ESTOMAGO, SOE;C169;;;;;false;HISTOLOGIA DO TUMOR PRIMÁRIO;LOCALIZADO;;;;;;;;15/09/2014;;
1160030;RCBP RORAIMA;MASCULINO;05/09/1943;70;SEM INFORMAÇÃO;BRASIL;MARANHÃO;;SEM INFORMAÇÃO;CASADO;0;SEM INFORMAÇÃO	;RORAIMA;SÃO LUIZ;PELE DE OUTRAS PARTES DA FACE;C443;CARCINOMA BASOCELULAR, SOE;80903;PELE DE OUTRAS PARTES DA FACE;C443;;;;;false;HISTOLOGIA DO TUMOR PRIMÁRIO;LOCALIZADO;;;;;;;;23/02/2014;;
1160031;RCBP RORAIMA;FEMININO;;33;SEM INFORMAÇÃO;BRASIL;Não informado;Não Informado;SEM INFORMAÇÃO;SEM INFORMAÇÃO;0;SEM INFORMAÇÃO	;RORAIMA;BOA VISTA;COLO DO UTERO, SOE;C539;NEOPLASIA INTRA-EPITELIAL ESCAMOSA,GRAU IIII;80772;COLO DO UTERO, SOE;D069;;;;;false;HISTOLOGIA DO TUMOR PRIMÁRIO;"IN SITU";;;;;;;;21/08/2014;;
1160033;RCBP RORAIMA;MASCULINO;;85;SEM INFORMAÇÃO;BRASIL;Não informado;Não Informado;SEM INFORMAÇÃO;SEM INFORMAÇÃO;0;SEM INFORMAÇÃO	;RORAIMA;BOA VISTA;PROSTATA, SOE;C619;ADENOCARCINOMA, SOE;81403;PROSTATA;C61;;;;;false;HISTOLOGIA DO TUMOR PRIMÁRIO;LOCALIZADO;;;;;;;;10/09/2014;;
1160028;RCBP RORAIMA;MASCULINO;28/09/1947;66;PARDA;BRASIL;CEARÁ;;SEM INFORMAÇÃO;SEM INFORMAÇÃO;622;TRABALHADORES AGRÍCOLAS   	;RORAIMA;BOA VISTA;COLON, SOE;C189;ADENOCARCINOMA, SOE;81403;COLON, SOE;C189;;;;;false;HISTOLOGIA DO TUMOR PRIMÁRIO;LOCALIZADO;;;;;;;;18/09/2014;;
1159782;RCBP RORAIMA;FEMININO;13/04/1950;64;INDÍGENA;BRASIL;Não informado;;SEM INFORMAÇÃO;SOLTEIRO;;;RORAIMA;AMAJARI;FIGADO, SOE;C220;CARCINOMA HEPATOCELULAR, SOE;81703;CARCINOMA DE CELULAS HEPATICAS;C220;;;;;false;HISTOLOGIA DO TUMOR PRIMÁRIO;SEM INFORMAÇÃO;SEM INFORMAÇÃO;99 - SEM INFORMAÇÃO;999;MORTO;CÂNCER;05/11/2014;05/11/2014;05/11/2014;;
1159799;RCBP RORAIMA;FEMININO;06/06/1924;89;BRANCO;BRASIL;Não informado;;FUNDAMENTAL II (5ª A 8ª SÉRIE);SOLTEIRO;0;SEM INFORMAÇÃO	;RORAIMA;CARACARAÍ;LOCALIZACAO PRIMARIA DESCONHECIDA, SOE;C809;NEOPLASIA MALIGNA;80003;LOCALIZACAO PRIMARIA DESCONHECIDA;C80;;;;;false;HISTOLOGIA DO TUMOR PRIMÁRIO;SEM INFORMAÇÃO;;;;;CÂNCER;20/11/2014;;15/02/2014;;
1159839;RCBP RORAIMA;FEMININO;05/12/1949;64;SEM INFORMAÇÃO;BRASIL;Não informado;;MÉDIO (ANTIGO SEGUNDO GRAU);SOLTEIRO;0;SEM INFORMAÇÃO	;RORAIMA;BOA VISTA;LOCALIZACAO PRIMARIA DESCONHECIDA, SOE;C809;NEOPLASIA MALIGNA;80003;LOCALIZACAO PRIMARIA DESCONHECIDA;C80;;;;;false;HISTOLOGIA DO TUMOR PRIMÁRIO;SEM INFORMAÇÃO;;;;;CÂNCER;06/02/2014;;08/01/2014;;
1159835;RCBP RORAIMA;FEMININO;30/06/1991;23;SEM INFORMAÇÃO;BRASIL;Não informado;Não Informado;FUNDAMENTAL I (1ª A 4ª SÉRIE);SEM INFORMAÇÃO;0;SEM INFORMAÇÃO	;RORAIMA;BOA VISTA;COLO DO UTERO, SOE;C539;NEOPLASIA INTRA-EPITELIAL ESCAMOSA,GRAU IIII;80772;COLO DO UTERO, SOE;D069;;;;;false;CITOLOGIA;"IN SITU";;;;;;;;17/11/2014;;
1159847;RCBP RORAIMA;FEMININO;24/10/1980;33;BRANCO;BRASIL;PARANÁ;;MÉDIO (ANTIGO SEGUNDO GRAU);SOLTEIRO;0;SEM INFORMAÇÃO	;RORAIMA;BOA VISTA;COLO DO UTERO, SOE;C539;ADENOCARCINOMA, SOE;81403;COLO DO UTERO, SOE;C539;;;;;false;HISTOLOGIA DO TUMOR PRIMÁRIO;SEM INFORMAÇÃO;;;;;;;;08/04/2014;;
1159977;RCBP RORAIMA;FEMININO;;19;SEM INFORMAÇÃO;BRASIL;Não informado;Não Informado;SEM INFORMAÇÃO;SEM INFORMAÇÃO;0;SEM INFORMAÇÃO	;RORAIMA;BOA VISTA;COLO DO UTERO, SOE;C539;NEOPLASIA INTRA-EPITELIAL ESCAMOSA,GRAU IIII;80772;COLO DO UTERO, SOE;D069;Outros carcinomas malignos não especificados;XI-F;;;true;HISTOLOGIA DO TUMOR PRIMÁRIO;"IN SITU";;;;;;;;19/05/2014;;
1159013;RCBP RORAIMA;FEMININO;06/07/1946;67;PARDA;BRASIL;Não informado;;FUNDAMENTAL I (1ª A 4ª SÉRIE);UNIÃO CONSENSUAL;513;TRABALHADORES DOS SERVIÇOS DE HOTELARIA E ALIMENTAÇÃO 	;RORAIMA;BOA VISTA;ESTOMAGO, SOE;C169;NEOPLASIA MALIGNA;80003;ESTOMAGO, SOE;C169;;;;;false;HISTOLOGIA DO TUMOR PRIMÁRIO;SEM INFORMAÇÃO;;;;;CÂNCER;08/06/2014;;25/03/2014;;
1159984;RCBP RORAIMA;MASCULINO;12/04/1947;66;PARDA;BRASIL;MARANHÃO;IMPERATRIZ;FUNDAMENTAL I (1ª A 4ª SÉRIE);CASADO;0;SEM INFORMAÇÃO	;RORAIMA;BOA VISTA;PROSTATA, SOE;C619;ADENOCARCINOMA, SOE;81403;PROSTATA;C61;;;;;false;HISTOLOGIA DO TUMOR PRIMÁRIO;SEM INFORMAÇÃO;;;;;CÂNCER;09/09/2017;;30/01/2014;;
1159068;RCBP RORAIMA;MASCULINO;30/08/2014;0;BRANCO;BRASIL;RORAIMA;;SEM ESCOLARIDADE;SEM INFORMAÇÃO;;;RORAIMA;BOA VISTA;MEDULA OSSEA;C421;LEUCEMIA LINFOIDE, SOE;98203;LEUCEMIA LINFOIDE, SOE;C919;Leucemias linfóides;I-A;;;false;HISTOLOGIA DO TUMOR PRIMÁRIO;NÃO SE APLICA;;;;;SEM INFORMAÇÃO;29/12/2014;;28/12/2014;;
1159946;RCBP RORAIMA;FEMININO;18/11/1955;58;BRANCO;BRASIL;MARANHÃO;;FUNDAMENTAL I (1ª A 4ª SÉRIE);SEPARADO JUDICIALMENTE;521;VENDEDORES E DEMONSTRADORES   	;RORAIMA;BOA VISTA;MAMA , SOE;C509;CARCINOMA DUCTAL INFILTRANTE;85003;MAMA , SOE;C509;;;;;false;HISTOLOGIA DO TUMOR PRIMÁRIO;LOCALIZADO;;;;;;;;19/03/2014;;
1312415;RCBP RORAIMA;MASCULINO;02/08/2012;2;SEM INFORMAÇÃO;BRASIL;RORAIMA;;SEM INFORMAÇÃO;SOLTEIRO;0;SEM INFORMAÇÃO	;RORAIMA;BOA VISTA;ENCEFALO, SOE;C719;ASTROCITOMA PILOCITICO;94211;ENCEFALO, SOE;C719;Astrocitomas;III-B;;;false;HISTOLOGIA DO TUMOR PRIMÁRIO;LOCALIZADO;;;;;;;;09/10/2014;;
1312416;RCBP RORAIMA;MASCULINO;02/08/2012;2;SEM INFORMAÇÃO;BRASIL;RORAIMA;;SEM INFORMAÇÃO;SOLTEIRO;0;SEM INFORMAÇÃO	;RORAIMA;BOA VISTA;ENCEFALO, SOE;C719;ASTROCITOMA PILOCITICO;94211;ENCEFALO, SOE;C719;Astrocitomas;III-B;;;false;HISTOLOGIA DO TUMOR PRIMÁRIO;LOCALIZADO;;;;;;;;09/10/2014;;
1159087;RCBP RORAIMA;MASCULINO;01/04/1931;82;INDÍGENA;BRASIL;RORAIMA;CANTÁ;SEM INFORMAÇÃO;SEM INFORMAÇÃO;;;RORAIMA;CANTÁ;PROSTATA, SOE;C619;ADENOCARCINOMA, SOE;81403;PROSTATA;C61;;;;;false;HISTOLOGIA DO TUMOR PRIMÁRIO;SEM INFORMAÇÃO;;;;;CÂNCER;21/03/2014;;10/02/2014;;
1159202;RCBP RORAIMA;MASCULINO;05/12/1948;65;BRANCO;BRASIL;SANTA CATARINA;;MÉDIO (ANTIGO SEGUNDO GRAU);SOLTEIRO;215;PROFISSIONAIS EM NAVEGAÇÃO AÉREA, MARÍTIMA E FLUVIAL  	;RORAIMA;BOA VISTA;PELE, SOE;C449;NEOPLASIA MALIGNA;80003;NEOPLASIA MALIGNA DA PELE;C449;;;;;false;SDO;METÁSTASE;SEM INFORMAÇÃO;99 - SEM INFORMAÇÃO;999;MORTO;CÂNCER;12/08/2014;;12/08/2014;;
1384280;RCBP RORAIMA;FEMININO;03/01/1958;56;INDÍGENA;BRASIL;RORAIMA;PACARAIMA;FUNDAMENTAL II (5ª A 8ª SÉRIE);UNIÃO CONSENSUAL;622;TRABALHADORES AGRÍCOLAS   	;RORAIMA;PACARAIMA;ESTOMAGO, SOE;C169;LINFOMA MALIGNO, SOE;95903;LINFOMA NAO-HODGKIN, SOE;C859;;;;;false;HISTOLOGIA DO TUMOR PRIMÁRIO;SEM INFORMAÇÃO;;;;;CÂNCER;29/06/2015;;18/05/2014;;
1391739;RCBP RORAIMA;FEMININO;21/02/1987;27;PARDA;BRASIL;Não informado;Não Informado;SEM INFORMAÇÃO;SEM INFORMAÇÃO;0;SEM INFORMAÇÃO	;RORAIMA;BOA VISTA;COLO DO UTERO, SOE;C539;NEOPLASIA INTRA-EPITELIAL ESCAMOSA,GRAU IIII;80772;COLO DO UTERO, SOE;D069;;;;;false;CITOLOGIA;"IN SITU";;;;;;;;10/12/2014;;
1391762;RCBP RORAIMA;FEMININO;04/08/1982;31;PARDA;BRASIL;MARANHÃO;;MÉDIO (ANTIGO SEGUNDO GRAU);SOLTEIRO;0;SEM INFORMAÇÃO	;RORAIMA;BOA VISTA;MAMA , SOE;C509;CARCINOMA MEDULAR, SOE;85103;MAMA , SOE;C509;;;;;false;HISTOLOGIA DO TUMOR PRIMÁRIO;LOCALIZADO;;;;;;;;22/01/2014;;
1391769;RCBP RORAIMA;FEMININO;21/05/1973;41;BRANCO;BRASIL;RORAIMA;BOA VISTA;MÉDIO (ANTIGO SEGUNDO GRAU);CASADO;0;SEM INFORMAÇÃO	;RORAIMA;BOA VISTA;MAMA , SOE;C509;CARCINOMA DUCTAL INFILTRANTE;85003;MAMA , SOE;C509;;;;;false;HISTOLOGIA DO TUMOR PRIMÁRIO;SEM INFORMAÇÃO;;;;;CÂNCER;05/10/2015;;15/10/2014;;
1160007;RCBP RORAIMA;FEMININO;30/12/1958;55;PARDA;BRASIL;Não informado;;MÉDIO (ANTIGO SEGUNDO GRAU);SOLTEIRO;842;OPERADORES NA PREPARAÇÃO DE FUMO E NA FABRICAÇÃO DE CHARUTOS E CIGARROS   	;RORAIMA;BOA VISTA;COLO DO UTERO, SOE;C539;NEOPLASIA MALIGNA;80003;COLO DO UTERO, SOE;C539;;;;;false;HISTOLOGIA DO TUMOR PRIMÁRIO;SEM INFORMAÇÃO;;;;;CÂNCER;24/07/2014;;26/02/2014;;
1159925;RCBP RORAIMA;MASCULINO;29/10/1964;49;INDÍGENA;BRASIL;RORAIMA;BONFIM;MÉDIO (ANTIGO SEGUNDO GRAU);CASADO;413;ESCRITURÁRIOS CONTÁBEIS E DE FINANÇAS	;RORAIMA;BONFIM;MEDULA OSSEA;C421;LEUCEMIA LINFOIDE, SOE;98203;LEUCEMIA LINFOIDE, SOE;C919;;;;;false;HISTOLOGIA DO TUMOR PRIMÁRIO;NÃO SE APLICA;;;;;CÂNCER;28/08/2014;;15/02/2014;;
1159054;RCBP RORAIMA;FEMININO;22/12/1974;39;BRANCO;BRASIL;Não informado;;MÉDIO (ANTIGO SEGUNDO GRAU);SEPARADO JUDICIALMENTE;111;MEMBROS SUPERIORES DO PODER LEGISLATIVO, EXECUTIVO E JUDICIÁRIO   	;RORAIMA;BOA VISTA;PANCREAS, SOE;C259;CARCINOMA NEUROENDOCRINO, SOE;82463;PANCREAS, SOE;C259;;;;;false;HISTOLOGIA DO TUMOR PRIMÁRIO;LOCALIZADO;;;;;CÂNCER;11/05/2014;;04/02/2014;;
713291;RCBP RORAIMA;FEMININO;;82;SEM INFORMAÇÃO;BRASIL;RORAIMA;BOA VISTA;SEM INFORMAÇÃO;SEM INFORMAÇÃO;;;RORAIMA;BOA VISTA;PELE, SOE;C449;CARCINOMA BASOCELULAR, SOE;80903;NEOPLASIA MALIGNA DA PELE;C449;;;;;false;HISTOLOGIA DO TUMOR PRIMÁRIO;SEM INFORMAÇÃO;;;;;;;;11/10/2014;;
1159119;RCBP RORAIMA;MASCULINO;20/04/1940;73;BRANCO;BRASIL;CEARÁ;ITAPAJÉ;MÉDIO (ANTIGO SEGUNDO GRAU);VIÚVO;0;SEM INFORMAÇÃO	;RORAIMA;BOA VISTA;ESTOMAGO, SOE;C169;NEOPLASIA MALIGNA;80003;ESTOMAGO, SOE;C169;;;;;false;HISTOLOGIA DO TUMOR PRIMÁRIO;METÁSTASE;;;;;CÂNCER;24/07/2014;;08/02/2014;;
1159856;RCBP RORAIMA;FEMININO;13/06/1947;66;PARDA;BRASIL;MARANHÃO;;SEM INFORMAÇÃO;SEM INFORMAÇÃO;0;SEM INFORMAÇÃO	;RORAIMA;BOA VISTA;PELE DE OUTRAS PARTES DA FACE;C443;CARCINOMA BASOCELULAR, SOE;80903;PELE DE OUTRAS PARTES DA FACE;C443;;;;;false;HISTOLOGIA DO TUMOR PRIMÁRIO;LOCALIZADO;;;;;;;;10/03/2014;;
1159182;RCBP RORAIMA;MASCULINO;10/04/1933;81;PARDA;BRASIL;Não informado;;SEM ESCOLARIDADE;SOLTEIRO;622;TRABALHADORES AGRÍCOLAS   	;RORAIMA;BOA VISTA;PROSTATA, SOE;C619;CARCINOMA DE CELULAS ACINOSAS;85503;PROSTATA;C61;;;;;false;HISTOLOGIA DO TUMOR PRIMÁRIO;SEM INFORMAÇÃO;;;;;CÂNCER;30/09/2014;;28/08/2014;;
1159178;RCBP RORAIMA;MASCULINO;10/07/1936;77;PRETA;BRASIL;CEARÁ;JAGUARUANA;FUNDAMENTAL I (1ª A 4ª SÉRIE);CASADO;622;TRABALHADORES AGRÍCOLAS   	;RORAIMA;BOA VISTA;RETO, SOE;C209;ADENOCARCINOMA, SOE;81403;RETO;C20;;;;;false;HISTOLOGIA DO TUMOR PRIMÁRIO;SEM INFORMAÇÃO;;;;;CÂNCER;04/08/2014;;15/06/2014;;
1159250;RCBP RORAIMA;FEMININO;08/01/1935;79;BRANCO;BRASIL;MARANHÃO;;SEM ESCOLARIDADE;VIÚVO;0;SEM INFORMAÇÃO	;RORAIMA;BOA VISTA;PULMAO, SOE;C349;ADENOCARCINOMA, SOE;81403;BRONQUIOS OU PULMOES, SOE;C349;;;;;false;HISTOLOGIA DO TUMOR PRIMÁRIO;LOCALIZADO;;;;;CÂNCER;27/07/2014;;23/04/2014;;
1159360;RCBP RORAIMA;MASCULINO;04/05/1939;74;BRANCO;BRASIL;Não informado;;FUNDAMENTAL II (5ª A 8ª SÉRIE);CASADO;622;TRABALHADORES AGRÍCOLAS   	;RORAIMA;CANTÁ;PANCREAS, SOE;C259;NEOPLASIA MALIGNA;80003;PANCREAS, SOE;C259;;;;;false;SDO;SEM INFORMAÇÃO;SEM INFORMAÇÃO;99 - SEM INFORMAÇÃO;999;MORTO;CÂNCER;10/04/2014;;10/04/2014;;
1159323;RCBP RORAIMA;FEMININO;15/07/1940;73;PARDA;BRASIL;CEARÁ;ICAPUÍ;FUNDAMENTAL I (1ª A 4ª SÉRIE);VIÚVO;0;SEM INFORMAÇÃO	;RORAIMA;BOA VISTA;PULMAO, SOE;C349;ADENOCARCINOMA, SOE;81403;BRONQUIOS OU PULMOES, SOE;C349;;;;;false;HISTOLOGIA DO TUMOR PRIMÁRIO;LOCALIZADO;;;;;CÂNCER;20/03/2014;;05/01/2014;;
1159382;RCBP RORAIMA;FEMININO;29/07/1960;53;INDÍGENA;BRASIL;RORAIMA;;SEM ESCOLARIDADE;SOLTEIRO;0;SEM INFORMAÇÃO	;RORAIMA;NORMANDIA;TECIDOS MOLES DO ABDOMEM;C494;SARCOMA INDIFERENCIADO;88053;TECIDOS MOLES DO ABDOMEM;C494;;;;;false;HISTOLOGIA DO TUMOR PRIMÁRIO;SEM INFORMAÇÃO;;;;;CÂNCER;23/03/2014;;15/02/2014;;
1159918;RCBP RORAIMA;MASCULINO;12/11/1956;57;BRANCO;BRASIL;Não informado;;FUNDAMENTAL I (1ª A 4ª SÉRIE);SEPARADO JUDICIALMENTE;342;TÉCNICOS EM TRANSPORTES (LOGÍSTICA)   	;RORAIMA;BOA VISTA;RIM, SOE;C649;NEOPLASIA MALIGNA;80003;RIM;C64;;;;;false;HISTOLOGIA DO TUMOR PRIMÁRIO;SEM INFORMAÇÃO;;;;;CÂNCER;19/09/2014;;01/03/2014;;
1159928;RCBP RORAIMA;FEMININO;19/07/1958;55;PARDA;BRASIL;CEARÁ;;FUNDAMENTAL I (1ª A 4ª SÉRIE);CASADO;517;TRABALHADORES NOS SERVIÇOS DE PROTEÇÃO E SEGURANÇA	;RORAIMA;BOA VISTA;MAMA , SOE;C509;CARCINOMA DUCTAL INFILTRANTE;85003;MAMA , SOE;C509;;;;;false;HISTOLOGIA DO TUMOR PRIMÁRIO;SEM INFORMAÇÃO;;;;;;;;22/04/2014;;
1159837;RCBP RORAIMA;FEMININO;09/12/1981;32;SEM INFORMAÇÃO;BRASIL;Não informado;Não Informado;MÉDIO (ANTIGO SEGUNDO GRAU);SEM INFORMAÇÃO;0;SEM INFORMAÇÃO	;RORAIMA;BOA VISTA;COLO DO UTERO, SOE;C539;NEOPLASIA INTRA-EPITELIAL ESCAMOSA,GRAU IIII;80772;COLO DO UTERO, SOE;D069;;;;;false;CITOLOGIA;"IN SITU";;;;;;;;10/06/2014;;
1159853;RCBP RORAIMA;MASCULINO;02/10/2013;1;SEM INFORMAÇÃO;BRASIL;RORAIMA;;SEM INFORMAÇÃO;SOLTEIRO;0;SEM INFORMAÇÃO	;RORAIMA;BOA VISTA;RIM, SOE;C649;NEFROBLASTOMA, SOE;89603;RIM;C64;Tumor de Wilms, tumor rabdóide e sarcoma de células claras;VI-A;;;false;PESQUISA;SEM INFORMAÇÃO;;;;;;;;25/11/2014;;
1159808;RCBP RORAIMA;FEMININO;05/03/1985;29;PARDA;BRASIL;RORAIMA;;FUNDAMENTAL I (1ª A 4ª SÉRIE);UNIÃO CONSENSUAL;0;SEM INFORMAÇÃO	;RORAIMA;BOA VISTA;PELE DE OUTRAS PARTES DA FACE;C443;CARCINOMA BASOCELULAR NODULAR;80973;PELE DE OUTRAS PARTES DA FACE;C443;;;CARCINOMA DE PELE;7.2;false;HISTOLOGIA DO TUMOR PRIMÁRIO;SEM INFORMAÇÃO;;;;;;;;23/10/2014;;
1698900;RCBP RORAIMA;FEMININO;30/05/1948;66;PARDA;BRASIL;Não informado;;SEM ESCOLARIDADE;VIÚVO;0;SEM INFORMAÇÃO	;RORAIMA;RORAINÓPOLIS;LIGAMENTO LARGO;C571;NEOPLASIA MALIGNA;80003;LIGAMENTO LARGO;C571;;;;;false;HISTOLOGIA DO TUMOR PRIMÁRIO;SEM INFORMAÇÃO;SEM INFORMAÇÃO;99 - SEM INFORMAÇÃO;999;MORTO;CÂNCER;11/05/2015;11/05/2015;11/05/2015;;
1698902;RCBP RORAIMA;FEMININO;25/03/1945;70;PRETA;BRASIL;PARÁ;;FUNDAMENTAL I (1ª A 4ª SÉRIE);VIÚVO;0;SEM INFORMAÇÃO	;RORAIMA;BOA VISTA;COLO DO UTERO, SOE;C539;CARCINOMA ESCAMOCELULAR, SOE;80703;COLO DO UTERO, SOE;C539;;;;;false;HISTOLOGIA DO TUMOR PRIMÁRIO;LOCALIZADO;;;;;;;;21/09/2015;;
1698909;RCBP RORAIMA;FEMININO;01/08/1971;43;PARDA;BRASIL;MINAS GERAIS;;SUPERIOR COMPLETO;CASADO;611;PRODUTORES AGROPECUÁRIOS EM GERAL 	;RORAIMA;BOA VISTA;COLON, SOE;C189;ADENOCARCINOMA, SOE;81403;COLON, SOE;C189;;;;;false;HISTOLOGIA DO TUMOR PRIMÁRIO;SEM INFORMAÇÃO;;;;;;;;31/03/2015;C34;
1698923;RCBP RORAIMA;FEMININO;19/05/1995;19;PARDA;BRASIL;Não informado;Não Informado;MÉDIO (ANTIGO SEGUNDO GRAU);SEM INFORMAÇÃO;0;SEM INFORMAÇÃO	;RORAIMA;BOA VISTA;COLO DO UTERO, SOE;C539;NEOPLASIA INTRA-EPITELIAL ESCAMOSA,GRAU IIII;80772;COLO DO UTERO, SOE;D069;Outros carcinomas malignos não especificados;XI-F;;;true;CITOLOGIA;"IN SITU";;;;;;;;25/02/2015;;
1349436;RCBP RORAIMA;FEMININO;26/08/1979;35;BRANCO;BRASIL;Não informado;;MÉDIO (ANTIGO SEGUNDO GRAU);SOLTEIRO;512;TRABALHADORES DOS SERVIÇOS DOMÉSTICOS EM GERAL	;RORAIMA;BOA VISTA;LOCALIZACAO PRIMARIA DESCONHECIDA, SOE;C809;NEOPLASIA MALIGNA;80003;LOCALIZACAO PRIMARIA DESCONHECIDA;C80;;;;;false;HISTOLOGIA DO TUMOR PRIMÁRIO;METÁSTASE;;;;;CÂNCER;10/12/2015;;06/03/2015;;
1695685;RCBP RORAIMA;FEMININO;02/12/1959;55;PARDA;BRASIL;Não informado;Não Informado;FUNDAMENTAL I (1ª A 4ª SÉRIE);SEM INFORMAÇÃO;0;SEM INFORMAÇÃO	;RORAIMA;BOA VISTA;COLO DO UTERO, SOE;C539;NEOPLASIA INTRA-EPITELIAL ESCAMOSA,GRAU IIII;80772;COLO DO UTERO, SOE;D069;;;;;false;CITOLOGIA;"IN SITU";;;;;;;;07/10/2015;;
1695688;RCBP RORAIMA;FEMININO;08/03/1945;70;BRANCO;BRASIL;RORAIMA;BOA VISTA;SUPERIOR COMPLETO;CASADO;141;GERENTES DE PRODUÇÃO E OPERAÇÕES  	;RORAIMA;BOA VISTA;OVARIO, SOE;C569;NEOPLASIA MALIGNA;80003;OVARIO;C56;;;;;false;HISTOLOGIA DO TUMOR PRIMÁRIO;SEM INFORMAÇÃO;SEM INFORMAÇÃO;99 - SEM INFORMAÇÃO;999;MORTO;CÂNCER;30/05/2015;30/05/2015;30/05/2015;;
1695691;RCBP RORAIMA;MASCULINO;13/07/1937;77;INDÍGENA;BRASIL;RORAIMA;NORMANDIA;FUNDAMENTAL I (1ª A 4ª SÉRIE);UNIÃO CONSENSUAL;622;TRABALHADORES AGRÍCOLAS   	;RORAIMA;NORMANDIA;PROSTATA, SOE;C619;NEOPLASIA MALIGNA;80003;PROSTATA;C61;;;;;false;HISTOLOGIA DO TUMOR PRIMÁRIO;SEM INFORMAÇÃO;SEM INFORMAÇÃO;99 - SEM INFORMAÇÃO;999;MORTO;CÂNCER;22/08/2015;22/08/2015;29/03/2015;;
1695695;RCBP RORAIMA;FEMININO;24/11/1984;31;PARDA;BRASIL;Não informado;Não Informado;MÉDIO (ANTIGO SEGUNDO GRAU);SEM INFORMAÇÃO;0;SEM INFORMAÇÃO	;RORAIMA;BOA VISTA;COLO DO UTERO, SOE;C539;NEOPLASIA INTRA-EPITELIAL ESCAMOSA,GRAU IIII;80772;COLO DO UTERO, SOE;D069;;;;;false;CITOLOGIA;"IN SITU";;;;;;;;24/12/2015;;
1695697;RCBP RORAIMA;MASCULINO;23/12/1952;62;PARDA;BRASIL;AMAZONAS;MANACAPURU;FUNDAMENTAL II (5ª A 8ª SÉRIE);CASADO;;;RORAIMA;SÃO LUIZ;PULMAO, SOE;C349;NEOPLASIA MALIGNA;80003;BRONQUIOS OU PULMOES, SOE;C349;;;;;false;HISTOLOGIA DO TUMOR PRIMÁRIO;SEM INFORMAÇÃO;SEM INFORMAÇÃO;99 - SEM INFORMAÇÃO;999;MORTO;CÂNCER;18/07/2015;18/07/2015;30/01/2015;;
1695708;RCBP RORAIMA;FEMININO;04/01/1996;19;PARDA;BRASIL;Não informado;Não Informado;FUNDAMENTAL II (5ª A 8ª SÉRIE);SEM INFORMAÇÃO;0;SEM INFORMAÇÃO	;RORAIMA;BOA VISTA;COLO DO UTERO, SOE;C539;NEOPLASIA INTRA-EPITELIAL ESCAMOSA,GRAU IIII;80772;COLO DO UTERO, SOE;D069;Outros carcinomas malignos não especificados;XI-F;;;true;CITOLOGIA;"IN SITU";;;;;;;;04/11/2015;;
1695713;RCBP RORAIMA;FEMININO;25/02/1929;86;PARDA;BRASIL;MARANHÃO;COLINAS;FUNDAMENTAL II (5ª A 8ª SÉRIE);VIÚVO;0;SEM INFORMAÇÃO	;RORAIMA;BOA VISTA;ENCEFALO, SOE;C719;NEOPLASIA MALIGNA;80003;ENCEFALO, SOE;C719;;;;;false;HISTOLOGIA DO TUMOR PRIMÁRIO;SEM INFORMAÇÃO;SEM INFORMAÇÃO;99 - SEM INFORMAÇÃO;999;MORTO;CÂNCER;16/07/2015;16/07/2015;18/03/2015;;
1695720;RCBP RORAIMA;FEMININO;02/06/1961;53;PARDA;BRASIL;Não informado;Não Informado;MÉDIO (ANTIGO SEGUNDO GRAU);SEM INFORMAÇÃO;0;SEM INFORMAÇÃO	;RORAIMA;BOA VISTA;COLO DO UTERO, SOE;C539;NEOPLASIA INTRA-EPITELIAL ESCAMOSA,GRAU IIII;80772;COLO DO UTERO, SOE;D069;;;;;false;CITOLOGIA;"IN SITU";;;;;;;;09/03/2015;;
1695721;RCBP RORAIMA;FEMININO;05/04/1970;45;PARDA;BRASIL;MARANHÃO;;MÉDIO (ANTIGO SEGUNDO GRAU);CASADO;519;OUTROS TRABALHADORES DE SERVIÇOS DIVERSOS 	;RORAIMA;BOA VISTA;MAMA , SOE;C509;CARCINOMA DUCTAL INFILTRANTE;85003;MAMA , SOE;C509;;;;;false;HISTOLOGIA DO TUMOR PRIMÁRIO;LOCALIZADO;;;;;;;;17/08/2015;;
1695723;RCBP RORAIMA;MASCULINO;14/06/1941;73;BRANCO;BRASIL;AMAZONAS;MANAUS;FUNDAMENTAL I (1ª A 4ª SÉRIE);CASADO;842;OPERADORES NA PREPARAÇÃO DE FUMO E NA FABRICAÇÃO DE CHARUTOS E CIGARROS   	;RORAIMA;ALTO ALEGRE;PULMAO, SOE;C349;NEOPLASIA MALIGNA;80003;BRONQUIOS OU PULMOES, SOE;C349;;;;;false;HISTOLOGIA DO TUMOR PRIMÁRIO;SEM INFORMAÇÃO;SEM INFORMAÇÃO;99 - SEM INFORMAÇÃO;999;MORTO;CÂNCER;27/05/2015;27/05/2015;27/01/2015;;
1695727;RCBP RORAIMA;FEMININO;28/12/1958;56;PARDA;BRASIL;RORAIMA;BOA VISTA;SEM ESCOLARIDADE;CASADO;0;SEM INFORMAÇÃO	;RORAIMA;BOA VISTA;LESAO SOBREPOSTA DO PULMAO;C348;NEOPLASIA MALIGNA;80003;LESAO INVASIVA DOS BRONQUIOS E DOS PULMOES;C348;;;;;false;HISTOLOGIA DO TUMOR PRIMÁRIO;SEM INFORMAÇÃO;;;;;CÂNCER;20/08/2015;;03/01/2015;;
1695734;RCBP RORAIMA;MASCULINO;24/09/2003;11;SEM INFORMAÇÃO;BRASIL;RORAIMA;BOA VISTA;SEM INFORMAÇÃO;SEM INFORMAÇÃO;;;RORAIMA;BOA VISTA;CEREBRO;C710;NEOPLASIA MALIGNA;80003;CEREBRO;C710;Neoplasias intracranianas e intra-espinhais não especificadas;III-F;;;false;HISTOLOGIA DO TUMOR PRIMÁRIO;SEM INFORMAÇÃO;SEM INFORMAÇÃO;99 - SEM INFORMAÇÃO;999;MORTO;CÂNCER;20/01/2015;20/01/2015;03/01/2015;;
1695732;RCBP RORAIMA;FEMININO;06/03/1968;47;PARDA;BRASIL;AMAZONAS;;FUNDAMENTAL II (5ª A 8ª SÉRIE);CASADO;0;SEM INFORMAÇÃO	;RORAIMA;BOA VISTA;MAMA , SOE;C509;CARCINOMA INTRADUCTAL, NAO INFILTRANTE, SOE;85002;CARCINOMA "IN SITU" DA MAMA, SOE;D059;;;;;false;HISTOLOGIA DO TUMOR PRIMÁRIO;"IN SITU";;;;;;;;02/09/2015;;
1695737;RCBP RORAIMA;FEMININO;13/07/2002;12;INDÍGENA;BRASIL;RORAIMA;NORMANDIA;FUNDAMENTAL I (1ª A 4ª SÉRIE);SOLTEIRO;0;SEM INFORMAÇÃO	;RORAIMA;NORMANDIA;RETO, SOE;C209;NEOPLASIA MALIGNA;80003;RETO;C20;Outros tumores malignos não especificados;XII-B;;;false;HISTOLOGIA DO TUMOR PRIMÁRIO;SEM INFORMAÇÃO;;;;;CÂNCER;19/10/2015;;05/01/2015;;
1695750;RCBP RORAIMA;FEMININO;20/10/1944;70;PARDA;BRASIL;MARANHÃO;;SEM ESCOLARIDADE;VIÚVO;0;SEM INFORMAÇÃO	;RORAIMA;BOA VISTA;COLO DO UTERO, SOE;C539;CARCINOMA ESCAMOCELULAR, SOE;80703;COLO DO UTERO, SOE;C539;;;;;false;HISTOLOGIA DO TUMOR PRIMÁRIO;SEM INFORMAÇÃO;;;;;;;;02/01/2015;;
1695751;RCBP RORAIMA;FEMININO;25/03/1970;45;BRANCO;BRASIL;MARANHÃO;ARAIÓSES;FUNDAMENTAL I (1ª A 4ª SÉRIE);SOLTEIRO;0;SEM INFORMAÇÃO	;RORAIMA;BOA VISTA;ESTOMAGO, SOE;C169;NEOPLASIA MALIGNA;80003;ESTOMAGO, SOE;C169;;;;;false;HISTOLOGIA DO TUMOR PRIMÁRIO;SEM INFORMAÇÃO;SEM INFORMAÇÃO;99 - SEM INFORMAÇÃO;999;MORTO;CÂNCER;09/08/2015;09/08/2015;09/08/2015;;
1695758;RCBP RORAIMA;FEMININO;20/04/1957;58;INDÍGENA;BRASIL;Não informado;Não Informado;FUNDAMENTAL I (1ª A 4ª SÉRIE);SEM INFORMAÇÃO;0;SEM INFORMAÇÃO	;RORAIMA;BOA VISTA;COLO DO UTERO, SOE;C539;NEOPLASIA INTRA-EPITELIAL ESCAMOSA,GRAU IIII;80772;COLO DO UTERO, SOE;D069;;;;;false;CITOLOGIA;"IN SITU";;;;;;;;04/11/2015;;
1695762;RCBP RORAIMA;FEMININO;24/05/1949;65;BRANCO;BRASIL;RIO GRANDE DO SUL;;FUNDAMENTAL I (1ª A 4ª SÉRIE);CASADO;0;SEM INFORMAÇÃO	;RORAIMA;BOA VISTA;PELE, SOE;C449;CARCINOMA BASOCELULAR, SOE;80903;NEOPLASIA MALIGNA DA PELE;C449;;;;;false;HISTOLOGIA DO TUMOR PRIMÁRIO;SEM INFORMAÇÃO;;;;;;;;23/02/2015;;
1695769;RCBP RORAIMA;FEMININO;21/03/1973;42;PARDA;BRASIL;Não informado;Não Informado;MÉDIO (ANTIGO SEGUNDO GRAU);SEM INFORMAÇÃO;0;SEM INFORMAÇÃO	;RORAIMA;BOA VISTA;COLO DO UTERO, SOE;C539;NEOPLASIA INTRA-EPITELIAL ESCAMOSA,GRAU IIII;80772;COLO DO UTERO, SOE;D069;;;;;false;CITOLOGIA;"IN SITU";;;;;;;;03/11/2015;;
1698958;RCBP RORAIMA;FEMININO;23/07/1950;65;BRANCO;BRASIL;MARANHÃO;;SEM INFORMAÇÃO;CASADO;;;RORAIMA;BOA VISTA;COLO DO UTERO, SOE;C539;CARCINOMA ESCAMOSO MICRO-INVASOR;80763;COLO DO UTERO, SOE;C539;;;;;false;HISTOLOGIA DO TUMOR PRIMÁRIO;METÁSTASE;;;;;;;;14/10/2015;;
1695924;RCBP RORAIMA;FEMININO;19/02/1973;42;PARDA;BRASIL;MARANHÃO;;MÉDIO (ANTIGO SEGUNDO GRAU);SEPARADO JUDICIALMENTE;0;SEM INFORMAÇÃO	;RORAIMA;BOA VISTA;COLON SIGMOIDE;C187;ADENOCARCINOMA, SOE;81403;COLON SIGMOIDE;C187;;;;;false;HISTOLOGIA DO TUMOR PRIMÁRIO;SEM INFORMAÇÃO;;;;;;;;19/02/2015;;
1699034;RCBP RORAIMA;FEMININO;06/03/1961;53;PARDA;BRASIL;CEARÁ;;FUNDAMENTAL II (5ª A 8ª SÉRIE);CASADO;519;OUTROS TRABALHADORES DE SERVIÇOS DIVERSOS 	;RORAIMA;BOA VISTA;MAMA , SOE;C509;CARCINOMA INTRADUCTAL, NAO INFILTRANTE, SOE;85002;CARCINOMA "IN SITU" DA MAMA, SOE;D059;;;;;false;HISTOLOGIA DO TUMOR PRIMÁRIO;"IN SITU";;;;;;;;24/02/2015;;
1699045;RCBP RORAIMA;FEMININO;;63;SEM INFORMAÇÃO;BRASIL;Não informado;Não Informado;SEM INFORMAÇÃO;SEM INFORMAÇÃO;0;SEM INFORMAÇÃO	;RORAIMA;BOA VISTA;PELE, SOE;C449;CARCINOMA BASOCELULAR, SOE;80903;NEOPLASIA MALIGNA DA PELE;C449;;;;;false;HISTOLOGIA DO TUMOR PRIMÁRIO;SEM INFORMAÇÃO;;;;;;;;16/10/2015;;
1696190;RCBP RORAIMA;MASCULINO;13/10/1954;60;PARDA;BRASIL;MARANHÃO;PINHEIRO;FUNDAMENTAL I (1ª A 4ª SÉRIE);UNIÃO CONSENSUAL;711;TRABALHADORES DA EXTRAÇÃO MINERAL 	;RORAIMA;BOA VISTA;PULMAO, SOE;C349;NEOPLASIA MALIGNA;80003;BRONQUIOS OU PULMOES, SOE;C349;;;;;false;HISTOLOGIA DO TUMOR PRIMÁRIO;SEM INFORMAÇÃO;SEM INFORMAÇÃO;99 - SEM INFORMAÇÃO;999;MORTO;CÂNCER;08/08/2015;08/08/2015;25/01/2015;;
1696199;RCBP RORAIMA;MASCULINO;25/05/1974;40;PARDA;BRASIL;RORAIMA;BOA VISTA;MÉDIO (ANTIGO SEGUNDO GRAU);UNIÃO CONSENSUAL;;;RORAIMA;BOA VISTA;COLON, SOE;C189;NEOPLASIA MALIGNA;80003;COLON, SOE;C189;;;;;false;HISTOLOGIA DO TUMOR PRIMÁRIO;SEM INFORMAÇÃO;SEM INFORMAÇÃO;99 - SEM INFORMAÇÃO;999;MORTO;CÂNCER;27/03/2015;27/03/2015;15/01/2015;;
1696050;RCBP RORAIMA;FEMININO;13/07/1961;53;PARDA;BRASIL;PARÁ;ALENQUER;MÉDIO (ANTIGO SEGUNDO GRAU);VIÚVO;0;SEM INFORMAÇÃO	;RORAIMA;BOA VISTA;TRATO INTESTINAL, SOE;C260;NEOPLASIA MALIGNA;80003;TRATO INTESTINAL, SOE;C260;;;;;false;HISTOLOGIA DO TUMOR PRIMÁRIO;SEM INFORMAÇÃO;SEM INFORMAÇÃO;99 - SEM INFORMAÇÃO;999;MORTO;CÂNCER;13/10/2015;13/10/2015;16/01/2015;;
1696057;RCBP RORAIMA;FEMININO;17/10/1974;40;PARDA;BRASIL;RORAIMA;;MÉDIO (ANTIGO SEGUNDO GRAU);SEM INFORMAÇÃO;;;RORAIMA;BOA VISTA;COLO DO UTERO, SOE;C539;NEOPLASIA INTRA-EPITELIAL ESCAMOSA,GRAU IIII;80772;COLO DO UTERO, SOE;D069;;;;;false;CITOLOGIA;"IN SITU";;;;;;;;22/06/2015;;
1696066;RCBP RORAIMA;MASCULINO;25/01/1968;46;PARDA;BRASIL;MARANHÃO;COROATÁ;FUNDAMENTAL II (5ª A 8ª SÉRIE);CASADO;622;TRABALHADORES AGRÍCOLAS   	;RORAIMA;PACARAIMA;MEDULA OSSEA;C421;LEUCEMIA MIELOIDE AGUDA, SOE;98613;LEUCEMIA MIELOIDE AGUDA;C920;;;;;false;HISTOLOGIA DO TUMOR PRIMÁRIO;NÃO SE APLICA;SEM INFORMAÇÃO;99 - SEM INFORMAÇÃO;999;MORTO;CÂNCER;13/05/2015;13/05/2015;03/01/2015;;
1696075;RCBP RORAIMA;FEMININO;19/05/1970;44;PARDA;BRASIL;RORAIMA;BOA VISTA;MÉDIO (ANTIGO SEGUNDO GRAU);SEM INFORMAÇÃO;0;SEM INFORMAÇÃO	;RORAIMA;BOA VISTA;COLO DO UTERO, SOE;C539;NEOPLASIA INTRA-EPITELIAL ESCAMOSA,GRAU IIII;80772;COLO DO UTERO, SOE;D069;;;;;false;CITOLOGIA;"IN SITU";;;;;;;;24/04/2015;;
1696076;RCBP RORAIMA;FEMININO;28/12/1975;39;BRANCO;BRASIL;Não informado;Não Informado;SEM INFORMAÇÃO;SEM INFORMAÇÃO;;;RORAIMA;BOA VISTA;CORPO DO UTERO, SOE;C549;ADENOCARCINOMA COM SUBTIPOS MISTOS;82553;CORPO DO UTERO, SOE;C549;;;;;false;HISTOLOGIA DO TUMOR PRIMÁRIO;SEM INFORMAÇÃO;;;;;;;;15/12/2015;;
1696079;RCBP RORAIMA;MASCULINO;04/10/1943;72;PARDA;BRASIL;SÃO PAULO;;FUNDAMENTAL II (5ª A 8ª SÉRIE);CASADO;0;SEM INFORMAÇÃO	;RORAIMA;BOA VISTA;PELE DE OUTRAS PARTES DA FACE;C443;CARCINOMA BASOCELULAR, SOE;80903;PELE DE OUTRAS PARTES DA FACE;C443;;;;;false;HISTOLOGIA DO TUMOR PRIMÁRIO;LOCALIZADO;;;;;;;;06/10/2015;;
1696082;RCBP RORAIMA;MASCULINO;16/05/1952;62;PARDA;BRASIL;PERNAMBUCO;;SEM ESCOLARIDADE;SOLTEIRO;914;MECÂNICOS DE MANUTENÇÃO VEICULAR  	;RORAIMA;BOA VISTA;PROSTATA, SOE;C619;ADENOCARCINOMA, SOE;81403;PROSTATA;C61;;;;;false;HISTOLOGIA DO TUMOR PRIMÁRIO;METÁSTASE;;;;;;;;27/02/2015;;
1696099;RCBP RORAIMA;FEMININO;22/02/1970;44;PARDA;BRASIL;Não informado;Não Informado;FUNDAMENTAL I (1ª A 4ª SÉRIE);SEM INFORMAÇÃO;0;SEM INFORMAÇÃO	;RORAIMA;BOA VISTA;COLO DO UTERO, SOE;C539;NEOPLASIA INTRA-EPITELIAL ESCAMOSA,GRAU IIII;80772;COLO DO UTERO, SOE;D069;;;;;false;CITOLOGIA;"IN SITU";;;;;;;;02/02/2015;;
1696104;RCBP RORAIMA;FEMININO;05/06/1977;37;BRANCO;BRASIL;Não informado;Não Informado;MÉDIO (ANTIGO SEGUNDO GRAU);SEM INFORMAÇÃO;0;SEM INFORMAÇÃO	;RORAIMA;BOA VISTA;COLO DO UTERO, SOE;C539;NEOPLASIA INTRA-EPITELIAL ESCAMOSA,GRAU IIII;80772;COLO DO UTERO, SOE;D069;;;;;false;CITOLOGIA;"IN SITU";;;;;;;;25/03/2015;;
1696111;RCBP RORAIMA;FEMININO;15/09/1984;30;PARDA;BRASIL;Não informado;Não Informado;SEM INFORMAÇÃO;SEM INFORMAÇÃO;0;SEM INFORMAÇÃO	;RORAIMA;BOA VISTA;COLO DO UTERO, SOE;C539;NEOPLASIA INTRA-EPITELIAL ESCAMOSA,GRAU IIII;80772;COLO DO UTERO, SOE;D069;;;;;false;CITOLOGIA;"IN SITU";;;;;;;;27/04/2015;;
1696115;RCBP RORAIMA;MASCULINO;22/01/1958;57;BRANCO;BRASIL;RORAIMA;;SUPERIOR INCOMPLETO;CASADO;0;SEM INFORMAÇÃO	;RORAIMA;BOA VISTA;PELE DO COURO CABELUDO E DO PESCOCO;C444;CARCINOMA BASOCELULAR, SOE;80903;PELE DO COURO CABELUDO E DO PESCOCO;C444;;;;;false;HISTOLOGIA DO TUMOR PRIMÁRIO;LOCALIZADO;;;;;;;;13/10/2015;;
1696122;RCBP RORAIMA;FEMININO;16/12/1977;37;PARDA;BRASIL;RORAIMA;;MÉDIO (ANTIGO SEGUNDO GRAU);SEM INFORMAÇÃO;;;RORAIMA;BOA VISTA;COLO DO UTERO, SOE;C539;NEOPLASIA INTRA-EPITELIAL ESCAMOSA,GRAU IIII;80772;COLO DO UTERO, SOE;D069;;;;;false;CITOLOGIA;"IN SITU";;;;;;;;08/06/2015;;
1696145;RCBP RORAIMA;FEMININO;07/09/1961;53;SEM INFORMAÇÃO;BRASIL;CEARÁ;CRATEÚS;FUNDAMENTAL I (1ª A 4ª SÉRIE);UNIÃO CONSENSUAL;0;SEM INFORMAÇÃO	;RORAIMA;CARACARAÍ;TRATO INTESTINAL, SOE;C260;NEOPLASIA MALIGNA;80003;TRATO INTESTINAL, SOE;C260;;;;;false;HISTOLOGIA DO TUMOR PRIMÁRIO;SEM INFORMAÇÃO;SEM INFORMAÇÃO;99 - SEM INFORMAÇÃO;999;MORTO;CÂNCER;17/05/2015;17/05/2015;02/01/2015;;
1696148;RCBP RORAIMA;FEMININO;17/03/1938;76;PRETA;BRASIL;Não informado;;SEM INFORMAÇÃO;VIÚVO;;;RORAIMA;CARACARAÍ;ESTOMAGO, SOE;C169;NEOPLASIA MALIGNA;80003;ESTOMAGO, SOE;C169;;;;;false;HISTOLOGIA DO TUMOR PRIMÁRIO;SEM INFORMAÇÃO;SEM INFORMAÇÃO;99 - SEM INFORMAÇÃO;999;MORTO;CÂNCER;18/02/2015;18/02/2015;30/01/2015;;
1696155;RCBP RORAIMA;MASCULINO;21/01/1931;83;PARDA;BRASIL;RORAIMA;BOA VISTA;SEM ESCOLARIDADE;VIÚVO;0;SEM INFORMAÇÃO	;RORAIMA;BOA VISTA;LOCALIZACAO PRIMARIA DESCONHECIDA, SOE;C809;NEOPLASIA MALIGNA;80003;LOCALIZACAO PRIMARIA DESCONHECIDA;C80;;;;;false;HISTOLOGIA DO TUMOR PRIMÁRIO;METÁSTASE;SEM INFORMAÇÃO;99 - SEM INFORMAÇÃO;999;MORTO;CÂNCER;09/02/2015;09/02/2015;12/01/2015;;
1696168;RCBP RORAIMA;MASCULINO;30/10/1963;51;BRANCO;BRASIL;PARANÁ;PÉROLA D'OESTE;FUNDAMENTAL I (1ª A 4ª SÉRIE);UNIÃO CONSENSUAL;622;TRABALHADORES AGRÍCOLAS   	;RORAIMA;ALTO ALEGRE;TRATO INTESTINAL, SOE;C260;NEOPLASIA MALIGNA;80003;TRATO INTESTINAL, SOE;C260;;;;;false;HISTOLOGIA DO TUMOR PRIMÁRIO;METÁSTASE;SEM INFORMAÇÃO;99 - SEM INFORMAÇÃO;999;MORTO;CÂNCER;17/04/2015;17/04/2015;29/01/2015;;
1696173;RCBP RORAIMA;MASCULINO;17/11/1985;29;PARDA;BRASIL;AMAZONAS;;SEM INFORMAÇÃO;SOLTEIRO;0;SEM INFORMAÇÃO	;RORAIMA;BOA VISTA;LOCALIZACAO PRIMARIA DESCONHECIDA, SOE;C809;LINFOMA DE ZONA MARGINAL TIPO CELULAS B, SOE;96993;GRANDES CELULAS (DIFUSO);C833;;;LINFOMA NÃO-HODGKIN;2.1;false;HISTOLOGIA DO TUMOR PRIMÁRIO;NÃO SE APLICA;;;;;;;;11/05/2015;;
1696181;RCBP RORAIMA;FEMININO;29/06/1995;19;BRANCO;BRASIL;Não informado;Não Informado;MÉDIO (ANTIGO SEGUNDO GRAU);SEM INFORMAÇÃO;0;SEM INFORMAÇÃO	;RORAIMA;BOA VISTA;COLO DO UTERO, SOE;C539;NEOPLASIA INTRA-EPITELIAL ESCAMOSA,GRAU IIII;80772;COLO DO UTERO, SOE;D069;Outros carcinomas malignos não especificados;XI-F;;;true;CITOLOGIA;"IN SITU";;;;;;;;26/01/2015;;
1696182;RCBP RORAIMA;MASCULINO;;35;SEM INFORMAÇÃO;BRASIL;Não informado;Não Informado;SEM INFORMAÇÃO;SEM INFORMAÇÃO;0;SEM INFORMAÇÃO	;RORAIMA;BOA VISTA;PELE DO LABIO, SOE;C440;CARCINOMA ESCAMOCELULAR, SOE;80703;PELE DO LABIO;C440;;;;;false;HISTOLOGIA DO TUMOR PRIMÁRIO;SEM INFORMAÇÃO;;;;;;;;24/07/2015;;
1696183;RCBP RORAIMA;FEMININO;01/03/1943;72;SEM INFORMAÇÃO;BRASIL;Não informado;;SEM INFORMAÇÃO;VIÚVO;0;SEM INFORMAÇÃO	;RORAIMA;CARACARAÍ;ESOFAGO CERVICAL;C150;NEOPLASIA MALIGNA;80003;PORCAO CERVICAL DO ESOFAGO;C150;;;;;false;SDO;SEM INFORMAÇÃO;SEM INFORMAÇÃO;99 - SEM INFORMAÇÃO;999;MORTO;CÂNCER;30/05/2015;30/05/2015;30/05/2015;;
1696188;RCBP RORAIMA;FEMININO;29/08/1982;32;PARDA;BRASIL;Não informado;Não Informado;FUNDAMENTAL II (5ª A 8ª SÉRIE);SEM INFORMAÇÃO;0;SEM INFORMAÇÃO	;RORAIMA;BOA VISTA;COLO DO UTERO, SOE;C539;NEOPLASIA INTRA-EPITELIAL ESCAMOSA,GRAU IIII;80772;COLO DO UTERO, SOE;D069;;;;;false;CITOLOGIA;"IN SITU";;;;;;;;24/04/2015;;
1696198;RCBP RORAIMA;FEMININO;22/01/1975;40;PARDA;BRASIL;MARANHÃO;;FUNDAMENTAL II (5ª A 8ª SÉRIE);CASADO;519;OUTROS TRABALHADORES DE SERVIÇOS DIVERSOS 	;RORAIMA;BOA VISTA;TIREOIDE, SOE;C739;CARCINOMA PAPILAR, SOE;80503;GLANDULA TIREOIDE;C73;;;;;false;HISTOLOGIA DO TUMOR PRIMÁRIO;LOCALIZADO;;;;;;;;24/09/2015;;
1696200;RCBP RORAIMA;FEMININO;17/07/1973;42;PARDA;BRASIL;MARANHÃO;;MÉDIO (ANTIGO SEGUNDO GRAU);SEM INFORMAÇÃO;519;OUTROS TRABALHADORES DE SERVIÇOS DIVERSOS 	;RORAIMA;BOA VISTA;PELE DE OUTRAS PARTES DA FACE;C443;CARCINOMA BASOCELULAR, SOE;80903;PELE DE OUTRAS PARTES DA FACE;C443;;;;;false;HISTOLOGIA DO TUMOR PRIMÁRIO;LOCALIZADO;;;;;;;;21/07/2015;;
1696204;RCBP RORAIMA;FEMININO;28/11/1971;43;PARDA;BRASIL;MATO GROSSO ;;FUNDAMENTAL I (1ª A 4ª SÉRIE);CASADO;519;OUTROS TRABALHADORES DE SERVIÇOS DIVERSOS 	;RORAIMA;BOA VISTA;MAMA , SOE;C509;CARCINOMA DUCTAL INFILTRANTE;85003;MAMA , SOE;C509;;;;;false;HISTOLOGIA DO TUMOR PRIMÁRIO;METÁSTASE;;;;;;;;08/10/2015;;
1696206;RCBP RORAIMA;FEMININO;18/06/1959;55;PARDA;BRASIL;PARÁ;ÓBIDOS;MÉDIO (ANTIGO SEGUNDO GRAU);CASADO;;;RORAIMA;BOA VISTA;MAMA , SOE;C509;NEOPLASIA MALIGNA;80003;MAMA , SOE;C509;;;;;false;HISTOLOGIA DO TUMOR PRIMÁRIO;SEM INFORMAÇÃO;SEM INFORMAÇÃO;99 - SEM INFORMAÇÃO;999;MORTO;CÂNCER;25/06/2015;25/06/2015;19/01/2015;;
1696211;RCBP RORAIMA;MASCULINO;31/05/2000;14;PARDA;BRASIL;RORAIMA;;FUNDAMENTAL I (1ª A 4ª SÉRIE);SOLTEIRO;0;SEM INFORMAÇÃO	;RORAIMA;CANTÁ;OSSOS DOS MEMBROS, SOE;C409;OSTEOSSARCOMA, SOE;91803;OSSOS E CARTILAGENS DOS MEMBROS;C409;Osteossarcoma;VIII-A;;;false;HISTOLOGIA DO TUMOR PRIMÁRIO;METÁSTASE;;;;;CÂNCER;12/06/2017;;21/01/2015;;
780231;RCBP RORAIMA;MASCULINO;21/03/1932;83;BRANCO;BRASIL;CEARÁ;FORTALEZA;FUNDAMENTAL I (1ª A 4ª SÉRIE);CASADO;622;TRABALHADORES AGRÍCOLAS   	;RORAIMA;BOA VISTA;PELE DO COURO CABELUDO E DO PESCOCO;C444;CARCINOMA ESCAMOCELULAR, SOE;80703;PELE DO COURO CABELUDO E DO PESCOCO;C444;;;;;false;HISTOLOGIA DO TUMOR PRIMÁRIO;LOCALIZADO;;;;;;;;21/10/2015;;
1695937;RCBP RORAIMA;FEMININO;12/10/1930;84;BRANCO;BRASIL;CEARÁ;;SEM ESCOLARIDADE;VIÚVO;;;RORAIMA;BOA VISTA;PELE, SOE;C449;CARCINOMA, SOE;80103;NEOPLASIA MALIGNA DA PELE;C449;;;;;false;HISTOLOGIA DO TUMOR PRIMÁRIO;SEM INFORMAÇÃO;;;;;;;;26/08/2015;;
1695937;RCBP RORAIMA;FEMININO;12/10/1930;84;BRANCO;BRASIL;CEARÁ;;SEM ESCOLARIDADE;VIÚVO;;;RORAIMA;BOA VISTA;PELE DO TRONCO;C445;CARCINOMA BASOCELULAR, SOE;80903;PELE DO TRONCO;C445;;;;;false;HISTOLOGIA DO TUMOR PRIMÁRIO;LOCALIZADO;;;;;;;;02/09/2015;;
1696266;RCBP RORAIMA;MASCULINO;05/02/1931;83;BRANCO;BRASIL;RORAIMA;BOA VISTA;FUNDAMENTAL I (1ª A 4ª SÉRIE);UNIÃO CONSENSUAL;613;PRODUTORES EM PECUÁRIA	;RORAIMA;BOA VISTA;FIGADO, SOE;C220;NEOPLASIA MALIGNA;80003;FIGADO E VIAS BILIARES INTRA-HEPATICAS;C22;;;;;false;HISTOLOGIA DO TUMOR PRIMÁRIO;SEM INFORMAÇÃO;;;;;CÂNCER;14/02/2015;;02/01/2015;;
1696284;RCBP RORAIMA;FEMININO;08/10/1985;29;PARDA;BRASIL;Não informado;Não Informado;MÉDIO (ANTIGO SEGUNDO GRAU);SEM INFORMAÇÃO;;;RORAIMA;BOA VISTA;COLO DO UTERO, SOE;C539;NEOPLASIA INTRA-EPITELIAL ESCAMOSA,GRAU IIII;80772;COLO DO UTERO, SOE;D069;;;;;false;CITOLOGIA;"IN SITU";;;;;;;;22/07/2015;;
1696256;RCBP RORAIMA;MASCULINO;03/02/1947;68;PARDA;BRASIL;AMAZONAS;COARI;FUNDAMENTAL I (1ª A 4ª SÉRIE);CASADO;0;SEM INFORMAÇÃO	;RORAIMA;BOA VISTA;PELE, SOE;C449;CARCINOMA BASOCELULAR, SOE;80903;NEOPLASIA MALIGNA DA PELE;C449;;;;;false;HISTOLOGIA DO TUMOR PRIMÁRIO;SEM INFORMAÇÃO;;;;;;;;25/03/2015;;
1696260;RCBP RORAIMA;MASCULINO;26/12/1959;55;SEM INFORMAÇÃO;BRASIL;RORAIMA;BOA VISTA;SEM INFORMAÇÃO;SEM INFORMAÇÃO;0;SEM INFORMAÇÃO	;RORAIMA;BOA VISTA;PELE DE OUTRAS PARTES DA FACE;C443;CARCINOMA ESCAMOCELULAR, SOE;80703;PELE DE OUTRAS PARTES DA FACE;C443;;;;;false;HISTOLOGIA DO TUMOR PRIMÁRIO;SEM INFORMAÇÃO;;;;;CÂNCER;13/04/2017;;23/03/2015;;
1696288;RCBP RORAIMA;FEMININO;12/10/1968;47;PARDA;BRASIL;Não informado;Não Informado;FUNDAMENTAL I (1ª A 4ª SÉRIE);SEM INFORMAÇÃO;0;SEM INFORMAÇÃO	;RORAIMA;BOA VISTA;COLO DO UTERO, SOE;C539;NEOPLASIA INTRA-EPITELIAL ESCAMOSA,GRAU IIII;80772;COLO DO UTERO, SOE;D069;;;;;false;CITOLOGIA;"IN SITU";;;;;;;;09/11/2015;;
1696291;RCBP RORAIMA;MASCULINO;30/04/1945;70;PARDA;BRASIL;PARANÁ;;FUNDAMENTAL I (1ª A 4ª SÉRIE);CASADO;848;TRABALHADORES ARTESANAIS NA  AGROINDÚSTRIA, NA INDÚSTRIA DE ALIMENTOS E DO FUMO   	;RORAIMA;BOA VISTA;PELE, SOE;C449;CARCINOMA BASOCELULAR, SOE;80903;NEOPLASIA MALIGNA DA PELE;C449;;;;;false;HISTOLOGIA DO TUMOR PRIMÁRIO;SEM INFORMAÇÃO;;;;;;;;16/06/2015;;
1696293;RCBP RORAIMA;FEMININO;02/11/1962;52;INDÍGENA;BRASIL;RORAIMA;;SEM INFORMAÇÃO;SOLTEIRO;519;OUTROS TRABALHADORES DE SERVIÇOS DIVERSOS 	;RORAIMA;BOA VISTA;COLO DO UTERO, SOE;C539;CARCINOMA ESCAMOCELULAR, SOE;80703;COLO DO UTERO, SOE;C539;;;;;false;HISTOLOGIA DO TUMOR PRIMÁRIO;SEM INFORMAÇÃO;;;;;;;;30/09/2015;;
1696296;RCBP RORAIMA;MASCULINO;01/05/1940;74;PARDA;BRASIL;MARANHÃO;;FUNDAMENTAL I (1ª A 4ª SÉRIE);CASADO;622;TRABALHADORES AGRÍCOLAS   	;RORAIMA;BOA VISTA;PELE DE OUTRAS PARTES DA FACE;C443;CARCINOMA BASOCELULAR, SOE;80903;PELE DE OUTRAS PARTES DA FACE;C443;;;;;false;HISTOLOGIA DO TUMOR PRIMÁRIO;LOCALIZADO;;;;;;;;17/04/2015;;
1696240;RCBP RORAIMA;MASCULINO;27/01/1961;54;PARDA;BRASIL;RORAIMA;;SEM INFORMAÇÃO;SOLTEIRO;0;SEM INFORMAÇÃO	;RORAIMA;CANTÁ;PELE DO TRONCO;C445;CARCINOMA BASOCELULAR, SOE;80903;PELE DO TRONCO;C445;;;;;false;HISTOLOGIA DO TUMOR PRIMÁRIO;LOCALIZADO;;;;;;;;11/12/2015;;
1696304;RCBP RORAIMA;MASCULINO;;68;SEM INFORMAÇÃO;BRASIL;Não informado;Não Informado;SEM ESCOLARIDADE;SEM INFORMAÇÃO;;;RORAIMA;BOA VISTA;PELE, SOE;C449;CARCINOMA BASOCELULAR, SOE;80903;NEOPLASIA MALIGNA DA PELE;C449;;;;;false;HISTOLOGIA DO TUMOR PRIMÁRIO;SEM INFORMAÇÃO;;;;;;;;03/03/2015;;
1696335;RCBP RORAIMA;FEMININO;04/07/1944;70;INDÍGENA;BRASIL;RORAIMA;CANTÁ;SEM ESCOLARIDADE;CASADO;622;TRABALHADORES AGRÍCOLAS   	;RORAIMA;CANTÁ;FIGADO, SOE;C220;NEOPLASIA MALIGNA;80003;FIGADO E VIAS BILIARES INTRA-HEPATICAS;C22;;;;;false;HISTOLOGIA DO TUMOR PRIMÁRIO;SEM INFORMAÇÃO;SEM INFORMAÇÃO;99 - SEM INFORMAÇÃO;999;MORTO;CÂNCER;09/04/2015;09/04/2015;01/02/2015;;
1696340;RCBP RORAIMA;FEMININO;30/04/1935;80;PARDA;BRASIL;MARANHÃO;;SEM ESCOLARIDADE;CASADO;0;SEM INFORMAÇÃO	;RORAIMA;BOA VISTA;PELE, SOE;C449;CARCINOMA BASOCELULAR, SOE;80903;NEOPLASIA MALIGNA DA PELE;C449;;;;;false;HISTOLOGIA DO TUMOR PRIMÁRIO;LOCALIZADO;;;;;;;;01/12/2015;;
1696393;RCBP RORAIMA;MASCULINO;20/07/1962;52;PARDA;BRASIL;MARANHÃO;;FUNDAMENTAL I (1ª A 4ª SÉRIE);SOLTEIRO;622;TRABALHADORES AGRÍCOLAS   	;RORAIMA;BOA VISTA;INTESTINO DELGADO, SOE;C179;SARCOMA ESTROMAL GASTROINTESTINAL;89363;INTESTINO DELGADO, SOE;C179;;;;;false;HISTOLOGIA DO TUMOR PRIMÁRIO;METÁSTASE;;;;;;;;05/06/2015;;
1696342;RCBP RORAIMA;FEMININO;;50;SEM INFORMAÇÃO;BRASIL;Não informado;Não Informado;SEM INFORMAÇÃO;SEM INFORMAÇÃO;0;SEM INFORMAÇÃO	;RORAIMA;BOA VISTA;PELE, SOE;C449;CARCINOMA BASOCELULAR, SOE;80903;NEOPLASIA MALIGNA DA PELE;C449;;;;;false;HISTOLOGIA DO TUMOR PRIMÁRIO;SEM INFORMAÇÃO;;;;;;;;20/10/2015;;
1696346;RCBP RORAIMA;FEMININO;04/10/1935;79;PARDA;BRASIL;PIAUÍ;;SEM ESCOLARIDADE;SEM INFORMAÇÃO;0;SEM INFORMAÇÃO	;RORAIMA;MUCAJAÍ;MAMA , SOE;C509;CARCINOMA, SOE;80103;MAMA , SOE;C509;;;;;false;HISTOLOGIA DO TUMOR PRIMÁRIO;METÁSTASE;;;;;;;;18/08/2015;;
1696358;RCBP RORAIMA;MASCULINO;12/07/1945;69;BRANCO;BRASIL;CEARÁ;TABULEIRO DO NORTE;SEM ESCOLARIDADE;SOLTEIRO;622;TRABALHADORES AGRÍCOLAS   	;RORAIMA;CARACARAÍ;ESTOMAGO, SOE;C169;NEOPLASIA MALIGNA;80003;ESTOMAGO, SOE;C169;;;;;false;HISTOLOGIA DO TUMOR PRIMÁRIO;SEM INFORMAÇÃO;SEM INFORMAÇÃO;99 - SEM INFORMAÇÃO;999;MORTO;CÂNCER;14/01/2015;14/01/2015;14/01/2015;;
1696364;RCBP RORAIMA;MASCULINO;02/10/1957;58;PARDA;BRASIL;CEARÁ;;MÉDIO (ANTIGO SEGUNDO GRAU);CASADO;0;SEM INFORMAÇÃO	;RORAIMA;BOA VISTA;PELE DE OUTRAS PARTES DA FACE;C443;CARCINOMA BASOCELULAR, SOE;80903;PELE DE OUTRAS PARTES DA FACE;C443;;;;;false;HISTOLOGIA DO TUMOR PRIMÁRIO;LOCALIZADO;;;;;;;;10/11/2015;;
1696369;RCBP RORAIMA;MASCULINO;16/07/1953;61;PARDA;BRASIL;CEARÁ;;FUNDAMENTAL I (1ª A 4ª SÉRIE);CASADO;622;TRABALHADORES AGRÍCOLAS   	;RORAIMA;BOA VISTA;PELE DE OUTRAS PARTES DA FACE;C443;CARCINOMA BASOCELULAR, SOE;80903;PELE DE OUTRAS PARTES DA FACE;C443;;;;;false;HISTOLOGIA DO TUMOR PRIMÁRIO;SEM INFORMAÇÃO;;;;;;;;14/04/2015;;
1696383;RCBP RORAIMA;MASCULINO;20/11/1939;75;PARDA;BRASIL;Não informado;;SEM ESCOLARIDADE;CASADO;0;SEM INFORMAÇÃO	;RORAIMA;ALTO ALEGRE;ESTOMAGO, SOE;C169;NEOPLASIA MALIGNA;80003;ESTOMAGO, SOE;C169;;;;;false;HISTOLOGIA DO TUMOR PRIMÁRIO;SEM INFORMAÇÃO;;;;;CÂNCER;06/08/2015;;22/02/2015;;
1696380;RCBP RORAIMA;MASCULINO;26/08/1959;55;PARDA;BRASIL;RORAIMA;BOA VISTA;MÉDIO (ANTIGO SEGUNDO GRAU);CASADO;0;SEM INFORMAÇÃO	;RORAIMA;BOA VISTA;LOCALIZACAO PRIMARIA DESCONHECIDA, SOE;C809;NEOPLASIA MALIGNA;80003;LOCALIZACAO PRIMARIA DESCONHECIDA;C80;;;;;false;HISTOLOGIA DO TUMOR PRIMÁRIO;SEM INFORMAÇÃO;SEM INFORMAÇÃO;99 - SEM INFORMAÇÃO;999;MORTO;CÂNCER;20/09/2015;20/09/2015;16/05/2015;;
1696255;RCBP RORAIMA;MASCULINO;29/03/1947;67;PARDA;BRASIL;PARÁ;;FUNDAMENTAL I (1ª A 4ª SÉRIE);CASADO;715;TRABALHADORES DA CONSTRUÇÃO CIVIL E OBRAS PÚBLICAS	;RORAIMA;BOA VISTA;MEDIASTINO, SOE;C383;NEOPLASIA MALIGNA;80003;MEDIASTINO, PORCAO NAO ESPECIFICADA;C383;;;;;false;SDO;SEM INFORMAÇÃO;;;;;CÂNCER;20/02/2015;;20/02/2015;;
1696259;RCBP RORAIMA;MASCULINO;08/07/1944;70;PARDA;BRASIL;Não informado;;FUNDAMENTAL II (5ª A 8ª SÉRIE);SEPARADO JUDICIALMENTE;0;SEM INFORMAÇÃO	;RORAIMA;BOA VISTA;ESTOMAGO, SOE;C169;NEOPLASIA MALIGNA;80003;ESTOMAGO, SOE;C169;;;;;false;HISTOLOGIA DO TUMOR PRIMÁRIO;METÁSTASE;;;;;CÂNCER;20/01/2015;;05/01/2015;;
1696263;RCBP RORAIMA;MASCULINO;01/09/1948;66;PARDA;BRASIL;CEARÁ;JAGUARUANA;FUNDAMENTAL I (1ª A 4ª SÉRIE);CASADO;782;CONDUTORES DE VEÍCULOS E OPERADORES DE EQUIPAMENTOS DE ELEVAÇÃO E DE MOVIMENTAÇÃO DE CARGAS   	;RORAIMA;BOA VISTA;PELE DE OUTRAS PARTES DA FACE;C443;CARCINOMA BASOCELULAR NODULAR;80973;PELE DE OUTRAS PARTES DA FACE;C443;;;;;false;HISTOLOGIA DO TUMOR PRIMÁRIO;SEM INFORMAÇÃO;;;;;;;;10/06/2015;;
658284;RCBP RORAIMA;MASCULINO;13/02/1959;56;BRANCO;BRASIL;PARAÍBA;;FUNDAMENTAL I (1ª A 4ª SÉRIE);CASADO;717;AJUDANTES DE OBRAS	;RORAIMA;BOA VISTA;PELE DO TRONCO;C445;CARCINOMA ESCAMOCELULAR "IN SITU", SOE;80702;PELE DO TRONCO;D045;;;;;false;HISTOLOGIA DO TUMOR PRIMÁRIO;"IN SITU";;;;;;;;19/03/2015;;
1696273;RCBP RORAIMA;MASCULINO;25/06/1965;49;PARDA;BRASIL;Não informado;;SEM ESCOLARIDADE;CASADO;342;TÉCNICOS EM TRANSPORTES (LOGÍSTICA)   	;RORAIMA;BOA VISTA;PULMAO, SOE;C349;NEOPLASIA MALIGNA;80003;BRONQUIOS OU PULMOES, SOE;C349;;;;;false;HISTOLOGIA DO TUMOR PRIMÁRIO;METÁSTASE;;;;;CÂNCER;10/10/2015;;21/03/2015;;
1696422;RCBP RORAIMA;MASCULINO;15/03/1956;58;BRANCO;BRASIL;Não informado;;SEM INFORMAÇÃO;CASADO;711;TRABALHADORES DA EXTRAÇÃO MINERAL 	;RORAIMA;BOA VISTA;PULMAO, SOE;C349;NEOPLASIA MALIGNA;80003;BRONQUIOS OU PULMOES, SOE;C349;;;;;false;HISTOLOGIA DO TUMOR PRIMÁRIO;SEM INFORMAÇÃO;SEM INFORMAÇÃO;99 - SEM INFORMAÇÃO;999;MORTO;CÂNCER;12/04/2015;12/04/2015;21/01/2015;;
1696406;RCBP RORAIMA;FEMININO;13/03/1981;33;PARDA;BRASIL;Não informado;Não Informado;MÉDIO (ANTIGO SEGUNDO GRAU);SEM INFORMAÇÃO;0;SEM INFORMAÇÃO	;RORAIMA;BOA VISTA;COLO DO UTERO, SOE;C539;NEOPLASIA INTRA-EPITELIAL ESCAMOSA,GRAU IIII;80772;COLO DO UTERO, SOE;D069;;;;;false;CITOLOGIA;"IN SITU";;;;;;;;16/01/2015;;
1696435;RCBP RORAIMA;MASCULINO;19/07/1953;61;BRANCO;BRASIL;RIO GRANDE DO SUL;;SUPERIOR COMPLETO;SEPARADO JUDICIALMENTE;354;TÉCNICOS DE NIVEL MÉDIO EM OPERAÇÕES COMERCIAIS   	;RORAIMA;BOA VISTA;PROSTATA, SOE;C619;ADENOCARCINOMA, SOE;81403;PROSTATA;C61;;;;;false;HISTOLOGIA DO TUMOR PRIMÁRIO;SEM INFORMAÇÃO;;;;;;;;07/04/2015;;
1696438;RCBP RORAIMA;MASCULINO;18/07/1971;44;PARDA;BRASIL;Não informado;;FUNDAMENTAL I (1ª A 4ª SÉRIE);SOLTEIRO;622;TRABALHADORES AGRÍCOLAS   	;RORAIMA;NORMANDIA;CAVIDADE NASAL;C300;NEOPLASIA MALIGNA;80003;CAVIDADE NASAL;C300;;;;;false;SDO;SEM INFORMAÇÃO;SEM INFORMAÇÃO;99 - SEM INFORMAÇÃO;999;MORTO;CÂNCER;29/11/2015;29/11/2015;29/11/2015;;
1696450;RCBP RORAIMA;FEMININO;17/01/1993;22;PARDA;BRASIL;Não informado;Não Informado;MÉDIO (ANTIGO SEGUNDO GRAU);SEM INFORMAÇÃO;0;SEM INFORMAÇÃO	;RORAIMA;BOA VISTA;COLO DO UTERO, SOE;C539;NEOPLASIA INTRA-EPITELIAL ESCAMOSA,GRAU IIII;80772;COLO DO UTERO, SOE;D069;;;;;false;CITOLOGIA;"IN SITU";;;;;;;;28/01/2015;;
1696453;RCBP RORAIMA;MASCULINO;01/12/1937;77;PARDA;BRASIL;CEARÁ;;FUNDAMENTAL I (1ª A 4ª SÉRIE);CASADO;622;TRABALHADORES AGRÍCOLAS   	;RORAIMA;CARACARAÍ;PELE DO TRONCO;C445;CARCINOMA BASOCELULAR, SOE;80903;PELE DO TRONCO;C445;;;;;false;HISTOLOGIA DO TUMOR PRIMÁRIO;SEM INFORMAÇÃO;;;;;;;;09/10/2015;;
1696458;RCBP RORAIMA;FEMININO;25/04/1991;24;PARDA;BRASIL;Não informado;Não Informado;FUNDAMENTAL II (5ª A 8ª SÉRIE);SEM INFORMAÇÃO;;;RORAIMA;BOA VISTA;COLO DO UTERO, SOE;C539;NEOPLASIA INTRA-EPITELIAL ESCAMOSA,GRAU IIII;80772;COLO DO UTERO, SOE;D069;;;;;false;CITOLOGIA;"IN SITU";;;;;;;;17/09/2015;;
1696460;RCBP RORAIMA;FEMININO;30/03/1997;17;PARDA;BRASIL;Não informado;Não Informado;FUNDAMENTAL II (5ª A 8ª SÉRIE);SEM INFORMAÇÃO;0;SEM INFORMAÇÃO	;RORAIMA;BOA VISTA;COLO DO UTERO, SOE;C539;NEOPLASIA INTRA-EPITELIAL ESCAMOSA,GRAU IIII;80772;COLO DO UTERO, SOE;D069;Outros carcinomas malignos não especificados;XI-F;;;true;CITOLOGIA;"IN SITU";;;;;;;;16/01/2015;;
1696402;RCBP RORAIMA;MASCULINO;04/07/1953;62;PARDA;BRASIL;Não informado;;SUPERIOR COMPLETO;SEM INFORMAÇÃO;111;MEMBROS SUPERIORES DO PODER LEGISLATIVO, EXECUTIVO E JUDICIÁRIO   	;RORAIMA;BOA VISTA;RETO, SOE;C209;NEOPLASIA MALIGNA;80003;RETO;C20;;;;;false;HISTOLOGIA DO TUMOR PRIMÁRIO;SEM INFORMAÇÃO;;;;;CÂNCER;21/11/2015;;21/11/2015;;
1696405;RCBP RORAIMA;FEMININO;25/06/1923;92;PARDA;BRASIL;RORAIMA;;FUNDAMENTAL I (1ª A 4ª SÉRIE);VIÚVO;0;SEM INFORMAÇÃO	;RORAIMA;BOA VISTA;PELE DE OUTRAS PARTES DA FACE;C443;CARCINOMA BASOCELULAR, SOE;80903;PELE DE OUTRAS PARTES DA FACE;C443;;;;;false;HISTOLOGIA DO TUMOR PRIMÁRIO;LOCALIZADO;;;;;;;;04/08/2015;;
1696405;RCBP RORAIMA;FEMININO;25/06/1923;92;PARDA;BRASIL;RORAIMA;;FUNDAMENTAL I (1ª A 4ª SÉRIE);VIÚVO;0;SEM INFORMAÇÃO	;RORAIMA;BOA VISTA;PELE DO COURO CABELUDO E DO PESCOCO;C444;CARCINOMA BASOCELULAR, SOE;80903;PELE DO COURO CABELUDO E DO PESCOCO;C444;;;;;false;HISTOLOGIA DO TUMOR PRIMÁRIO;LOCALIZADO;;;;;;;;04/08/2015;;
1696651;RCBP RORAIMA;MASCULINO;02/07/1970;44;PARDA;BRASIL;AMAZONAS;PARINTINS;SEM INFORMAÇÃO;SEM INFORMAÇÃO;;;RORAIMA;BOA VISTA;PELE, SOE;C449;CARCINOMA BASOCELULAR, SOE;80903;NEOPLASIA MALIGNA DA PELE;C449;;;;;false;HISTOLOGIA DO TUMOR PRIMÁRIO;SEM INFORMAÇÃO;;;;;;;;17/03/2015;;
1696667;RCBP RORAIMA;FEMININO;08/05/1943;72;PARDA;BRASIL;RORAIMA;BOA VISTA;SEM INFORMAÇÃO;SOLTEIRO;0;SEM INFORMAÇÃO	;RORAIMA;BOA VISTA;PELE DE OUTRAS PARTES DA FACE;C443;CARCINOMA BASOCELULAR, SOE;80903;PELE DE OUTRAS PARTES DA FACE;C443;;;;;false;HISTOLOGIA DO TUMOR PRIMÁRIO;SEM INFORMAÇÃO;;;;;;;;15/11/2015;;
1696652;RCBP RORAIMA;MASCULINO;18/05/1980;35;PRETA;BRASIL;PARÁ;;SUPERIOR INCOMPLETO;CASADO;411;ESCRITURÁRIOS EM GERAL, AGENTES, ASSISTENTES E AUXILIARES ADMINISTRATIVOS 	;RORAIMA;ALTO ALEGRE;AMIGDALA, SOE;C099;CARCINOMA ESCAMOCELULAR, SOE;80703;AMIGDALA, SOE;C099;;;;;false;HISTOLOGIA DO TUMOR PRIMÁRIO;METÁSTASE;;;;;;;;21/10/2015;;
1696653;RCBP RORAIMA;FEMININO;17/07/1977;37;PARDA;BRASIL;Não informado;Não Informado;SUPERIOR COMPLETO;SEM INFORMAÇÃO;0;SEM INFORMAÇÃO	;RORAIMA;BOA VISTA;COLO DO UTERO, SOE;C539;NEOPLASIA INTRA-EPITELIAL ESCAMOSA,GRAU IIII;80772;COLO DO UTERO, SOE;D069;;;;;false;CITOLOGIA;"IN SITU";;;;;;;;20/03/2015;;
1696664;RCBP RORAIMA;MASCULINO;27/07/1944;70;BRANCO;BRASIL;AMAZONAS;PARINTINS;SEM ESCOLARIDADE;VIÚVO;711;TRABALHADORES DA EXTRAÇÃO MINERAL 	;RORAIMA;BOA VISTA;PROSTATA, SOE;C619;NEOPLASIA MALIGNA;80003;PROSTATA;C61;;;;;false;HISTOLOGIA DO TUMOR PRIMÁRIO;SEM INFORMAÇÃO;SEM INFORMAÇÃO;99 - SEM INFORMAÇÃO;999;MORTO;CÂNCER;09/06/2015;09/06/2015;17/01/2015;;
1696671;RCBP RORAIMA;FEMININO;14/08/1978;36;PARDA;BRASIL;Não informado;Não Informado;MÉDIO (ANTIGO SEGUNDO GRAU);SEM INFORMAÇÃO;0;SEM INFORMAÇÃO	;RORAIMA;BOA VISTA;COLO DO UTERO, SOE;C539;NEOPLASIA INTRA-EPITELIAL ESCAMOSA,GRAU IIII;80772;COLO DO UTERO, SOE;D069;;;;;false;CITOLOGIA;"IN SITU";;;;;;;;16/03/2015;;
1696638;RCBP RORAIMA;FEMININO;23/08/1953;61;BRANCO;BRASIL;SÃO PAULO;;MÉDIO (ANTIGO SEGUNDO GRAU);CASADO;239;OUTROS PROFISSIONAIS DO ENSINO NÃO CLASSIFICADOS ANTERIORMENTE	;RORAIMA;BOA VISTA;PELE DO LABIO, SOE;C440;CARCINOMA BASOCELULAR, SOE;80903;PELE DO LABIO;C440;;;;;false;HISTOLOGIA DO TUMOR PRIMÁRIO;LOCALIZADO;;;;;;;;19/05/2015;;
1696638;RCBP RORAIMA;FEMININO;23/08/1953;61;BRANCO;BRASIL;SÃO PAULO;;MÉDIO (ANTIGO SEGUNDO GRAU);CASADO;239;OUTROS PROFISSIONAIS DO ENSINO NÃO CLASSIFICADOS ANTERIORMENTE	;RORAIMA;BOA VISTA;PELE DO MEMBRO SUPERIOR E DO OMBRO;C446;CARCINOMA BASOCELULAR, SOE;80903;PELE DO MEMBRO SUPERIOR E DO OMBRO;C446;;;;;false;HISTOLOGIA DO TUMOR PRIMÁRIO;LOCALIZADO;;;;;;;;19/05/2015;;
713584;RCBP RORAIMA;FEMININO;01/09/1937;77;SEM INFORMAÇÃO;BRASIL;PARÁ;BELÉM;SEM INFORMAÇÃO;VIÚVO;0;SEM INFORMAÇÃO	;RORAIMA;BOA VISTA;PELE DE OUTRAS PARTES DA FACE;C443;CARCINOMA BASOCELULAR, SOE;80903;PELE DE OUTRAS PARTES DA FACE;C443;;;;;false;HISTOLOGIA DO TUMOR PRIMÁRIO;SEM INFORMAÇÃO;;;;;;;;30/04/2015;;
1696680;RCBP RORAIMA;FEMININO;08/09/1958;56;PARDA;BRASIL;RORAIMA;BOA VISTA;MÉDIO (ANTIGO SEGUNDO GRAU);VIÚVO;322;TÉCNICOS DA CIÊNCIA DA SAÚDE HUMANA 	;RORAIMA;BOA VISTA;COLO DO UTERO, SOE;C539;NEOPLASIA MALIGNA;80003;COLO DO UTERO, SOE;C539;;;;;false;HISTOLOGIA DO TUMOR PRIMÁRIO;METÁSTASE;SEM INFORMAÇÃO;99 - SEM INFORMAÇÃO;999;MORTO;CÂNCER;03/09/2015;03/09/2015;14/03/2015;;
1696675;RCBP RORAIMA;MASCULINO;11/10/1994;20;PARDA;BRASIL;RORAIMA;ALTO ALEGRE;SUPERIOR COMPLETO;SOLTEIRO;0;SEM INFORMAÇÃO	;RORAIMA;ALTO ALEGRE;TECIDOS MOLES, SOE;C499;NEOPLASIA MALIGNA;80003;NEOPLASIA MALIGNA DE TECIDOS MOLES;C499;;;NEOPLASIAS MALIGNAS INESPECÍFICAS;10.1;false;HISTOLOGIA DO TUMOR PRIMÁRIO;SEM INFORMAÇÃO;SEM INFORMAÇÃO;99 - SEM INFORMAÇÃO;999;MORTO;CÂNCER;06/12/2015;06/12/2015;25/03/2015;;
1696683;RCBP RORAIMA;FEMININO;04/06/1985;29;PARDA;BRASIL;Não informado;Não Informado;MÉDIO (ANTIGO SEGUNDO GRAU);SEM INFORMAÇÃO;0;SEM INFORMAÇÃO	;RORAIMA;BOA VISTA;COLO DO UTERO, SOE;C539;NEOPLASIA INTRA-EPITELIAL ESCAMOSA,GRAU IIII;80772;COLO DO UTERO, SOE;D069;;;;;false;CITOLOGIA;"IN SITU";;;;;;;;30/01/2015;;
1696687;RCBP RORAIMA;MASCULINO;22/10/1980;34;INDÍGENA;BRASIL;RORAIMA;BOA VISTA;SUPERIOR INCOMPLETO;SOLTEIRO;0;SEM INFORMAÇÃO	;RORAIMA;BOA VISTA;PENIS, SOE;C609;CARCINOMA ESCAMOCELULAR, SOE;80703;PENIS, SOE;C609;;;;;false;HISTOLOGIA DO TUMOR PRIMÁRIO;SEM INFORMAÇÃO;;;;;;;;25/03/2015;;
1696688;RCBP RORAIMA;FEMININO;17/08/1994;20;PARDA;BRASIL;Não informado;Não Informado;MÉDIO (ANTIGO SEGUNDO GRAU);SEM INFORMAÇÃO;0;SEM INFORMAÇÃO	;RORAIMA;BOA VISTA;COLO DO UTERO, SOE;C539;NEOPLASIA INTRA-EPITELIAL ESCAMOSA,GRAU IIII;80772;COLO DO UTERO, SOE;D069;;;;;false;CITOLOGIA;"IN SITU";;;;;;;;27/02/2015;;
1696691;RCBP RORAIMA;FEMININO;25/10/1961;53;PARDA;BRASIL;Não informado;Não Informado;SEM INFORMAÇÃO;SEM INFORMAÇÃO;0;SEM INFORMAÇÃO	;RORAIMA;BOA VISTA;COLO DO UTERO, SOE;C539;NEOPLASIA INTRA-EPITELIAL ESCAMOSA,GRAU IIII;80772;COLO DO UTERO, SOE;D069;;;;;false;CITOLOGIA;"IN SITU";;;;;;;;30/01/2015;;
1696692;RCBP RORAIMA;FEMININO;22/05/1964;50;BRANCO;BRASIL;PARÁ;;FUNDAMENTAL I (1ª A 4ª SÉRIE);SOLTEIRO;0;SEM INFORMAÇÃO	;RORAIMA;BONFIM;COLO DO UTERO, SOE;C539;CARCINOMA ESCAMOCELULAR, SOE;80703;COLO DO UTERO, SOE;C539;;;;;false;HISTOLOGIA DO TUMOR PRIMÁRIO;LOCALIZADO;;;;;;;;30/03/2015;;
1696704;RCBP RORAIMA;FEMININO;12/11/1960;54;PARDA;BRASIL;RORAIMA;BOA VISTA;SUPERIOR COMPLETO;CASADO;411;ESCRITURÁRIOS EM GERAL, AGENTES, ASSISTENTES E AUXILIARES ADMINISTRATIVOS 	;RORAIMA;BOA VISTA;MAMA , SOE;C509;NEOPLASIA MALIGNA;80003;MAMA , SOE;C509;;;;;false;HISTOLOGIA DO TUMOR PRIMÁRIO;METÁSTASE;SEM INFORMAÇÃO;99 - SEM INFORMAÇÃO;999;MORTO;CÂNCER;31/03/2015;31/03/2015;03/01/2015;;
1696711;RCBP RORAIMA;FEMININO;18/07/1962;52;BRANCO;BRASIL;RORAIMA;BOA VISTA;MÉDIO (ANTIGO SEGUNDO GRAU);SOLTEIRO;411;ESCRITURÁRIOS EM GERAL, AGENTES, ASSISTENTES E AUXILIARES ADMINISTRATIVOS 	;RORAIMA;BOA VISTA;TRONCO CEREBRAL;C717;NEOPLASIA MALIGNA;80003;TRONCO CEREBRAL;C717;;;;;false;HISTOLOGIA DO TUMOR PRIMÁRIO;SEM INFORMAÇÃO;SEM INFORMAÇÃO;99 - SEM INFORMAÇÃO;999;MORTO;CÂNCER;01/05/2015;01/05/2015;22/02/2015;;
1696712;RCBP RORAIMA;FEMININO;18/09/1954;60;BRANCO;BRASIL;MATO GROSSO DO SUL;;FUNDAMENTAL I (1ª A 4ª SÉRIE);SEPARADO JUDICIALMENTE;0;SEM INFORMAÇÃO	;RORAIMA;BOA VISTA;PELE DE OUTRAS PARTES DA FACE;C443;CARCINOMA BASOCELULAR, SOE;80903;PELE DE OUTRAS PARTES DA FACE;C443;;;;;false;HISTOLOGIA DO TUMOR PRIMÁRIO;LOCALIZADO;;;;;;;;27/01/2015;;
1696720;RCBP RORAIMA;MASCULINO;16/03/1980;35;BRANCO;BRASIL;AMAZONAS;MANAUS;MÉDIO (ANTIGO SEGUNDO GRAU);SOLTEIRO;;;RORAIMA;BOA VISTA;PELE DO LABIO, SOE;C440;CARCINOMA ESCAMOCELULAR, SOE;80703;PELE DO LABIO;C440;;;;;false;HISTOLOGIA DO TUMOR PRIMÁRIO;LOCALIZADO;;;;;;;;27/05/2015;;
1696761;RCBP RORAIMA;MASCULINO;14/01/1949;66;PARDA;BRASIL;PIAUÍ;ÁGUA BRANCA;FUNDAMENTAL I (1ª A 4ª SÉRIE);CASADO;711;TRABALHADORES DA EXTRAÇÃO MINERAL 	;RORAIMA;BOA VISTA;LOCALIZACAO PRIMARIA DESCONHECIDA, SOE;C809;NEOPLASIA MALIGNA;80003;LOCALIZACAO PRIMARIA DESCONHECIDA;C80;;;;;false;HISTOLOGIA DO TUMOR PRIMÁRIO;SEM INFORMAÇÃO;;;;;CÂNCER;03/02/2015;;03/02/2015;;
1696767;RCBP RORAIMA;MASCULINO;25/10/1929;86;BRANCO;BRASIL;MARANHÃO;;FUNDAMENTAL I (1ª A 4ª SÉRIE);CASADO;0;SEM INFORMAÇÃO	;RORAIMA;BOA VISTA;PELE, SOE;C449;CARCINOMA ESCAMOCELULAR, SOE;80703;NEOPLASIA MALIGNA DA PELE;C449;;;;;false;HISTOLOGIA DO TUMOR PRIMÁRIO;SEM INFORMAÇÃO;;;;;;;;03/11/2015;;
1696924;RCBP RORAIMA;MASCULINO;20/02/1964;51;PARDA;BRASIL;Não informado;;FUNDAMENTAL I (1ª A 4ª SÉRIE);SOLTEIRO;622;TRABALHADORES AGRÍCOLAS   	;RORAIMA;BOA VISTA;MENINGES CEREBRAIS;C700;NEOPLASIA MALIGNA;80003;MENINGES CEREBRAIS;C700;;;;;false;HISTOLOGIA DO TUMOR PRIMÁRIO;SEM INFORMAÇÃO;SEM INFORMAÇÃO;99 - SEM INFORMAÇÃO;999;MORTO;CÂNCER;13/03/2015;13/03/2015;13/03/2015;;
1696926;RCBP RORAIMA;MASCULINO;27/09/1945;70;PARDA;BRASIL;RORAIMA;;MÉDIO (ANTIGO SEGUNDO GRAU);UNIÃO CONSENSUAL;914;MECÂNICOS DE MANUTENÇÃO VEICULAR  	;RORAIMA;BOA VISTA;PROSTATA, SOE;C619;ADENOCARCINOMA, SOE;81403;PROSTATA;C61;;;;;false;HISTOLOGIA DO TUMOR PRIMÁRIO;METÁSTASE;;;;;;;;01/10/2015;;
1696835;RCBP RORAIMA;MASCULINO;;;SEM INFORMAÇÃO;BRASIL;PERNAMBUCO;PESQUEIRA;FUNDAMENTAL I (1ª A 4ª SÉRIE);CASADO;;;RORAIMA;BOA VISTA;PELE DO MEMBRO SUPERIOR E DO OMBRO;C446;CARCINOMA ESCAMOCELULAR, SOE;80703;PELE DO MEMBRO SUPERIOR E DO OMBRO;C446;;;;;false;HISTOLOGIA DO TUMOR PRIMÁRIO;LOCALIZADO;;;;;;;;12/06/2015;;
1696792;RCBP RORAIMA;MASCULINO;09/04/1957;57;PARDA;BRASIL;RORAIMA;BOA VISTA;MÉDIO (ANTIGO SEGUNDO GRAU);SOLTEIRO;;;RORAIMA;BOA VISTA;PULMAO, SOE;C349;NEOPLASIA MALIGNA;80003;BRONQUIOS OU PULMOES, SOE;C349;;;;;false;HISTOLOGIA DO TUMOR PRIMÁRIO;SEM INFORMAÇÃO;SEM INFORMAÇÃO;99 - SEM INFORMAÇÃO;999;MORTO;CÂNCER;01/07/2015;01/07/2015;15/01/2015;;
1696799;RCBP RORAIMA;MASCULINO;;42;SEM INFORMAÇÃO;BRASIL;Não informado;Não Informado;SEM INFORMAÇÃO;SEM INFORMAÇÃO;0;SEM INFORMAÇÃO	;RORAIMA;BOA VISTA;PELE, SOE;C449;CARCINOMA BASOCELULAR, SOE;80903;NEOPLASIA MALIGNA DA PELE;C449;;;;;false;SEM INFORMAÇÃO;SEM INFORMAÇÃO;;;;;;;;02/06/2015;;
1696803;RCBP RORAIMA;MASCULINO;19/09/1947;68;PARDA;BRASIL;PARÁ;MARACANÃ;FUNDAMENTAL I (1ª A 4ª SÉRIE);CASADO;;;RORAIMA;BOA VISTA;PELE DO TRONCO;C445;CARCINOMA BASOCELULAR, SOE;80903;PELE DO TRONCO;C445;;;;;false;HISTOLOGIA DO TUMOR PRIMÁRIO;LOCALIZADO;;;;;;;;01/12/2015;;
1696806;RCBP RORAIMA;MASCULINO;31/01/1933;82;PARDA;BRASIL;MARANHÃO;;SEM INFORMAÇÃO;CASADO;;;RORAIMA;BOA VISTA;PELE DE OUTRAS PARTES DA FACE;C443;CARCINOMA BASOCELULAR, SOE;80903;PELE DE OUTRAS PARTES DA FACE;C443;;;;;false;HISTOLOGIA DO TUMOR PRIMÁRIO;METÁSTASE;;;;;;;;15/02/2015;;
1696819;RCBP RORAIMA;MASCULINO;12/12/1944;70;INDÍGENA;BRASIL;Não informado;;FUNDAMENTAL I (1ª A 4ª SÉRIE);UNIÃO CONSENSUAL;622;TRABALHADORES AGRÍCOLAS   	;RORAIMA;PACARAIMA;VIAS BILIARES INTRA-HEPATICAS;C221;COLANGIOCARCINOMA;81603;FIGADO E VIAS BILIARES INTRA-HEPATICAS;C22;;;;;false;HISTOLOGIA DO TUMOR PRIMÁRIO;SEM INFORMAÇÃO;SEM INFORMAÇÃO;99 - SEM INFORMAÇÃO;999;MORTO;CÂNCER;17/06/2015;17/06/2015;17/06/2015;;
1696829;RCBP RORAIMA;FEMININO;04/11/1972;42;INDÍGENA;BRASIL;RORAIMA;;MÉDIO (ANTIGO SEGUNDO GRAU);SOLTEIRO;122;DIRETORES DE PRODUÇÃO E OPERAÇÕES 	;RORAIMA;BOA VISTA;ABDOME, SOE;C762;NEOPLASIA MALIGNA;80003;ABDOME;C762;;;;;false;HISTOLOGIA DO TUMOR PRIMÁRIO;METÁSTASE;SEM INFORMAÇÃO;99 - SEM INFORMAÇÃO;999;MORTO;CÂNCER;11/10/2015;11/10/2015;11/10/2015;;
1696831;RCBP RORAIMA;MASCULINO;20/12/1942;72;PARDA;BRASIL;MARANHÃO;;FUNDAMENTAL I (1ª A 4ª SÉRIE);CASADO;0;SEM INFORMAÇÃO	;RORAIMA;BOA VISTA;PROSTATA, SOE;C619;ADENOCARCINOMA, SOE;81403;PROSTATA;C61;;;;;false;HISTOLOGIA DO TUMOR PRIMÁRIO;SEM INFORMAÇÃO;;;;;;;;24/03/2015;;
1696838;RCBP RORAIMA;MASCULINO;28/12/1944;70;PARDA;BRASIL;SERGIPE;;FUNDAMENTAL I (1ª A 4ª SÉRIE);CASADO;0;SEM INFORMAÇÃO	;RORAIMA;BOA VISTA;PROSTATA, SOE;C619;ADENOCARCINOMA, SOE;81403;PROSTATA;C61;;;;;false;HISTOLOGIA DO TUMOR PRIMÁRIO;SEM INFORMAÇÃO;;;;;;;;23/01/2015;;
1696846;RCBP RORAIMA;MASCULINO;06/01/1936;79;BRANCO;BRASIL;MARANHÃO;BALSAS;SEM ESCOLARIDADE;SOLTEIRO;;;RORAIMA;CARACARAÍ;PROSTATA, SOE;C619;NEOPLASIA MALIGNA;80003;PROSTATA;C61;;;;;false;HISTOLOGIA DO TUMOR PRIMÁRIO;SEM INFORMAÇÃO;SEM INFORMAÇÃO;99 - SEM INFORMAÇÃO;999;MORTO;CÂNCER;14/01/2015;14/01/2015;14/01/2015;;
1696853;RCBP RORAIMA;MASCULINO;06/05/1948;67;BRANCO;BRASIL;PIAUÍ;ESPERANTINA;FUNDAMENTAL I (1ª A 4ª SÉRIE);SOLTEIRO;622;TRABALHADORES AGRÍCOLAS   	;RORAIMA;SÃO JOÃO DA BALIZA;MEDULA OSSEA;C421;MIELOMA MULTIPLO;97323;MIELOMA MULTIPLO;C900;;;;;false;HISTOLOGIA DO TUMOR PRIMÁRIO;NÃO SE APLICA;SEM INFORMAÇÃO;99 - SEM INFORMAÇÃO;999;MORTO;CÂNCER;01/06/2015;01/06/2015;01/06/2015;;
1696864;RCBP RORAIMA;MASCULINO;26/03/1949;66;BRANCO;BRASIL;Não informado;;FUNDAMENTAL II (5ª A 8ª SÉRIE);SOLTEIRO;;;RORAIMA;NORMANDIA;PULMAO, SOE;C349;NEOPLASIA MALIGNA;80003;BRONQUIOS OU PULMOES, SOE;C349;;;;;false;HISTOLOGIA DO TUMOR PRIMÁRIO;SEM INFORMAÇÃO;SEM INFORMAÇÃO;99 - SEM INFORMAÇÃO;999;MORTO;CÂNCER;07/05/2015;07/05/2015;07/05/2015;;
1697015;RCBP RORAIMA;MASCULINO;06/02/1954;61;PARDA;BRASIL;RORAIMA;;FUNDAMENTAL I (1ª A 4ª SÉRIE);SOLTEIRO;782;CONDUTORES DE VEÍCULOS E OPERADORES DE EQUIPAMENTOS DE ELEVAÇÃO E DE MOVIMENTAÇÃO DE CARGAS   	;RORAIMA;NORMANDIA;PROSTATA, SOE;C619;ADENOCARCINOMA, SOE;81403;PROSTATA;C61;;;;;false;HISTOLOGIA DO TUMOR PRIMÁRIO;SEM INFORMAÇÃO;;;;;;;;11/03/2015;;
1696893;RCBP RORAIMA;MASCULINO;13/02/1969;46;PARDA;BRASIL;RORAIMA;BOA VISTA;SEM INFORMAÇÃO;SOLTEIRO;0;SEM INFORMAÇÃO	;RORAIMA;BOA VISTA;LINGUA, SOE;C029;CARCINOMA ESCAMOCELULAR, SOE;80703;LINGUA, SOE;C029;;;;;false;HISTOLOGIA DO TUMOR PRIMÁRIO;SEM INFORMAÇÃO;;;;;CÂNCER;03/04/2016;;20/07/2015;;
1696895;RCBP RORAIMA;FEMININO;17/06/1961;54;PARDA;BRASIL;Não informado;Não Informado;MÉDIO (ANTIGO SEGUNDO GRAU);SEM INFORMAÇÃO;0;SEM INFORMAÇÃO	;RORAIMA;BOA VISTA;COLO DO UTERO, SOE;C539;NEOPLASIA INTRA-EPITELIAL ESCAMOSA,GRAU IIII;80772;COLO DO UTERO, SOE;D069;;;;;false;CITOLOGIA;"IN SITU";;;;;;;;27/08/2015;;
1696896;RCBP RORAIMA;MASCULINO;09/06/1928;86;BRANCO;BRASIL;RIO GRANDE DO SUL;SOLEDADE;SEM INFORMAÇÃO;VIÚVO;;;RORAIMA;SÃO JOÃO DA BALIZA;PULMAO, SOE;C349;NEOPLASIA MALIGNA;80003;BRONQUIOS OU PULMOES, SOE;C349;;;;;false;HISTOLOGIA DO TUMOR PRIMÁRIO;SEM INFORMAÇÃO;SEM INFORMAÇÃO;99 - SEM INFORMAÇÃO;999;MORTO;CÂNCER;11/05/2015;11/05/2015;16/01/2015;;
1696899;RCBP RORAIMA;MASCULINO;16/01/1957;57;INDÍGENA;BRASIL;RORAIMA;PACARAIMA;SEM ESCOLARIDADE;UNIÃO CONSENSUAL;622;TRABALHADORES AGRÍCOLAS   	;RORAIMA;NORMANDIA;PROSTATA, SOE;C619;NEOPLASIA MALIGNA;80003;PROSTATA;C61;;;;;false;HISTOLOGIA DO TUMOR PRIMÁRIO;SEM INFORMAÇÃO;SEM INFORMAÇÃO;99 - SEM INFORMAÇÃO;999;MORTO;CÂNCER;18/08/2015;18/08/2015;15/01/2015;;
1696905;RCBP RORAIMA;MASCULINO;10/10/1938;76;BRANCO;BRASIL;Não informado;;FUNDAMENTAL I (1ª A 4ª SÉRIE);CASADO;622;TRABALHADORES AGRÍCOLAS   	;RORAIMA;IRACEMA;LARINGE, SOE;C329;NEOPLASIA MALIGNA;80003;LARINGE, SOE;C329;;;;;false;HISTOLOGIA DO TUMOR PRIMÁRIO;SEM INFORMAÇÃO;SEM INFORMAÇÃO;99 - SEM INFORMAÇÃO;999;MORTO;CÂNCER;15/04/2015;15/04/2015;15/04/2015;;
1696909;RCBP RORAIMA;MASCULINO;;56;SEM INFORMAÇÃO;BRASIL;Não informado;Não Informado;SEM INFORMAÇÃO;SEM INFORMAÇÃO;0;SEM INFORMAÇÃO	;RORAIMA;BOA VISTA;PELE DO TRONCO;C445;CARCINOMA BASOCELULAR, SOE;80903;PELE DO TRONCO;C445;;;;;false;HISTOLOGIA DO TUMOR PRIMÁRIO;SEM INFORMAÇÃO;;;;;;;;09/10/2015;;
1696914;RCBP RORAIMA;MASCULINO;27/12/1960;54;PARDA;BRASIL;CEARÁ;SOBRAL;FUNDAMENTAL I (1ª A 4ª SÉRIE);SEM INFORMAÇÃO;782;CONDUTORES DE VEÍCULOS E OPERADORES DE EQUIPAMENTOS DE ELEVAÇÃO E DE MOVIMENTAÇÃO DE CARGAS   	;RORAIMA;BOA VISTA;PELE DE OUTRAS PARTES DA FACE;C443;CARCINOMA BASOCELULAR, SOE;80903;PELE DE OUTRAS PARTES DA FACE;C443;;;;;false;HISTOLOGIA DO TUMOR PRIMÁRIO;LOCALIZADO;;;;;;;;10/06/2015;;
1696915;RCBP RORAIMA;MASCULINO;08/09/1940;74;BRANCO;BRASIL;SANTA CATARINA;TAIÓ;SEM INFORMAÇÃO;SEM INFORMAÇÃO;;;RORAIMA;CARACARAÍ;LARINGE, SOE;C329;CARCINOMA ESCAMOCELULAR, SOE;80703;LARINGE, SOE;C329;;;;;false;HISTOLOGIA DO TUMOR PRIMÁRIO;LOCALIZADO;;;;;CÂNCER;06/07/2017;;28/04/2015;;
1696917;RCBP RORAIMA;MASCULINO;07/02/1978;37;BRANCO;BRASIL;Não informado;;SUPERIOR COMPLETO;UNIÃO CONSENSUAL;517;TRABALHADORES NOS SERVIÇOS DE PROTEÇÃO E SEGURANÇA	;RORAIMA;BOA VISTA;ENCEFALO, SOE;C719;NEOPLASIA MALIGNA;80003;ENCEFALO, SOE;C719;;;;;false;HISTOLOGIA DO TUMOR PRIMÁRIO;SEM INFORMAÇÃO;SEM INFORMAÇÃO;99 - SEM INFORMAÇÃO;999;MORTO;CÂNCER;10/08/2015;10/08/2015;10/08/2015;;
1696939;RCBP RORAIMA;MASCULINO;05/01/1935;80;PARDA;BRASIL;PERNAMBUCO;ARARIPINA;MÉDIO (ANTIGO SEGUNDO GRAU);UNIÃO CONSENSUAL;0;SEM INFORMAÇÃO	;RORAIMA;BOA VISTA;LARINGE, SOE;C329;NEOPLASIA MALIGNA;80003;LARINGE, SOE;C329;;;;;false;HISTOLOGIA DO TUMOR PRIMÁRIO;SEM INFORMAÇÃO;SEM INFORMAÇÃO;99 - SEM INFORMAÇÃO;999;MORTO;CÂNCER;23/10/2015;23/10/2015;15/02/2015;;
1696987;RCBP RORAIMA;FEMININO;26/05/1939;76;BRANCO;BRASIL;PARÁ;SÃO MIGUEL DO GUAMÁ;SUPERIOR COMPLETO;CASADO;251;CIENTISTAS SOCIAIS, PSICÓLOGOS E AFINS	;RORAIMA;BOA VISTA;PULMAO, SOE;C349;NEOPLASIA MALIGNA;80003;BRONQUIOS OU PULMOES, SOE;C349;;;;;false;HISTOLOGIA DO TUMOR PRIMÁRIO;LOCALIZADO;SEM INFORMAÇÃO;99 - SEM INFORMAÇÃO;999;MORTO;CÂNCER;14/08/2015;14/08/2015;14/08/2015;;
1697005;RCBP RORAIMA;MASCULINO;02/12/1932;82;PARDA;BRASIL;RORAIMA;;FUNDAMENTAL I (1ª A 4ª SÉRIE);CASADO;611;PRODUTORES AGROPECUÁRIOS EM GERAL 	;RORAIMA;BOA VISTA;PROSTATA, SOE;C619;ADENOCARCINOMA, SOE;81403;PROSTATA;C61;;;;;false;HISTOLOGIA DO TUMOR PRIMÁRIO;METÁSTASE;;;;;;;;12/01/2015;;
1697006;RCBP RORAIMA;FEMININO;24/06/1972;43;PARDA;BRASIL;Não informado;Não Informado;FUNDAMENTAL I (1ª A 4ª SÉRIE);SEM INFORMAÇÃO;0;SEM INFORMAÇÃO	;RORAIMA;BOA VISTA;COLO DO UTERO, SOE;C539;NEOPLASIA INTRA-EPITELIAL ESCAMOSA,GRAU IIII;80772;COLO DO UTERO, SOE;D069;;;;;false;CITOLOGIA;"IN SITU";;;;;;;;26/11/2015;;
1697007;RCBP RORAIMA;FEMININO;02/08/1985;29;PARDA;BRASIL;Não informado;Não Informado;FUNDAMENTAL II (5ª A 8ª SÉRIE);SEM INFORMAÇÃO;;;RORAIMA;BOA VISTA;COLO DO UTERO, SOE;C539;NEOPLASIA INTRA-EPITELIAL ESCAMOSA,GRAU IIII;80772;COLO DO UTERO, SOE;D069;;;;;false;CITOLOGIA;"IN SITU";;;;;;;;15/06/2015;;
1697012;RCBP RORAIMA;MASCULINO;20/11/1947;67;BRANCO;BRASIL;RIO GRANDE DO SUL;;FUNDAMENTAL I (1ª A 4ª SÉRIE);CASADO;622;TRABALHADORES AGRÍCOLAS   	;RORAIMA;BOA VISTA;PROSTATA, SOE;C619;ADENOCARCINOMA, SOE;81403;PROSTATA;C61;;;;;false;HISTOLOGIA DO TUMOR PRIMÁRIO;SEM INFORMAÇÃO;;;;;;;;22/06/2015;;
1697024;RCBP RORAIMA;MASCULINO;19/03/1936;79;PARDA;BRASIL;RIO GRANDE DO SUL;CACHOEIRA DO SUL;FUNDAMENTAL II (5ª A 8ª SÉRIE);CASADO;0;SEM INFORMAÇÃO	;RORAIMA;BOA VISTA;RIM, SOE;C649;CARCINOMA, SOE;80103;RIM;C64;;;;;false;HISTOLOGIA DO TUMOR PRIMÁRIO;SEM INFORMAÇÃO;;;;;;;;12/06/2015;;
1697040;RCBP RORAIMA;FEMININO;22/12/1942;72;INDÍGENA;BRASIL;Não informado;;FUNDAMENTAL I (1ª A 4ª SÉRIE);SOLTEIRO;0;SEM INFORMAÇÃO	;RORAIMA;BOA VISTA;UTERO, SOE;C559;NEOPLASIA MALIGNA;80003;UTERO, SOE;C55;;;;;false;HISTOLOGIA DO TUMOR PRIMÁRIO;SEM INFORMAÇÃO;SEM INFORMAÇÃO;99 - SEM INFORMAÇÃO;999;MORTO;CÂNCER;07/05/2015;07/05/2015;07/05/2015;;
1697030;RCBP RORAIMA;MASCULINO;05/04/1944;71;BRANCO;BRASIL;CEARÁ;;FUNDAMENTAL I (1ª A 4ª SÉRIE);CASADO;611;PRODUTORES AGROPECUÁRIOS EM GERAL 	;RORAIMA;BOA VISTA;PELE DE OUTRAS PARTES DA FACE;C443;CARCINOMA ESCAMOCELULAR, SOE;80703;PELE DE OUTRAS PARTES DA FACE;C443;;;;;false;HISTOLOGIA DO TUMOR PRIMÁRIO;LOCALIZADO;;;;;;;;14/12/2015;;
1697032;RCBP RORAIMA;MASCULINO;03/09/1962;52;PARDA;BRASIL;Não informado;;FUNDAMENTAL II (5ª A 8ª SÉRIE);CASADO;111;MEMBROS SUPERIORES DO PODER LEGISLATIVO, EXECUTIVO E JUDICIÁRIO   	;RORAIMA;BOA VISTA;PELE, SOE;C449;NEOPLASIA MALIGNA;80003;NEOPLASIA MALIGNA DA PELE;C449;;;;;false;HISTOLOGIA DO TUMOR PRIMÁRIO;SEM INFORMAÇÃO;SEM INFORMAÇÃO;99 - SEM INFORMAÇÃO;999;MORTO;CÂNCER;20/02/2015;20/02/2015;20/02/2015;;
1697112;RCBP RORAIMA;FEMININO;;62;SEM INFORMAÇÃO;BRASIL;Não informado;Não Informado;SEM INFORMAÇÃO;SEM INFORMAÇÃO;0;SEM INFORMAÇÃO	;RORAIMA;BOA VISTA;PELE DE OUTRAS PARTES DA FACE;C443;CARCINOMA BASOCELULAR, SOE;80903;PELE DE OUTRAS PARTES DA FACE;C443;;;;;false;HISTOLOGIA DO TUMOR PRIMÁRIO;SEM INFORMAÇÃO;;;;;;;;02/01/2015;;
1697115;RCBP RORAIMA;FEMININO;20/06/1962;53;INDÍGENA;BRASIL;RORAIMA;;FUNDAMENTAL I (1ª A 4ª SÉRIE);CASADO;0;SEM INFORMAÇÃO	;RORAIMA;BOA VISTA;ENDOMETRIO;C541;CARCINOMA ENDOMETRIOIDE, SOE;83803;ENDOMETRIO;C541;;;;;false;HISTOLOGIA DO TUMOR PRIMÁRIO;SEM INFORMAÇÃO;;;;;;;;13/11/2015;;
1697119;RCBP RORAIMA;FEMININO;27/11/1985;30;PARDA;BRASIL;Não informado;Não Informado;MÉDIO (ANTIGO SEGUNDO GRAU);SEM INFORMAÇÃO;0;SEM INFORMAÇÃO	;RORAIMA;BOA VISTA;COLO DO UTERO, SOE;C539;NEOPLASIA INTRA-EPITELIAL ESCAMOSA,GRAU IIII;80772;COLO DO UTERO, SOE;D069;;;;;false;CITOLOGIA;"IN SITU";;;;;;;;15/12/2015;;
1697122;RCBP RORAIMA;FEMININO;14/01/1948;67;PARDA;BRASIL;RORAIMA;;SEM INFORMAÇÃO;SEM INFORMAÇÃO;0;SEM INFORMAÇÃO	;RORAIMA;BOA VISTA;TIREOIDE, SOE;C739;CARCINOMA PAPILAR, SOE;80503;GLANDULA TIREOIDE;C73;;;;;false;HISTOLOGIA DO TUMOR PRIMÁRIO;SEM INFORMAÇÃO;;;;;;;;06/05/2015;;
1697124;RCBP RORAIMA;FEMININO;24/02/1932;83;BRANCO;BRASIL;RORAIMA;BOA VISTA;SEM ESCOLARIDADE;VIÚVO;;;RORAIMA;BOA VISTA;PELE DE OUTRAS PARTES DA FACE;C443;CARCINOMA BASOCELULAR, SOE;80903;PELE DE OUTRAS PARTES DA FACE;C443;;;;;false;HISTOLOGIA DO TUMOR PRIMÁRIO;LOCALIZADO;;;;;;;;23/10/2015;;
1697126;RCBP RORAIMA;FEMININO;24/02/1932;83;BRANCO;BRASIL;RORAIMA;BOA VISTA;SEM INFORMAÇÃO;VIÚVO;0;SEM INFORMAÇÃO	;RORAIMA;BOA VISTA;PELE DE OUTRAS PARTES DA FACE;C443;CARCINOMA BASOCELULAR, SOE;80903;PELE DE OUTRAS PARTES DA FACE;C443;;;;;false;HISTOLOGIA DO TUMOR PRIMÁRIO;SEM INFORMAÇÃO;;;;;;;;19/11/2015;;
1697128;RCBP RORAIMA;MASCULINO;30/09/1949;65;BRANCO;BRASIL;PARANÁ;;FUNDAMENTAL II (5ª A 8ª SÉRIE);CASADO;862;OPERADORES DE UTILIDADES  	;RORAIMA;BOA VISTA;TERCO SUPERIOR DO ESOFAGO;C153;CARCINOMA ESCAMOCELULAR, SOE;80703;TERCO SUPERIOR DO ESOFAGO;C153;;;;;false;HISTOLOGIA DO TUMOR PRIMÁRIO;METÁSTASE;;;;;;;;07/09/2015;;
1697129;RCBP RORAIMA;FEMININO;12/03/1983;31;BRANCO;BRASIL;Não informado;Não Informado;SUPERIOR COMPLETO;SEM INFORMAÇÃO;0;SEM INFORMAÇÃO	;RORAIMA;CANTÁ;COLO DO UTERO, SOE;C539;NEOPLASIA INTRA-EPITELIAL ESCAMOSA,GRAU IIII;80772;COLO DO UTERO, SOE;D069;;;;;false;CITOLOGIA;"IN SITU";;;;;;;;30/01/2015;;
1696746;RCBP RORAIMA;MASCULINO;05/09/1949;65;PARDA;BRASIL;PIAUÍ;ALTO LONGÁ;SEM ESCOLARIDADE;CASADO;0;SEM INFORMAÇÃO	;RORAIMA;BOA VISTA;PALPEBRA;C441;CARCINOMA BASOCELULAR, SOE;80903;PELE DA PALPEBRA E CANTO;C441;;;;;false;HISTOLOGIA DO TUMOR PRIMÁRIO;SEM INFORMAÇÃO;;;;;;;;15/04/2015;;
1696749;RCBP RORAIMA;MASCULINO;30/06/1947;67;PARDA;BRASIL;PIAUÍ;;SEM ESCOLARIDADE;VIÚVO;0;SEM INFORMAÇÃO	;RORAIMA;BOA VISTA;PELE DO TRONCO;C445;CARCINOMA ESCAMOCELULAR, SOE;80703;PELE DO TRONCO;C445;;;;;false;HISTOLOGIA DO TUMOR PRIMÁRIO;SEM INFORMAÇÃO;;;;;;;;07/04/2015;;
1696749;RCBP RORAIMA;MASCULINO;30/06/1947;67;PARDA;BRASIL;PIAUÍ;;SEM ESCOLARIDADE;VIÚVO;0;SEM INFORMAÇÃO	;RORAIMA;BOA VISTA;COSTELA, ESTERNO, CLAVICULA E ARTICUL. ASSOCIADAS;C413;CARCINOMA ESCAMOCELULAR, SOE;80703;COSTELA, ESTERNO E CLAVICULA;C413;;;;;false;HISTOLOGIA DO TUMOR PRIMÁRIO;LOCALIZADO;;;;;;;;03/05/2015;;
1696749;RCBP RORAIMA;MASCULINO;30/06/1947;67;PARDA;BRASIL;PIAUÍ;;SEM ESCOLARIDADE;VIÚVO;0;SEM INFORMAÇÃO	;RORAIMA;BOA VISTA;PELE DO TRONCO;C445;CARCINOMA BASOCELULAR, SOE;80903;PELE DO TRONCO;C445;;;;;false;HISTOLOGIA DO TUMOR PRIMÁRIO;SEM INFORMAÇÃO;;;;;;;;18/06/2015;;
1696755;RCBP RORAIMA;MASCULINO;03/09/1933;81;PARDA;BRASIL;Não informado;;MÉDIO (ANTIGO SEGUNDO GRAU);CASADO;;;RORAIMA;BOA VISTA;PANCREAS, SOE;C259;NEOPLASIA MALIGNA;80003;PANCREAS, SOE;C259;;;;;false;HISTOLOGIA DO TUMOR PRIMÁRIO;SEM INFORMAÇÃO;;;;;CÂNCER;13/01/2015;;13/01/2015;;
1696750;RCBP RORAIMA;MASCULINO;24/01/1937;78;BRANCO;BRASIL;CEARÁ;GRANJA;SEM ESCOLARIDADE;CASADO;;;RORAIMA;BOA VISTA;PELE DO LABIO, SOE;C440;CARCINOMA BASOCELULAR, SOE;80903;PELE DO LABIO;C440;;;;;false;HISTOLOGIA DO TUMOR PRIMÁRIO;LOCALIZADO;;;;;;;;10/06/2015;;
1696750;RCBP RORAIMA;MASCULINO;24/01/1937;78;BRANCO;BRASIL;CEARÁ;GRANJA;SEM ESCOLARIDADE;CASADO;;;RORAIMA;BOA VISTA;PELE, SOE;C449;CARCINOMA BASOCELULAR, SOE;80903;NEOPLASIA MALIGNA DA PELE;C449;;;;;false;HISTOLOGIA DO TUMOR PRIMÁRIO;SEM INFORMAÇÃO;;;;;;;;03/07/2015;;
1696752;RCBP RORAIMA;MASCULINO;25/04/1959;55;SEM INFORMAÇÃO;BRASIL;Não informado;;FUNDAMENTAL II (5ª A 8ª SÉRIE);CASADO;342;TÉCNICOS EM TRANSPORTES (LOGÍSTICA)   	;RORAIMA;BOA VISTA;PULMAO, SOE;C349;NEOPLASIA MALIGNA;80003;BRONQUIOS OU PULMOES, SOE;C349;;;;;false;HISTOLOGIA DO TUMOR PRIMÁRIO;SEM INFORMAÇÃO;;;;;CÂNCER;09/04/2015;;09/04/2015;;
1696758;RCBP RORAIMA;MASCULINO;12/05/1940;75;BRANCO;BRASIL;Não informado;;SEM ESCOLARIDADE;SOLTEIRO;0;SEM INFORMAÇÃO	;RORAIMA;BOA VISTA;OROFARINGE, SOE;C109;NEOPLASIA MALIGNA;80003;OROFARINGE, SOE;C109;;;;;false;HISTOLOGIA DO TUMOR PRIMÁRIO;SEM INFORMAÇÃO;;;;;CÂNCER;14/05/2015;;14/05/2015;;
1696759;RCBP RORAIMA;MASCULINO;01/09/1965;50;BRANCO;BRASIL;Não informado;;FUNDAMENTAL II (5ª A 8ª SÉRIE);UNIÃO CONSENSUAL;711;TRABALHADORES DA EXTRAÇÃO MINERAL 	;RORAIMA;BOA VISTA;ESTOMAGO, SOE;C169;NEOPLASIA MALIGNA;80003;ESTOMAGO, SOE;C169;;;;;false;HISTOLOGIA DO TUMOR PRIMÁRIO;SEM INFORMAÇÃO;;;;;CÂNCER;03/12/2015;;03/12/2015;;
1696756;RCBP RORAIMA;MASCULINO;16/10/1945;69;PARDA;BRASIL;Não informado;;SEM ESCOLARIDADE;SEPARADO JUDICIALMENTE;0;SEM INFORMAÇÃO	;RORAIMA;ALTO ALEGRE;PULMAO, SOE;C349;NEOPLASIA MALIGNA;80003;BRONQUIOS OU PULMOES, SOE;C349;;;;;false;HISTOLOGIA DO TUMOR PRIMÁRIO;SEM INFORMAÇÃO;;;;;CÂNCER;27/02/2015;;27/02/2015;;
1696757;RCBP RORAIMA;MASCULINO;20/03/1955;59;PARDA;BRASIL;CEARÁ;;FUNDAMENTAL I (1ª A 4ª SÉRIE);SEPARADO JUDICIALMENTE;622;TRABALHADORES AGRÍCOLAS   	;RORAIMA;BOA VISTA;COLON SIGMOIDE;C187;ADENOCARCINOMA, SOE;81403;COLON SIGMOIDE;C187;;;;;false;HISTOLOGIA DO TUMOR PRIMÁRIO;SEM INFORMAÇÃO;;;;;CÂNCER;21/02/2016;;26/02/2015;;
1696760;RCBP RORAIMA;MASCULINO;09/09/1966;48;BRANCO;BRASIL;RORAIMA;BOA VISTA;FUNDAMENTAL II (5ª A 8ª SÉRIE);SOLTEIRO;;;RORAIMA;SÃO JOÃO DA BALIZA;ESTOMAGO, SOE;C169;NEOPLASIA MALIGNA;80003;ESTOMAGO, SOE;C169;;;;;false;HISTOLOGIA DO TUMOR PRIMÁRIO;SEM INFORMAÇÃO;;;;;CÂNCER;10/06/2015;;10/06/2015;;
1696763;RCBP RORAIMA;MASCULINO;26/02/1952;62;PARDA;BRASIL;Não informado;;SEM ESCOLARIDADE;UNIÃO CONSENSUAL;621;TRABALHADORES NA EXPLORAÇÃO AGROPECUÁRIA EM GERAL	;RORAIMA;BOA VISTA;PULMAO, SOE;C349;NEOPLASIA MALIGNA;80003;BRONQUIOS OU PULMOES, SOE;C349;;;;;false;HISTOLOGIA DO TUMOR PRIMÁRIO;SEM INFORMAÇÃO;;;;;CÂNCER;11/01/2015;;11/01/2015;;
1696769;RCBP RORAIMA;MASCULINO;06/01/1946;69;PARDA;BRASIL;RORAIMA;BOA VISTA;FUNDAMENTAL II (5ª A 8ª SÉRIE);UNIÃO CONSENSUAL;914;MECÂNICOS DE MANUTENÇÃO VEICULAR  	;RORAIMA;BOA VISTA;TESTICULO, SOE;C629;ADENOCARCINOMA, SOE;81403;TESTICULO, SOE;C629;;;;;false;HISTOLOGIA DO TUMOR PRIMÁRIO;LOCALIZADO;;;;;CÂNCER;27/08/2017;;17/03/2015;;
1696767;RCBP RORAIMA;MASCULINO;25/10/1929;86;BRANCO;BRASIL;MARANHÃO;;FUNDAMENTAL I (1ª A 4ª SÉRIE);CASADO;0;SEM INFORMAÇÃO	;RORAIMA;BOA VISTA;PELE DO MEMBRO SUPERIOR E DO OMBRO;C446;CARCINOMA ESCAMOCELULAR, SOE;80703;PELE DO MEMBRO SUPERIOR E DO OMBRO;C446;;;;;false;HISTOLOGIA DO TUMOR PRIMÁRIO;LOCALIZADO;;;;;;;;29/10/2015;;
1696769;RCBP RORAIMA;MASCULINO;06/01/1946;69;PARDA;BRASIL;RORAIMA;BOA VISTA;FUNDAMENTAL II (5ª A 8ª SÉRIE);UNIÃO CONSENSUAL;914;MECÂNICOS DE MANUTENÇÃO VEICULAR  	;RORAIMA;BOA VISTA;PROSTATA, SOE;C619;ADENOCARCINOMA, SOE;81403;PROSTATA;C61;;;;;false;HISTOLOGIA DO TUMOR PRIMÁRIO;SEM INFORMAÇÃO;;;;;CÂNCER;27/08/2017;;15/06/2015;;
1696770;RCBP RORAIMA;MASCULINO;14/06/1929;85;BRANCO;BRASIL;Não informado;;FUNDAMENTAL I (1ª A 4ª SÉRIE);VIÚVO;0;SEM INFORMAÇÃO	;RORAIMA;RORAINÓPOLIS;MEDULA OSSEA;C421;LEUCEMIA MIELOIDE, SOE;98603;LEUCEMIA MIELOIDE, SOE;C929;;;;;false;HISTOLOGIA DO TUMOR PRIMÁRIO;NÃO SE APLICA;;;;;CÂNCER;30/05/2015;;30/05/2015;;
1696772;RCBP RORAIMA;FEMININO;12/01/1960;55;PARDA;BRASIL;Não informado;;FUNDAMENTAL II (5ª A 8ª SÉRIE);SOLTEIRO;622;TRABALHADORES AGRÍCOLAS   	;RORAIMA;SÃO LUIZ;RIM, SOE;C649;NEOPLASIA MALIGNA;80003;RIM;C64;;;;;false;HISTOLOGIA DO TUMOR PRIMÁRIO;METÁSTASE;;;;;CÂNCER;22/10/2015;;22/10/2015;;
1696771;RCBP RORAIMA;MASCULINO;22/06/1932;82;BRANCO;BRASIL;PIAUÍ;LUÍS CORREIA;SEM ESCOLARIDADE;CASADO;514;TRABALHADORES NOS SERVIÇOS DE ADMINISTRAÇÃO, CONSERVAÇÃO E MANUTENÇÃO DE EDIFÍCIOS E LOGRADOUROS  	;RORAIMA;BOA VISTA;OUVIDO EXTERNO;C442;CARCINOMA BASOCELULAR, SOE;80903;PELE DA ORELHA E CONDUTO AUDITIVO EXTERNO;C442;;;;;false;HISTOLOGIA DO TUMOR PRIMÁRIO;LOCALIZADO;;;;;;;;04/05/2015;;
1696771;RCBP RORAIMA;MASCULINO;22/06/1932;82;BRANCO;BRASIL;PIAUÍ;LUÍS CORREIA;SEM ESCOLARIDADE;CASADO;514;TRABALHADORES NOS SERVIÇOS DE ADMINISTRAÇÃO, CONSERVAÇÃO E MANUTENÇÃO DE EDIFÍCIOS E LOGRADOUROS  	;RORAIMA;BOA VISTA;PELE DO TRONCO;C445;CARCINOMA BASOCELULAR, SOE;80903;PELE DO TRONCO;C445;;;;;false;HISTOLOGIA DO TUMOR PRIMÁRIO;LOCALIZADO;;;;;;;;04/05/2015;;
1696773;RCBP RORAIMA;MASCULINO;21/01/1938;77;PARDA;BRASIL;Não informado;;SEM INFORMAÇÃO;CASADO;622;TRABALHADORES AGRÍCOLAS   	;RORAIMA;BOA VISTA;PROSTATA, SOE;C619;NEOPLASIA MALIGNA;80003;PROSTATA;C61;;;;;false;HISTOLOGIA DO TUMOR PRIMÁRIO;METÁSTASE;;;;;CÂNCER;16/05/2015;;16/05/2015;;
1696777;RCBP RORAIMA;FEMININO;16/08/1982;33;PARDA;BRASIL;Não informado;Não Informado;FUNDAMENTAL II (5ª A 8ª SÉRIE);SEM INFORMAÇÃO;0;SEM INFORMAÇÃO	;RORAIMA;BOA VISTA;COLO DO UTERO, SOE;C539;NEOPLASIA INTRA-EPITELIAL ESCAMOSA,GRAU IIII;80772;COLO DO UTERO, SOE;D069;;;;;false;CITOLOGIA;"IN SITU";;;;;;;;25/08/2015;;
1696784;RCBP RORAIMA;MASCULINO;29/03/1959;55;INDÍGENA;BRASIL;Não informado;;FUNDAMENTAL II (5ª A 8ª SÉRIE);CASADO;622;TRABALHADORES AGRÍCOLAS   	;RORAIMA;AMAJARI;PULMAO, SOE;C349;NEOPLASIA MALIGNA;80003;BRONQUIOS OU PULMOES, SOE;C349;;;;;false;HISTOLOGIA DO TUMOR PRIMÁRIO;SEM INFORMAÇÃO;;;;;CÂNCER;02/01/2015;;02/01/2015;;
1697792;RCBP RORAIMA;MASCULINO;10/07/1952;62;PARDA;BRASIL;Não informado;;FUNDAMENTAL I (1ª A 4ª SÉRIE);UNIÃO CONSENSUAL;622;TRABALHADORES AGRÍCOLAS   	;RORAIMA;BOA VISTA;PULMAO, SOE;C349;NEOPLASIA MALIGNA;80003;BRONQUIOS OU PULMOES, SOE;C349;;;;;false;HISTOLOGIA DO TUMOR PRIMÁRIO;SEM INFORMAÇÃO;;;;;CÂNCER;30/03/2015;;30/03/2015;;
1697781;RCBP RORAIMA;FEMININO;07/04/1955;60;BRANCO;BRASIL;CEARÁ;IGUATU;MÉDIO (ANTIGO SEGUNDO GRAU);SOLTEIRO;514;TRABALHADORES NOS SERVIÇOS DE ADMINISTRAÇÃO, CONSERVAÇÃO E MANUTENÇÃO DE EDIFÍCIOS E LOGRADOUROS  	;RORAIMA;BOA VISTA;PELE DO COURO CABELUDO E DO PESCOCO;C444;CARCINOMA ESCAMOCELULAR, SOE;80703;PELE DO COURO CABELUDO E DO PESCOCO;C444;;;;;false;HISTOLOGIA DO TUMOR PRIMÁRIO;LOCALIZADO;;;;;;;;22/05/2015;;
558330;RCBP RORAIMA;FEMININO;18/07/1943;72;PARDA;BRASIL;RORAIMA;;FUNDAMENTAL I (1ª A 4ª SÉRIE);SEPARADO JUDICIALMENTE;0;SEM INFORMAÇÃO	;RORAIMA;BOA VISTA;ENCEFALO, SOE;C719;NEOPLASIA MALIGNA;80003;ENCEFALO, SOE;C719;;;;;false;HISTOLOGIA DO TUMOR PRIMÁRIO;SEM INFORMAÇÃO;;;;;CÂNCER;16/09/2015;;16/09/2015;;
713823;RCBP RORAIMA;FEMININO;05/04/1958;56;BRANCO;BRASIL;RIO GRANDE DO SUL;;FUNDAMENTAL I (1ª A 4ª SÉRIE);CASADO;0;SEM INFORMAÇÃO	;RORAIMA;ALTO ALEGRE;PELE DE OUTRAS PARTES DA FACE;C443;CARCINOMA BASOCELULAR, SOE;80903;PELE DE OUTRAS PARTES DA FACE;C443;;;;;false;HISTOLOGIA DO TUMOR PRIMÁRIO;METÁSTASE;;;;;;;;13/03/2015;;
658582;RCBP RORAIMA;FEMININO;11/04/1945;69;SEM INFORMAÇÃO;BRASIL;SÃO PAULO;;SEM INFORMAÇÃO;SEM INFORMAÇÃO;;;RORAIMA;BOA VISTA;PELE DE OUTRAS PARTES DA FACE;C443;CARCINOMA BASOCELULAR, SOE;80903;PELE DE OUTRAS PARTES DA FACE;C443;;;;;false;HISTOLOGIA DO TUMOR PRIMÁRIO;METÁSTASE;;;;;;;;15/02/2015;;
1697803;RCBP RORAIMA;FEMININO;10/12/1952;62;SEM INFORMAÇÃO;BRASIL;Não informado;Não Informado;FUNDAMENTAL I (1ª A 4ª SÉRIE);SEM INFORMAÇÃO;0;SEM INFORMAÇÃO	;RORAIMA;BOA VISTA;COLO DO UTERO, SOE;C539;NEOPLASIA INTRA-EPITELIAL ESCAMOSA,GRAU IIII;80772;COLO DO UTERO, SOE;D069;;;;;false;CITOLOGIA;"IN SITU";;;;;;;;25/08/2015;;
1697804;RCBP RORAIMA;MASCULINO;20/12/1951;63;PARDA;BRASIL;Não informado;;FUNDAMENTAL I (1ª A 4ª SÉRIE);SEPARADO JUDICIALMENTE;622;TRABALHADORES AGRÍCOLAS   	;RORAIMA;CARACARAÍ;MEDULA OSSEA;C421;LEUCEMIA MIELOIDE CRONICA, SOE;98633;LEUCEMIA MIELOIDE CRONICA;C921;;;;;false;HISTOLOGIA DO TUMOR PRIMÁRIO;NÃO SE APLICA;SEM INFORMAÇÃO;99 - SEM INFORMAÇÃO;999;MORTO;CÂNCER;19/06/2015;19/06/2015;19/06/2015;;
1697807;RCBP RORAIMA;FEMININO;19/02/1992;23;PARDA;BRASIL;Não informado;Não Informado;MÉDIO (ANTIGO SEGUNDO GRAU);SEM INFORMAÇÃO;0;SEM INFORMAÇÃO	;RORAIMA;BOA VISTA;COLO DO UTERO, SOE;C539;NEOPLASIA INTRA-EPITELIAL ESCAMOSA,GRAU IIII;80772;COLO DO UTERO, SOE;D069;;;;;false;CITOLOGIA;"IN SITU";;;;;;;;27/02/2015;;
1697818;RCBP RORAIMA;FEMININO;07/12/1972;42;INDÍGENA;BRASIL;Não informado;Não Informado;FUNDAMENTAL I (1ª A 4ª SÉRIE);SEM INFORMAÇÃO;;;RORAIMA;BOA VISTA;COLO DO UTERO, SOE;C539;NEOPLASIA INTRA-EPITELIAL ESCAMOSA,GRAU IIII;80772;COLO DO UTERO, SOE;D069;;;;;false;CITOLOGIA;"IN SITU";;;;;;;;24/07/2015;;
1697820;RCBP RORAIMA;MASCULINO;;38;SEM INFORMAÇÃO;BRASIL;Não informado;Não Informado;SEM INFORMAÇÃO;SEM INFORMAÇÃO;;;RORAIMA;BOA VISTA;PELE DO MEMBRO SUPERIOR E DO OMBRO;C446;CARCINOMA BASOCELULAR, SOE;80903;PELE DO MEMBRO SUPERIOR E DO OMBRO;C446;;;;;false;HISTOLOGIA DO TUMOR PRIMÁRIO;SEM INFORMAÇÃO;;;;;;;;19/10/2015;;
1697823;RCBP RORAIMA;MASCULINO;15/11/1963;51;BRANCO;BRASIL;MARANHÃO;;FUNDAMENTAL I (1ª A 4ª SÉRIE);CASADO;953;ELETRICISTAS ELETRÔNICOS DE MANUTENÇÃO VEICULAR  	;RORAIMA;BOA VISTA;PELE DO TRONCO;C445;CARCINOMA BASOCELULAR, SOE;80903;PELE DO TRONCO;C445;;;;;false;HISTOLOGIA DO TUMOR PRIMÁRIO;SEM INFORMAÇÃO;;;;;;;;14/04/2015;;
1697827;RCBP RORAIMA;FEMININO;07/06/1998;17;INDÍGENA;BRASIL;Não informado;;FUNDAMENTAL I (1ª A 4ª SÉRIE);SOLTEIRO;0;SEM INFORMAÇÃO	;RORAIMA;BONFIM;LINFONODO, SOE;C779;LINFOMA MALIGNO, SOE;95903;LINFOMA NAO-HODGKIN, SOE;C859;Linfomas não especificados;II-E;LINFOMA NÃO-HODGKIN;2.1;false;HISTOLOGIA DO TUMOR PRIMÁRIO;NÃO SE APLICA;SEM INFORMAÇÃO;99 - SEM INFORMAÇÃO;999;MORTO;CÂNCER;04/11/2015;04/11/2015;04/11/2015;;
1697853;RCBP RORAIMA;FEMININO;;55;SEM INFORMAÇÃO;BRASIL;Não informado;Não Informado;SEM INFORMAÇÃO;SEM INFORMAÇÃO;0;SEM INFORMAÇÃO	;RORAIMA;BOA VISTA;PELE DO COURO CABELUDO E DO PESCOCO;C444;CARCINOMA BASOCELULAR, SOE;80903;PELE DO COURO CABELUDO E DO PESCOCO;C444;;;;;false;HISTOLOGIA DO TUMOR PRIMÁRIO;SEM INFORMAÇÃO;;;;;;;;29/05/2015;;
1697847;RCBP RORAIMA;FEMININO;20/04/1989;25;PRETA;BRASIL;Não informado;Não Informado;FUNDAMENTAL II (5ª A 8ª SÉRIE);SEM INFORMAÇÃO;0;SEM INFORMAÇÃO	;RORAIMA;BOA VISTA;COLO DO UTERO, SOE;C539;NEOPLASIA INTRA-EPITELIAL ESCAMOSA,GRAU IIII;80772;COLO DO UTERO, SOE;D069;;;;;false;CITOLOGIA;"IN SITU";;;;;;;;23/02/2015;;
1697856;RCBP RORAIMA;FEMININO;23/02/1973;41;PARDA;BRASIL;Não informado;Não Informado;FUNDAMENTAL I (1ª A 4ª SÉRIE);SEM INFORMAÇÃO;0;SEM INFORMAÇÃO	;RORAIMA;BOA VISTA;COLO DO UTERO, SOE;C539;NEOPLASIA INTRA-EPITELIAL ESCAMOSA,GRAU IIII;80772;COLO DO UTERO, SOE;D069;;;;;false;CITOLOGIA;"IN SITU";;;;;;;;26/01/2015;;
1697864;RCBP RORAIMA;FEMININO;29/06/1981;33;PARDA;BRASIL;Não informado;Não Informado;FUNDAMENTAL II (5ª A 8ª SÉRIE);SEM INFORMAÇÃO;0;SEM INFORMAÇÃO	;RORAIMA;BOA VISTA;COLO DO UTERO, SOE;C539;NEOPLASIA INTRA-EPITELIAL ESCAMOSA,GRAU IIII;80772;COLO DO UTERO, SOE;D069;;;;;false;CITOLOGIA;"IN SITU";;;;;;;;19/03/2015;;
1698050;RCBP RORAIMA;MASCULINO;28/12/1965;49;PARDA;BRASIL;Não informado;;SEM INFORMAÇÃO;SEM INFORMAÇÃO;;;RORAIMA;BOA VISTA;LARINGE, SOE;C329;NEOPLASIA MALIGNA;80003;LARINGE, SOE;C329;;;;;false;HISTOLOGIA DO TUMOR PRIMÁRIO;SEM INFORMAÇÃO;SEM INFORMAÇÃO;99 - SEM INFORMAÇÃO;999;MORTO;NÃO CÂNCER;12/06/2015;12/06/2015;12/06/2015;;
1698052;RCBP RORAIMA;MASCULINO;;68;SEM INFORMAÇÃO;BRASIL;Não informado;Não Informado;SEM INFORMAÇÃO;SEM INFORMAÇÃO;;;RORAIMA;BOA VISTA;PELE, SOE;C449;CARCINOMA BASOCELULAR, SOE;80903;NEOPLASIA MALIGNA DA PELE;C449;;;;;false;HISTOLOGIA DO TUMOR PRIMÁRIO;SEM INFORMAÇÃO;;;;;;;;25/03/2015;;
1698057;RCBP RORAIMA;MASCULINO;;34;PARDA;BRASIL;Não informado;Não Informado;SEM INFORMAÇÃO;SEM INFORMAÇÃO;;;RORAIMA;RORAINÓPOLIS;PELE, SOE;C449;CARCINOMA BASOCELULAR, SOE;80903;NEOPLASIA MALIGNA DA PELE;C449;;;;;false;HISTOLOGIA DO TUMOR PRIMÁRIO;SEM INFORMAÇÃO;;;;;;;;23/09/2015;;
1697763;RCBP RORAIMA;FEMININO;03/04/1924;90;PARDA;BRASIL;Não informado;;SEM ESCOLARIDADE;VIÚVO;0;SEM INFORMAÇÃO	;RORAIMA;BOA VISTA;LOCALIZACAO PRIMARIA DESCONHECIDA, SOE;C809;NEOPLASIA MALIGNA;80003;LOCALIZACAO PRIMARIA DESCONHECIDA;C80;;;;;false;HISTOLOGIA DO TUMOR PRIMÁRIO;SEM INFORMAÇÃO;;;;;CÂNCER;02/02/2015;;02/02/2015;;
1697757;RCBP RORAIMA;FEMININO;02/02/1952;63;PARDA;BRASIL;Não informado;;MÉDIO (ANTIGO SEGUNDO GRAU);SEPARADO JUDICIALMENTE;111;MEMBROS SUPERIORES DO PODER LEGISLATIVO, EXECUTIVO E JUDICIÁRIO   	;RORAIMA;BOA VISTA;CORPO DO UTERO, SOE;C549;NEOPLASIA MALIGNA;80003;CORPO DO UTERO, SOE;C549;;;;;false;HISTOLOGIA DO TUMOR PRIMÁRIO;METÁSTASE;;;;;CÂNCER;22/11/2015;;22/11/2015;;
1697761;RCBP RORAIMA;FEMININO;06/12/1957;57;PRETA;BRASIL;Não informado;;SEM ESCOLARIDADE;SOLTEIRO;512;TRABALHADORES DOS SERVIÇOS DOMÉSTICOS EM GERAL	;RORAIMA;BOA VISTA;VIAS BILIARES INTRA-HEPATICAS;C221;COLANGIOCARCINOMA;81603;FIGADO E VIAS BILIARES INTRA-HEPATICAS;C22;;;;;false;HISTOLOGIA DO TUMOR PRIMÁRIO;SEM INFORMAÇÃO;;;;;CÂNCER;03/01/2015;;03/01/2015;;
1697765;RCBP RORAIMA;FEMININO;25/12/1920;94;INDÍGENA;BRASIL;Não informado;;SEM ESCOLARIDADE;SEM INFORMAÇÃO;0;SEM INFORMAÇÃO	;RORAIMA;PACARAIMA;COLO DO UTERO, SOE;C539;NEOPLASIA MALIGNA;80003;COLO DO UTERO, SOE;C539;;;;;false;HISTOLOGIA DO TUMOR PRIMÁRIO;SEM INFORMAÇÃO;;;;;CÂNCER;07/02/2015;;07/02/2015;;
1697775;RCBP RORAIMA;MASCULINO;;66;SEM INFORMAÇÃO;BRASIL;Não informado;Não Informado;SEM INFORMAÇÃO;SEM INFORMAÇÃO;0;SEM INFORMAÇÃO	;RORAIMA;BOA VISTA;PELE DE OUTRAS PARTES DA FACE;C443;CARCINOMA BASOCELULAR, SOE;80903;PELE DE OUTRAS PARTES DA FACE;C443;;;;;false;HISTOLOGIA DO TUMOR PRIMÁRIO;SEM INFORMAÇÃO;;;;;;;;30/07/2015;;
1697775;RCBP RORAIMA;MASCULINO;;;SEM INFORMAÇÃO;BRASIL;Não informado;Não Informado;SEM INFORMAÇÃO;SEM INFORMAÇÃO;0;SEM INFORMAÇÃO	;RORAIMA;BOA VISTA;PELE, SOE;C449;CARCINOMA BASOCELULAR, SOE;80903;NEOPLASIA MALIGNA DA PELE;C449;;;;;false;HISTOLOGIA DO TUMOR PRIMÁRIO;SEM INFORMAÇÃO;;;;;;;;23/10/2015;;
1697768;RCBP RORAIMA;FEMININO;01/07/1966;49;SEM INFORMAÇÃO;BRASIL;Não informado;;FUNDAMENTAL I (1ª A 4ª SÉRIE);CASADO;763;TRABALHADORES DA CONFECÇÃO DE ROUPAS 	;RORAIMA;BOA VISTA;PELVE RENAL, SOE;C659;NEOPLASIA MALIGNA;80003;PELVE RENAL;C65;;;;;false;HISTOLOGIA DO TUMOR PRIMÁRIO;SEM INFORMAÇÃO;;;;;CÂNCER;31/12/2015;;31/12/2015;;
1697773;RCBP RORAIMA;MASCULINO;01/08/1948;66;SEM INFORMAÇÃO;BRASIL;Não informado;;SEM ESCOLARIDADE;SEPARADO JUDICIALMENTE;622;TRABALHADORES AGRÍCOLAS   	;RORAIMA;BOA VISTA;CEREBELO, SOE;C716;NEOPLASIA MALIGNA;80003;CEREBELO;C716;;;;;false;HISTOLOGIA DO TUMOR PRIMÁRIO;SEM INFORMAÇÃO;;;;;CÂNCER;17/01/2015;;17/01/2015;;
1697783;RCBP RORAIMA;FEMININO;07/08/1951;63;BRANCO;BRASIL;Não informado;;FUNDAMENTAL I (1ª A 4ª SÉRIE);CASADO;622;TRABALHADORES AGRÍCOLAS   	;RORAIMA;BOA VISTA;LOCALIZACAO PRIMARIA DESCONHECIDA, SOE;C809;NEOPLASIA MALIGNA;80003;LOCALIZACAO PRIMARIA DESCONHECIDA;C80;;;;;false;HISTOLOGIA DO TUMOR PRIMÁRIO;METÁSTASE;;;;;CÂNCER;14/06/2015;;14/06/2015;;
1697790;RCBP RORAIMA;FEMININO;29/07/1953;62;PARDA;BRASIL;Não informado;;FUNDAMENTAL II (5ª A 8ª SÉRIE);CASADO;0;SEM INFORMAÇÃO	;RORAIMA;BOA VISTA;PULMAO, SOE;C349;NEOPLASIA MALIGNA;80003;BRONQUIOS OU PULMOES, SOE;C349;;;;;false;HISTOLOGIA DO TUMOR PRIMÁRIO;SEM INFORMAÇÃO;;;;;CÂNCER;10/08/2015;;10/08/2015;;
1697776;RCBP RORAIMA;MASCULINO;11/04/1942;73;BRANCO;BRASIL;MARANHÃO;BARRA DO CORDA;SUPERIOR COMPLETO;CASADO;122;DIRETORES DE PRODUÇÃO E OPERAÇÕES 	;RORAIMA;SÃO LUIZ;PELE, SOE;C449;MELANOMA MALIGNO, SOE;87203;MELANOMA MALIGNO DA PELE, SOE;C439;;;;;false;HISTOLOGIA DO TUMOR PRIMÁRIO;METÁSTASE;;;;;CÂNCER;03/09/2015;;03/09/2015;;
1697781;RCBP RORAIMA;FEMININO;07/04/1955;60;BRANCO;BRASIL;CEARÁ;IGUATU;MÉDIO (ANTIGO SEGUNDO GRAU);SOLTEIRO;514;TRABALHADORES NOS SERVIÇOS DE ADMINISTRAÇÃO, CONSERVAÇÃO E MANUTENÇÃO DE EDIFÍCIOS E LOGRADOUROS  	;RORAIMA;BOA VISTA;PELE, SOE;C449;CARCINOMA ESCAMOCELULAR, SOE;80703;NEOPLASIA MALIGNA DA PELE;C449;;;;;false;HISTOLOGIA DO TUMOR PRIMÁRIO;SEM INFORMAÇÃO;;;;;;;;13/07/2015;;
1697784;RCBP RORAIMA;FEMININO;06/04/2005;10;INDÍGENA;BRASIL;Não informado;;SEM INFORMAÇÃO;SOLTEIRO;;;RORAIMA;ALTO ALEGRE;ABDOME, SOE;C762;NEOPLASIA MALIGNA;80003;ABDOME;C762;Outros tumores malignos não especificados;XII-B;;;false;HISTOLOGIA DO TUMOR PRIMÁRIO;SEM INFORMAÇÃO;;;;;CÂNCER;31/08/2015;;31/08/2015;;
1697786;RCBP RORAIMA;MASCULINO;20/05/1945;70;PARDA;BRASIL;Não informado;;FUNDAMENTAL I (1ª A 4ª SÉRIE);CASADO;111;MEMBROS SUPERIORES DO PODER LEGISLATIVO, EXECUTIVO E JUDICIÁRIO   	;RORAIMA;IRACEMA;PULMAO, SOE;C349;NEOPLASIA MALIGNA;80003;BRONQUIOS OU PULMOES, SOE;C349;;;;;false;HISTOLOGIA DO TUMOR PRIMÁRIO;SEM INFORMAÇÃO;;;;;CÂNCER;23/12/2015;;23/12/2015;;
1697795;RCBP RORAIMA;FEMININO;26/11/1947;67;PARDA;BRASIL;Não informado;;FUNDAMENTAL I (1ª A 4ª SÉRIE);SOLTEIRO;622;TRABALHADORES AGRÍCOLAS   	;RORAIMA;BOA VISTA;COLO DO UTERO, SOE;C539;NEOPLASIA MALIGNA;80003;COLO DO UTERO, SOE;C539;;;;;false;SDO;SEM INFORMAÇÃO;;;;;CÂNCER;03/01/2015;;03/01/2015;;
786669;RCBP RORAIMA;FEMININO;02/11/1976;38;PARDA;BRASIL;MARANHÃO;JOÃO LISBOA;FUNDAMENTAL I (1ª A 4ª SÉRIE);UNIÃO CONSENSUAL;622;TRABALHADORES AGRÍCOLAS   	;RORAIMA;CAROEBE;COLO DO UTERO, SOE;C539;ADENOCARCINOMA, SOE;81403;COLO DO UTERO, SOE;C539;;;;;false;HISTOLOGIA DO TUMOR PRIMÁRIO;SEM INFORMAÇÃO;;;;;;;;02/06/2015;;
1698286;RCBP RORAIMA;FEMININO;31/05/1946;69;BRANCO;BRASIL;Não informado;;FUNDAMENTAL II (5ª A 8ª SÉRIE);VIÚVO;512;TRABALHADORES DOS SERVIÇOS DOMÉSTICOS EM GERAL	;RORAIMA;CARACARAÍ;LESAO SOBREPOSTA DO ENCEFALO E S.N.C.;C728;NEOPLASIA MALIGNA;80003;LESAO INVASIVA DO ENCEFALO E S.N.C.;C728;;;;;false;HISTOLOGIA DO TUMOR PRIMÁRIO;SEM INFORMAÇÃO;;;;;CÂNCER;19/11/2015;;19/11/2015;;
1698271;RCBP RORAIMA;FEMININO;04/08/1926;89;BRANCO;ESPANHA;Não informado;Não Informado;FUNDAMENTAL I (1ª A 4ª SÉRIE);VIÚVO;0;SEM INFORMAÇÃO	;RORAIMA;BOA VISTA;ENCEFALO, SOE;C719;NEOPLASIA MALIGNA;80003;ENCEFALO, SOE;C719;;;;;false;HISTOLOGIA DO TUMOR PRIMÁRIO;SEM INFORMAÇÃO;;;;;CÂNCER;09/08/2015;;09/08/2015;;
1698250;RCBP RORAIMA;MASCULINO;13/11/1975;39;PARDA;BRASIL;Não informado;;FUNDAMENTAL I (1ª A 4ª SÉRIE);SOLTEIRO;711;TRABALHADORES DA EXTRAÇÃO MINERAL 	;RORAIMA;BOA VISTA;ESTOMAGO, SOE;C169;NEOPLASIA MALIGNA;80003;ESTOMAGO, SOE;C169;;;;;false;HISTOLOGIA DO TUMOR PRIMÁRIO;SEM INFORMAÇÃO;;;;;CÂNCER;13/01/2015;;13/01/2015;;
1698259;RCBP RORAIMA;FEMININO;01/07/1988;27;INDÍGENA;BRASIL;Não informado;;SEM ESCOLARIDADE;SOLTEIRO;0;SEM INFORMAÇÃO	;RORAIMA;ALTO ALEGRE;COLO DO UTERO, SOE;C539;NEOPLASIA MALIGNA;80003;COLO DO UTERO, SOE;C539;;;NEOPLASIAS MALIGNAS INESPECÍFICAS;10.1;false;HISTOLOGIA DO TUMOR PRIMÁRIO;SEM INFORMAÇÃO;;;;;CÂNCER;25/10/2015;;25/10/2015;;
1698262;RCBP RORAIMA;FEMININO;23/12/1954;60;INDÍGENA;BRASIL;Não informado;;SEM ESCOLARIDADE;CASADO;0;SEM INFORMAÇÃO	;RORAIMA;BOA VISTA;MAMA , SOE;C509;NEOPLASIA MALIGNA;80003;MAMA , SOE;C509;;;;;false;HISTOLOGIA DO TUMOR PRIMÁRIO;SEM INFORMAÇÃO;;;;;CÂNCER;25/10/2015;;25/10/2015;;
1698268;RCBP RORAIMA;FEMININO;08/12/1968;46;PARDA;BRASIL;Não informado;;FUNDAMENTAL II (5ª A 8ª SÉRIE);SOLTEIRO;512;TRABALHADORES DOS SERVIÇOS DOMÉSTICOS EM GERAL	;RORAIMA;BOA VISTA;OVARIO, SOE;C569;NEOPLASIA MALIGNA;80003;OVARIO;C56;;;;;false;HISTOLOGIA DO TUMOR PRIMÁRIO;SEM INFORMAÇÃO;;;;;CÂNCER;30/11/2015;;30/11/2015;;
1698249;RCBP RORAIMA;MASCULINO;23/12/1945;69;PARDA;BRASIL;Não informado;;SEM ESCOLARIDADE;SEM INFORMAÇÃO;622;TRABALHADORES AGRÍCOLAS   	;RORAIMA;BOA VISTA;PULMAO, SOE;C349;NEOPLASIA MALIGNA;80003;BRONQUIOS OU PULMOES, SOE;C349;;;;;false;HISTOLOGIA DO TUMOR PRIMÁRIO;SEM INFORMAÇÃO;;;;;CÂNCER;20/01/2015;;20/01/2015;;
1698280;RCBP RORAIMA;FEMININO;10/05/1955;60;SEM INFORMAÇÃO;BRASIL;Não informado;;FUNDAMENTAL I (1ª A 4ª SÉRIE);CASADO;0;SEM INFORMAÇÃO	;RORAIMA;RORAINÓPOLIS;PULMAO, SOE;C349;NEOPLASIA MALIGNA;80003;BRONQUIOS OU PULMOES, SOE;C349;;;;;false;HISTOLOGIA DO TUMOR PRIMÁRIO;SEM INFORMAÇÃO;;;;;CÂNCER;14/07/2015;;14/07/2015;;
1698253;RCBP RORAIMA;MASCULINO;18/06/1943;72;PARDA;BRASIL;BAHIA;;SEM INFORMAÇÃO;CASADO;0;SEM INFORMAÇÃO	;RORAIMA;ALTO ALEGRE;PELE DE OUTRAS PARTES DA FACE;C443;CARCINOMA BASOCELULAR, SOE;80903;PELE DE OUTRAS PARTES DA FACE;C443;;;;;false;HISTOLOGIA DO TUMOR PRIMÁRIO;SEM INFORMAÇÃO;;;;;;;;06/10/2015;;
1698284;RCBP RORAIMA;FEMININO;07/03/1940;75;BRANCO;BRASIL;RORAIMA;BOA VISTA;SEM INFORMAÇÃO;CASADO;;;RORAIMA;BOA VISTA;PELE, SOE;C449;CARCINOMA BASOCELULAR, SOE;80903;NEOPLASIA MALIGNA DA PELE;C449;;;;;false;HISTOLOGIA DO TUMOR PRIMÁRIO;LOCALIZADO;;;;;;;;26/08/2015;;
749317;RCBP RORAIMA;FEMININO;05/04/1946;69;SEM INFORMAÇÃO;BRASIL;RORAIMA;RORAINÓPOLIS;SEM INFORMAÇÃO;SEM INFORMAÇÃO;0;SEM INFORMAÇÃO	;RORAIMA;BOA VISTA;PELE, SOE;C449;CARCINOMA BASOCELULAR, SOE;80903;NEOPLASIA MALIGNA DA PELE;C449;;;;;false;HISTOLOGIA DO TUMOR PRIMÁRIO;SEM INFORMAÇÃO;;;;;;;;08/07/2015;;
1698531;RCBP RORAIMA;MASCULINO;07/11/1984;30;PARDA;BRASIL;RORAIMA;;FUNDAMENTAL I (1ª A 4ª SÉRIE);CASADO;0;SEM INFORMAÇÃO	;RORAIMA;BOA VISTA;PROSTATA, SOE;C619;ADENOCARCINOMA, SOE;81403;PROSTATA;C61;;;;;false;HISTOLOGIA DO TUMOR PRIMÁRIO;SEM INFORMAÇÃO;;;;;;;;24/04/2015;;
1698732;RCBP RORAIMA;MASCULINO;15/08/1951;63;BRANCO;BRASIL;Não informado;;SEM ESCOLARIDADE;CASADO;622;TRABALHADORES AGRÍCOLAS   	;RORAIMA;BOA VISTA;LOCALIZACAO PRIMARIA DESCONHECIDA, SOE;C809;NEOPLASIA MALIGNA;80003;LOCALIZACAO PRIMARIA DESCONHECIDA;C80;;;;;false;HISTOLOGIA DO TUMOR PRIMÁRIO;SEM INFORMAÇÃO;;;;;CÂNCER;16/03/2015;;16/03/2015;;
1698743;RCBP RORAIMA;FEMININO;24/11/1951;63;PARDA;BRASIL;RORAIMA;BOA VISTA;MÉDIO (ANTIGO SEGUNDO GRAU);VIÚVO;0;SEM INFORMAÇÃO	;RORAIMA;BOA VISTA;OVARIO, SOE;C569;CISTADENOCARCINOMA SEROSO, SOE;84413;OVARIO;C56;;;;;false;HISTOLOGIA DO TUMOR PRIMÁRIO;SEM INFORMAÇÃO;;;;;CÂNCER;27/11/2015;;15/06/2015;;
1698729;RCBP RORAIMA;FEMININO;02/08/1936;78;PARDA;BRASIL;Não informado;;FUNDAMENTAL I (1ª A 4ª SÉRIE);VIÚVO;0;SEM INFORMAÇÃO	;RORAIMA;BOA VISTA;PANCREAS, SOE;C259;NEOPLASIA MALIGNA;80003;PANCREAS, SOE;C259;;;;;false;HISTOLOGIA DO TUMOR PRIMÁRIO;SEM INFORMAÇÃO;;;;;CÂNCER;08/01/2015;;08/01/2015;;
1694530;RCBP RORAIMA;MASCULINO;31/08/1949;65;PARDA;BRASIL;RORAIMA;BOA VISTA;FUNDAMENTAL II (5ª A 8ª SÉRIE);SOLTEIRO;0;SEM INFORMAÇÃO	;RORAIMA;BOA VISTA;LOCALIZACAO PRIMARIA DESCONHECIDA, SOE;C809;NEOPLASIA MALIGNA;80003;LOCALIZACAO PRIMARIA DESCONHECIDA;C80;;;;;false;HISTOLOGIA DO TUMOR PRIMÁRIO;SEM INFORMAÇÃO;SEM INFORMAÇÃO;99 - SEM INFORMAÇÃO;999;MORTO;CÂNCER;12/01/2015;12/01/2015;02/01/2015;;
1694514;RCBP RORAIMA;MASCULINO;23/06/1979;36;INDÍGENA;BRASIL;RORAIMA;BONFIM;FUNDAMENTAL I (1ª A 4ª SÉRIE);SOLTEIRO;622;TRABALHADORES AGRÍCOLAS   	;RORAIMA;BONFIM;ENCEFALO, SOE;C719;NEOPLASIA MALIGNA;80003;ENCEFALO, SOE;C719;;;;;false;SDO;SEM INFORMAÇÃO;SEM INFORMAÇÃO;99 - SEM INFORMAÇÃO;999;MORTO;CÂNCER;24/09/2015;24/09/2015;24/09/2015;;
1694515;RCBP RORAIMA;FEMININO;05/01/1930;85;BRANCO;BRASIL;Não informado;;SEM ESCOLARIDADE;CASADO;0;SEM INFORMAÇÃO	;RORAIMA;RORAINÓPOLIS;MEDULA OSSEA;C421;LEUCEMIA MIELOIDE CRONICA, SOE;98633;LEUCEMIA MIELOIDE CRONICA;C921;;;;;false;HISTOLOGIA DO TUMOR PRIMÁRIO;NÃO SE APLICA;SEM INFORMAÇÃO;99 - SEM INFORMAÇÃO;999;MORTO;CÂNCER;27/05/2015;27/05/2015;16/01/2015;;
1694519;RCBP RORAIMA;MASCULINO;17/04/1944;70;BRANCO;BRASIL;Não informado;;FUNDAMENTAL II (5ª A 8ª SÉRIE);CASADO;;;RORAIMA;BOA VISTA;PULMAO, SOE;C349;NEOPLASIA MALIGNA;80003;BRONQUIOS OU PULMOES, SOE;C349;;;;;false;HISTOLOGIA DO TUMOR PRIMÁRIO;SEM INFORMAÇÃO;SEM INFORMAÇÃO;99 - SEM INFORMAÇÃO;999;MORTO;CÂNCER;30/01/2015;30/01/2015;30/01/2015;;
1694522;RCBP RORAIMA;MASCULINO;20/08/1957;57;PRETA;BRASIL;RORAIMA;BOA VISTA;FUNDAMENTAL II (5ª A 8ª SÉRIE);CASADO;622;TRABALHADORES AGRÍCOLAS   	;RORAIMA;CANTÁ;ESTOMAGO, SOE;C169;NEOPLASIA MALIGNA;80003;ESTOMAGO, SOE;C169;;;;;false;HISTOLOGIA DO TUMOR PRIMÁRIO;SEM INFORMAÇÃO;SEM INFORMAÇÃO;99 - SEM INFORMAÇÃO;999;MORTO;NÃO CÂNCER;08/12/2015;08/12/2015;05/03/2015;;
1694523;RCBP RORAIMA;FEMININO;15/10/1937;77;INDÍGENA;BRASIL;RORAIMA;BOA VISTA;SEM ESCOLARIDADE;VIÚVO;0;SEM INFORMAÇÃO	;RORAIMA;AMAJARI;COLO DO UTERO, SOE;C539;NEOPLASIA MALIGNA;80003;COLO DO UTERO, SOE;C539;;;;;false;HISTOLOGIA DO TUMOR PRIMÁRIO;SEM INFORMAÇÃO;SEM INFORMAÇÃO;99 - SEM INFORMAÇÃO;999;MORTO;CÂNCER;03/05/2015;03/05/2015;02/02/2015;;
1694526;RCBP RORAIMA;MASCULINO;19/07/1994;20;PARDA;BRASIL;MARANHÃO;BARREIRINHAS;SEM ESCOLARIDADE;CASADO;622;TRABALHADORES AGRÍCOLAS   	;RORAIMA;CANTÁ;PANCREAS, SOE;C259;NEOPLASIA MALIGNA;80003;PANCREAS, SOE;C259;;;NEOPLASIAS MALIGNAS INESPECÍFICAS;10.1;false;HISTOLOGIA DO TUMOR PRIMÁRIO;SEM INFORMAÇÃO;SEM INFORMAÇÃO;99 - SEM INFORMAÇÃO;999;MORTO;CÂNCER;13/11/2015;13/11/2015;27/02/2015;;
1694527;RCBP RORAIMA;FEMININO;05/12/1931;83;BRANCO;BOLIVIA;Não informado;Não Informado;SEM INFORMAÇÃO;CASADO;0;SEM INFORMAÇÃO	;RORAIMA;BOA VISTA;LOCALIZACAO PRIMARIA DESCONHECIDA, SOE;C809;NEOPLASIA MALIGNA;80003;LOCALIZACAO PRIMARIA DESCONHECIDA;C80;;;;;false;HISTOLOGIA DA METÁSTASE;METÁSTASE;SEM INFORMAÇÃO;99 - SEM INFORMAÇÃO;999;MORTO;CÂNCER;13/07/2015;13/07/2015;13/07/2015;;
1698735;RCBP RORAIMA;FEMININO;18/12/1960;54;BRANCO;BRASIL;Não informado;;SUPERIOR COMPLETO;CASADO;251;CIENTISTAS SOCIAIS, PSICÓLOGOS E AFINS	;RORAIMA;BOA VISTA;VAGINA, SOE;C529;NEOPLASIA MALIGNA;80003;VAGINA;C52;;;;;false;HISTOLOGIA DO TUMOR PRIMÁRIO;SEM INFORMAÇÃO;;;;;CÂNCER;29/04/2015;;29/04/2015;;
1698742;RCBP RORAIMA;FEMININO;24/01/1941;74;SEM INFORMAÇÃO;BRASIL;Não informado;;SEM ESCOLARIDADE;SOLTEIRO;0;SEM INFORMAÇÃO	;RORAIMA;BOA VISTA;ABDOME, SOE;C762;NEOPLASIA MALIGNA;80003;ABDOME;C762;;;;;false;HISTOLOGIA DO TUMOR PRIMÁRIO;SEM INFORMAÇÃO;;;;;CÂNCER;10/09/2015;;10/09/2015;;
1698752;RCBP RORAIMA;FEMININO;20/01/1960;55;BRANCO;BRASIL;Não informado;;FUNDAMENTAL II (5ª A 8ª SÉRIE);SEM INFORMAÇÃO;;;RORAIMA;BOA VISTA;FIGADO, SOE;C220;CARCINOMA HEPATOCELULAR, SOE;81703;CARCINOMA DE CELULAS HEPATICAS;C220;;;;;false;HISTOLOGIA DO TUMOR PRIMÁRIO;SEM INFORMAÇÃO;;;;;CÂNCER;17/07/2015;;17/07/2015;;
1698762;RCBP RORAIMA;FEMININO;13/07/1937;77;PARDA;BRASIL;Não informado;;FUNDAMENTAL I (1ª A 4ª SÉRIE);VIÚVO;0;SEM INFORMAÇÃO	;RORAIMA;BOA VISTA;VIAS BILIARES INTRA-HEPATICAS;C221;COLANGIOCARCINOMA;81603;FIGADO E VIAS BILIARES INTRA-HEPATICAS;C22;;;;;false;HISTOLOGIA DO TUMOR PRIMÁRIO;SEM INFORMAÇÃO;;;;;CÂNCER;16/02/2015;;16/02/2015;;
1698767;RCBP RORAIMA;FEMININO;09/06/1963;52;BRANCO;BRASIL;Não informado;;FUNDAMENTAL II (5ª A 8ª SÉRIE);VIÚVO;0;SEM INFORMAÇÃO	;RORAIMA;BOA VISTA;PULMAO, SOE;C349;NEOPLASIA MALIGNA;80003;BRONQUIOS OU PULMOES, SOE;C349;;;;;false;HISTOLOGIA DO TUMOR PRIMÁRIO;SEM INFORMAÇÃO;;;;;CÂNCER;15/08/2015;;15/08/2015;;
1694644;RCBP RORAIMA;MASCULINO;29/04/1972;42;PARDA;VENEZUELA;Não informado;Não Informado;FUNDAMENTAL II (5ª A 8ª SÉRIE);UNIÃO CONSENSUAL;342;TÉCNICOS EM TRANSPORTES (LOGÍSTICA)   	;RORAIMA;CARACARAÍ;RIM, SOE;C649;NEOPLASIA MALIGNA;80003;RIM;C64;;;;;false;HISTOLOGIA DO TUMOR PRIMÁRIO;METÁSTASE;SEM INFORMAÇÃO;99 - SEM INFORMAÇÃO;999;MORTO;CÂNCER;15/05/2015;15/05/2015;16/03/2015;;
1694645;RCBP RORAIMA;FEMININO;18/02/1951;64;PARDA;BRASIL;RORAIMA;BOA VISTA;SUPERIOR COMPLETO;VIÚVO;239;OUTROS PROFISSIONAIS DO ENSINO NÃO CLASSIFICADOS ANTERIORMENTE	;RORAIMA;BOA VISTA;PELE, SOE;C449;CARCINOMA BASOCELULAR, SOE;80903;NEOPLASIA MALIGNA DA PELE;C449;;;;;false;HISTOLOGIA DO TUMOR PRIMÁRIO;LOCALIZADO;;;;;;;;17/03/2015;;
1694649;RCBP RORAIMA;MASCULINO;10/12/1954;60;PARDA;BRASIL;Não informado;;FUNDAMENTAL I (1ª A 4ª SÉRIE);CASADO;992;TRABALHADORES ELEMENTARES DA MANUTENÇÃO	;RORAIMA;BOA VISTA;CEREBRO;C710;NEOPLASIA MALIGNA;80003;CEREBRO;C710;;;;;false;HISTOLOGIA DO TUMOR PRIMÁRIO;SEM INFORMAÇÃO;SEM INFORMAÇÃO;99 - SEM INFORMAÇÃO;999;MORTO;CÂNCER;22/02/2015;22/02/2015;30/01/2015;;
1694623;RCBP RORAIMA;MASCULINO;11/01/1943;72;BRANCO;BRASIL;RIO DE JANEIRO;;SUPERIOR COMPLETO;CASADO;141;GERENTES DE PRODUÇÃO E OPERAÇÕES  	;RORAIMA;BOA VISTA;CANAL ANAL;C211;NEOPLASIA MALIGNA;80003;CANAL ANAL;C211;;;;;false;HISTOLOGIA DO TUMOR PRIMÁRIO;SEM INFORMAÇÃO;SEM INFORMAÇÃO;99 - SEM INFORMAÇÃO;999;MORTO;CÂNCER;06/03/2015;06/03/2015;26/01/2015;;
1694626;RCBP RORAIMA;MASCULINO;24/01/1935;79;BRANCO;BRASIL;RORAIMA;BOA VISTA;MÉDIO (ANTIGO SEGUNDO GRAU);SEPARADO JUDICIALMENTE;232;PROFESSORES DO ENSINO MÉDIO   	;RORAIMA;BOA VISTA;BEXIGA, SOE;C679;NEOPLASIA MALIGNA;80003;BEXIGA, SOE;C679;;;;;false;HISTOLOGIA DO TUMOR PRIMÁRIO;SEM INFORMAÇÃO;SEM INFORMAÇÃO;99 - SEM INFORMAÇÃO;999;MORTO;CÂNCER;16/09/2015;16/09/2015;19/01/2015;;
1694627;RCBP RORAIMA;MASCULINO;11/03/1972;43;BRANCO;BRASIL;RIO DE JANEIRO;MIGUEL PEREIRA;SEM INFORMAÇÃO;CASADO;;;RORAIMA;CANTÁ;RETO, SOE;C209;ADENOCARCINOMA, SOE;81403;RETO;C20;;;;;false;HISTOLOGIA DO TUMOR PRIMÁRIO;LOCALIZADO;;;;;CÂNCER;15/03/2016;;10/11/2015;;
1694629;RCBP RORAIMA;MASCULINO;21/05/1944;71;PARDA;BRASIL;RIO DE JANEIRO;;FUNDAMENTAL I (1ª A 4ª SÉRIE);CASADO;782;CONDUTORES DE VEÍCULOS E OPERADORES DE EQUIPAMENTOS DE ELEVAÇÃO E DE MOVIMENTAÇÃO DE CARGAS   	;RORAIMA;BOA VISTA;PROSTATA, SOE;C619;ADENOCARCINOMA, SOE;81403;PROSTATA;C61;;;;;false;HISTOLOGIA DO TUMOR PRIMÁRIO;METÁSTASE;;;;;;;;15/10/2015;;
1694631;RCBP RORAIMA;FEMININO;01/01/1942;73;PARDA;BRASIL;PERNAMBUCO;LIMOEIRO;FUNDAMENTAL I (1ª A 4ª SÉRIE);CASADO;0;SEM INFORMAÇÃO	;RORAIMA;BOA VISTA;PELE DE OUTRAS PARTES DA FACE;C443;CARCINOMA BASOCELULAR, SOE;80903;PELE DE OUTRAS PARTES DA FACE;C443;;;;;false;HISTOLOGIA DO TUMOR PRIMÁRIO;SEM INFORMAÇÃO;;;;;;;;07/03/2015;;
1694633;RCBP RORAIMA;MASCULINO;04/10/1930;84;PRETA;BRASIL;AMAZONAS;MANAUS;SEM INFORMAÇÃO;SOLTEIRO;622;TRABALHADORES AGRÍCOLAS   	;RORAIMA;BOA VISTA;LOCALIZACAO PRIMARIA DESCONHECIDA, SOE;C809;NEOPLASIA MALIGNA;80003;LOCALIZACAO PRIMARIA DESCONHECIDA;C80;;;;;false;HISTOLOGIA DO TUMOR PRIMÁRIO;METÁSTASE;SEM INFORMAÇÃO;99 - SEM INFORMAÇÃO;999;MORTO;CÂNCER;13/05/2015;13/05/2015;01/02/2015;;
1694635;RCBP RORAIMA;FEMININO;22/11/1936;78;PARDA;BRASIL;Não informado;;FUNDAMENTAL I (1ª A 4ª SÉRIE);VIÚVO;0;SEM INFORMAÇÃO	;RORAIMA;BOA VISTA;LESAO SOBREPOSTA DAS VIAS BILIARES;C248;NEOPLASIA MALIGNA;80003;LESAO INVASIVA DAS VIAS BILIARES;C248;;;;;false;HISTOLOGIA DO TUMOR PRIMÁRIO;SEM INFORMAÇÃO;SEM INFORMAÇÃO;99 - SEM INFORMAÇÃO;999;MORTO;CÂNCER;09/09/2015;09/09/2015;27/03/2015;;
1694656;RCBP RORAIMA;MASCULINO;02/03/1942;73;SEM INFORMAÇÃO;BRASIL;RIO DE JANEIRO;;FUNDAMENTAL II (5ª A 8ª SÉRIE);CASADO;782;CONDUTORES DE VEÍCULOS E OPERADORES DE EQUIPAMENTOS DE ELEVAÇÃO E DE MOVIMENTAÇÃO DE CARGAS   	;RORAIMA;BOA VISTA;ESTOMAGO, SOE;C169;ADENOCARCINOMA, TIPO INTESTINAL;81443;ESTOMAGO, SOE;C169;;;;;false;HISTOLOGIA DO TUMOR PRIMÁRIO;METÁSTASE;;;;;;;;07/08/2015;;
1694657;RCBP RORAIMA;FEMININO;10/08/1961;54;BRANCO;BRASIL;PIAUÍ;ÁGUA BRANCA;MÉDIO (ANTIGO SEGUNDO GRAU);CASADO;;;RORAIMA;BOA VISTA;PELE DE OUTRAS PARTES DA FACE;C443;MELANOMA LENTIGINOSO MALIGNO DAS EXTREMIDADES;87443;MELANOMA MALIGNO DE OUTRAS PARTES DA FACE;C433;;;;;false;HISTOLOGIA DO TUMOR PRIMÁRIO;LOCALIZADO;;;;;;;;18/12/2015;;
1694659;RCBP RORAIMA;FEMININO;04/09/1941;73;BRANCO;BRASIL;PARÁ;;MÉDIO (ANTIGO SEGUNDO GRAU);CASADO;0;SEM INFORMAÇÃO	;RORAIMA;BOA VISTA;PELE, SOE;C449;MELANOMA MALIGNO, SOE;87203;MELANOMA MALIGNO DA PELE, SOE;C439;;;;;false;HISTOLOGIA DO TUMOR PRIMÁRIO;SEM INFORMAÇÃO;;;;;;;;12/08/2015;;
1694667;RCBP RORAIMA;MASCULINO;20/06/1956;59;PARDA;BRASIL;PIAUÍ;UNIÃO;SEM INFORMAÇÃO;SEM INFORMAÇÃO;;;RORAIMA;BOA VISTA;LOCALIZACAO PRIMARIA DESCONHECIDA, SOE;C809;NEOPLASIA MALIGNA;80003;LOCALIZACAO PRIMARIA DESCONHECIDA;C80;;;;;false;HISTOLOGIA DA METÁSTASE;METÁSTASE;SEM INFORMAÇÃO;99 - SEM INFORMAÇÃO;999;MORTO;CÂNCER;13/07/2015;13/07/2015;13/07/2015;;
1694668;RCBP RORAIMA;MASCULINO;16/06/1973;41;PARDA;BRASIL;MARANHÃO;;FUNDAMENTAL I (1ª A 4ª SÉRIE);SOLTEIRO;;;RORAIMA;BOA VISTA;NASOFARINGE, SOE;C119;CARCINOMA LINFOEPITELIAL;80823;NASOFARINGE, SOE;C119;;;;;false;HISTOLOGIA DO TUMOR PRIMÁRIO;METÁSTASE;;;;;CÂNCER;20/10/2015;;02/01/2015;;
1694671;RCBP RORAIMA;FEMININO;09/11/1950;64;PARDA;BRASIL;Não informado;;FUNDAMENTAL I (1ª A 4ª SÉRIE);UNIÃO CONSENSUAL;0;SEM INFORMAÇÃO	;RORAIMA;BOA VISTA;FIGADO, SOE;C220;CARCINOMA HEPATOCELULAR, SOE;81703;CARCINOMA DE CELULAS HEPATICAS;C220;;;;;false;HISTOLOGIA DO TUMOR PRIMÁRIO;SEM INFORMAÇÃO;SEM INFORMAÇÃO;99 - SEM INFORMAÇÃO;999;MORTO;CÂNCER;24/06/2015;24/06/2015;27/03/2015;;
1694672;RCBP RORAIMA;FEMININO;22/05/1979;35;BRANCO;BRASIL;Não informado;;SUPERIOR COMPLETO;SOLTEIRO;0;SEM INFORMAÇÃO	;RORAIMA;BOA VISTA;FIGADO, SOE;C220;NEOPLASIA MALIGNA;80003;FIGADO E VIAS BILIARES INTRA-HEPATICAS;C22;;;;;false;HISTOLOGIA DO TUMOR PRIMÁRIO;SEM INFORMAÇÃO;SEM INFORMAÇÃO;99 - SEM INFORMAÇÃO;999;MORTO;CÂNCER;18/11/2015;18/11/2015;22/02/2015;;
1694673;RCBP RORAIMA;FEMININO;07/04/1950;65;BRANCO;BRASIL;RIO GRANDE DO SUL;;FUNDAMENTAL I (1ª A 4ª SÉRIE);CASADO;0;SEM INFORMAÇÃO	;RORAIMA;BOA VISTA;PELE DE OUTRAS PARTES DA FACE;C443;CARCINOMA BASOCELULAR, SOE;80903;PELE DE OUTRAS PARTES DA FACE;C443;;;;;false;HISTOLOGIA DO TUMOR PRIMÁRIO;LOCALIZADO;;;;;;;;12/05/2015;;
1694674;RCBP RORAIMA;MASCULINO;;30;SEM INFORMAÇÃO;BRASIL;Não informado;Não Informado;SEM INFORMAÇÃO;SEM INFORMAÇÃO;0;SEM INFORMAÇÃO	;RORAIMA;BOA VISTA;PELE DO TRONCO;C445;CARCINOMA BASOCELULAR, SOE;80903;PELE DO TRONCO;C445;;;;;false;HISTOLOGIA DO TUMOR PRIMÁRIO;SEM INFORMAÇÃO;;;;;;;;13/02/2015;;
1694678;RCBP RORAIMA;MASCULINO;27/03/1939;75;PARDA;BRASIL;Não informado;;MÉDIO (ANTIGO SEGUNDO GRAU);UNIÃO CONSENSUAL;0;SEM INFORMAÇÃO	;RORAIMA;BOA VISTA;PROSTATA, SOE;C619;NEOPLASIA MALIGNA;80003;PROSTATA;C61;;;;;false;HISTOLOGIA DO TUMOR PRIMÁRIO;LOCALIZADO;SEM INFORMAÇÃO;99 - SEM INFORMAÇÃO;999;MORTO;CÂNCER;22/05/2015;22/05/2015;31/01/2015;;
1694679;RCBP RORAIMA;FEMININO;09/06/1960;54;INDÍGENA;BRASIL;Não informado;;FUNDAMENTAL II (5ª A 8ª SÉRIE);CASADO;622;TRABALHADORES AGRÍCOLAS   	;RORAIMA;BOA VISTA;ESTOMAGO, SOE;C169;NEOPLASIA MALIGNA;80003;ESTOMAGO, SOE;C169;;;;;false;HISTOLOGIA DO TUMOR PRIMÁRIO;SEM INFORMAÇÃO;SEM INFORMAÇÃO;99 - SEM INFORMAÇÃO;999;MORTO;CÂNCER;03/08/2015;03/08/2015;29/01/2015;;
1694681;RCBP RORAIMA;FEMININO;25/05/1972;43;BRANCO;BRASIL;Não informado;Não Informado;FUNDAMENTAL II (5ª A 8ª SÉRIE);SEM INFORMAÇÃO;0;SEM INFORMAÇÃO	;RORAIMA;BOA VISTA;COLO DO UTERO, SOE;C539;NEOPLASIA INTRA-EPITELIAL ESCAMOSA,GRAU IIII;80772;COLO DO UTERO, SOE;D069;;;;;false;CITOLOGIA;"IN SITU";;;;;;;;18/09/2015;;
1698771;RCBP RORAIMA;FEMININO;02/12/1961;53;BRANCO;BRASIL;Não informado;;FUNDAMENTAL I (1ª A 4ª SÉRIE);SOLTEIRO;622;TRABALHADORES AGRÍCOLAS   	;RORAIMA;BOA VISTA;MEDULA OSSEA;C421;LEUCEMIA LINFOBLASTICA DE CELULAS PRECURSORAS,SOE;98353;LEUCEMIA LINFOBLASTICA AGUDA;C910;;;;;false;HISTOLOGIA DO TUMOR PRIMÁRIO;NÃO SE APLICA;;;;;CÂNCER;07/06/2015;;07/06/2015;;
1698770;RCBP RORAIMA;FEMININO;26/12/1939;75;BRANCO;BRASIL;Não informado;;MÉDIO (ANTIGO SEGUNDO GRAU);SOLTEIRO;334;INSPETORES DE ALUNOS E AFINS  	;RORAIMA;BOA VISTA;ENDOMETRIO;C541;NEOPLASIA MALIGNA;80003;ENDOMETRIO;C541;;;;;false;HISTOLOGIA DO TUMOR PRIMÁRIO;SEM INFORMAÇÃO;;;;;CÂNCER;12/01/2015;;12/01/2015;;
1698775;RCBP RORAIMA;FEMININO;21/08/1921;93;PARDA;BRASIL;CEARÁ;;FUNDAMENTAL I (1ª A 4ª SÉRIE);VIÚVO;0;SEM INFORMAÇÃO	;RORAIMA;BOA VISTA;PELE DO MEMBRO SUPERIOR E DO OMBRO;C446;CARCINOMA BASOCELULAR, SOE;80903;PELE DO MEMBRO SUPERIOR E DO OMBRO;C446;;;;;false;HISTOLOGIA DO TUMOR PRIMÁRIO;LOCALIZADO;;;;;;;;05/05/2015;;
1698775;RCBP RORAIMA;FEMININO;21/08/1921;93;PARDA;BRASIL;CEARÁ;;FUNDAMENTAL I (1ª A 4ª SÉRIE);VIÚVO;0;SEM INFORMAÇÃO	;RORAIMA;BOA VISTA;PELE DE OUTRAS PARTES DA FACE;C443;CARCINOMA BASOCELULAR, SOE;80903;PELE DE OUTRAS PARTES DA FACE;C443;;;;;false;HISTOLOGIA DO TUMOR PRIMÁRIO;LOCALIZADO;;;;;;;;05/05/2015;;
1698744;RCBP RORAIMA;FEMININO;06/03/1942;73;BRANCO;BRASIL;MARANHÃO;BREJO;FUNDAMENTAL I (1ª A 4ª SÉRIE);VIÚVO;;;RORAIMA;BOA VISTA;PELE DE OUTRAS PARTES DA FACE;C443;CARCINOMA BASOCELULAR, SOE;80903;PELE DE OUTRAS PARTES DA FACE;C443;;;;;false;HISTOLOGIA DO TUMOR PRIMÁRIO;LOCALIZADO;;;;;;;;20/07/2015;;
1701122;RCBP RORAIMA;FEMININO;18/10/1977;37;AMARELA;BRASIL;Não informado;Não Informado;FUNDAMENTAL I (1ª A 4ª SÉRIE);SEM INFORMAÇÃO;;;RORAIMA;BOA VISTA;COLO DO UTERO, SOE;C539;NEOPLASIA INTRA-EPITELIAL ESCAMOSA,GRAU IIII;80772;COLO DO UTERO, SOE;D069;;;;;false;CITOLOGIA;"IN SITU";;;;;;;;24/08/2015;;
1701123;RCBP RORAIMA;FEMININO;24/12/1978;36;PARDA;BRASIL;Não informado;;FUNDAMENTAL I (1ª A 4ª SÉRIE);UNIÃO CONSENSUAL;0;SEM INFORMAÇÃO	;RORAIMA;MUCAJAÍ;COLO DO UTERO, SOE;C539;NEOPLASIA INTRA-EPITELIAL ESCAMOSA,GRAU IIII;80772;COLO DO UTERO, SOE;D069;;;;;false;HISTOLOGIA DO TUMOR PRIMÁRIO;"IN SITU";SEM INFORMAÇÃO;99 - SEM INFORMAÇÃO;999;MORTO;CÂNCER;09/08/2015;09/08/2015;09/08/2015;;
1701130;RCBP RORAIMA;FEMININO;01/12/1976;38;PARDA;BRASIL;Não informado;Não Informado;FUNDAMENTAL II (5ª A 8ª SÉRIE);SEM INFORMAÇÃO;0;SEM INFORMAÇÃO	;RORAIMA;BOA VISTA;COLO DO UTERO, SOE;C539;NEOPLASIA INTRA-EPITELIAL ESCAMOSA,GRAU IIII;80772;COLO DO UTERO, SOE;D069;;;;;false;CITOLOGIA;"IN SITU";;;;;;;;16/03/2015;;
1701140;RCBP RORAIMA;FEMININO;05/02/1943;72;PARDA;BRASIL;MARANHÃO;;FUNDAMENTAL I (1ª A 4ª SÉRIE);VIÚVO;0;SEM INFORMAÇÃO	;RORAIMA;BOA VISTA;PELE DE OUTRAS PARTES DA FACE;C443;CARCINOMA BASOCELULAR, SOE;80903;PELE DE OUTRAS PARTES DA FACE;C443;;;;;false;HISTOLOGIA DO TUMOR PRIMÁRIO;LOCALIZADO;;;;;;;;25/08/2015;;
1701155;RCBP RORAIMA;MASCULINO;03/05/1953;61;PARDA;BRASIL;Não informado;;FUNDAMENTAL I (1ª A 4ª SÉRIE);SOLTEIRO;711;TRABALHADORES DA EXTRAÇÃO MINERAL 	;RORAIMA;BOA VISTA;FIGADO, SOE;C220;CARCINOMA HEPATOCELULAR, SOE;81703;CARCINOMA DE CELULAS HEPATICAS;C220;;;;;false;HISTOLOGIA DO TUMOR PRIMÁRIO;METÁSTASE;SEM INFORMAÇÃO;99 - SEM INFORMAÇÃO;999;MORTO;CÂNCER;16/02/2015;16/02/2015;16/02/2015;;
1700838;RCBP RORAIMA;FEMININO;07/02/1931;84;BRANCO;BRASIL;AMAZONAS;MANAUS;FUNDAMENTAL I (1ª A 4ª SÉRIE);VIÚVO;0;SEM INFORMAÇÃO	;RORAIMA;BOA VISTA;UTERO, SOE;C559;NEOPLASIA MALIGNA;80003;UTERO, SOE;C55;;;;;false;SDO;SEM INFORMAÇÃO;;;;;CÂNCER;30/08/2015;;30/08/2015;;
1700843;RCBP RORAIMA;FEMININO;26/03/1927;88;PARDA;BRASIL;MARANHÃO;;SEM ESCOLARIDADE;VIÚVO;0;SEM INFORMAÇÃO	;RORAIMA;BOA VISTA;COLO DO UTERO, SOE;C539;CARCINOMA ESCAMOCELULAR, SOE;80703;COLO DO UTERO, SOE;C539;;;;;false;HISTOLOGIA DO TUMOR PRIMÁRIO;SEM INFORMAÇÃO;;;;;CÂNCER;03/01/2016;;04/09/2015;;
1700853;RCBP RORAIMA;MASCULINO;10/09/1966;48;PARDA;BRASIL;Não informado;;FUNDAMENTAL I (1ª A 4ª SÉRIE);CASADO;711;TRABALHADORES DA EXTRAÇÃO MINERAL 	;RORAIMA;BOA VISTA;MEDULA OSSEA;C421;LEUCEMIA LINF.CRON.DE CEL.B/LINFOMA LINF.PEQ.CELS.;98233;LEUCEMIA LINFOCITICA CRONICA;C911;;;;;false;HISTOLOGIA DO TUMOR PRIMÁRIO;NÃO SE APLICA;;;;;NÃO CÂNCER;09/09/2015;;09/09/2015;;
1700859;RCBP RORAIMA;MASCULINO;25/07/1953;61;PARDA;BRASIL;AMAZONAS;;SUPERIOR COMPLETO;SEPARADO JUDICIALMENTE;239;OUTROS PROFISSIONAIS DO ENSINO NÃO CLASSIFICADOS ANTERIORMENTE	;RORAIMA;BOA VISTA;PREPUCIO;C600;CARCINOMA BASOCELULAR, SOE;80903;PREPUCIO;C600;;;;;false;HISTOLOGIA DO TUMOR PRIMÁRIO;METÁSTASE;;;;;CÂNCER;24/08/2017;;10/07/2015;;
1700863;RCBP RORAIMA;MASCULINO;30/04/1955;60;BRANCO;BRASIL;MARANHÃO;;FUNDAMENTAL I (1ª A 4ª SÉRIE);CASADO;782;CONDUTORES DE VEÍCULOS E OPERADORES DE EQUIPAMENTOS DE ELEVAÇÃO E DE MOVIMENTAÇÃO DE CARGAS   	;RORAIMA;BOA VISTA;PELE DO TRONCO;C445;CARCINOMA BASOCELULAR NODULAR;80973;PELE DO TRONCO;C445;;;;;false;HISTOLOGIA DO TUMOR PRIMÁRIO;LOCALIZADO;;;;;;;;29/10/2015;;
1700864;RCBP RORAIMA;MASCULINO;28/11/1938;76;BRANCO;BRASIL;RORAIMA;BOA VISTA;FUNDAMENTAL I (1ª A 4ª SÉRIE);CASADO;141;GERENTES DE PRODUÇÃO E OPERAÇÕES  	;RORAIMA;BOA VISTA;PELE DE OUTRAS PARTES DA FACE;C443;CARCINOMA BASOCELULAR, SOE;80903;PELE DE OUTRAS PARTES DA FACE;C443;;;;;false;HISTOLOGIA DO TUMOR PRIMÁRIO;SEM INFORMAÇÃO;;;;;;;;04/03/2015;;
1700857;RCBP RORAIMA;MASCULINO;27/02/1953;61;PARDA;BRASIL;Não informado;;FUNDAMENTAL I (1ª A 4ª SÉRIE);CASADO;622;TRABALHADORES AGRÍCOLAS   	;RORAIMA;BOA VISTA;OROFARINGE, SOE;C109;NEOPLASIA MALIGNA;80003;OROFARINGE, SOE;C109;;;;;false;HISTOLOGIA DO TUMOR PRIMÁRIO;SEM INFORMAÇÃO;;;;;CÂNCER;15/02/2015;;15/02/2015;;
1700858;RCBP RORAIMA;MASCULINO;03/12/1951;63;PARDA;BRASIL;Não informado;;MÉDIO (ANTIGO SEGUNDO GRAU);SEM INFORMAÇÃO;811;OPERADORES DE INSTALAÇÕES EM INDÚSTRIAS QUÍMICAS, PETROQUÍMICAS E AFINS   	;RORAIMA;BOA VISTA;PROSTATA, SOE;C619;NEOPLASIA MALIGNA;80003;PROSTATA;C61;;;;;false;HISTOLOGIA DO TUMOR PRIMÁRIO;SEM INFORMAÇÃO;;;;;CÂNCER;13/02/2015;;13/02/2015;;
1700862;RCBP RORAIMA;MASCULINO;14/06/1928;87;PARDA;BRASIL;Não informado;;SEM ESCOLARIDADE;SEM INFORMAÇÃO;622;TRABALHADORES AGRÍCOLAS   	;RORAIMA;BOA VISTA;ESOFAGO, SOE;C159;NEOPLASIA MALIGNA;80003;ESOFAGO, SOE;C159;;;;;false;HISTOLOGIA DO TUMOR PRIMÁRIO;SEM INFORMAÇÃO;;;;;CÂNCER;14/07/2015;;14/07/2015;;
1700860;RCBP RORAIMA;MASCULINO;11/07/1935;79;PARDA;BRASIL;Não informado;;SEM ESCOLARIDADE;CASADO;0;SEM INFORMAÇÃO	;RORAIMA;RORAINÓPOLIS;OSSOS CRANIO, FACE E ARTICUL. ASSOCIADAS;C410;NEOPLASIA MALIGNA;80003;OSSOS CRANIO E DA FACE;C410;;;;;false;HISTOLOGIA DO TUMOR PRIMÁRIO;SEM INFORMAÇÃO;;;;;CÂNCER;08/02/2015;;08/02/2015;;
1701089;RCBP RORAIMA;FEMININO;07/09/1944;70;PARDA;BRASIL;AMAZONAS;;FUNDAMENTAL I (1ª A 4ª SÉRIE);SOLTEIRO;0;SEM INFORMAÇÃO	;RORAIMA;BOA VISTA;PELE DO COURO CABELUDO E DO PESCOCO;C444;CARCINOMA ADENOIDE CISTICO;82003;PELE DO COURO CABELUDO E DO PESCOCO;C444;;;;;false;HISTOLOGIA DO TUMOR PRIMÁRIO;LOCALIZADO;;;;;;;;01/04/2015;;
784332;RCBP RORAIMA;MASCULINO;27/09/1947;68;PARDA;BRASIL;RORAIMA;BOA VISTA;SEM ESCOLARIDADE;SEM INFORMAÇÃO;;;RORAIMA;BOA VISTA;LOCALIZACAO PRIMARIA DESCONHECIDA, SOE;C809;NEOPLASIA MALIGNA;80003;LOCALIZACAO PRIMARIA DESCONHECIDA;C80;;;;;false;HISTOLOGIA DO TUMOR PRIMÁRIO;SEM INFORMAÇÃO;;;;;CÂNCER;09/10/2015;;09/10/2015;;
1701095;RCBP RORAIMA;FEMININO;05/02/1935;80;BRANCO;BRASIL;CEARÁ;;SEM ESCOLARIDADE;VIÚVO;;;RORAIMA;BOA VISTA;PELE DE OUTRAS PARTES DA FACE;C443;CARCINOMA BASOCELULAR, SOE;80903;PELE DE OUTRAS PARTES DA FACE;C443;;;;;false;HISTOLOGIA DO TUMOR PRIMÁRIO;LOCALIZADO;;;;;;;;17/05/2015;;
1701095;RCBP RORAIMA;FEMININO;05/02/1935;80;BRANCO;BRASIL;CEARÁ;;SEM ESCOLARIDADE;VIÚVO;;;RORAIMA;BOA VISTA;PELE, SOE;C449;CARCINOMA BASOCELULAR, SOE;80903;NEOPLASIA MALIGNA DA PELE;C449;;;;;false;HISTOLOGIA DO TUMOR PRIMÁRIO;SEM INFORMAÇÃO;;;;;;;;17/06/2015;;
1701107;RCBP RORAIMA;MASCULINO;10/06/1930;84;PARDA;BRASIL;Não informado;;FUNDAMENTAL II (5ª A 8ª SÉRIE);CASADO;512;TRABALHADORES DOS SERVIÇOS DOMÉSTICOS EM GERAL	;RORAIMA;BOA VISTA;MEDULA OSSEA;C421;MIELOMA MULTIPLO;97323;MIELOMA MULTIPLO;C900;;;;;false;HISTOLOGIA DO TUMOR PRIMÁRIO;NÃO SE APLICA;;;;;CÂNCER;17/05/2015;;17/05/2015;;
1701110;RCBP RORAIMA;MASCULINO;17/09/1965;49;BRANCO;BRASIL;Não informado;;MÉDIO (ANTIGO SEGUNDO GRAU);CASADO;517;TRABALHADORES NOS SERVIÇOS DE PROTEÇÃO E SEGURANÇA	;RORAIMA;BOA VISTA;FIGADO, SOE;C220;NEOPLASIA MALIGNA;80003;FIGADO E VIAS BILIARES INTRA-HEPATICAS;C22;;;;;false;SDO;SEM INFORMAÇÃO;;;;;CÂNCER;01/01/2015;;01/01/2015;;
1701546;RCBP RORAIMA;MASCULINO;28/09/1935;79;BRANCO;BRASIL;Não informado;;SEM ESCOLARIDADE;CASADO;622;TRABALHADORES AGRÍCOLAS   	;RORAIMA;ALTO ALEGRE;JUNCAO RETOSSIGMOIDIANA, SOE;C199;NEOPLASIA MALIGNA;80003;JUNCAO RETOSSIGMOIDE;C19;;;;;false;HISTOLOGIA DO TUMOR PRIMÁRIO;SEM INFORMAÇÃO;;;;;CÂNCER;04/09/2015;;04/09/2015;;
1701550;RCBP RORAIMA;FEMININO;10/08/1965;49;PARDA;BRASIL;Não informado;;MÉDIO (ANTIGO SEGUNDO GRAU);UNIÃO CONSENSUAL;262;PROFISSIONAIS DE ESPETÁCULOS E DAS ARTES  	;RORAIMA;BOA VISTA;COLON, SOE;C189;NEOPLASIA MALIGNA;80003;COLON, SOE;C189;;;;;false;HISTOLOGIA DO TUMOR PRIMÁRIO;SEM INFORMAÇÃO;;;;;CÂNCER;28/07/2015;;28/07/2015;;
1701551;RCBP RORAIMA;MASCULINO;10/06/1976;38;PARDA;BRASIL;Não informado;;SUPERIOR COMPLETO;CASADO;411;ESCRITURÁRIOS EM GERAL, AGENTES, ASSISTENTES E AUXILIARES ADMINISTRATIVOS 	;RORAIMA;BOA VISTA;PULMAO, SOE;C349;NEOPLASIA MALIGNA;80003;BRONQUIOS OU PULMOES, SOE;C349;;;;;false;HISTOLOGIA DO TUMOR PRIMÁRIO;SEM INFORMAÇÃO;;;;;CÂNCER;18/03/2015;;18/03/2015;;
1701542;RCBP RORAIMA;MASCULINO;;63;INDÍGENA;BRASIL;Não informado;Não Informado;SEM ESCOLARIDADE;SEM INFORMAÇÃO;;;RORAIMA;BOA VISTA;PELE DO LABIO, SOE;C440;CARCINOMA BASOCELULAR, SOE;80903;PELE DO LABIO;C440;;;;;false;HISTOLOGIA DO TUMOR PRIMÁRIO;LOCALIZADO;;;;;;;;16/07/2015;;
1701542;RCBP RORAIMA;MASCULINO;;;INDÍGENA;BRASIL;Não informado;Não Informado;SEM ESCOLARIDADE;SEM INFORMAÇÃO;;;RORAIMA;BOA VISTA;PELE, SOE;C449;CARCINOMA BASOCELULAR, SOE;80903;NEOPLASIA MALIGNA DA PELE;C449;;;;;false;HISTOLOGIA DO TUMOR PRIMÁRIO;SEM INFORMAÇÃO;;;;;;;;07/04/2015;;
1701653;RCBP RORAIMA;MASCULINO;11/08/1928;86;BRANCO;BRASIL;Não informado;;SEM ESCOLARIDADE;CASADO;622;TRABALHADORES AGRÍCOLAS   	;RORAIMA;BOA VISTA;LOCALIZACAO PRIMARIA DESCONHECIDA, SOE;C809;NEOPLASIA MALIGNA;80003;LOCALIZACAO PRIMARIA DESCONHECIDA;C80;;;;;false;HISTOLOGIA DO TUMOR PRIMÁRIO;METÁSTASE;;;;;CÂNCER;17/06/2015;;17/06/2015;;
1701181;RCBP RORAIMA;MASCULINO;06/01/1943;72;PARDA;BRASIL;Não informado;;SEM ESCOLARIDADE;VIÚVO;0;SEM INFORMAÇÃO	;RORAIMA;BOA VISTA;LINFONODO, SOE;C779;LINFOMA DE HODGKIN, SOE;96503;DOENCA DE HODGKIN, SOE;C819;;;;;false;HISTOLOGIA DO TUMOR PRIMÁRIO;NÃO SE APLICA;;;;;CÂNCER;26/12/2015;;26/12/2015;;
1701185;RCBP RORAIMA;MASCULINO;28/12/1943;71;PARDA;BRASIL;Não informado;;SEM ESCOLARIDADE;CASADO;621;TRABALHADORES NA EXPLORAÇÃO AGROPECUÁRIA EM GERAL	;RORAIMA;RORAINÓPOLIS;PROSTATA, SOE;C619;NEOPLASIA MALIGNA;80003;PROSTATA;C61;;;;;false;HISTOLOGIA DO TUMOR PRIMÁRIO;METÁSTASE;SEM INFORMAÇÃO;99 - SEM INFORMAÇÃO;999;MORTO;CÂNCER;05/09/2015;05/09/2015;05/09/2015;;
1701191;RCBP RORAIMA;FEMININO;05/06/1987;27;PARDA;BRASIL;Não informado;Não Informado;MÉDIO (ANTIGO SEGUNDO GRAU);SEM INFORMAÇÃO;0;SEM INFORMAÇÃO	;RORAIMA;BOA VISTA;COLO DO UTERO, SOE;C539;NEOPLASIA INTRA-EPITELIAL ESCAMOSA,GRAU IIII;80772;COLO DO UTERO, SOE;D069;;;;;false;CITOLOGIA;"IN SITU";;;;;;;;08/05/2015;;
1701219;RCBP RORAIMA;MASCULINO;02/02/1949;66;BRANCO;BRASIL;Não informado;;FUNDAMENTAL II (5ª A 8ª SÉRIE);CASADO;622;TRABALHADORES AGRÍCOLAS   	;RORAIMA;BOA VISTA;LOCALIZACAO PRIMARIA DESCONHECIDA, SOE;C809;NEOPLASIA MALIGNA;80003;LOCALIZACAO PRIMARIA DESCONHECIDA;C80;;;;;false;HISTOLOGIA DO TUMOR PRIMÁRIO;SEM INFORMAÇÃO;SEM INFORMAÇÃO;99 - SEM INFORMAÇÃO;999;MORTO;CÂNCER;06/10/2015;06/10/2015;06/10/2015;;
1701220;RCBP RORAIMA;FEMININO;20/02/1991;24;PARDA;BRASIL;Não informado;Não Informado;SEM INFORMAÇÃO;SEM INFORMAÇÃO;0;SEM INFORMAÇÃO	;RORAIMA;BOA VISTA;COLO DO UTERO, SOE;C539;NEOPLASIA INTRA-EPITELIAL ESCAMOSA,GRAU IIII;80772;COLO DO UTERO, SOE;D069;;;;;false;CITOLOGIA;"IN SITU";;;;;;;;09/11/2015;;
1701224;RCBP RORAIMA;FEMININO;03/02/1990;25;PARDA;BRASIL;Não informado;Não Informado;MÉDIO (ANTIGO SEGUNDO GRAU);SEM INFORMAÇÃO;0;SEM INFORMAÇÃO	;RORAIMA;BOA VISTA;COLO DO UTERO, SOE;C539;NEOPLASIA INTRA-EPITELIAL ESCAMOSA,GRAU IIII;80772;COLO DO UTERO, SOE;D069;;;;;false;CITOLOGIA;"IN SITU";;;;;;;;23/02/2015;;
1701230;RCBP RORAIMA;FEMININO;04/09/1951;63;PARDA;BRASIL;CEARÁ;;FUNDAMENTAL I (1ª A 4ª SÉRIE);CASADO;0;SEM INFORMAÇÃO	;RORAIMA;BOA VISTA;PALPEBRA;C441;CARCINOMA BASOCELULAR, SOE;80903;PELE DA PALPEBRA E CANTO;C441;;;;;false;HISTOLOGIA DO TUMOR PRIMÁRIO;METÁSTASE;;;;;;;;09/06/2015;;
1701232;RCBP RORAIMA;FEMININO;13/12/1964;50;PRETA;BRASIL;PARÁ;JURUTI;MÉDIO (ANTIGO SEGUNDO GRAU);SOLTEIRO;0;SEM INFORMAÇÃO	;RORAIMA;BOA VISTA;TIREOIDE, SOE;C739;ADENOCARCINOMA FOLICULAR, SOE;83303;GLANDULA TIREOIDE;C73;;;;;false;HISTOLOGIA DO TUMOR PRIMÁRIO;SEM INFORMAÇÃO;;;;;;;;24/11/2015;;
1701234;RCBP RORAIMA;MASCULINO;03/02/1962;53;PARDA;BRASIL;AMAZONAS;;FUNDAMENTAL I (1ª A 4ª SÉRIE);CASADO;631;PESCADORES E CAÇADORES	;RORAIMA;BOA VISTA;RETO, SOE;C209;ADENOCARCINOMA, SOE;81403;RETO;C20;;;;;false;HISTOLOGIA DO TUMOR PRIMÁRIO;SEM INFORMAÇÃO;;;;;;;;21/09/2015;;
1701252;RCBP RORAIMA;FEMININO;08/06/1961;53;PARDA;BRASIL;AMAZONAS;;FUNDAMENTAL I (1ª A 4ª SÉRIE);SOLTEIRO;519;OUTROS TRABALHADORES DE SERVIÇOS DIVERSOS 	;RORAIMA;BOA VISTA;MAMA , SOE;C509;CARCINOMA INTRADUCTAL, NAO INFILTRANTE, SOE;85002;CARCINOMA "IN SITU" DA MAMA, SOE;D059;;;;;false;HISTOLOGIA DO TUMOR PRIMÁRIO;"IN SITU";;;;;;;;14/01/2015;;
1701275;RCBP RORAIMA;FEMININO;07/04/1965;50;PARDA;BRASIL;AMAZONAS;;SEM INFORMAÇÃO;SEPARADO JUDICIALMENTE;0;SEM INFORMAÇÃO	;RORAIMA;BOA VISTA;RETO, SOE;C209;ADENOCARCINOMA, SOE;81403;RETO;C20;;;;;false;HISTOLOGIA DO TUMOR PRIMÁRIO;SEM INFORMAÇÃO;;;;;;;;19/10/2015;;
1701539;RCBP RORAIMA;MASCULINO;20/01/1961;53;PARDA;BRASIL;RORAIMA;;SEM INFORMAÇÃO;SEM INFORMAÇÃO;0;SEM INFORMAÇÃO	;RORAIMA;CANTÁ;PELE, SOE;C449;CARCINOMA BASOCELULAR, SOE;80903;NEOPLASIA MALIGNA DA PELE;C449;;;;;false;HISTOLOGIA DO TUMOR PRIMÁRIO;SEM INFORMAÇÃO;;;;;;;;06/01/2015;;
1701540;RCBP RORAIMA;MASCULINO;02/04/1957;58;PARDA;BRASIL;Não informado;;MÉDIO (ANTIGO SEGUNDO GRAU);SEM INFORMAÇÃO;;;RORAIMA;BOA VISTA;CABECA, FACE E PESCOCO, SOE;C760;NEOPLASIA MALIGNA;80003;CABECA, FACE E PESCOCO;C760;;;;;false;HISTOLOGIA DO TUMOR PRIMÁRIO;SEM INFORMAÇÃO;;;;;CÂNCER;16/07/2015;;16/07/2015;;
1701541;RCBP RORAIMA;MASCULINO;13/02/1945;70;PARDA;BRASIL;RORAIMA;BOA VISTA;MÉDIO (ANTIGO SEGUNDO GRAU);CASADO;323;TÉCNICOS DA CIÊNCIA DA SAÚDE ANIMAL  	;RORAIMA;BOA VISTA;LARINGE, SOE;C329;CARCINOMA ESCAMOCELULAR, SOE;80703;LARINGE, SOE;C329;;;;;false;HISTOLOGIA DO TUMOR PRIMÁRIO;SEM INFORMAÇÃO;;;;;CÂNCER;14/02/2016;;25/03/2015;;
1701545;RCBP RORAIMA;MASCULINO;05/09/1965;49;BRANCO;BRASIL;Não informado;;SUPERIOR COMPLETO;CASADO;252;PROFISSIONAIS DE ORGANIZAÇÃO E ADMINISTRAÇÃO DE EMPRESAS E AFINS  	;RORAIMA;BOA VISTA;COLON, SOE;C189;NEOPLASIA MALIGNA;80003;COLON, SOE;C189;;;;;false;HISTOLOGIA DO TUMOR PRIMÁRIO;SEM INFORMAÇÃO;;;;;CÂNCER;01/06/2015;;01/06/2015;;
1701556;RCBP RORAIMA;FEMININO;08/05/1981;34;PARDA;BRASIL;PARÁ;ITAITUBA;MÉDIO (ANTIGO SEGUNDO GRAU);UNIÃO CONSENSUAL;514;TRABALHADORES NOS SERVIÇOS DE ADMINISTRAÇÃO, CONSERVAÇÃO E MANUTENÇÃO DE EDIFÍCIOS E LOGRADOUROS  	;RORAIMA;BOA VISTA;COLO DO UTERO, SOE;C539;CARCINOMA ESCAMOCELULAR, SOE;80703;COLO DO UTERO, SOE;C539;;;;;false;HISTOLOGIA DO TUMOR PRIMÁRIO;SEM INFORMAÇÃO;;;;;;;;10/11/2015;;
1701558;RCBP RORAIMA;FEMININO;06/08/1980;34;PARDA;BRASIL;Não informado;Não Informado;FUNDAMENTAL I (1ª A 4ª SÉRIE);SEM INFORMAÇÃO;0;SEM INFORMAÇÃO	;RORAIMA;BOA VISTA;COLO DO UTERO, SOE;C539;NEOPLASIA INTRA-EPITELIAL ESCAMOSA,GRAU IIII;80772;COLO DO UTERO, SOE;D069;;;;;false;CITOLOGIA;"IN SITU";;;;;;;;25/03/2015;;
1701555;RCBP RORAIMA;FEMININO;23/07/1979;36;BRANCO;BRASIL;Não informado;;SUPERIOR COMPLETO;SOLTEIRO;411;ESCRITURÁRIOS EM GERAL, AGENTES, ASSISTENTES E AUXILIARES ADMINISTRATIVOS 	;RORAIMA;BOA VISTA;COLON, SOE;C189;NEOPLASIA MALIGNA;80003;COLON, SOE;C189;;;;;false;HISTOLOGIA DO TUMOR PRIMÁRIO;SEM INFORMAÇÃO;;;;;CÂNCER;15/12/2015;;15/12/2015;;
1703569;RCBP RORAIMA;FEMININO;01/01/1944;71;PARDA;BRASIL;Não informado;;FUNDAMENTAL II (5ª A 8ª SÉRIE);VIÚVO;0;SEM INFORMAÇÃO	;RORAIMA;BOA VISTA;CORPO DO UTERO, SOE;C549;NEOPLASIA MALIGNA;80003;CORPO DO UTERO, SOE;C549;;;;;false;HISTOLOGIA DO TUMOR PRIMÁRIO;SEM INFORMAÇÃO;SEM INFORMAÇÃO;99 - SEM INFORMAÇÃO;999;MORTO;CÂNCER;22/08/2015;22/08/2015;22/08/2015;;
1703613;RCBP RORAIMA;MASCULINO;;;SEM INFORMAÇÃO;BRASIL;Não informado;Não Informado;SEM INFORMAÇÃO;SEM INFORMAÇÃO;;;RORAIMA;BOA VISTA;TECIDOS MOLES DA PELVE;C495;SARCOMA DE CELULAS GIGANTES;88023;TECIDOS MOLES DA PELVE;C495;;;;;false;HISTOLOGIA DO TUMOR PRIMÁRIO;LOCALIZADO;;;;;;;;27/03/2015;;
1701502;RCBP RORAIMA;FEMININO;25/07/1993;21;AMARELA;BRASIL;Não informado;Não Informado;MÉDIO (ANTIGO SEGUNDO GRAU);SEM INFORMAÇÃO;0;SEM INFORMAÇÃO	;RORAIMA;BOA VISTA;COLO DO UTERO, SOE;C539;NEOPLASIA INTRA-EPITELIAL ESCAMOSA,GRAU IIII;80772;COLO DO UTERO, SOE;D069;;;;;false;CITOLOGIA;"IN SITU";;;;;;;;22/07/2015;;
1703453;RCBP RORAIMA;FEMININO;22/03/1960;55;BRANCO;BRASIL;Não informado;;FUNDAMENTAL II (5ª A 8ª SÉRIE);CASADO;0;SEM INFORMAÇÃO	;RORAIMA;RORAINÓPOLIS;MAMA , SOE;C509;NEOPLASIA MALIGNA;80003;MAMA , SOE;C509;;;;;false;HISTOLOGIA DO TUMOR PRIMÁRIO;SEM INFORMAÇÃO;;;;;CÂNCER;01/11/2015;;01/11/2015;;
1701504;RCBP RORAIMA;FEMININO;22/05/1992;23;BRANCO;BRASIL;Não informado;Não Informado;MÉDIO (ANTIGO SEGUNDO GRAU);SEM INFORMAÇÃO;0;SEM INFORMAÇÃO	;RORAIMA;BOA VISTA;COLO DO UTERO, SOE;C539;NEOPLASIA INTRA-EPITELIAL ESCAMOSA,GRAU IIII;80772;COLO DO UTERO, SOE;D069;;;;;false;CITOLOGIA;"IN SITU";;;;;;;;18/09/2015;;
1701505;RCBP RORAIMA;FEMININO;;58;SEM INFORMAÇÃO;GUIANA;Não informado;Não Informado;SEM INFORMAÇÃO;SEM INFORMAÇÃO;0;SEM INFORMAÇÃO	;RORAIMA;BOA VISTA;ENDOMETRIO;C541;CARCINOMA ESCAMOCELULAR, SOE;80703;ENDOMETRIO;C541;;;;;false;HISTOLOGIA DO TUMOR PRIMÁRIO;SEM INFORMAÇÃO;;;;;;;;28/09/2015;;
1701506;RCBP RORAIMA;FEMININO;;;SEM INFORMAÇÃO;BRASIL;Não informado;Não Informado;SEM INFORMAÇÃO;SEM INFORMAÇÃO;0;SEM INFORMAÇÃO	;RORAIMA;BOA VISTA;PELE, SOE;C449;CARCINOMA BASOCELULAR, SOE;80903;NEOPLASIA MALIGNA DA PELE;C449;;;;;false;HISTOLOGIA DO TUMOR PRIMÁRIO;SEM INFORMAÇÃO;;;;;;;;28/10/2015;;
1701507;RCBP RORAIMA;FEMININO;05/01/1992;23;BRANCO;BRASIL;Não informado;Não Informado;MÉDIO (ANTIGO SEGUNDO GRAU);SEM INFORMAÇÃO;0;SEM INFORMAÇÃO	;RORAIMA;BOA VISTA;COLO DO UTERO, SOE;C539;NEOPLASIA INTRA-EPITELIAL ESCAMOSA,GRAU IIII;80772;COLO DO UTERO, SOE;D069;;;;;false;CITOLOGIA;"IN SITU";;;;;;;;29/10/2015;;
1701512;RCBP RORAIMA;FEMININO;21/06/1988;27;PARDA;BRASIL;Não informado;Não Informado;MÉDIO (ANTIGO SEGUNDO GRAU);SEM INFORMAÇÃO;0;SEM INFORMAÇÃO	;RORAIMA;BOA VISTA;COLO DO UTERO, SOE;C539;NEOPLASIA INTRA-EPITELIAL ESCAMOSA,GRAU IIII;80772;COLO DO UTERO, SOE;D069;;;;;false;CITOLOGIA;"IN SITU";;;;;;;;09/10/2015;;
1701513;RCBP RORAIMA;FEMININO;16/06/1978;37;PARDA;BRASIL;Não informado;Não Informado;MÉDIO (ANTIGO SEGUNDO GRAU);SEM INFORMAÇÃO;0;SEM INFORMAÇÃO	;RORAIMA;BOA VISTA;COLO DO UTERO, SOE;C539;NEOPLASIA INTRA-EPITELIAL ESCAMOSA,GRAU IIII;80772;COLO DO UTERO, SOE;D069;;;;;false;CITOLOGIA;"IN SITU";;;;;;;;09/10/2015;;
1701516;RCBP RORAIMA;FEMININO;23/08/1978;36;BRANCO;BRASIL;Não informado;Não Informado;SUPERIOR COMPLETO;SEM INFORMAÇÃO;0;SEM INFORMAÇÃO	;RORAIMA;BOA VISTA;COLO DO UTERO, SOE;C539;NEOPLASIA INTRA-EPITELIAL ESCAMOSA,GRAU IIII;80772;COLO DO UTERO, SOE;D069;;;;;false;CITOLOGIA;"IN SITU";;;;;;;;18/03/2015;;
1701517;RCBP RORAIMA;FEMININO;18/09/1986;28;PARDA;BRASIL;Não informado;Não Informado;MÉDIO (ANTIGO SEGUNDO GRAU);SEM INFORMAÇÃO;;;RORAIMA;BOA VISTA;COLO DO UTERO, SOE;C539;NEOPLASIA INTRA-EPITELIAL ESCAMOSA,GRAU IIII;80772;COLO DO UTERO, SOE;D069;;;;;false;CITOLOGIA;"IN SITU";;;;;;;;22/04/2015;;
1701519;RCBP RORAIMA;FEMININO;13/06/1997;17;PARDA;BRASIL;RORAIMA;AMAJARI;FUNDAMENTAL II (5ª A 8ª SÉRIE);SOLTEIRO;0;SEM INFORMAÇÃO	;RORAIMA;CARACARAÍ;MEDULA OSSEA;C421;LEUCEMIA, SOE;98003;LEUCEMIA NAO ESPECIFICADA;C959;Leucemias especificadas e outras não especificadas;I-E;OUTRAS INESPECÍFICAS;1.4;false;HISTOLOGIA DO TUMOR PRIMÁRIO;NÃO SE APLICA;SEM INFORMAÇÃO;99 - SEM INFORMAÇÃO;999;MORTO;CÂNCER;06/12/2015;06/12/2015;05/03/2015;;
1701524;RCBP RORAIMA;MASCULINO;17/06/1984;30;BRANCO;BRASIL;RORAIMA;BOA VISTA;SUPERIOR COMPLETO;CASADO;214;ENGENHEIROS, ARQUITETOS E AFINS   	;RORAIMA;BOA VISTA;PELE DO TRONCO;C445;CARCINOMA BASAL ADENOIDE;80983;PELE DO TRONCO;C445;;;;;false;HISTOLOGIA DO TUMOR PRIMÁRIO;LOCALIZADO;;;;;;;;19/01/2015;;
1701563;RCBP RORAIMA;FEMININO;03/09/1971;43;BRANCO;BRASIL;Não informado;;MÉDIO (ANTIGO SEGUNDO GRAU);SOLTEIRO;411;ESCRITURÁRIOS EM GERAL, AGENTES, ASSISTENTES E AUXILIARES ADMINISTRATIVOS 	;RORAIMA;BOA VISTA;MAMA , SOE;C509;NEOPLASIA MALIGNA;80003;MAMA , SOE;C509;;;;;false;HISTOLOGIA DO TUMOR PRIMÁRIO;METÁSTASE;;;;;CÂNCER;23/03/2015;;23/03/2015;;
1701567;RCBP RORAIMA;MASCULINO;28/03/1948;67;PARDA;BRASIL;Não informado;;MÉDIO (ANTIGO SEGUNDO GRAU);CASADO;0;SEM INFORMAÇÃO	;RORAIMA;BOA VISTA;LOCALIZACAO PRIMARIA DESCONHECIDA, SOE;C809;NEOPLASIA MALIGNA;80003;LOCALIZACAO PRIMARIA DESCONHECIDA;C80;;;;;false;HISTOLOGIA DO TUMOR PRIMÁRIO;SEM INFORMAÇÃO;;;;;CÂNCER;16/08/2015;;16/08/2015;;
1701568;RCBP RORAIMA;MASCULINO;10/11/2008;7;INDÍGENA;BRASIL;Não informado;;SEM ESCOLARIDADE;SOLTEIRO;0;SEM INFORMAÇÃO	;RORAIMA;BOA VISTA;CEREBRO;C710;NEOPLASIA MALIGNA;80003;CEREBRO;C710;Neoplasias intracranianas e intra-espinhais não especificadas;III-F;;;false;HISTOLOGIA DO TUMOR PRIMÁRIO;SEM INFORMAÇÃO;SEM INFORMAÇÃO;99 - SEM INFORMAÇÃO;999;MORTO;CÂNCER;18/12/2015;18/12/2015;18/12/2015;;
1701582;RCBP RORAIMA;FEMININO;21/08/1987;28;PARDA;BRASIL;Não informado;Não Informado;MÉDIO (ANTIGO SEGUNDO GRAU);SEM INFORMAÇÃO;;;RORAIMA;BOA VISTA;COLO DO UTERO, SOE;C539;NEOPLASIA INTRA-EPITELIAL ESCAMOSA,GRAU IIII;80772;COLO DO UTERO, SOE;D069;;;;;false;CITOLOGIA;"IN SITU";;;;;;;;17/09/2015;;
1701603;RCBP RORAIMA;MASCULINO;16/01/1940;75;PARDA;Não informado;Não informado;Não Informado;SEM INFORMAÇÃO;SEM INFORMAÇÃO;0;SEM INFORMAÇÃO	;RORAIMA;MUCAJAÍ;PROSTATA, SOE;C619;ADENOCARCINOMA, SOE;81403;PROSTATA;C61;;;;;false;HISTOLOGIA DO TUMOR PRIMÁRIO;SEM INFORMAÇÃO;;;;;;;;15/05/2015;;
1701612;RCBP RORAIMA;FEMININO;02/11/1972;42;PARDA;BRASIL;MARANHÃO;;SUPERIOR COMPLETO;CASADO;239;OUTROS PROFISSIONAIS DO ENSINO NÃO CLASSIFICADOS ANTERIORMENTE	;RORAIMA;BOA VISTA;PELE, SOE;C449;CARCINOMA BASOCELULAR, SOE;80903;NEOPLASIA MALIGNA DA PELE;C449;;;;;false;HISTOLOGIA DO TUMOR PRIMÁRIO;SEM INFORMAÇÃO;;;;;;;;21/10/2015;;
1701613;RCBP RORAIMA;MASCULINO;30/08/1975;39;BRANCO;BRASIL;RIO GRANDE DO SUL;;MÉDIO (ANTIGO SEGUNDO GRAU);CASADO;611;PRODUTORES AGROPECUÁRIOS EM GERAL 	;RORAIMA;BOA VISTA;PELE DO MEMBRO SUPERIOR E DO OMBRO;C446;CARCINOMA BASOCELULAR, SOE;80903;PELE DO MEMBRO SUPERIOR E DO OMBRO;C446;;;;;false;HISTOLOGIA DO TUMOR PRIMÁRIO;SEM INFORMAÇÃO;;;;;;;;15/06/2015;;
1701629;RCBP RORAIMA;FEMININO;25/04/1982;33;PARDA;BRASIL;Não informado;Não Informado;MÉDIO (ANTIGO SEGUNDO GRAU);SEM INFORMAÇÃO;;;RORAIMA;BOA VISTA;COLO DO UTERO, SOE;C539;NEOPLASIA INTRA-EPITELIAL ESCAMOSA,GRAU IIII;80772;COLO DO UTERO, SOE;D069;;;;;false;CITOLOGIA;"IN SITU";;;;;;;;20/05/2015;;
1701633;RCBP RORAIMA;FEMININO;;42;SEM INFORMAÇÃO;BRASIL;Não informado;Não Informado;SEM INFORMAÇÃO;SEM INFORMAÇÃO;0;SEM INFORMAÇÃO	;RORAIMA;BOA VISTA;PELE DE OUTRAS PARTES DA FACE;C443;CARCINOMA BASOCELULAR, SOE;80903;PELE DE OUTRAS PARTES DA FACE;C443;;;;;false;HISTOLOGIA DO TUMOR PRIMÁRIO;SEM INFORMAÇÃO;;;;;;;;26/12/2015;;
1701635;RCBP RORAIMA;FEMININO;03/02/1940;75;INDÍGENA;BRASIL;RORAIMA;;FUNDAMENTAL I (1ª A 4ª SÉRIE);SOLTEIRO;0;SEM INFORMAÇÃO	;RORAIMA;BOA VISTA;PELE DE OUTRAS PARTES DA FACE;C443;CARCINOMA BASOCELULAR, SOE;80903;PELE DE OUTRAS PARTES DA FACE;C443;;;;;false;HISTOLOGIA DO TUMOR PRIMÁRIO;LOCALIZADO;;;;;;;;14/07/2015;;
1701641;RCBP RORAIMA;FEMININO;28/11/1985;29;PARDA;BRASIL;Não informado;Não Informado;FUNDAMENTAL I (1ª A 4ª SÉRIE);SEM INFORMAÇÃO;0;SEM INFORMAÇÃO	;RORAIMA;BOA VISTA;COLO DO UTERO, SOE;C539;NEOPLASIA INTRA-EPITELIAL ESCAMOSA,GRAU IIII;80772;COLO DO UTERO, SOE;D069;;;;;false;CITOLOGIA;"IN SITU";;;;;;;;17/03/2015;;
1701655;RCBP RORAIMA;FEMININO;18/10/1983;32;PARDA;BRASIL;Não informado;Não Informado;FUNDAMENTAL I (1ª A 4ª SÉRIE);SEM INFORMAÇÃO;0;SEM INFORMAÇÃO	;RORAIMA;BOA VISTA;COLO DO UTERO, SOE;C539;NEOPLASIA INTRA-EPITELIAL ESCAMOSA,GRAU IIII;80772;COLO DO UTERO, SOE;D069;;;;;false;CITOLOGIA;"IN SITU";;;;;;;;17/12/2015;;
1703857;RCBP RORAIMA;FEMININO;21/09/1986;29;PARDA;BRASIL;RORAIMA;;FUNDAMENTAL II (5ª A 8ª SÉRIE);SOLTEIRO;0;SEM INFORMAÇÃO	;RORAIMA;BOA VISTA;COLO DO UTERO, SOE;C539;CARCINOMA ESCAMOCELULAR, SOE;80703;COLO DO UTERO, SOE;C539;;;CARCINOMA DE ÚTERO E CÉRVIX;8.5.4;false;HISTOLOGIA DO TUMOR PRIMÁRIO;METÁSTASE;;;;;;;;20/10/2015;;
1469923;RCBP RORAIMA;FEMININO;10/01/1967;48;BRANCO;BRASIL;ALAGOAS;;FUNDAMENTAL II (5ª A 8ª SÉRIE);CASADO;519;OUTROS TRABALHADORES DE SERVIÇOS DIVERSOS 	;RORAIMA;BOA VISTA;PELE, SOE;C449;CARCINOMA BASOCELULAR, SOE;80903;NEOPLASIA MALIGNA DA PELE;C449;;;;;false;SEM INFORMAÇÃO;SEM INFORMAÇÃO;;;;;;;;21/10/2015;;
1469923;RCBP RORAIMA;FEMININO;10/01/1967;48;BRANCO;BRASIL;ALAGOAS;;FUNDAMENTAL II (5ª A 8ª SÉRIE);CASADO;519;OUTROS TRABALHADORES DE SERVIÇOS DIVERSOS 	;RORAIMA;BONFIM;PELE DE OUTRAS PARTES DA FACE;C443;CARCINOMA BASOCELULAR, SOE;80903;PELE DE OUTRAS PARTES DA FACE;C443;;;;;false;HISTOLOGIA DO TUMOR PRIMÁRIO;LOCALIZADO;;;;;;;;21/10/2015;;
1469923;RCBP RORAIMA;FEMININO;10/01/1967;48;BRANCO;BRASIL;ALAGOAS;;FUNDAMENTAL II (5ª A 8ª SÉRIE);CASADO;519;OUTROS TRABALHADORES DE SERVIÇOS DIVERSOS 	;RORAIMA;BONFIM;PALPEBRA;C441;CARCINOMA BASOCELULAR, SOE;80903;PELE DA PALPEBRA E CANTO;C441;;;;;false;HISTOLOGIA DO TUMOR PRIMÁRIO;LOCALIZADO;;;;;;;;21/10/2015;;
1703828;RCBP RORAIMA;MASCULINO;14/12/1950;64;PARDA;BRASIL;RORAIMA;;SEM ESCOLARIDADE;SOLTEIRO;623;TRABALHADORES NA PECUÁRIA 	;RORAIMA;ALTO ALEGRE;PULMAO, SOE;C349;ADENOCARCINOMA PRODUTOR DE MUCINA;84813;BRONQUIOS OU PULMOES, SOE;C349;;;;;false;HISTOLOGIA DO TUMOR PRIMÁRIO;SEM INFORMAÇÃO;;;;;CÂNCER;09/03/2016;;11/12/2015;;
1469888;RCBP RORAIMA;MASCULINO;12/05/1946;68;BRANCO;BRASIL;RIO GRANDE DO SUL;;FUNDAMENTAL I (1ª A 4ª SÉRIE);CASADO;0;SEM INFORMAÇÃO	;RORAIMA;BOA VISTA;PELE, SOE;C449;CARCINOMA BASOCELULAR, SOE;80903;NEOPLASIA MALIGNA DA PELE;C449;;;;;false;HISTOLOGIA DO TUMOR PRIMÁRIO;SEM INFORMAÇÃO;;;;;;;;25/03/2015;;
1703826;RCBP RORAIMA;FEMININO;02/12/1979;35;BRANCO;BRASIL;RORAIMA;;MÉDIO (ANTIGO SEGUNDO GRAU);SOLTEIRO;0;SEM INFORMAÇÃO	;RORAIMA;BOA VISTA;PELE DO MEMBRO SUPERIOR E DO OMBRO;C446;CARCINOMA BASOCELULAR, SOE;80903;PELE DO MEMBRO SUPERIOR E DO OMBRO;C446;;;;;false;HISTOLOGIA DO TUMOR PRIMÁRIO;METÁSTASE;;;;;;;;10/02/2015;;
1703826;RCBP RORAIMA;FEMININO;02/12/1979;35;BRANCO;BRASIL;RORAIMA;;MÉDIO (ANTIGO SEGUNDO GRAU);SOLTEIRO;0;SEM INFORMAÇÃO	;RORAIMA;BOA VISTA;PELE DO TRONCO;C445;CARCINOMA BASOCELULAR, SOE;80903;PELE DO TRONCO;C445;;;;;false;HISTOLOGIA DO TUMOR PRIMÁRIO;SEM INFORMAÇÃO;;;;;;;;17/02/2015;;
1703936;RCBP RORAIMA;FEMININO;30/07/1929;86;BRANCO;BRASIL;MINAS GERAIS;;FUNDAMENTAL I (1ª A 4ª SÉRIE);VIÚVO;0;SEM INFORMAÇÃO	;RORAIMA;BOA VISTA;PELE DE OUTRAS PARTES DA FACE;C443;CARCINOMA BASOCELULAR NODULAR;80973;PELE DE OUTRAS PARTES DA FACE;C443;;;;;false;HISTOLOGIA DO TUMOR PRIMÁRIO;METÁSTASE;;;;;;;;15/12/2015;;
1697755;RCBP RORAIMA;MASCULINO;17/10/1923;91;BRANCO;ESTADOS UNIDOS DA AMERICA;Não informado;Não Informado;MÉDIO (ANTIGO SEGUNDO GRAU);CASADO;623;TRABALHADORES NA PECUÁRIA 	;RORAIMA;BOA VISTA;PELE DE OUTRAS PARTES DA FACE;C443;CARCINOMA ESCAMOCELULAR, SOE;80703;PELE DE OUTRAS PARTES DA FACE;C443;;;;;false;HISTOLOGIA DO TUMOR PRIMÁRIO;LOCALIZADO;;;;;CÂNCER;08/11/2017;;09/09/2015;;
1699526;RCBP RORAIMA;FEMININO;01/04/1994;20;INDÍGENA;BRASIL;Não informado;;FUNDAMENTAL II (5ª A 8ª SÉRIE);SOLTEIRO;0;SEM INFORMAÇÃO	;RORAIMA;CANTÁ;TIREOIDE, SOE;C739;NEOPLASIA MALIGNA;80003;GLANDULA TIREOIDE;C73;;;NEOPLASIAS MALIGNAS INESPECÍFICAS;10.1;false;HISTOLOGIA DO TUMOR PRIMÁRIO;SEM INFORMAÇÃO;;;;;CÂNCER;17/02/2015;;17/02/2015;;
1699523;RCBP RORAIMA;FEMININO;25/12/1953;61;PARDA;BRASIL;MARANHÃO;CODÓ;SEM INFORMAÇÃO;SEPARADO JUDICIALMENTE;0;SEM INFORMAÇÃO	;RORAIMA;BONFIM;PELE DE OUTRAS PARTES DA FACE;C443;CARCINOMA BASOCELULAR, SOE;80903;PELE DE OUTRAS PARTES DA FACE;C443;;;;;false;HISTOLOGIA DO TUMOR PRIMÁRIO;SEM INFORMAÇÃO;;;;;;;;06/01/2015;;
1699857;RCBP RORAIMA;MASCULINO;03/11/2005;9;PARDA;BRASIL;Não informado;;FUNDAMENTAL II (5ª A 8ª SÉRIE);SOLTEIRO;0;SEM INFORMAÇÃO	;RORAIMA;BOA VISTA;FIGADO, SOE;C220;NEOPLASIA MALIGNA;80003;FIGADO E VIAS BILIARES INTRA-HEPATICAS;C22;Tumores hepáticos malignos e não especificados;VII-C;;;false;HISTOLOGIA DO TUMOR PRIMÁRIO;METÁSTASE;;;;;CÂNCER;08/05/2015;;08/05/2015;;
1699846;RCBP RORAIMA;MASCULINO;20/01/1945;70;PARDA;BRASIL;Não informado;;SEM ESCOLARIDADE;SOLTEIRO;0;SEM INFORMAÇÃO	;RORAIMA;BOA VISTA;PELE, SOE;C449;MELANOMA MALIGNO, SOE;87203;MELANOMA MALIGNO DA PELE, SOE;C439;;;;;false;HISTOLOGIA DO TUMOR PRIMÁRIO;SEM INFORMAÇÃO;;;;;CÂNCER;01/07/2015;;01/07/2015;;
1699848;RCBP RORAIMA;MASCULINO;31/01/1949;66;PARDA;BRASIL;Não informado;;SEM ESCOLARIDADE;SOLTEIRO;517;TRABALHADORES NOS SERVIÇOS DE PROTEÇÃO E SEGURANÇA	;RORAIMA;BOA VISTA;PULMAO, SOE;C349;NEOPLASIA MALIGNA;80003;BRONQUIOS OU PULMOES, SOE;C349;;;;;false;HISTOLOGIA DO TUMOR PRIMÁRIO;SEM INFORMAÇÃO;;;;;CÂNCER;13/05/2015;;13/05/2015;;
1699860;RCBP RORAIMA;MASCULINO;20/08/1958;56;PARDA;BRASIL;PARÁ;;SEM ESCOLARIDADE;SOLTEIRO;0;SEM INFORMAÇÃO	;RORAIMA;MUCAJAÍ;GLANDE DO PENIS;C601;CARCINOMA ESCAMOCELULAR, SOE;80703;GLANDE;C601;;;;;false;HISTOLOGIA DO TUMOR PRIMÁRIO;SEM INFORMAÇÃO;;;;;;;;15/02/2015;;
1699879;RCBP RORAIMA;MASCULINO;29/03/1965;50;PARDA;BRASIL;PARAÍBA;;FUNDAMENTAL I (1ª A 4ª SÉRIE);CASADO;141;GERENTES DE PRODUÇÃO E OPERAÇÕES  	;RORAIMA;BOA VISTA;TECIDOS MOLES DO TRONCO;C496;NEOPLASIA MALIGNA;80003;TECIDOS MOLES DO TRONCO;C496;;;;;false;HISTOLOGIA DO TUMOR PRIMÁRIO;LOCALIZADO;;;;;;;;10/11/2015;;
1698253;RCBP RORAIMA;MASCULINO;18/06/1943;72;PARDA;BRASIL;BAHIA;;SEM INFORMAÇÃO;CASADO;0;SEM INFORMAÇÃO	;RORAIMA;ALTO ALEGRE;PELE DO COURO CABELUDO E DO PESCOCO;C444;CARCINOMA BASOCELULAR, SOE;80903;PELE DO COURO CABELUDO E DO PESCOCO;C444;;;;;false;HISTOLOGIA DO TUMOR PRIMÁRIO;SEM INFORMAÇÃO;;;;;;;;24/11/2015;;
1698260;RCBP RORAIMA;MASCULINO;08/05/1958;57;BRANCO;BRASIL;RORAIMA;;MÉDIO (ANTIGO SEGUNDO GRAU);SOLTEIRO;0;SEM INFORMAÇÃO	;RORAIMA;BOA VISTA;PELE DO TRONCO;C445;CARCINOMA BASOCELULAR, SOE;80903;PELE DO TRONCO;C445;;;;;false;HISTOLOGIA DO TUMOR PRIMÁRIO;LOCALIZADO;;;;;;;;19/08/2015;;
658593;RCBP RORAIMA;FEMININO;13/06/1938;76;BRANCO;BRASIL;CEARÁ;RUSSAS;FUNDAMENTAL I (1ª A 4ª SÉRIE);SOLTEIRO;514;TRABALHADORES NOS SERVIÇOS DE ADMINISTRAÇÃO, CONSERVAÇÃO E MANUTENÇÃO DE EDIFÍCIOS E LOGRADOUROS  	;RORAIMA;BOA VISTA;PELE DE OUTRAS PARTES DA FACE;C443;CARCINOMA BASOCELULAR, SOE;80903;PELE DE OUTRAS PARTES DA FACE;C443;;;;;false;HISTOLOGIA DO TUMOR PRIMÁRIO;LOCALIZADO;;;;;;;;15/05/2015;;
1698761;RCBP RORAIMA;FEMININO;22/10/1966;48;PRETA;BRASIL;Não informado;;FUNDAMENTAL I (1ª A 4ª SÉRIE);UNIÃO CONSENSUAL;0;SEM INFORMAÇÃO	;RORAIMA;BOA VISTA;LOCALIZACAO PRIMARIA DESCONHECIDA, SOE;C809;NEOPLASIA MALIGNA;80003;LOCALIZACAO PRIMARIA DESCONHECIDA;C80;;;;;false;HISTOLOGIA DO TUMOR PRIMÁRIO;SEM INFORMAÇÃO;;;;;CÂNCER;22/07/2015;;22/07/2015;;
1698765;RCBP RORAIMA;FEMININO;18/05/1936;78;PARDA;BRASIL;Não informado;;SEM ESCOLARIDADE;VIÚVO;0;SEM INFORMAÇÃO	;RORAIMA;BOA VISTA;OUTRAS PARTES ESPECIFICADAS DO PANCREAS;C257;NEOPLASIA MALIGNA;80003;OUTRAS PARTES DO PANCREAS;C257;;;;;false;HISTOLOGIA DO TUMOR PRIMÁRIO;SEM INFORMAÇÃO;;;;;CÂNCER;16/03/2015;;16/03/2015;;
1698273;RCBP RORAIMA;FEMININO;02/07/1963;51;PARDA;BRASIL;Não informado;;FUNDAMENTAL I (1ª A 4ª SÉRIE);SOLTEIRO;513;TRABALHADORES DOS SERVIÇOS DE HOTELARIA E ALIMENTAÇÃO 	;RORAIMA;BOA VISTA;TIREOIDE, SOE;C739;NEOPLASIA MALIGNA;80003;GLANDULA TIREOIDE;C73;;;;;false;HISTOLOGIA DO TUMOR PRIMÁRIO;SEM INFORMAÇÃO;;;;;CÂNCER;26/04/2015;;26/04/2015;;
749220;RCBP RORAIMA;FEMININO;30/12/1934;80;PARDA;BRASIL;MARANHÃO;ITAIPAVA DO GRAJAÚ;SEM ESCOLARIDADE;VIÚVO;622;TRABALHADORES AGRÍCOLAS   	;RORAIMA;RORAINÓPOLIS;MAMA , SOE;C509;CARCINOMA DUCTAL INFILTRANTE;85003;MAMA , SOE;C509;;;;;false;HISTOLOGIA DO TUMOR PRIMÁRIO;SEM INFORMAÇÃO;;;;;CÂNCER;29/12/2017;;17/08/2015;;
1698282;RCBP RORAIMA;FEMININO;25/07/1947;68;BRANCO;BRASIL;PIAUÍ;PICOS;FUNDAMENTAL I (1ª A 4ª SÉRIE);VIÚVO;0;SEM INFORMAÇÃO	;RORAIMA;BOA VISTA;PELE DE OUTRAS PARTES DA FACE;C443;CARCINOMA BASOCELULAR, SOE;80903;PELE DE OUTRAS PARTES DA FACE;C443;;;;;false;HISTOLOGIA DO TUMOR PRIMÁRIO;LOCALIZADO;;;;;;;;21/08/2015;;
1698282;RCBP RORAIMA;FEMININO;25/07/1947;68;BRANCO;BRASIL;PIAUÍ;PICOS;FUNDAMENTAL I (1ª A 4ª SÉRIE);VIÚVO;0;SEM INFORMAÇÃO	;RORAIMA;BOA VISTA;PELE, SOE;C449;CARCINOMA, SOE;80103;NEOPLASIA MALIGNA DA PELE;C449;;;;;false;HISTOLOGIA DO TUMOR PRIMÁRIO;SEM INFORMAÇÃO;;;;;;;;09/10/2015;;
1698741;RCBP RORAIMA;FEMININO;23/09/1921;94;PARDA;BRASIL;Não informado;;SEM ESCOLARIDADE;VIÚVO;0;SEM INFORMAÇÃO	;RORAIMA;BOA VISTA;ABDOME, SOE;C762;NEOPLASIA MALIGNA;80003;ABDOME;C762;;;;;false;HISTOLOGIA DO TUMOR PRIMÁRIO;SEM INFORMAÇÃO;;;;;CÂNCER;10/12/2015;;10/12/2015;;
1698756;RCBP RORAIMA;FEMININO;15/05/1936;79;PARDA;BRASIL;Não informado;;FUNDAMENTAL I (1ª A 4ª SÉRIE);VIÚVO;0;SEM INFORMAÇÃO	;RORAIMA;BOA VISTA;PULMAO, SOE;C349;NEOPLASIA MALIGNA;80003;BRONQUIOS OU PULMOES, SOE;C349;;;;;false;HISTOLOGIA DO TUMOR PRIMÁRIO;SEM INFORMAÇÃO;;;;;CÂNCER;18/07/2015;;18/07/2015;;
1698766;RCBP RORAIMA;FEMININO;11/02/1949;66;PARDA;BRASIL;Não informado;;MÉDIO (ANTIGO SEGUNDO GRAU);VIÚVO;141;GERENTES DE PRODUÇÃO E OPERAÇÕES  	;RORAIMA;BOA VISTA;VESICULA BILIAR, SOE;C239;NEOPLASIA MALIGNA;80003;VESICULA BILIAR;C23;;;;;false;HISTOLOGIA DO TUMOR PRIMÁRIO;SEM INFORMAÇÃO;;;;;CÂNCER;16/09/2015;;16/09/2015;;
1699344;RCBP RORAIMA;FEMININO;23/09/1951;63;PARDA;BRASIL;Não informado;;FUNDAMENTAL II (5ª A 8ª SÉRIE);CASADO;;;RORAIMA;BOA VISTA;MEDULA OSSEA;C421;MIELOMA MULTIPLO;97323;MIELOMA MULTIPLO;C900;;;;;false;HISTOLOGIA DO TUMOR PRIMÁRIO;NÃO SE APLICA;;;;;CÂNCER;14/06/2015;;14/06/2015;;
788021;RCBP RORAIMA;FEMININO;10/03/1940;75;INDÍGENA;BRASIL;RORAIMA;;FUNDAMENTAL I (1ª A 4ª SÉRIE);VIÚVO;622;TRABALHADORES AGRÍCOLAS   	;RORAIMA;BOA VISTA;PELE DE OUTRAS PARTES DA FACE;C443;CARCINOMA BASOCELULAR, SOE;80903;PELE DE OUTRAS PARTES DA FACE;C443;;;;;false;HISTOLOGIA DO TUMOR PRIMÁRIO;LOCALIZADO;;;;;CÂNCER;23/12/2017;;09/12/2015;;
1699518;RCBP RORAIMA;FEMININO;25/12/1959;55;PARDA;BRASIL;Não informado;;SUPERIOR COMPLETO;CASADO;141;GERENTES DE PRODUÇÃO E OPERAÇÕES  	;RORAIMA;BOA VISTA;MAMA , SOE;C509;NEOPLASIA MALIGNA;80003;MAMA , SOE;C509;;;;;false;HISTOLOGIA DO TUMOR PRIMÁRIO;SEM INFORMAÇÃO;;;;;CÂNCER;12/06/2015;;12/06/2015;;
788017;RCBP RORAIMA;MASCULINO;07/02/1947;68;BRANCO;BRASIL;RORAIMA;BOA VISTA;FUNDAMENTAL I (1ª A 4ª SÉRIE);CASADO;622;TRABALHADORES AGRÍCOLAS   	;RORAIMA;BOA VISTA;PELE, SOE;C449;CARCINOMA ESCAMOCELULAR, SOE;80703;NEOPLASIA MALIGNA DA PELE;C449;;;;;false;HISTOLOGIA DO TUMOR PRIMÁRIO;SEM INFORMAÇÃO;;;;;;;;16/06/2015;;
1700151;RCBP RORAIMA;FEMININO;23/10/1992;22;PARDA;BRASIL;Não informado;Não Informado;FUNDAMENTAL II (5ª A 8ª SÉRIE);SEM INFORMAÇÃO;;;RORAIMA;BOA VISTA;COLO DO UTERO, SOE;C539;NEOPLASIA INTRA-EPITELIAL ESCAMOSA,GRAU IIII;80772;COLO DO UTERO, SOE;D069;;;;;true;CITOLOGIA;"IN SITU";;;;;;;;08/04/2015;;
1700152;RCBP RORAIMA;FEMININO;29/06/1989;26;PARDA;BRASIL;Não informado;Não Informado;MÉDIO (ANTIGO SEGUNDO GRAU);SEM INFORMAÇÃO;0;SEM INFORMAÇÃO	;RORAIMA;BOA VISTA;COLO DO UTERO, SOE;C539;NEOPLASIA INTRA-EPITELIAL ESCAMOSA,GRAU IIII;80772;COLO DO UTERO, SOE;D069;;;;;false;CITOLOGIA;"IN SITU";;;;;;;;15/12/2015;;
1700161;RCBP RORAIMA;FEMININO;26/07/1935;80;BRANCO;BRASIL;Não informado;;FUNDAMENTAL I (1ª A 4ª SÉRIE);VIÚVO;;;RORAIMA;BOA VISTA;RIM, SOE;C649;NEOPLASIA MALIGNA;80003;RIM;C64;;;;;false;HISTOLOGIA DO TUMOR PRIMÁRIO;SEM INFORMAÇÃO;SEM INFORMAÇÃO;99 - SEM INFORMAÇÃO;999;MORTO;CÂNCER;01/09/2015;01/09/2015;01/09/2015;;
1700175;RCBP RORAIMA;FEMININO;20/06/1958;57;INDÍGENA;BRASIL;RORAIMA;;SEM ESCOLARIDADE;SOLTEIRO;622;TRABALHADORES AGRÍCOLAS   	;RORAIMA;ALTO ALEGRE;PALPEBRA;C441;CARCINOMA BASOCELULAR, SOE;80903;PELE DA PALPEBRA E CANTO;C441;;;;;false;HISTOLOGIA DO TUMOR PRIMÁRIO;LOCALIZADO;;;;;;;;15/10/2015;;
1700135;RCBP RORAIMA;FEMININO;28/07/1958;57;BRANCO;BRASIL;Não informado;;SUPERIOR COMPLETO;CASADO;122;DIRETORES DE PRODUÇÃO E OPERAÇÕES 	;RORAIMA;BOA VISTA;SISTEMA NERVOSO, SOE;C729;NEOPLASIA MALIGNA;80003;SISTEMA NERVOSO CENTRAL, SOE;C729;;;;;false;HISTOLOGIA DO TUMOR PRIMÁRIO;SEM INFORMAÇÃO;;;;;CÂNCER;21/10/2015;;21/10/2015;;
1700188;RCBP RORAIMA;FEMININO;23/12/1932;82;PARDA;BRASIL;Não informado;;SEM ESCOLARIDADE;VIÚVO;0;SEM INFORMAÇÃO	;RORAIMA;BOA VISTA;COLO DO UTERO, SOE;C539;NEOPLASIA MALIGNA;80003;COLO DO UTERO, SOE;C539;;;;;false;SDO;SEM INFORMAÇÃO;SEM INFORMAÇÃO;99 - SEM INFORMAÇÃO;999;MORTO;CÂNCER;29/10/2015;29/10/2015;29/10/2015;;
1700141;RCBP RORAIMA;MASCULINO;20/03/1970;44;PARDA;BRASIL;Não informado;;SEM ESCOLARIDADE;UNIÃO CONSENSUAL;0;SEM INFORMAÇÃO	;RORAIMA;CARACARAÍ;NASOFARINGE, SOE;C119;NEOPLASIA MALIGNA;80003;NASOFARINGE, SOE;C119;;;;;false;HISTOLOGIA DO TUMOR PRIMÁRIO;SEM INFORMAÇÃO;;;;;CÂNCER;06/02/2015;;06/02/2015;;
1700148;RCBP RORAIMA;MASCULINO;14/05/1929;85;SEM INFORMAÇÃO;BRASIL;Não informado;;FUNDAMENTAL I (1ª A 4ª SÉRIE);CASADO;711;TRABALHADORES DA EXTRAÇÃO MINERAL 	;RORAIMA;BOA VISTA;PULMAO, SOE;C349;NEOPLASIA MALIGNA;80003;BRONQUIOS OU PULMOES, SOE;C349;;;;;false;HISTOLOGIA DO TUMOR PRIMÁRIO;SEM INFORMAÇÃO;;;;;CÂNCER;25/01/2015;;25/01/2015;;
1698512;RCBP RORAIMA;MASCULINO;16/08/1951;64;PARDA;BRASIL;Não informado;;FUNDAMENTAL I (1ª A 4ª SÉRIE);SEPARADO JUDICIALMENTE;842;OPERADORES NA PREPARAÇÃO DE FUMO E NA FABRICAÇÃO DE CHARUTOS E CIGARROS   	;RORAIMA;BOA VISTA;FARINGE, SOE;C140;NEOPLASIA MALIGNA;80003;FARINGE, SOE;C140;;;;;false;HISTOLOGIA DO TUMOR PRIMÁRIO;METÁSTASE;;;;;CÂNCER;29/11/2015;;29/11/2015;;
1698515;RCBP RORAIMA;MASCULINO;06/06/1936;78;PARDA;BRASIL;PIAUÍ;;FUNDAMENTAL I (1ª A 4ª SÉRIE);CASADO;0;SEM INFORMAÇÃO	;RORAIMA;BOA VISTA;PELE DE OUTRAS PARTES DA FACE;C443;CARCINOMA BASOCELULAR, SOE;80903;PELE DE OUTRAS PARTES DA FACE;C443;;;;;false;HISTOLOGIA DO TUMOR PRIMÁRIO;SEM INFORMAÇÃO;;;;;;;;10/04/2015;;
1698890;RCBP RORAIMA;FEMININO;22/05/1992;23;BRANCO;BRASIL;Não informado;Não Informado;FUNDAMENTAL II (5ª A 8ª SÉRIE);SEM INFORMAÇÃO;0;SEM INFORMAÇÃO	;RORAIMA;BOA VISTA;COLO DO UTERO, SOE;C539;NEOPLASIA INTRA-EPITELIAL ESCAMOSA,GRAU IIII;80772;COLO DO UTERO, SOE;D069;;;;;false;CITOLOGIA;"IN SITU";;;;;;;;18/09/2015;;
1698896;RCBP RORAIMA;FEMININO;25/05/1957;57;SEM INFORMAÇÃO;BRASIL;RORAIMA;PACARAIMA;SEM INFORMAÇÃO;SOLTEIRO;0;SEM INFORMAÇÃO	;RORAIMA;PACARAIMA;LOCALIZACAO PRIMARIA DESCONHECIDA, SOE;C809;CARCINOMA ESCAMOCELULAR, SOE;80703;LOCALIZACAO PRIMARIA DESCONHECIDA;C80;;;;;false;HISTOLOGIA DO TUMOR PRIMÁRIO;LOCALIZADO;;;;;CÂNCER;22/04/2015;;02/02/2015;;
1698905;RCBP RORAIMA;FEMININO;;77;SEM INFORMAÇÃO;BRASIL;Não informado;Não Informado;SEM INFORMAÇÃO;SEM INFORMAÇÃO;0;SEM INFORMAÇÃO	;RORAIMA;BOA VISTA;PELE, SOE;C449;CARCINOMA BASOCELULAR, SOE;80903;NEOPLASIA MALIGNA DA PELE;C449;;;;;false;HISTOLOGIA DO TUMOR PRIMÁRIO;SEM INFORMAÇÃO;;;;;;;;13/07/2015;;
1698906;RCBP RORAIMA;FEMININO;;;SEM INFORMAÇÃO;BRASIL;Não informado;Não Informado;SEM INFORMAÇÃO;SEM INFORMAÇÃO;0;SEM INFORMAÇÃO	;RORAIMA;BOA VISTA;PELE DO TRONCO;C445;CARCINOMA BASOCELULAR, SOE;80903;PELE DO TRONCO;C445;;;;;false;HISTOLOGIA DO TUMOR PRIMÁRIO;SEM INFORMAÇÃO;;;;;;;;28/07/2015;;
1698915;RCBP RORAIMA;FEMININO;25/05/1973;42;PARDA;BRASIL;Não informado;Não Informado;MÉDIO (ANTIGO SEGUNDO GRAU);SEM INFORMAÇÃO;0;SEM INFORMAÇÃO	;RORAIMA;BOA VISTA;COLO DO UTERO, SOE;C539;NEOPLASIA INTRA-EPITELIAL ESCAMOSA,GRAU IIII;80772;COLO DO UTERO, SOE;D069;;;;;false;CITOLOGIA;"IN SITU";;;;;;;;22/06/2015;;
1698916;RCBP RORAIMA;FEMININO;28/10/1950;64;PARDA;BRASIL;Não informado;;FUNDAMENTAL II (5ª A 8ª SÉRIE);VIÚVO;334;INSPETORES DE ALUNOS E AFINS  	;RORAIMA;BOA VISTA;SISTEMA NERVOSO, SOE;C729;NEOPLASIA MALIGNA;80003;SISTEMA NERVOSO CENTRAL, SOE;C729;;;;;false;HISTOLOGIA DO TUMOR PRIMÁRIO;SEM INFORMAÇÃO;SEM INFORMAÇÃO;99 - SEM INFORMAÇÃO;999;MORTO;CÂNCER;21/09/2015;21/09/2015;21/09/2015;;
1698943;RCBP RORAIMA;FEMININO;09/11/1947;67;SEM INFORMAÇÃO;BRASIL;AMAZONAS;;FUNDAMENTAL I (1ª A 4ª SÉRIE);SOLTEIRO;0;SEM INFORMAÇÃO	;RORAIMA;BOA VISTA;CORPO DO UTERO, SOE;C549;SARCOMA, SOE;88003;CORPO DO UTERO, SOE;C549;;;;;false;HISTOLOGIA DO TUMOR PRIMÁRIO;SEM INFORMAÇÃO;;;;;;;;15/05/2015;;
1698954;RCBP RORAIMA;FEMININO;28/01/1928;87;PARDA;BRASIL;PIAUÍ;;SEM ESCOLARIDADE;VIÚVO;622;TRABALHADORES AGRÍCOLAS   	;RORAIMA;BOA VISTA;COLO DO UTERO, SOE;C539;CARCINOMA ESC. DE CEL. GDES., NAO CERAT., SOE;80723;COLO DO UTERO, SOE;C539;;;;;false;HISTOLOGIA DO TUMOR PRIMÁRIO;SEM INFORMAÇÃO;;;;;;;;15/05/2015;;
1698963;RCBP RORAIMA;FEMININO;07/01/1960;55;PARDA;BRASIL;MARANHÃO;;FUNDAMENTAL I (1ª A 4ª SÉRIE);CASADO;622;TRABALHADORES AGRÍCOLAS   	;RORAIMA;BOA VISTA;COLO DO UTERO, SOE;C539;CARCINOMA ESCAMOCELULAR CERATINIZADO, SOE;80713;COLO DO UTERO, SOE;C539;;;;;false;HISTOLOGIA DO TUMOR PRIMÁRIO;SEM INFORMAÇÃO;;;;;;;;25/06/2015;;
1698965;RCBP RORAIMA;FEMININO;14/04/1953;61;BRANCO;BRASIL;Não informado;Não Informado;MÉDIO (ANTIGO SEGUNDO GRAU);SEM INFORMAÇÃO;0;SEM INFORMAÇÃO	;RORAIMA;BOA VISTA;COLO DO UTERO, SOE;C539;NEOPLASIA INTRA-EPITELIAL ESCAMOSA,GRAU IIII;80772;COLO DO UTERO, SOE;D069;;;;;false;CITOLOGIA;"IN SITU";;;;;;;;25/03/2015;;
1698966;RCBP RORAIMA;FEMININO;04/10/1964;50;SEM INFORMAÇÃO;BRASIL;Não informado;Não Informado;SEM INFORMAÇÃO;SEM INFORMAÇÃO;0;SEM INFORMAÇÃO	;RORAIMA;BOA VISTA;COLO DO UTERO, SOE;C539;NEOPLASIA INTRA-EPITELIAL ESCAMOSA,GRAU IIII;80772;COLO DO UTERO, SOE;D069;;;;;false;CITOLOGIA;"IN SITU";;;;;;;;23/02/2015;;
1698973;RCBP RORAIMA;FEMININO;01/07/1959;55;BRANCO;BRASIL;MARANHÃO;JOÃO LISBOA;SEM ESCOLARIDADE;CASADO;0;SEM INFORMAÇÃO	;RORAIMA;MUCAJAÍ;PULMAO, SOE;C349;NEOPLASIA MALIGNA;80003;BRONQUIOS OU PULMOES, SOE;C349;;;;;false;HISTOLOGIA DO TUMOR PRIMÁRIO;SEM INFORMAÇÃO;SEM INFORMAÇÃO;99 - SEM INFORMAÇÃO;999;MORTO;CÂNCER;05/07/2015;05/07/2015;22/01/2015;;
1698981;RCBP RORAIMA;MASCULINO;30/04/1951;64;PARDA;Não informado;Não informado;Não Informado;SEM INFORMAÇÃO;SEM INFORMAÇÃO;0;SEM INFORMAÇÃO	;RORAIMA;BOA VISTA;PELE DE OUTRAS PARTES DA FACE;C443;CARCINOMA BASOCELULAR, SOE;80903;PELE DE OUTRAS PARTES DA FACE;C443;;;;;false;HISTOLOGIA DO TUMOR PRIMÁRIO;SEM INFORMAÇÃO;;;;;;;;01/10/2015;;
1698982;RCBP RORAIMA;FEMININO;04/06/1939;75;PARDA;BRASIL;Não informado;Não Informado;SEM ESCOLARIDADE;SEM INFORMAÇÃO;0;SEM INFORMAÇÃO	;RORAIMA;BOA VISTA;COLO DO UTERO, SOE;C539;NEOPLASIA INTRA-EPITELIAL ESCAMOSA,GRAU IIII;80772;COLO DO UTERO, SOE;D069;;;;;false;CITOLOGIA;"IN SITU";;;;;;;;04/04/2015;;
1698984;RCBP RORAIMA;FEMININO;14/01/1969;46;PARDA;BRASIL;MARANHÃO;;FUNDAMENTAL I (1ª A 4ª SÉRIE);CASADO;0;SEM INFORMAÇÃO	;RORAIMA;BOA VISTA;PELE DE OUTRAS PARTES DA FACE;C443;CARCINOMA ESCAMOCELULAR, SOE;80703;PELE DE OUTRAS PARTES DA FACE;C443;;;;;false;HISTOLOGIA DO TUMOR PRIMÁRIO;SEM INFORMAÇÃO;;;;;;;;17/03/2015;;
1698991;RCBP RORAIMA;FEMININO;29/05/1973;41;PARDA;BRASIL;MARANHÃO;;SUPERIOR COMPLETO;SEPARADO JUDICIALMENTE;239;OUTROS PROFISSIONAIS DO ENSINO NÃO CLASSIFICADOS ANTERIORMENTE	;RORAIMA;BOA VISTA;COLO DO UTERO, SOE;C539;CARCINOMA ESCAMOCELULAR, SOE;80703;COLO DO UTERO, SOE;C539;;;;;false;HISTOLOGIA DO TUMOR PRIMÁRIO;SEM INFORMAÇÃO;;;;;;;;15/01/2015;;
1698994;RCBP RORAIMA;FEMININO;26/10/1925;89;BRANCO;BRASIL;RORAIMA;;FUNDAMENTAL I (1ª A 4ª SÉRIE);VIÚVO;0;SEM INFORMAÇÃO	;RORAIMA;BOA VISTA;PELE DE OUTRAS PARTES DA FACE;C443;CARCINOMA BASOCELULAR, SOE;80903;PELE DE OUTRAS PARTES DA FACE;C443;;;;;false;HISTOLOGIA DO TUMOR PRIMÁRIO;METÁSTASE;;;;;;;;23/03/2015;;
1698289;RCBP RORAIMA;FEMININO;30/04/1941;74;INDÍGENA;BRASIL;RORAIMA;;FUNDAMENTAL I (1ª A 4ª SÉRIE);UNIÃO CONSENSUAL;622;TRABALHADORES AGRÍCOLAS   	;RORAIMA;BOA VISTA;MAMA , SOE;C509;CARCINOMA DUCTAL INFILTRANTE;85003;MAMA , SOE;C509;;;;;false;HISTOLOGIA DO TUMOR PRIMÁRIO;METÁSTASE;;;;;;;;15/07/2015;;
1699004;RCBP RORAIMA;FEMININO;10/06/1956;58;PARDA;BRASIL;CEARÁ;;MÉDIO (ANTIGO SEGUNDO GRAU);SOLTEIRO;515;TRABALHADORES DOS SERVIÇOS DE SAÚDE  	;RORAIMA;BOA VISTA;MAMA , SOE;C509;CARCINOMA DUCTAL INFILTRANTE;85003;MAMA , SOE;C509;;;;;false;HISTOLOGIA DO TUMOR PRIMÁRIO;LOCALIZADO;;;;;;;;05/01/2015;;
1699013;RCBP RORAIMA;FEMININO;18/10/1977;37;PARDA;BRASIL;Não informado;Não Informado;FUNDAMENTAL I (1ª A 4ª SÉRIE);SEM INFORMAÇÃO;0;SEM INFORMAÇÃO	;RORAIMA;BOA VISTA;COLO DO UTERO, SOE;C539;NEOPLASIA INTRA-EPITELIAL ESCAMOSA,GRAU IIII;80772;COLO DO UTERO, SOE;D069;;;;;false;CITOLOGIA;"IN SITU";;;;;;;;25/08/2015;;
1699027;RCBP RORAIMA;FEMININO;26/06/1958;57;PARDA;BRASIL;Não informado;Não Informado;SEM ESCOLARIDADE;SEM INFORMAÇÃO;0;SEM INFORMAÇÃO	;RORAIMA;BOA VISTA;COLO DO UTERO, SOE;C539;NEOPLASIA INTRA-EPITELIAL ESCAMOSA,GRAU IIII;80772;COLO DO UTERO, SOE;D069;;;;;false;CITOLOGIA;"IN SITU";;;;;;;;18/09/2015;;
1699029;RCBP RORAIMA;FEMININO;19/10/1965;49;PARDA;BRASIL;Não informado;Não Informado;MÉDIO (ANTIGO SEGUNDO GRAU);SEM INFORMAÇÃO;0;SEM INFORMAÇÃO	;RORAIMA;BOA VISTA;COLO DO UTERO, SOE;C539;NEOPLASIA INTRA-EPITELIAL ESCAMOSA,GRAU IIII;80772;COLO DO UTERO, SOE;D069;;;;;false;CITOLOGIA;"IN SITU";;;;;;;;05/08/2015;;
1699040;RCBP RORAIMA;FEMININO;18/04/1957;58;INDÍGENA;BRASIL;Não informado;Não Informado;FUNDAMENTAL II (5ª A 8ª SÉRIE);UNIÃO CONSENSUAL;;;RORAIMA;BOA VISTA;PELE DE OUTRAS PARTES DA FACE;C443;CARCINOMA BASOCELULAR, SOE;80903;PELE DE OUTRAS PARTES DA FACE;C443;;;;;false;HISTOLOGIA DO TUMOR PRIMÁRIO;LOCALIZADO;;;;;;;;24/09/2015;;
1699256;RCBP RORAIMA;FEMININO;09/08/1951;63;PARDA;BRASIL;MARANHÃO;;MÉDIO (ANTIGO SEGUNDO GRAU);VIÚVO;0;SEM INFORMAÇÃO	;RORAIMA;BOA VISTA;MAMA , SOE;C509;CARCINOMA PAPILAR, SOE;80503;MAMA , SOE;C509;;;;;false;HISTOLOGIA DO TUMOR PRIMÁRIO;SEM INFORMAÇÃO;;;;;;;;06/05/2015;;
1699260;RCBP RORAIMA;FEMININO;22/07/1984;31;PARDA;BRASIL;Não informado;Não Informado;MÉDIO (ANTIGO SEGUNDO GRAU);SEM INFORMAÇÃO;;;RORAIMA;ALTO ALEGRE;COLO DO UTERO, SOE;C539;NEOPLASIA INTRA-EPITELIAL ESCAMOSA,GRAU IIII;80772;COLO DO UTERO, SOE;D069;;;;;false;CITOLOGIA;"IN SITU";;;;;;;;22/07/2015;;
1699316;RCBP RORAIMA;FEMININO;12/04/1942;73;PARDA;BRASIL;BAHIA;;SUPERIOR COMPLETO;CASADO;239;OUTROS PROFISSIONAIS DO ENSINO NÃO CLASSIFICADOS ANTERIORMENTE	;RORAIMA;BOA VISTA;COLON, SOE;C189;ADENOCARCINOMA, SOE;81403;COLON, SOE;C189;;;;;false;HISTOLOGIA DO TUMOR PRIMÁRIO;SEM INFORMAÇÃO;;;;;;;;27/04/2015;;
1699462;RCBP RORAIMA;FEMININO;05/04/1946;69;BRANCO;BRASIL;PARAÍBA;GUARABIRA;SEM ESCOLARIDADE;CASADO;;;RORAIMA;BOA VISTA;PELE DO LABIO, SOE;C440;CARCINOMA BASOCELULAR, SOE;80903;PELE DO LABIO;C440;;;;;false;HISTOLOGIA DO TUMOR PRIMÁRIO;LOCALIZADO;;;;;;;;14/05/2015;;
1699324;RCBP RORAIMA;FEMININO;25/01/1927;88;PARDA;BRASIL;RORAIMA;;FUNDAMENTAL I (1ª A 4ª SÉRIE);VIÚVO;0;SEM INFORMAÇÃO	;RORAIMA;BOA VISTA;PELE DE OUTRAS PARTES DA FACE;C443;CARCINOMA BASOCELULAR, SOE;80903;PELE DE OUTRAS PARTES DA FACE;C443;;;;;false;HISTOLOGIA DO TUMOR PRIMÁRIO;SEM INFORMAÇÃO;;;;;;;;27/03/2015;;
1699325;RCBP RORAIMA;FEMININO;09/11/1964;50;PARDA;BRASIL;MARANHÃO;;FUNDAMENTAL I (1ª A 4ª SÉRIE);CASADO;0;SEM INFORMAÇÃO	;RORAIMA;BOA VISTA;PELE DO TRONCO;C445;CARCINOMA BASOCELULAR, SOE;80903;PELE DO TRONCO;C445;;;;;false;HISTOLOGIA DO TUMOR PRIMÁRIO;LOCALIZADO;;;;;;;;25/08/2015;;
1699328;RCBP RORAIMA;FEMININO;31/08/1936;78;PARDA;BRASIL;Não informado;Não Informado;SEM ESCOLARIDADE;SEM INFORMAÇÃO;;;RORAIMA;BOA VISTA;COLO DO UTERO, SOE;C539;NEOPLASIA INTRA-EPITELIAL ESCAMOSA,GRAU IIII;80772;COLO DO UTERO, SOE;D069;;;;;false;CITOLOGIA;"IN SITU";;;;;;;;20/05/2015;;
1699330;RCBP RORAIMA;FEMININO;22/03/1956;59;PARDA;BRASIL;CEARÁ;;SUPERIOR COMPLETO;SOLTEIRO;239;OUTROS PROFISSIONAIS DO ENSINO NÃO CLASSIFICADOS ANTERIORMENTE	;RORAIMA;CAROEBE;QUADRANTE SUPERIOR EXTERNO DA MAMA;C504;CARCINOMA LOBULAR, SOE;85203;QUADRANTE SUPERIOR EXTERNO DA MAMA;C504;;;;;false;HISTOLOGIA DO TUMOR PRIMÁRIO;METÁSTASE;;;;;;;;29/09/2015;;
1699331;RCBP RORAIMA;FEMININO;25/01/1961;54;PARDA;BRASIL;RORAIMA;BOA VISTA;FUNDAMENTAL I (1ª A 4ª SÉRIE);CASADO;622;TRABALHADORES AGRÍCOLAS   	;RORAIMA;BOA VISTA;MAMA , SOE;C509;CARCINOMA DUCTAL INFILTRANTE;85003;MAMA , SOE;C509;;;;;false;HISTOLOGIA DO TUMOR PRIMÁRIO;METÁSTASE;;;;;CÂNCER;01/11/2018;;20/10/2015;;
1699464;RCBP RORAIMA;FEMININO;10/01/1942;72;BRANCO;BRASIL;RORAIMA;BOA VISTA;FUNDAMENTAL II (5ª A 8ª SÉRIE);CASADO;0;SEM INFORMAÇÃO	;RORAIMA;BOA VISTA;FIGADO, SOE;C220;CARCINOMA HEPATOCELULAR, SOE;81703;CARCINOMA DE CELULAS HEPATICAS;C220;;;;;false;HISTOLOGIA DO TUMOR PRIMÁRIO;SEM INFORMAÇÃO;SEM INFORMAÇÃO;99 - SEM INFORMAÇÃO;999;MORTO;CÂNCER;02/05/2015;02/05/2015;03/01/2015;;
1699470;RCBP RORAIMA;FEMININO;;66;SEM INFORMAÇÃO;BRASIL;Não informado;Não Informado;SEM ESCOLARIDADE;SEM INFORMAÇÃO;0;SEM INFORMAÇÃO	;RORAIMA;BOA VISTA;PELE, SOE;C449;CARCINOMA BASOCELULAR, SOE;80903;NEOPLASIA MALIGNA DA PELE;C449;;;;;false;HISTOLOGIA DO TUMOR PRIMÁRIO;SEM INFORMAÇÃO;;;;;;;;16/10/2015;;
1699472;RCBP RORAIMA;FEMININO;02/05/1962;53;PARDA;BRASIL;RORAIMA;;FUNDAMENTAL I (1ª A 4ª SÉRIE);CASADO;519;OUTROS TRABALHADORES DE SERVIÇOS DIVERSOS 	;RORAIMA;BOA VISTA;COLON SIGMOIDE;C187;ADENOCARCINOMA, SOE;81403;COLON SIGMOIDE;C187;;;;;false;HISTOLOGIA DO TUMOR PRIMÁRIO;SEM INFORMAÇÃO;;;;;;;;16/11/2015;;
1699473;RCBP RORAIMA;FEMININO;17/05/1958;57;PARDA;BRASIL;Não informado;Não Informado;FUNDAMENTAL I (1ª A 4ª SÉRIE);SEM INFORMAÇÃO;0;SEM INFORMAÇÃO	;RORAIMA;BOA VISTA;COLO DO UTERO, SOE;C539;NEOPLASIA INTRA-EPITELIAL ESCAMOSA,GRAU IIII;80772;COLO DO UTERO, SOE;D069;;;;;false;CITOLOGIA;"IN SITU";;;;;;;;20/07/2015;;
1699793;RCBP RORAIMA;FEMININO;30/01/1974;40;INDÍGENA;BRASIL;Não informado;Não Informado;FUNDAMENTAL II (5ª A 8ª SÉRIE);SEM INFORMAÇÃO;0;SEM INFORMAÇÃO	;RORAIMA;BOA VISTA;COLO DO UTERO, SOE;C539;NEOPLASIA INTRA-EPITELIAL ESCAMOSA,GRAU IIII;80772;COLO DO UTERO, SOE;D069;;;;;false;CITOLOGIA;"IN SITU";;;;;;;;16/01/2015;;
1699806;RCBP RORAIMA;FEMININO;24/02/1974;41;PARDA;BRASIL;SÃO PAULO;;MÉDIO (ANTIGO SEGUNDO GRAU);CASADO;322;TÉCNICOS DA CIÊNCIA DA SAÚDE HUMANA 	;RORAIMA;BOA VISTA;QUADRANTE SUPERIOR EXTERNO DA MAMA;C504;CARCINOMA DUCTAL INFILTRANTE;85003;QUADRANTE SUPERIOR EXTERNO DA MAMA;C504;;;;;false;HISTOLOGIA DO TUMOR PRIMÁRIO;LOCALIZADO;;;;;;;;24/09/2015;;
1699815;RCBP RORAIMA;MASCULINO;06/07/1937;77;PRETA;BRASIL;Não informado;;MÉDIO (ANTIGO SEGUNDO GRAU);CASADO;;;RORAIMA;CARACARAÍ;PROSTATA, SOE;C619;NEOPLASIA MALIGNA;80003;PROSTATA;C61;;;;;false;SDO;SEM INFORMAÇÃO;SEM INFORMAÇÃO;99 - SEM INFORMAÇÃO;999;MORTO;CÂNCER;08/04/2015;08/04/2015;08/04/2015;;
1699827;RCBP RORAIMA;FEMININO;26/11/1956;58;PARDA;BRASIL;Não informado;Não Informado;FUNDAMENTAL II (5ª A 8ª SÉRIE);SEM INFORMAÇÃO;0;SEM INFORMAÇÃO	;RORAIMA;BOA VISTA;COLO DO UTERO, SOE;C539;NEOPLASIA INTRA-EPITELIAL ESCAMOSA,GRAU IIII;80772;COLO DO UTERO, SOE;D069;;;;;false;CITOLOGIA;"IN SITU";;;;;;;;27/03/2015;;
1699829;RCBP RORAIMA;FEMININO;05/12/1963;51;PARDA;BRASIL;PARANÁ;;SEM INFORMAÇÃO;CASADO;;;RORAIMA;BOA VISTA;PELE DE OUTRAS PARTES DA FACE;C443;CARCINOMA BASOCELULAR, SOE;80903;PELE DE OUTRAS PARTES DA FACE;C443;;;;;false;HISTOLOGIA DO TUMOR PRIMÁRIO;METÁSTASE;;;;;;;;10/02/2015;;
1699833;RCBP RORAIMA;FEMININO;11/06/1993;21;PARDA;BRASIL;Não informado;Não Informado;FUNDAMENTAL II (5ª A 8ª SÉRIE);SEM INFORMAÇÃO;0;SEM INFORMAÇÃO	;RORAIMA;BOA VISTA;COLO DO UTERO, SOE;C539;NEOPLASIA INTRA-EPITELIAL ESCAMOSA,GRAU IIII;80772;COLO DO UTERO, SOE;D069;;;;;false;CITOLOGIA;"IN SITU";;;;;;;;23/03/2015;;
1699843;RCBP RORAIMA;FEMININO;04/08/1987;28;PARDA;BRASIL;Não informado;Não Informado;MÉDIO (ANTIGO SEGUNDO GRAU);SEM INFORMAÇÃO;0;SEM INFORMAÇÃO	;RORAIMA;BOA VISTA;COLO DO UTERO, SOE;C539;NEOPLASIA INTRA-EPITELIAL ESCAMOSA,GRAU IIII;80772;COLO DO UTERO, SOE;D069;;;;;false;CITOLOGIA;"IN SITU";;;;;;;;04/12/2015;;
1699529;RCBP RORAIMA;FEMININO;27/01/1983;32;PRETA;BRASIL;RORAIMA;;MÉDIO (ANTIGO SEGUNDO GRAU);SEPARADO JUDICIALMENTE;322;TÉCNICOS DA CIÊNCIA DA SAÚDE HUMANA 	;RORAIMA;CANTÁ;CORPO DO UTERO, SOE;C549;LIPOSSARCOMA DEDIFERENCIADO;88583;CORPO DO UTERO, SOE;C549;;;;;false;HISTOLOGIA DO TUMOR PRIMÁRIO;METÁSTASE;;;;;CÂNCER;26/11/2016;;17/02/2015;;
1699855;RCBP RORAIMA;FEMININO;17/09/1949;65;PARDA;BRASIL;Não informado;;FUNDAMENTAL II (5ª A 8ª SÉRIE);SOLTEIRO;0;SEM INFORMAÇÃO	;RORAIMA;BOA VISTA;UTERO, SOE;C559;NEOPLASIA MALIGNA;80003;UTERO, SOE;C55;;;;;false;HISTOLOGIA DO TUMOR PRIMÁRIO;SEM INFORMAÇÃO;SEM INFORMAÇÃO;99 - SEM INFORMAÇÃO;999;MORTO;CÂNCER;17/04/2015;17/04/2015;17/04/2015;;
1699870;RCBP RORAIMA;FEMININO;23/12/1960;54;BRANCO;VENEZUELA;Não informado;Não Informado;SUPERIOR COMPLETO;CASADO;141;GERENTES DE PRODUÇÃO E OPERAÇÕES  	;RORAIMA;BOA VISTA;OVARIO, SOE;C569;NEOPLASIA MALIGNA;80003;OVARIO;C56;;;;;false;HISTOLOGIA DO TUMOR PRIMÁRIO;SEM INFORMAÇÃO;SEM INFORMAÇÃO;99 - SEM INFORMAÇÃO;999;MORTO;CÂNCER;14/01/2015;14/01/2015;14/01/2015;;
1699873;RCBP RORAIMA;FEMININO;02/07/1965;49;PARDA;BRASIL;Não informado;;SEM ESCOLARIDADE;SOLTEIRO;;;RORAIMA;CARACARAÍ;MAMA , SOE;C509;NEOPLASIA MALIGNA;80003;MAMA , SOE;C509;;;;;false;SDO;SEM INFORMAÇÃO;SEM INFORMAÇÃO;99 - SEM INFORMAÇÃO;999;MORTO;CÂNCER;16/06/2015;16/06/2015;16/06/2015;;
1699874;RCBP RORAIMA;FEMININO;;;BRANCO;BRASIL;RORAIMA;;MÉDIO (ANTIGO SEGUNDO GRAU);SEM INFORMAÇÃO;;;RORAIMA;BOA VISTA;COLO DO UTERO, SOE;C539;NEOPLASIA INTRA-EPITELIAL ESCAMOSA,GRAU IIII;80772;COLO DO UTERO, SOE;D069;;;;;false;CITOLOGIA;"IN SITU";;;;;;;;15/05/2015;;
1699876;RCBP RORAIMA;FEMININO;12/11/1987;27;PARDA;BRASIL;Não informado;Não Informado;SEM INFORMAÇÃO;SEM INFORMAÇÃO;;;RORAIMA;BOA VISTA;COLO DO UTERO, SOE;C539;NEOPLASIA INTRA-EPITELIAL ESCAMOSA,GRAU IIII;80772;COLO DO UTERO, SOE;D069;;;;;false;CITOLOGIA;"IN SITU";;;;;;;;03/06/2015;;
1700168;RCBP RORAIMA;FEMININO;13/05/1998;17;PARDA;BRASIL;RORAIMA;;FUNDAMENTAL I (1ª A 4ª SÉRIE);SOLTEIRO;0;SEM INFORMAÇÃO	;RORAIMA;BOA VISTA;ENCEFALO, SOE;C719;GLIOBLASTOMA, SOE;94403;ENCEFALO, SOE;C719;Astrocitomas;III-B;GLIOBLASTOMA E ASTROCITOMA ANAPLÁSICO;3.1.2;false;HISTOLOGIA DO TUMOR PRIMÁRIO;METÁSTASE;;;;;;;;30/12/2015;;
1700177;RCBP RORAIMA;FEMININO;23/05/1973;42;PARDA;BRASIL;Não informado;Não Informado;SEM ESCOLARIDADE;SEM INFORMAÇÃO;0;SEM INFORMAÇÃO	;RORAIMA;BOA VISTA;COLO DO UTERO, SOE;C539;NEOPLASIA INTRA-EPITELIAL ESCAMOSA,GRAU IIII;80772;COLO DO UTERO, SOE;D069;;;;;false;CITOLOGIA;"IN SITU";;;;;;;;24/12/2015;;
1700182;RCBP RORAIMA;FEMININO;06/12/1991;23;INDÍGENA;BRASIL;Não informado;;SEM INFORMAÇÃO;SEM INFORMAÇÃO;0;SEM INFORMAÇÃO	;RORAIMA;BOA VISTA;MEDULA OSSEA;C421;LEUCEMIA LINFOBLASTICA DE CELULAS PRECURSORAS,SOE;98353;LEUCEMIA LINFOBLASTICA AGUDA;C910;;;LEUCEMIA LINFÓIDE AGUDA;1.1;false;HISTOLOGIA DO TUMOR PRIMÁRIO;NÃO SE APLICA;SEM INFORMAÇÃO;99 - SEM INFORMAÇÃO;999;MORTO;CÂNCER;18/04/2015;18/04/2015;18/04/2015;;
1700292;RCBP RORAIMA;MASCULINO;10/05/1939;76;PARDA;BRASIL;Não informado;;SEM ESCOLARIDADE;SOLTEIRO;0;SEM INFORMAÇÃO	;RORAIMA;BOA VISTA;PULMAO, SOE;C349;NEOPLASIA MALIGNA;80003;BRONQUIOS OU PULMOES, SOE;C349;;;;;false;HISTOLOGIA DO TUMOR PRIMÁRIO;SEM INFORMAÇÃO;;;;;CÂNCER;18/08/2015;;18/08/2015;;
1700291;RCBP RORAIMA;MASCULINO;12/07/1946;69;PARDA;BRASIL;Não informado;;SEM INFORMAÇÃO;SEM INFORMAÇÃO;622;TRABALHADORES AGRÍCOLAS   	;RORAIMA;RORAINÓPOLIS;RIM, SOE;C649;NEOPLASIA MALIGNA;80003;RIM;C64;;;;;false;HISTOLOGIA DO TUMOR PRIMÁRIO;SEM INFORMAÇÃO;;;;;CÂNCER;02/08/2015;;02/08/2015;;
693368;RCBP RORAIMA;MASCULINO;20/01/1946;69;PARDA;BRASIL;RORAIMA;BOA VISTA;FUNDAMENTAL II (5ª A 8ª SÉRIE);VIÚVO;0;SEM INFORMAÇÃO	;RORAIMA;BOA VISTA;CEREBRO;C710;NEOPLASIA MALIGNA;80003;CEREBRO;C710;;;;;false;HISTOLOGIA DO TUMOR PRIMÁRIO;SEM INFORMAÇÃO;;;;;CÂNCER;08/04/2015;;08/04/2015;;
1700282;RCBP RORAIMA;MASCULINO;13/11/1951;63;PARDA;BRASIL;CEARÁ;;SEM ESCOLARIDADE;SOLTEIRO;0;SEM INFORMAÇÃO	;RORAIMA;BOA VISTA;LARINGE, SOE;C329;CARCINOMA ESCAMOCELULAR, SOE;80703;LARINGE, SOE;C329;;;;;false;HISTOLOGIA DO TUMOR PRIMÁRIO;METÁSTASE;;;;;CÂNCER;20/10/2017;;06/10/2015;;
1700346;RCBP RORAIMA;MASCULINO;12/10/1933;81;PARDA;BRASIL;Não informado;;SEM ESCOLARIDADE;CASADO;0;SEM INFORMAÇÃO	;RORAIMA;RORAINÓPOLIS;PROSTATA, SOE;C619;NEOPLASIA MALIGNA;80003;PROSTATA;C61;;;;;false;HISTOLOGIA DO TUMOR PRIMÁRIO;SEM INFORMAÇÃO;;;;;CÂNCER;21/09/2015;;21/09/2015;;
785441;RCBP RORAIMA;MASCULINO;03/02/1932;83;PARDA;BRASIL;PERNAMBUCO;;SEM INFORMAÇÃO;SEM INFORMAÇÃO;0;SEM INFORMAÇÃO	;RORAIMA;BOA VISTA;PELE DO TRONCO;C445;CARCINOMA BASOCELULAR, SOE;80903;PELE DO TRONCO;C445;;;;;false;HISTOLOGIA DO TUMOR PRIMÁRIO;METÁSTASE;;;;;;;;18/08/2015;;
1700358;RCBP RORAIMA;FEMININO;19/05/1982;33;PARDA;BRASIL;Não informado;Não Informado;MÉDIO (ANTIGO SEGUNDO GRAU);SEM INFORMAÇÃO;;;RORAIMA;BOA VISTA;COLO DO UTERO, SOE;C539;NEOPLASIA INTRA-EPITELIAL ESCAMOSA,GRAU IIII;80772;COLO DO UTERO, SOE;D069;;;;;false;CITOLOGIA;"IN SITU";;;;;;;;22/07/2015;;
1700378;RCBP RORAIMA;MASCULINO;08/07/1948;66;PARDA;BRASIL;Não informado;;FUNDAMENTAL I (1ª A 4ª SÉRIE);SOLTEIRO;622;TRABALHADORES AGRÍCOLAS   	;RORAIMA;MUCAJAÍ;FIGADO, SOE;C220;CARCINOMA HEPATOCELULAR, SOE;81703;CARCINOMA DE CELULAS HEPATICAS;C220;;;;;false;HISTOLOGIA DO TUMOR PRIMÁRIO;SEM INFORMAÇÃO;SEM INFORMAÇÃO;99 - SEM INFORMAÇÃO;999;MORTO;CÂNCER;07/04/2015;07/04/2015;07/04/2015;;
1700395;RCBP RORAIMA;MASCULINO;12/10/1936;79;BRANCO;BRASIL;Não informado;;FUNDAMENTAL II (5ª A 8ª SÉRIE);CASADO;0;SEM INFORMAÇÃO	;RORAIMA;BOA VISTA;FIGADO, SOE;C220;NEOPLASIA MALIGNA;80003;FIGADO E VIAS BILIARES INTRA-HEPATICAS;C22;;;;;false;HISTOLOGIA DO TUMOR PRIMÁRIO;SEM INFORMAÇÃO;SEM INFORMAÇÃO;99 - SEM INFORMAÇÃO;999;MORTO;CÂNCER;22/10/2015;22/10/2015;22/10/2015;;
1700304;RCBP RORAIMA;FEMININO;22/12/1979;35;PARDA;BRASIL;Não informado;Não Informado;FUNDAMENTAL I (1ª A 4ª SÉRIE);SEM INFORMAÇÃO;0;SEM INFORMAÇÃO	;RORAIMA;BOA VISTA;COLO DO UTERO, SOE;C539;NEOPLASIA INTRA-EPITELIAL ESCAMOSA,GRAU IIII;80772;COLO DO UTERO, SOE;D069;;;;;false;CITOLOGIA;"IN SITU";;;;;;;;18/11/2015;;
1700325;RCBP RORAIMA;MASCULINO;05/08/1950;64;INDÍGENA;BRASIL;Não informado;;SEM ESCOLARIDADE;CASADO;622;TRABALHADORES AGRÍCOLAS   	;RORAIMA;PACARAIMA;MEDULA OSSEA;C421;MIELOMA MULTIPLO;97323;MIELOMA MULTIPLO;C900;;;;;false;HISTOLOGIA DO TUMOR PRIMÁRIO;NÃO SE APLICA;SEM INFORMAÇÃO;99 - SEM INFORMAÇÃO;999;MORTO;CÂNCER;27/04/2015;27/04/2015;27/04/2015;;
1700837;RCBP RORAIMA;MASCULINO;28/02/1978;37;PARDA;BRASIL;ACRE;;MÉDIO (ANTIGO SEGUNDO GRAU);CASADO;623;TRABALHADORES NA PECUÁRIA 	;RORAIMA;BOA VISTA;MEDULA OSSEA;C421;MIELOMA MULTIPLO;97323;MIELOMA MULTIPLO;C900;;;;;false;HISTOLOGIA DO TUMOR PRIMÁRIO;NÃO SE APLICA;;;;;CÂNCER;26/01/2017;;14/07/2015;;
1700849;RCBP RORAIMA;MASCULINO;23/01/1940;75;BRANCO;BRASIL;Não informado;;SEM ESCOLARIDADE;CASADO;517;TRABALHADORES NOS SERVIÇOS DE PROTEÇÃO E SEGURANÇA	;RORAIMA;BOA VISTA;PULMAO, SOE;C349;NEOPLASIA MALIGNA;80003;BRONQUIOS OU PULMOES, SOE;C349;;;;;false;HISTOLOGIA DO TUMOR PRIMÁRIO;SEM INFORMAÇÃO;;;;;CÂNCER;30/06/2015;;30/06/2015;;
1700838;RCBP RORAIMA;FEMININO;07/02/1931;83;BRANCO;BRASIL;AMAZONAS;MANAUS;FUNDAMENTAL I (1ª A 4ª SÉRIE);VIÚVO;0;SEM INFORMAÇÃO	;RORAIMA;BOA VISTA;PELE, SOE;C449;CARCINOMA BASOCELULAR, SOE;80903;NEOPLASIA MALIGNA DA PELE;C449;;;;;false;HISTOLOGIA DO TUMOR PRIMÁRIO;LOCALIZADO;;;;;CÂNCER;30/08/2015;;15/01/2015;;
1700852;RCBP RORAIMA;MASCULINO;11/02/1958;57;BRANCO;BRASIL;Não informado;;MÉDIO (ANTIGO SEGUNDO GRAU);CASADO;517;TRABALHADORES NOS SERVIÇOS DE PROTEÇÃO E SEGURANÇA	;RORAIMA;BOA VISTA;BEXIGA, SOE;C679;NEOPLASIA MALIGNA;80003;BEXIGA, SOE;C679;;;;;false;HISTOLOGIA DO TUMOR PRIMÁRIO;SEM INFORMAÇÃO;;;;;CÂNCER;09/12/2015;;09/12/2015;;
1349434;RCBP RORAIMA;FEMININO;19/03/1940;74;PARDA;BRASIL;AMAZONAS;MANAUS;FUNDAMENTAL I (1ª A 4ª SÉRIE);SOLTEIRO;0;SEM INFORMAÇÃO	;RORAIMA;BOA VISTA;PELE DE OUTRAS PARTES DA FACE;C443;NEOPLASIA MALIGNA;80003;PELE DE OUTRAS PARTES DA FACE;C443;;;;;false;HISTOLOGIA DO TUMOR PRIMÁRIO;SEM INFORMAÇÃO;;;;;CÂNCER;01/08/2015;;05/02/2015;;
1349438;RCBP RORAIMA;FEMININO;23/12/1924;90;PARDA;BRASIL;BAHIA;ABARÉ;SEM ESCOLARIDADE;VIÚVO;622;TRABALHADORES AGRÍCOLAS   	;RORAIMA;CAROEBE;CARDIA, SOE;C160;NEOPLASIA MALIGNA;80003;CARDIA;C160;;;;;false;HISTOLOGIA DO TUMOR PRIMÁRIO;SEM INFORMAÇÃO;;;;;CÂNCER;16/06/2015;;27/01/2015;;
1349439;RCBP RORAIMA;FEMININO;26/02/1950;65;PRETA;BRASIL;RORAIMA;CANTÁ;SEM ESCOLARIDADE;CASADO;622;TRABALHADORES AGRÍCOLAS   	;RORAIMA;BOA VISTA;PULMAO, SOE;C349;NEOPLASIA MALIGNA;80003;BRONQUIOS OU PULMOES, SOE;C349;;;;;false;HISTOLOGIA DO TUMOR PRIMÁRIO;LOCALIZADO;;;;;CÂNCER;27/08/2015;;15/03/2015;;
1349441;RCBP RORAIMA;FEMININO;10/09/1964;50;PARDA;BRASIL;MARANHÃO;ALTAMIRA DO MARANHÃO;FUNDAMENTAL II (5ª A 8ª SÉRIE);SEM INFORMAÇÃO;0;SEM INFORMAÇÃO	;RORAIMA;BOA VISTA;UTERO, SOE;C559;NEOPLASIA MALIGNA;80003;UTERO, SOE;C55;;;;;false;HISTOLOGIA DO TUMOR PRIMÁRIO;LOCALIZADO;;;;;CÂNCER;15/06/2015;;18/01/2015;;
1349443;RCBP RORAIMA;MASCULINO;12/12/1958;56;PARDA;BRASIL;Não informado;;SEM ESCOLARIDADE;UNIÃO CONSENSUAL;622;TRABALHADORES AGRÍCOLAS   	;RORAIMA;MUCAJAÍ;BRONQUIO PRINCIPAL;C340;NEOPLASIA MALIGNA;80003;BRONQUIO PRINCIPAL;C340;;;;;false;HISTOLOGIA DO TUMOR PRIMÁRIO;LOCALIZADO;;;;;CÂNCER;19/04/2015;;03/02/2015;;
1349444;RCBP RORAIMA;MASCULINO;05/10/1953;61;PARDA;BRASIL;Não informado;;FUNDAMENTAL II (5ª A 8ª SÉRIE);CASADO;342;TÉCNICOS EM TRANSPORTES (LOGÍSTICA)   	;RORAIMA;BOA VISTA;RIM, SOE;C649;NEOPLASIA MALIGNA;80003;RIM;C64;;;;;false;HISTOLOGIA DO TUMOR PRIMÁRIO;SEM INFORMAÇÃO;;;;;CÂNCER;16/03/2015;;02/01/2015;;
685661;RCBP RORAIMA;MASCULINO;07/11/1931;83;PRETA;BRASIL;SÃO PAULO;OURINHOS;SEM INFORMAÇÃO;SEPARADO JUDICIALMENTE;0;SEM INFORMAÇÃO	;RORAIMA;BOA VISTA;PROSTATA, SOE;C619;NEOPLASIA MALIGNA;80003;PROSTATA;C61;;;;;false;HISTOLOGIA DO TUMOR PRIMÁRIO;SEM INFORMAÇÃO;;;;;CÂNCER;19/04/2015;;22/01/2015;;
1159998;RCBP RORAIMA;MASCULINO;10/03/1946;68;BRANCO;BRASIL;SÃO PAULO;SÃO PAULO;FUNDAMENTAL II (5ª A 8ª SÉRIE);UNIÃO CONSENSUAL;0;SEM INFORMAÇÃO	;RORAIMA;CANTÁ;BEXIGA, SOE;C679;NEOPLASIA MALIGNA;80003;BEXIGA, SOE;C679;;;;;false;HISTOLOGIA DO TUMOR PRIMÁRIO;SEM INFORMAÇÃO;;;;;CÂNCER;01/05/2015;;31/01/2015;;
1349449;RCBP RORAIMA;MASCULINO;01/05/1999;15;PARDA;BRASIL;AMAZONAS;MANAUS;FUNDAMENTAL II (5ª A 8ª SÉRIE);SOLTEIRO;0;SEM INFORMAÇÃO	;RORAIMA;BOA VISTA;ENCEFALO, SOE;C719;NEOPLASIA MALIGNA;80003;ENCEFALO, SOE;C719;Neoplasias intracranianas e intra-espinhais não especificadas;III-F;NEOPLASIAS INTRACRANIANAS E INTRAESPINAIS NÃO-ESPECÍFICAS;3.6;false;HISTOLOGIA DO TUMOR PRIMÁRIO;SEM INFORMAÇÃO;;;;;CÂNCER;11/03/2015;;06/01/2015;;
1349433;RCBP RORAIMA;FEMININO;23/06/1989;25;BRANCO;BRASIL;RORAIMA;BONFIM;MÉDIO (ANTIGO SEGUNDO GRAU);CASADO;0;SEM INFORMAÇÃO	;RORAIMA;BOA VISTA;TECIDOS MOLES, SOE;C499;NEOPLASIA MALIGNA;80003;NEOPLASIA MALIGNA DE TECIDOS MOLES;C499;;;NEOPLASIAS MALIGNAS INESPECÍFICAS;10.1;false;HISTOLOGIA DO TUMOR PRIMÁRIO;SEM INFORMAÇÃO;;;;;CÂNCER;05/04/2015;;03/01/2015;;
1349423;RCBP RORAIMA;MASCULINO;29/09/1939;75;PARDA;BRASIL;AMAZONAS;BARCELOS;MÉDIO (ANTIGO SEGUNDO GRAU);CASADO;622;TRABALHADORES AGRÍCOLAS   	;RORAIMA;CARACARAÍ;LESAO SOBREPOSTA DO PULMAO;C348;NEOPLASIA MALIGNA;80003;LESAO INVASIVA DOS BRONQUIOS E DOS PULMOES;C348;;;;;false;HISTOLOGIA DO TUMOR PRIMÁRIO;SEM INFORMAÇÃO;;;;;CÂNCER;22/11/2015;;08/02/2015;;
1349427;RCBP RORAIMA;MASCULINO;11/01/1932;83;BRANCO;BRASIL;PIAUÍ;SÃO PEDRO DO PIAUÍ;FUNDAMENTAL II (5ª A 8ª SÉRIE);SEM INFORMAÇÃO;0;SEM INFORMAÇÃO	;RORAIMA;BOA VISTA;LOCALIZACAO PRIMARIA DESCONHECIDA, SOE;C809;NEOPLASIA MALIGNA;80003;LOCALIZACAO PRIMARIA DESCONHECIDA;C80;;;;;false;HISTOLOGIA DO TUMOR PRIMÁRIO;LOCALIZADO;;;;;CÂNCER;18/09/2015;;25/01/2015;;
1349437;RCBP RORAIMA;FEMININO;09/11/1959;55;SEM INFORMAÇÃO;VENEZUELA;Não informado;Não Informado;MÉDIO (ANTIGO SEGUNDO GRAU);VIÚVO;0;SEM INFORMAÇÃO	;RORAIMA;BOA VISTA;COLO DO UTERO, SOE;C539;NEOPLASIA MALIGNA;80003;COLO DO UTERO, SOE;C539;;;;;false;HISTOLOGIA DO TUMOR PRIMÁRIO;LOCALIZADO;;;;;CÂNCER;23/11/2015;;15/01/2015;;
1349440;RCBP RORAIMA;FEMININO;19/08/1951;63;PARDA;BRASIL;Não informado;;FUNDAMENTAL II (5ª A 8ª SÉRIE);CASADO;;;RORAIMA;BOA VISTA;ECTOCERVIX;C531;NEOPLASIA MALIGNA;80003;ECTOCERVIX;C531;;;;;false;HISTOLOGIA DO TUMOR PRIMÁRIO;SEM INFORMAÇÃO;;;;;CÂNCER;17/04/2015;;18/01/2015;;
1349442;RCBP RORAIMA;MASCULINO;10/05/1946;68;BRANCO;BRASIL;Não informado;;FUNDAMENTAL II (5ª A 8ª SÉRIE);CASADO;622;TRABALHADORES AGRÍCOLAS   	;RORAIMA;BOA VISTA;LOCALIZACAO PRIMARIA DESCONHECIDA, SOE;C809;NEOPLASIA MALIGNA;80003;LOCALIZACAO PRIMARIA DESCONHECIDA;C80;;;;;false;HISTOLOGIA DO TUMOR PRIMÁRIO;SEM INFORMAÇÃO;;;;;CÂNCER;19/10/2015;;01/03/2015;;
747563;RCBP RORAIMA;FEMININO;08/09/1974;41;BRANCO;BRASIL;AMAZONAS;MANAUS;SUPERIOR COMPLETO;SOLTEIRO;261;PROFISSIONAIS DA COMUNICAÇÃO E DA INFORMAÇÃO  	;RORAIMA;BOA VISTA;MAMA , SOE;C509;CARCINOMA DUCTAL INFILTRANTE;85003;MAMA , SOE;C509;;;;;false;HISTOLOGIA DO TUMOR PRIMÁRIO;METÁSTASE;;;;;;;;15/09/2015;;
1694159;RCBP RORAIMA;FEMININO;05/03/1948;66;BRANCO;BRASIL;RORAIMA;BOA VISTA;FUNDAMENTAL II (5ª A 8ª SÉRIE);SOLTEIRO;;;RORAIMA;BOA VISTA;PELE DO LABIO, SOE;C440;CARCINOMA BASOCELULAR, SOE;80903;PELE DO LABIO;C440;;;;;false;HISTOLOGIA DO TUMOR PRIMÁRIO;LOCALIZADO;;;;;;;;08/01/2015;;
1694167;RCBP RORAIMA;MASCULINO;13/12/1943;72;BRANCO;BRASIL;CEARÁ;ITAPIPOCA;MÉDIO (ANTIGO SEGUNDO GRAU);VIÚVO;0;SEM INFORMAÇÃO	;RORAIMA;BOA VISTA;PELE, SOE;C449;CARCINOMA BASOCELULAR, SOE;80903;NEOPLASIA MALIGNA DA PELE;C449;;;;;false;HISTOLOGIA DO TUMOR PRIMÁRIO;LOCALIZADO;;;;;;;;27/12/2015;;
1694169;RCBP RORAIMA;MASCULINO;15/07/1951;64;PARDA;BRASIL;MARANHÃO;;MÉDIO (ANTIGO SEGUNDO GRAU);CASADO;0;SEM INFORMAÇÃO	;RORAIMA;BOA VISTA;PROSTATA, SOE;C619;ADENOCARCINOMA, SOE;81403;PROSTATA;C61;;;;;false;HISTOLOGIA DO TUMOR PRIMÁRIO;METÁSTASE;;;;;;;;01/10/2015;;
1694170;RCBP RORAIMA;FEMININO;15/12/1939;75;INDÍGENA;BRASIL;RORAIMA;NORMANDIA;SEM ESCOLARIDADE;VIÚVO;0;SEM INFORMAÇÃO	;RORAIMA;BOA VISTA;PELE DE OUTRAS PARTES DA FACE;C443;CARCINOMA BASOCELULAR, SOE;80903;PELE DE OUTRAS PARTES DA FACE;C443;;;;;false;HISTOLOGIA DO TUMOR PRIMÁRIO;LOCALIZADO;;;;;;;;15/01/2015;;
1349425;RCBP RORAIMA;MASCULINO;02/06/1953;61;PRETA;BRASIL;RORAIMA;BOA VISTA;SEM ESCOLARIDADE;SOLTEIRO;622;TRABALHADORES AGRÍCOLAS   	;RORAIMA;BOA VISTA;MEDULA OSSEA;C421;MIELOMA MULTIPLO;97323;MIELOMA MULTIPLO;C900;;;;;false;HISTOLOGIA DO TUMOR PRIMÁRIO;NÃO SE APLICA;;;;;CÂNCER;03/05/2015;;08/01/2015;;
1694182;RCBP RORAIMA;FEMININO;02/11/1979;36;INDÍGENA;BRASIL;RORAIMA;BOA VISTA;SUPERIOR COMPLETO;CASADO;0;SEM INFORMAÇÃO	;RORAIMA;BOA VISTA;COLO DO UTERO, SOE;C539;CARCINOMA ESCAMOCELULAR, SOE;80703;COLO DO UTERO, SOE;C539;;;;;false;HISTOLOGIA DO TUMOR PRIMÁRIO;METÁSTASE;;;;;CÂNCER;06/02/2018;;26/11/2015;;
1694183;RCBP RORAIMA;MASCULINO;03/02/1940;75;BRANCO;BRASIL;MARANHÃO;TUNTUM;FUNDAMENTAL II (5ª A 8ª SÉRIE);CASADO;0;SEM INFORMAÇÃO	;RORAIMA;BOA VISTA;PELE, SOE;C449;CARCINOMA BASOCELULAR, SOE;80903;NEOPLASIA MALIGNA DA PELE;C449;;;;;false;HISTOLOGIA DO TUMOR PRIMÁRIO;LOCALIZADO;;;;;CÂNCER;18/01/2020;;13/10/2015;;
1694186;RCBP RORAIMA;FEMININO;16/01/1977;38;BRANCO;BRASIL;RIO GRANDE DO NORTE;FLORÂNIA;SUPERIOR COMPLETO;SOLTEIRO;322;TÉCNICOS DA CIÊNCIA DA SAÚDE HUMANA 	;RORAIMA;BOA VISTA;PELE, SOE;C449;MELANOMA   "IN SITU";87202;MELANOMA "IN SITU", SOE;D039;;;;;false;HISTOLOGIA DO TUMOR PRIMÁRIO;"IN SITU";;;;;;;;13/10/2015;;
1694189;RCBP RORAIMA;FEMININO;01/06/1998;16;PARDA;BRASIL;Não informado;Não Informado;FUNDAMENTAL II (5ª A 8ª SÉRIE);SEM INFORMAÇÃO;0;SEM INFORMAÇÃO	;RORAIMA;BOA VISTA;COLO DO UTERO, SOE;C539;NEOPLASIA INTRA-EPITELIAL ESCAMOSA,GRAU IIII;80772;COLO DO UTERO, SOE;D069;Outros carcinomas malignos não especificados;XI-F;;;true;CITOLOGIA;"IN SITU";;;;;;;;25/03/2015;;
1694192;RCBP RORAIMA;FEMININO;01/12/1978;36;INDÍGENA;BRASIL;Não informado;Não Informado;FUNDAMENTAL I (1ª A 4ª SÉRIE);SEM INFORMAÇÃO;0;SEM INFORMAÇÃO	;RORAIMA;BOA VISTA;COLO DO UTERO, SOE;C539;NEOPLASIA INTRA-EPITELIAL ESCAMOSA,GRAU IIII;80772;COLO DO UTERO, SOE;D069;;;;;false;CITOLOGIA;"IN SITU";;;;;;;;09/10/2015;;
1694204;RCBP RORAIMA;FEMININO;11/06/1992;22;PARDA;BRASIL;Não informado;Não Informado;MÉDIO (ANTIGO SEGUNDO GRAU);SEM INFORMAÇÃO;0;SEM INFORMAÇÃO	;RORAIMA;BOA VISTA;COLO DO UTERO, SOE;C539;NEOPLASIA INTRA-EPITELIAL ESCAMOSA,GRAU IIII;80772;COLO DO UTERO, SOE;D069;;;;;false;CITOLOGIA;"IN SITU";;;;;;;;27/01/2015;;
1694210;RCBP RORAIMA;FEMININO;10/09/1990;25;PARDA;BRASIL;Não informado;Não Informado;FUNDAMENTAL I (1ª A 4ª SÉRIE);SEM INFORMAÇÃO;0;SEM INFORMAÇÃO	;RORAIMA;BOA VISTA;COLO DO UTERO, SOE;C539;NEOPLASIA INTRA-EPITELIAL ESCAMOSA,GRAU IIII;80772;COLO DO UTERO, SOE;D069;;;;;false;CITOLOGIA;"IN SITU";;;;;;;;18/09/2015;;
1694211;RCBP RORAIMA;FEMININO;09/05/1990;24;PARDA;BRASIL;Não informado;Não Informado;FUNDAMENTAL I (1ª A 4ª SÉRIE);SEM INFORMAÇÃO;0;SEM INFORMAÇÃO	;RORAIMA;BOA VISTA;COLO DO UTERO, SOE;C539;NEOPLASIA INTRA-EPITELIAL ESCAMOSA,GRAU IIII;80772;COLO DO UTERO, SOE;D069;;;;;false;CITOLOGIA;"IN SITU";;;;;;;;25/02/2015;;
1694213;RCBP RORAIMA;FEMININO;09/01/1940;75;INDÍGENA;BRASIL;RORAIMA;;SEM INFORMAÇÃO;SOLTEIRO;0;SEM INFORMAÇÃO	;RORAIMA;BOA VISTA;PELE DE OUTRAS PARTES DA FACE;C443;CARCINOMA BASOCELULAR, SOE;80903;PELE DE OUTRAS PARTES DA FACE;C443;;;;;false;HISTOLOGIA DO TUMOR PRIMÁRIO;SEM INFORMAÇÃO;;;;;;;;31/03/2015;;
1694215;RCBP RORAIMA;FEMININO;01/06/1992;23;PARDA;BRASIL;TOCANTINS;;MÉDIO (ANTIGO SEGUNDO GRAU);SOLTEIRO;0;SEM INFORMAÇÃO	;RORAIMA;BOA VISTA;COLO DO UTERO, SOE;C539;CARCINOMA ESC. DE CEL. GDES., NAO CERAT., SOE;80723;COLO DO UTERO, SOE;C539;;;CARCINOMA DE ÚTERO E CÉRVIX;8.5.4;false;HISTOLOGIA DO TUMOR PRIMÁRIO;SEM INFORMAÇÃO;;;;;;;;04/11/2015;;
1694223;RCBP RORAIMA;FEMININO;11/04/1984;31;PARDA;BRASIL;Não informado;Não Informado;FUNDAMENTAL II (5ª A 8ª SÉRIE);SEM INFORMAÇÃO;;;RORAIMA;BOA VISTA;COLO DO UTERO, SOE;C539;NEOPLASIA INTRA-EPITELIAL ESCAMOSA,GRAU IIII;80772;COLO DO UTERO, SOE;D069;;;;;false;CITOLOGIA;"IN SITU";;;;;;;;24/08/2015;;
1694227;RCBP RORAIMA;FEMININO;20/07/1966;48;PARDA;BRASIL;RORAIMA;BOA VISTA;SEM INFORMAÇÃO;SEM INFORMAÇÃO;0;SEM INFORMAÇÃO	;RORAIMA;BOA VISTA;TECIDOS MOLES DO MEMBRO INFERIOR E QUADRIL;C492;SARCOMA  EPITELIOIDE;88043;TECIDOS MOLES DO MEMBRO INFERIOR E QUADRIL;C492;;;;;false;HISTOLOGIA DO TUMOR PRIMÁRIO;METÁSTASE;;;;;;;;09/03/2015;;
1694245;RCBP RORAIMA;FEMININO;26/04/1985;30;PARDA;BRASIL;Não informado;Não Informado;FUNDAMENTAL II (5ª A 8ª SÉRIE);SEM INFORMAÇÃO;;;RORAIMA;BOA VISTA;COLO DO UTERO, SOE;C539;NEOPLASIA INTRA-EPITELIAL ESCAMOSA,GRAU IIII;80772;COLO DO UTERO, SOE;D069;;;;;false;CITOLOGIA;"IN SITU";;;;;;;;23/07/2015;;
1694251;RCBP RORAIMA;FEMININO;24/07/1956;58;PARDA;BRASIL;AMAZONAS;;FUNDAMENTAL I (1ª A 4ª SÉRIE);CASADO;519;OUTROS TRABALHADORES DE SERVIÇOS DIVERSOS 	;RORAIMA;BOA VISTA;MAMA , SOE;C509;CARCINOMA, SOE;80103;MAMA , SOE;C509;;;;;false;HISTOLOGIA DO TUMOR PRIMÁRIO;METÁSTASE;;;;;;;;29/04/2015;;
1694256;RCBP RORAIMA;MASCULINO;05/02/1972;43;BRANCO;BRASIL;MARANHÃO;;MÉDIO (ANTIGO SEGUNDO GRAU);CASADO;322;TÉCNICOS DA CIÊNCIA DA SAÚDE HUMANA 	;RORAIMA;BOA VISTA;PELE DO TRONCO;C445;CARCINOMA BASOCELULAR, SOE;80903;PELE DO TRONCO;C445;;;;;false;HISTOLOGIA DO TUMOR PRIMÁRIO;LOCALIZADO;;;;;;;;27/07/2015;;
1694258;RCBP RORAIMA;MASCULINO;02/12/1946;68;BRANCO;BRASIL;CEARÁ;;FUNDAMENTAL I (1ª A 4ª SÉRIE);SEPARADO JUDICIALMENTE;;;RORAIMA;BOA VISTA;PELE DE OUTRAS PARTES DA FACE;C443;CARCINOMA BASOCELULAR, SOE;80903;PELE DE OUTRAS PARTES DA FACE;C443;;;;;false;HISTOLOGIA DO TUMOR PRIMÁRIO;LOCALIZADO;;;;;;;;11/02/2015;;
1694262;RCBP RORAIMA;MASCULINO;;52;SEM INFORMAÇÃO;BRASIL;Não informado;Não Informado;SEM INFORMAÇÃO;SEM INFORMAÇÃO;0;SEM INFORMAÇÃO	;RORAIMA;BOA VISTA;PELE, SOE;C449;CARCINOMA ESCAMOCELULAR, SOE;80703;NEOPLASIA MALIGNA DA PELE;C449;;;;;false;HISTOLOGIA DO TUMOR PRIMÁRIO;SEM INFORMAÇÃO;;;;;;;;01/04/2015;;
1694265;RCBP RORAIMA;MASCULINO;03/07/1967;48;PARDA;BRASIL;AMAZONAS;;FUNDAMENTAL I (1ª A 4ª SÉRIE);SEM INFORMAÇÃO;782;CONDUTORES DE VEÍCULOS E OPERADORES DE EQUIPAMENTOS DE ELEVAÇÃO E DE MOVIMENTAÇÃO DE CARGAS   	;RORAIMA;BOA VISTA;PELE DO MEMBRO SUPERIOR E DO OMBRO;C446;CARCINOMA BASOCELULAR, SOE;80903;PELE DO MEMBRO SUPERIOR E DO OMBRO;C446;;;;;false;HISTOLOGIA DO TUMOR PRIMÁRIO;LOCALIZADO;;;;;;;;02/11/2015;;
1694269;RCBP RORAIMA;FEMININO;10/06/1945;70;PARDA;BRASIL;MARANHÃO;TIMBIRAS;SEM INFORMAÇÃO;SEPARADO JUDICIALMENTE;0;SEM INFORMAÇÃO	;RORAIMA;BOA VISTA;RIM, SOE;C649;CARCINOMA DE CELULAS RENAIS, SOE;83123;RIM;C64;;;;;false;HISTOLOGIA DO TUMOR PRIMÁRIO;SEM INFORMAÇÃO;;;;;;;;01/10/2015;;
1694273;RCBP RORAIMA;MASCULINO;14/07/1942;73;BRANCO;BRASIL;MARANHÃO;;FUNDAMENTAL I (1ª A 4ª SÉRIE);CASADO;622;TRABALHADORES AGRÍCOLAS   	;RORAIMA;BOA VISTA;MEDULA OSSEA;C421;LEUCEMIA MIELOIDE AGUDA, SOE;98613;LEUCEMIA MIELOIDE AGUDA;C920;;;;;false;HISTOLOGIA DO TUMOR PRIMÁRIO;NÃO SE APLICA;;;;;CÂNCER;19/01/2016;;13/08/2015;;
1694274;RCBP RORAIMA;MASCULINO;05/08/1944;71;PARDA;BRASIL;ALAGOAS;;FUNDAMENTAL II (5ª A 8ª SÉRIE);CASADO;0;SEM INFORMAÇÃO	;RORAIMA;BOA VISTA;BEXIGA, SOE;C679;CARCINOMA PAPILAR DE CELULAS TRANSICIONAIS;81303;BEXIGA, SOE;C679;;;;;false;HISTOLOGIA DO TUMOR PRIMÁRIO;SEM INFORMAÇÃO;;;;;;;;06/11/2015;;
1349445;RCBP RORAIMA;MASCULINO;18/06/1956;58;PARDA;BRASIL;RORAIMA;BONFIM;SEM ESCOLARIDADE;SOLTEIRO;622;TRABALHADORES AGRÍCOLAS   	;RORAIMA;BOA VISTA;MEDULA OSSEA;C421;LEUCEMIA, SOE;98003;LEUCEMIA NAO ESPECIFICADA;C959;;;;;false;HISTOLOGIA DO TUMOR PRIMÁRIO;NÃO SE APLICA;;;;;CÂNCER;10/08/2015;;22/01/2015;;
1349446;RCBP RORAIMA;MASCULINO;07/11/1931;83;BRANCO;BRASIL;Não informado;;SEM INFORMAÇÃO;SEPARADO JUDICIALMENTE;0;SEM INFORMAÇÃO	;RORAIMA;BOA VISTA;PROSTATA, SOE;C619;NEOPLASIA MALIGNA;80003;PROSTATA;C61;;;;;false;SDO;SEM INFORMAÇÃO;SEM INFORMAÇÃO;99 - SEM INFORMAÇÃO;999;MORTO;CÂNCER;19/04/2015;19/04/2015;19/04/2015;;
1349422;RCBP RORAIMA;MASCULINO;18/12/1943;71;BRANCO;BRASIL;PARAÍBA;SOUSA;FUNDAMENTAL I (1ª A 4ª SÉRIE);CASADO;0;SEM INFORMAÇÃO	;RORAIMA;BOA VISTA;PROSTATA, SOE;C619;NEOPLASIA MALIGNA;80003;PROSTATA;C61;;;;;false;HISTOLOGIA DO TUMOR PRIMÁRIO;SEM INFORMAÇÃO;;;;;CÂNCER;16/04/2015;;18/01/2015;;
1694284;RCBP RORAIMA;FEMININO;22/05/1984;30;SEM INFORMAÇÃO;BRASIL;Não informado;Não Informado;SUPERIOR COMPLETO;SEM INFORMAÇÃO;0;SEM INFORMAÇÃO	;RORAIMA;BOA VISTA;COLO DO UTERO, SOE;C539;NEOPLASIA INTRA-EPITELIAL ESCAMOSA,GRAU IIII;80772;COLO DO UTERO, SOE;D069;;;;;false;CITOLOGIA;"IN SITU";;;;;;;;04/02/2015;;
1694285;RCBP RORAIMA;MASCULINO;04/12/1946;68;SEM INFORMAÇÃO;BRASIL;RORAIMA;;FUNDAMENTAL I (1ª A 4ª SÉRIE);CASADO;622;TRABALHADORES AGRÍCOLAS   	;RORAIMA;BOA VISTA;PALATO DURO;C050;CARCINOMA ESCAMOCELULAR, SOE;80703;PALATO DURO;C050;;;;;false;HISTOLOGIA DO TUMOR PRIMÁRIO;SEM INFORMAÇÃO;;;;;;;;18/05/2015;;
1694291;RCBP RORAIMA;FEMININO;07/01/1933;82;SEM INFORMAÇÃO;BRASIL;MARANHÃO;;SEM ESCOLARIDADE;SOLTEIRO;622;TRABALHADORES AGRÍCOLAS   	;RORAIMA;BOA VISTA;PELE DO MEMBRO SUPERIOR E DO OMBRO;C446;CARCINOMA BASOCELULAR, SOE;80903;PELE DO MEMBRO SUPERIOR E DO OMBRO;C446;;;;;false;HISTOLOGIA DO TUMOR PRIMÁRIO;METÁSTASE;;;;;NÃO CÂNCER;24/08/2018;;24/02/2015;;
1694292;RCBP RORAIMA;FEMININO;01/08/1943;71;SEM INFORMAÇÃO;BRASIL;MINAS GERAIS;CAMPINA VERDE;SEM INFORMAÇÃO;SEM INFORMAÇÃO;0;SEM INFORMAÇÃO	;RORAIMA;PACARAIMA;OUVIDO EXTERNO;C442;CARCINOMA BASOCELULAR, SOE;80903;PELE DA ORELHA E CONDUTO AUDITIVO EXTERNO;C442;;;;;false;HISTOLOGIA DO TUMOR PRIMÁRIO;SEM INFORMAÇÃO;;;;;;;;29/01/2015;;
1694293;RCBP RORAIMA;FEMININO;15/01/1945;70;SEM INFORMAÇÃO;BRASIL;RORAIMA;PACARAIMA;SEM INFORMAÇÃO;SEM INFORMAÇÃO;;;RORAIMA;PACARAIMA;PELE DE OUTRAS PARTES DA FACE;C443;CARCINOMA BASOCELULAR, SOE;80903;PELE DE OUTRAS PARTES DA FACE;C443;;;;;false;HISTOLOGIA DO TUMOR PRIMÁRIO;SEM INFORMAÇÃO;;;;;;;;21/09/2015;;
1694295;RCBP RORAIMA;FEMININO;12/11/1961;53;INDÍGENA;BRASIL;RORAIMA;CARACARAÍ;FUNDAMENTAL I (1ª A 4ª SÉRIE);SEM INFORMAÇÃO;0;SEM INFORMAÇÃO	;RORAIMA;BOA VISTA;COLO DO UTERO, SOE;C539;NEOPLASIA INTRA-EPITELIAL ESCAMOSA,GRAU IIII;80772;COLO DO UTERO, SOE;D069;;;;;false;CITOLOGIA;"IN SITU";;;;;CÂNCER;18/10/2020;;28/01/2015;;
1349424;RCBP RORAIMA;MASCULINO;10/04/1981;33;BRANCO;BRASIL;Não informado;;SUPERIOR COMPLETO;CASADO;521;VENDEDORES E DEMONSTRADORES   	;RORAIMA;BOA VISTA;BRONQUIO PRINCIPAL;C340;NEOPLASIA MALIGNA;80003;BRONQUIO PRINCIPAL;C340;;;;;false;HISTOLOGIA DO TUMOR PRIMÁRIO;SEM INFORMAÇÃO;;;;;CÂNCER;21/03/2015;;15/03/2015;;
777052;RCBP RORAIMA;MASCULINO;31/12/1936;78;SEM INFORMAÇÃO;BRASIL;RORAIMA;BOA VISTA;SEM INFORMAÇÃO;CASADO;0;SEM INFORMAÇÃO	;RORAIMA;BOA VISTA;PELE DE OUTRAS PARTES DA FACE;C443;CARCINOMA BASOCELULAR, SOE;80903;PELE DE OUTRAS PARTES DA FACE;C443;;;;;false;HISTOLOGIA DO TUMOR PRIMÁRIO;SEM INFORMAÇÃO;;;;;CÂNCER;28/02/2019;;14/04/2015;;
1349426;RCBP RORAIMA;FEMININO;22/01/1952;63;PARDA;BRASIL;RORAIMA;BOA VISTA;FUNDAMENTAL I (1ª A 4ª SÉRIE);CASADO;0;SEM INFORMAÇÃO	;RORAIMA;BOA VISTA;CEREBELO, SOE;C716;NEOPLASIA MALIGNA;80003;CEREBELO;C716;;;;;false;HISTOLOGIA DO TUMOR PRIMÁRIO;LOCALIZADO;;;;;CÂNCER;20/08/2015;;02/02/2015;;
1349429;RCBP RORAIMA;MASCULINO;06/03/1931;83;PARDA;BRASIL;Não informado;;SEM ESCOLARIDADE;CASADO;0;SEM INFORMAÇÃO	;RORAIMA;BOA VISTA;PROSTATA, SOE;C619;NEOPLASIA MALIGNA;80003;PROSTATA;C61;;;;;false;HISTOLOGIA DO TUMOR PRIMÁRIO;SEM INFORMAÇÃO;;;;;CÂNCER;01/07/2015;;22/02/2015;;
1349428;RCBP RORAIMA;MASCULINO;01/01/1940;75;INDÍGENA;BRASIL;RORAIMA;CARACARAÍ;SEM ESCOLARIDADE;VIÚVO;622;TRABALHADORES AGRÍCOLAS   	;RORAIMA;CARACARAÍ;LESAO SOBREPOSTA DA PELE;C448;MELANOMA MALIGNO, SOE;87203;MELANOMA MALIGNO INVASIVO DA PELE;C438;;;;;false;HISTOLOGIA DO TUMOR PRIMÁRIO;SEM INFORMAÇÃO;;;;;CÂNCER;27/04/2015;;01/02/2015;;
1349430;RCBP RORAIMA;FEMININO;26/01/1992;22;BRANCO;BRASIL;RORAIMA;RORAINÓPOLIS;FUNDAMENTAL I (1ª A 4ª SÉRIE);SOLTEIRO;513;TRABALHADORES DOS SERVIÇOS DE HOTELARIA E ALIMENTAÇÃO 	;RORAIMA;BOA VISTA;CEREBRO;C710;NEOPLASIA MALIGNA;80003;CEREBRO;C710;;;NEOPLASIAS INTRACRANIANAS E INTRAESPINAIS NÃO-ESPECÍFICAS;3.6;false;HISTOLOGIA DO TUMOR PRIMÁRIO;LOCALIZADO;;;;;CÂNCER;11/02/2015;;20/01/2015;;
747570;RCBP RORAIMA;MASCULINO;15/06/1934;80;PARDA;BRASIL;RORAIMA;BOA VISTA;FUNDAMENTAL II (5ª A 8ª SÉRIE);VIÚVO;111;MEMBROS SUPERIORES DO PODER LEGISLATIVO, EXECUTIVO E JUDICIÁRIO   	;RORAIMA;PACARAIMA;OLHO, SOE;C699;NEOPLASIA MALIGNA;80003;OLHO, SOE;C699;;;;;false;HISTOLOGIA DO TUMOR PRIMÁRIO;SEM INFORMAÇÃO;;;;;CÂNCER;18/09/2015;;21/03/2015;;
1349432;RCBP RORAIMA;FEMININO;20/12/1937;77;BRANCO;BRASIL;Não informado;;SEM INFORMAÇÃO;SEM INFORMAÇÃO;0;SEM INFORMAÇÃO	;RORAIMA;BOA VISTA;MAMA , SOE;C509;NEOPLASIA MALIGNA;80003;MAMA , SOE;C509;;;;;false;HISTOLOGIA DO TUMOR PRIMÁRIO;SEM INFORMAÇÃO;;;;;CÂNCER;21/11/2015;;22/03/2015;;
1159929;RCBP RORAIMA;FEMININO;19/01/1971;43;PARDA;BRASIL;RORAIMA;BOA VISTA;MÉDIO (ANTIGO SEGUNDO GRAU);CASADO;514;TRABALHADORES NOS SERVIÇOS DE ADMINISTRAÇÃO, CONSERVAÇÃO E MANUTENÇÃO DE EDIFÍCIOS E LOGRADOUROS  	;RORAIMA;BOA VISTA;PELE DO TRONCO;C445;CARCINOMA ESCAMOCELULAR "IN SITU", SOE;80702;PELE DO TRONCO;D045;;;;;false;HISTOLOGIA DO TUMOR PRIMÁRIO;"IN SITU";;;;;;;;02/01/2015;;
1469922;RCBP RORAIMA;FEMININO;12/04/1959;56;BRANCO;BRASIL;RORAIMA;BOA VISTA;SUPERIOR COMPLETO;SEPARADO JUDICIALMENTE;231;PROFESSORES DE NÍVEL SUPERIOR NA EDUCAÇÃO INFANTIL E NO ENSINO FUNDAMENTAL	;RORAIMA;PACARAIMA;PELE DE OUTRAS PARTES DA FACE;C443;CARCINOMA BASOCELULAR, SOE;80903;PELE DE OUTRAS PARTES DA FACE;C443;;;;;false;HISTOLOGIA DO TUMOR PRIMÁRIO;LOCALIZADO;;;;;;;;16/11/2015;;
1469924;RCBP RORAIMA;MASCULINO;05/12/1946;68;BRANCO;BRASIL;RIO GRANDE DO SUL;;FUNDAMENTAL I (1ª A 4ª SÉRIE);CASADO;0;SEM INFORMAÇÃO	;RORAIMA;BOA VISTA;PELE, SOE;C449;CARCINOMA BASOCELULAR, SOE;80903;NEOPLASIA MALIGNA DA PELE;C449;;;;;false;HISTOLOGIA DO TUMOR PRIMÁRIO;SEM INFORMAÇÃO;;;;;;;;25/03/2015;;
1469886;RCBP RORAIMA;MASCULINO;07/08/1982;32;PARDA;BRASIL;Não informado;;FUNDAMENTAL I (1ª A 4ª SÉRIE);UNIÃO CONSENSUAL;622;TRABALHADORES AGRÍCOLAS   	;RORAIMA;CARACARAÍ;FIGADO, SOE;C220;CARCINOMA HEPATOCELULAR, SOE;81703;CARCINOMA DE CELULAS HEPATICAS;C220;;;;;false;HISTOLOGIA DO TUMOR PRIMÁRIO;SEM INFORMAÇÃO;;;;;CÂNCER;23/02/2015;;23/02/2015;;
1469887;RCBP RORAIMA;MASCULINO;14/07/1934;80;BRANCO;BRASIL;Não informado;;FUNDAMENTAL I (1ª A 4ª SÉRIE);CASADO;622;TRABALHADORES AGRÍCOLAS   	;RORAIMA;AMAJARI;ESTOMAGO, SOE;C169;NEOPLASIA MALIGNA;80003;ESTOMAGO, SOE;C169;;;;;false;HISTOLOGIA DO TUMOR PRIMÁRIO;SEM INFORMAÇÃO;;;;;CÂNCER;13/04/2015;;13/04/2015;;
1469888;RCBP RORAIMA;MASCULINO;12/05/1946;68;BRANCO;BRASIL;RIO GRANDE DO SUL;;FUNDAMENTAL I (1ª A 4ª SÉRIE);CASADO;0;SEM INFORMAÇÃO	;RORAIMA;BOA VISTA;PELE DO TRONCO;C445;CARCINOMA BASOCELULAR, TIPO MORFEIA;80923;PELE DO TRONCO;C445;;;;;false;HISTOLOGIA DO TUMOR PRIMÁRIO;LOCALIZADO;;;;;;;;13/03/2015;;
1469892;RCBP RORAIMA;FEMININO;14/05/1943;72;BRANCO;BRASIL;Não informado;;FUNDAMENTAL II (5ª A 8ª SÉRIE);CASADO;0;SEM INFORMAÇÃO	;RORAIMA;BOA VISTA;PULMAO, SOE;C349;NEOPLASIA MALIGNA;80003;BRONQUIOS OU PULMOES, SOE;C349;;;;;false;HISTOLOGIA DO TUMOR PRIMÁRIO;SEM INFORMAÇÃO;;;;;CÂNCER;09/12/2015;;09/12/2015;;
1469899;RCBP RORAIMA;FEMININO;10/01/1954;61;SEM INFORMAÇÃO;BRASIL;Não informado;;MÉDIO (ANTIGO SEGUNDO GRAU);UNIÃO CONSENSUAL;354;TÉCNICOS DE NIVEL MÉDIO EM OPERAÇÕES COMERCIAIS   	;RORAIMA;BOA VISTA;ENDOMETRIO;C541;NEOPLASIA MALIGNA;80003;ENDOMETRIO;C541;;;;;false;HISTOLOGIA DO TUMOR PRIMÁRIO;METÁSTASE;;;;;CÂNCER;25/10/2015;;25/10/2015;;
1469902;RCBP RORAIMA;FEMININO;23/04/1977;38;PARDA;BRASIL;Não informado;;SUPERIOR COMPLETO;SOLTEIRO;0;SEM INFORMAÇÃO	;RORAIMA;BOA VISTA;CEREBRO;C710;NEOPLASIA MALIGNA;80003;CEREBRO;C710;;;;;false;HISTOLOGIA DO TUMOR PRIMÁRIO;SEM INFORMAÇÃO;;;;;CÂNCER;05/08/2015;;05/08/2015;;
1469905;RCBP RORAIMA;MASCULINO;29/05/1924;91;SEM INFORMAÇÃO;BRASIL;Não informado;;FUNDAMENTAL I (1ª A 4ª SÉRIE);SEM INFORMAÇÃO;0;SEM INFORMAÇÃO	;RORAIMA;SÃO LUIZ;FIGADO, SOE;C220;CARCINOMA HEPATOCELULAR, SOE;81703;CARCINOMA DE CELULAS HEPATICAS;C220;;;;;false;HISTOLOGIA DO TUMOR PRIMÁRIO;SEM INFORMAÇÃO;;;;;CÂNCER;05/07/2015;;05/07/2015;;
1469906;RCBP RORAIMA;MASCULINO;17/05/1948;67;PARDA;BRASIL;Não informado;;SEM ESCOLARIDADE;SOLTEIRO;848;TRABALHADORES ARTESANAIS NA  AGROINDÚSTRIA, NA INDÚSTRIA DE ALIMENTOS E DO FUMO   	;RORAIMA;BOA VISTA;FIGADO, SOE;C220;CARCINOMA HEPATOCELULAR, SOE;81703;CARCINOMA DE CELULAS HEPATICAS;C220;;;;;false;HISTOLOGIA DO TUMOR PRIMÁRIO;SEM INFORMAÇÃO;;;;;CÂNCER;20/07/2015;;20/07/2015;;
1469907;RCBP RORAIMA;FEMININO;03/07/1976;38;PARDA;BRASIL;Não informado;;FUNDAMENTAL I (1ª A 4ª SÉRIE);SOLTEIRO;512;TRABALHADORES DOS SERVIÇOS DOMÉSTICOS EM GERAL	;RORAIMA;BOA VISTA;PELVE, SOE;C763;NEOPLASIA MALIGNA;80003;PELVE;C763;;;;;false;HISTOLOGIA DO TUMOR PRIMÁRIO;SEM INFORMAÇÃO;;;;;CÂNCER;05/02/2015;;05/02/2015;;
1469916;RCBP RORAIMA;FEMININO;26/09/1995;19;PARDA;BRASIL;Não informado;Não Informado;MÉDIO (ANTIGO SEGUNDO GRAU);SEM INFORMAÇÃO;0;SEM INFORMAÇÃO	;RORAIMA;BOA VISTA;COLO DO UTERO, SOE;C539;NEOPLASIA INTRA-EPITELIAL ESCAMOSA,GRAU IIII;80772;COLO DO UTERO, SOE;D069;Outros carcinomas malignos não especificados;XI-F;;;true;CITOLOGIA;"IN SITU";;;;;;;;09/01/2015;;
1469913;RCBP RORAIMA;MASCULINO;04/11/2009;5;PARDA;BRASIL;Não informado;;SEM INFORMAÇÃO;SEM INFORMAÇÃO;;;RORAIMA;BOA VISTA;MEDULA OSSEA;C421;LEUCEMIA LINFOBLASTICA DE CELULAS PRECURSORAS,SOE;98353;LEUCEMIA LINFOBLASTICA AGUDA;C910;Leucemias linfóides;I-A;;;false;HISTOLOGIA DO TUMOR PRIMÁRIO;NÃO SE APLICA;;;;;CÂNCER;23/06/2015;;23/06/2015;;
1469917;RCBP RORAIMA;MASCULINO;15/08/1952;62;BRANCO;BRASIL;Não informado;;MÉDIO (ANTIGO SEGUNDO GRAU);CASADO;342;TÉCNICOS EM TRANSPORTES (LOGÍSTICA)   	;RORAIMA;BOA VISTA;PANCREAS, SOE;C259;NEOPLASIA MALIGNA;80003;PANCREAS, SOE;C259;;;;;false;HISTOLOGIA DO TUMOR PRIMÁRIO;SEM INFORMAÇÃO;;;;;CÂNCER;20/05/2015;;20/05/2015;;
1469926;RCBP RORAIMA;FEMININO;17/09/1965;50;BRANCO;BRASIL;ALAGOAS;;FUNDAMENTAL II (5ª A 8ª SÉRIE);CASADO;;;RORAIMA;MUCAJAÍ;PELE DE OUTRAS PARTES DA FACE;C443;CARCINOMA BASOCELULAR, SOE;80903;PELE DE OUTRAS PARTES DA FACE;C443;;;;;false;HISTOLOGIA DO TUMOR PRIMÁRIO;LOCALIZADO;;;;;;;;17/09/2015;;
1349435;RCBP RORAIMA;FEMININO;15/08/1932;82;PARDA;BRASIL;RORAIMA;PACARAIMA;SEM ESCOLARIDADE;CASADO;622;TRABALHADORES AGRÍCOLAS   	;RORAIMA;BOA VISTA;LOCALIZACAO PRIMARIA DESCONHECIDA, SOE;C809;NEOPLASIA MALIGNA;80003;LOCALIZACAO PRIMARIA DESCONHECIDA;C80;;;;;false;HISTOLOGIA DO TUMOR PRIMÁRIO;SEM INFORMAÇÃO;;;;;CÂNCER;26/10/2015;;20/02/2015;;
1349447;RCBP RORAIMA;MASCULINO;01/10/1962;52;SEM INFORMAÇÃO;BRASIL;Não informado;;FUNDAMENTAL I (1ª A 4ª SÉRIE);CASADO;622;TRABALHADORES AGRÍCOLAS   	;RORAIMA;CANTÁ;ESTOMAGO, SOE;C169;NEOPLASIA MALIGNA;80003;ESTOMAGO, SOE;C169;;;;;false;HISTOLOGIA DO TUMOR PRIMÁRIO;METÁSTASE;;;;;CÂNCER;27/05/2015;;27/05/2015;;
1349431;RCBP RORAIMA;FEMININO;30/04/1936;78;BRANCO;BRASIL;MARANHÃO;BACABAL;FUNDAMENTAL II (5ª A 8ª SÉRIE);VIÚVO;0;SEM INFORMAÇÃO	;RORAIMA;BOA VISTA;PULMAO, SOE;C349;NEOPLASIA MALIGNA;80003;BRONQUIOS OU PULMOES, SOE;C349;;;;;false;HISTOLOGIA DO TUMOR PRIMÁRIO;SEM INFORMAÇÃO;;;;;CÂNCER;23/09/2015;;22/01/2015;;
1349448;RCBP RORAIMA;MASCULINO;18/05/1953;61;PARDA;BRASIL;Não informado;;SEM ESCOLARIDADE;UNIÃO CONSENSUAL;622;TRABALHADORES AGRÍCOLAS   	;RORAIMA;BOA VISTA;OROFARINGE, SOE;C109;NEOPLASIA MALIGNA;80003;OROFARINGE, SOE;C109;;;;;false;HISTOLOGIA DO TUMOR PRIMÁRIO;SEM INFORMAÇÃO;;;;;CÂNCER;05/12/2015;;22/03/2015;;
777977;RCBP RORAIMA;FEMININO;20/08/1935;80;BRANCO;BRASIL;PARAÍBA;;FUNDAMENTAL I (1ª A 4ª SÉRIE);SEPARADO JUDICIALMENTE;0;SEM INFORMAÇÃO	;RORAIMA;BOA VISTA;PELE DE OUTRAS PARTES DA FACE;C443;CARCINOMA BASOCELULAR, SOE;80903;PELE DE OUTRAS PARTES DA FACE;C443;;;;;false;HISTOLOGIA DO TUMOR PRIMÁRIO;LOCALIZADO;;;;;;;;02/02/2016;;
1698945;RCBP RORAIMA;FEMININO;12/11/1953;62;PARDA;BRASIL;Não informado;Não Informado;SEM INFORMAÇÃO;SEM INFORMAÇÃO;;;RORAIMA;BOA VISTA;RETO, SOE;C209;NEOPLASIA MALIGNA;80003;RETO;C20;;;;;false;HISTOLOGIA DO TUMOR PRIMÁRIO;LOCALIZADO;;;;;;;;04/10/2016;;
1698949;RCBP RORAIMA;FEMININO;29/01/1963;53;BRANCO;BRASIL;CEARÁ;;FUNDAMENTAL I (1ª A 4ª SÉRIE);CASADO;0;SEM INFORMAÇÃO	;RORAIMA;BONFIM;MAMA , SOE;C509;CARCINOMA DUCTAL INFILTRANTE;85003;MAMA , SOE;C509;;;;;false;HISTOLOGIA DO TUMOR PRIMÁRIO;METÁSTASE;;;;;;;;17/10/2016;;
1695768;RCBP RORAIMA;MASCULINO;12/05/1999;16;PARDA;BRASIL;SERGIPE;ARACAJU;MÉDIO (ANTIGO SEGUNDO GRAU);SOLTEIRO;0;SEM INFORMAÇÃO	;RORAIMA;SÃO JOÃO DA BALIZA;MEDIASTINO, SOE;C383;NEOPLASIA MALIGNA;80003;MEDIASTINO, PORCAO NAO ESPECIFICADA;C383;Outros tumores malignos não especificados;XII-B;NEOPLASIAS MALIGNAS INESPECÍFICAS;10.1;false;HISTOLOGIA DO TUMOR PRIMÁRIO;SEM INFORMAÇÃO;SEM INFORMAÇÃO;99 - SEM INFORMAÇÃO;999;MORTO;CÂNCER;18/08/2016;18/08/2016;10/02/2016;;
1695699;RCBP RORAIMA;MASCULINO;21/04/1981;35;PARDA;Não informado;Não informado;Não Informado;MÉDIO (ANTIGO SEGUNDO GRAU);SOLTEIRO;715;TRABALHADORES DA CONSTRUÇÃO CIVIL E OBRAS PÚBLICAS	;RORAIMA;BOA VISTA;PULMAO, SOE;C349;NEOPLASIA MALIGNA;80003;BRONQUIOS OU PULMOES, SOE;C349;;;;;false;HISTOLOGIA DO TUMOR PRIMÁRIO;METÁSTASE;;;;;;;;20/10/2016;;
1695702;RCBP RORAIMA;FEMININO;25/10/1948;67;BRANCO;BRASIL;AMAZONAS;;SUPERIOR COMPLETO;SEPARADO JUDICIALMENTE;0;SEM INFORMAÇÃO	;RORAIMA;BOA VISTA;MAMA , SOE;C509;CARCINOMA DUCTAL INFILTRANTE;85003;MAMA , SOE;C509;;;;;false;HISTOLOGIA DO TUMOR PRIMÁRIO;SEM INFORMAÇÃO;;;;;;;;30/05/2016;;
1695706;RCBP RORAIMA;FEMININO;25/07/1938;77;BRANCO;BRASIL;PARAÍBA;CAMPINA GRANDE;FUNDAMENTAL I (1ª A 4ª SÉRIE);VIÚVO;0;SEM INFORMAÇÃO	;RORAIMA;BOA VISTA;MAMA , SOE;C509;NEOPLASIA MALIGNA;80003;MAMA , SOE;C509;;;;;false;HISTOLOGIA DO TUMOR PRIMÁRIO;SEM INFORMAÇÃO;SEM INFORMAÇÃO;99 - SEM INFORMAÇÃO;999;MORTO;NÃO CÂNCER;17/01/2016;17/01/2016;02/01/2016;;
1695709;RCBP RORAIMA;FEMININO;20/02/1958;58;PARDA;BRASIL;ESPIRITO SANTO;;FUNDAMENTAL I (1ª A 4ª SÉRIE);SEPARADO JUDICIALMENTE;513;TRABALHADORES DOS SERVIÇOS DE HOTELARIA E ALIMENTAÇÃO 	;RORAIMA;BOA VISTA;LESAO SOBREPOSTA DA MAMA;C508;CARCINOMA DUCTAL INFILTRANTE;85003;LESAO INVASIVA DA MAMA;C508;;;;;false;HISTOLOGIA DO TUMOR PRIMÁRIO;SEM INFORMAÇÃO;;;;;;;;28/09/2016;;
1695712;RCBP RORAIMA;FEMININO;29/04/1978;37;PARDA;BRASIL;RORAIMA;BOA VISTA;MÉDIO (ANTIGO SEGUNDO GRAU);CASADO;0;SEM INFORMAÇÃO	;RORAIMA;BOA VISTA;COLO DO UTERO, SOE;C539;CARCINOMA ESCAMOCELULAR, SOE;80703;COLO DO UTERO, SOE;C539;;;;;false;HISTOLOGIA DO TUMOR PRIMÁRIO;METÁSTASE;;;;;CÂNCER;31/08/2016;;19/02/2016;;
1695725;RCBP RORAIMA;FEMININO;15/11/1955;60;SEM INFORMAÇÃO;BRASIL;RORAIMA;BOA VISTA;SEM INFORMAÇÃO;CASADO;;;RORAIMA;BOA VISTA;ANUS, SOE;C210;NEOPLASIA MALIGNA;80003;ANUS, SOE;C210;;;;;false;HISTOLOGIA DO TUMOR PRIMÁRIO;LOCALIZADO;;;;;;;;04/10/2016;;
1695726;RCBP RORAIMA;FEMININO;26/06/1942;73;PARDA;BRASIL;Não informado;;MÉDIO (ANTIGO SEGUNDO GRAU);SOLTEIRO;111;MEMBROS SUPERIORES DO PODER LEGISLATIVO, EXECUTIVO E JUDICIÁRIO   	;RORAIMA;BOA VISTA;ESTOMAGO, SOE;C169;NEOPLASIA MALIGNA;80003;ESTOMAGO, SOE;C169;;;;;false;HISTOLOGIA DO TUMOR PRIMÁRIO;SEM INFORMAÇÃO;SEM INFORMAÇÃO;99 - SEM INFORMAÇÃO;999;MORTO;CÂNCER;26/12/2016;26/12/2016;30/01/2016;;
1695740;RCBP RORAIMA;MASCULINO;05/05/1969;46;PARDA;BRASIL;RORAIMA;;FUNDAMENTAL I (1ª A 4ª SÉRIE);SOLTEIRO;514;TRABALHADORES NOS SERVIÇOS DE ADMINISTRAÇÃO, CONSERVAÇÃO E MANUTENÇÃO DE EDIFÍCIOS E LOGRADOUROS  	;RORAIMA;BOA VISTA;PELE DO MEMBRO SUPERIOR E DO OMBRO;C446;CARCINOMA BASOCELULAR, SOE;80903;PELE DO MEMBRO SUPERIOR E DO OMBRO;C446;;;;;false;HISTOLOGIA DO TUMOR PRIMÁRIO;SEM INFORMAÇÃO;;;;;;;;31/03/2016;;
1695748;RCBP RORAIMA;MASCULINO;28/04/1965;51;BRANCO;BRASIL;MARANHÃO;;SUPERIOR COMPLETO;CASADO;;;RORAIMA;BOA VISTA;PELE DO COURO CABELUDO E DO PESCOCO;C444;CARCINOMA BASOCELULAR, SOE;80903;PELE DO COURO CABELUDO E DO PESCOCO;C444;;;;;false;HISTOLOGIA DO TUMOR PRIMÁRIO;LOCALIZADO;;;;;;;;23/08/2016;;
1699026;RCBP RORAIMA;FEMININO;06/12/1961;54;PARDA;BRASIL;Não informado;;SEM ESCOLARIDADE;SEPARADO JUDICIALMENTE;342;TÉCNICOS EM TRANSPORTES (LOGÍSTICA)   	;RORAIMA;BOA VISTA;DUODENO;C170;NEOPLASIA MALIGNA;80003;DUODENO;C170;;;;;false;SDO;SEM INFORMAÇÃO;SEM INFORMAÇÃO;99 - SEM INFORMAÇÃO;999;MORTO;CÂNCER;29/01/2016;29/01/2016;29/01/2016;;
1699037;RCBP RORAIMA;FEMININO;31/12/1970;45;PARDA;BRASIL;Não informado;;MÉDIO (ANTIGO SEGUNDO GRAU);SEPARADO JUDICIALMENTE;516;TRABALHADORES NOS SERVIÇOS DE EMBELEZAMENTO E CUIDADOS PESSOAIS   	;RORAIMA;BOA VISTA;OVARIO, SOE;C569;NEOPLASIA MALIGNA;80003;OVARIO;C56;;;;;false;SDO;METÁSTASE;SEM INFORMAÇÃO;99 - SEM INFORMAÇÃO;999;MORTO;CÂNCER;01/08/2016;01/08/2016;01/08/2016;;
1699038;RCBP RORAIMA;FEMININO;27/05/1964;52;BRANCO;BRASIL;PARAÍBA;;MÉDIO (ANTIGO SEGUNDO GRAU);SOLTEIRO;0;SEM INFORMAÇÃO	;RORAIMA;BOA VISTA;MAMA , SOE;C509;CARCINOMA DUCTAL INFILTRANTE;85003;MAMA , SOE;C509;;;;;false;HISTOLOGIA DO TUMOR PRIMÁRIO;SEM INFORMAÇÃO;;;;;;;;13/06/2016;;
1696126;RCBP RORAIMA;FEMININO;10/01/1996;20;PARDA;BRASIL;Não informado;Não Informado;FUNDAMENTAL I (1ª A 4ª SÉRIE);SEM INFORMAÇÃO;;;RORAIMA;BOA VISTA;COLO DO UTERO, SOE;C539;NEOPLASIA INTRA-EPITELIAL ESCAMOSA,GRAU IIII;80772;COLO DO UTERO, SOE;D069;;;;;false;CITOLOGIA;"IN SITU";;;;;;;;10/08/2016;;
1696207;RCBP RORAIMA;MASCULINO;02/08/1955;61;BRANCO;BRASIL;CEARÁ;QUIXERAMOBIM;FUNDAMENTAL II (5ª A 8ª SÉRIE);CASADO;;;RORAIMA;BOA VISTA;PELE DE OUTRAS PARTES DA FACE;C443;CARCINOMA BASOCELULAR, SOE;80903;PELE DE OUTRAS PARTES DA FACE;C443;;;;;false;HISTOLOGIA DO TUMOR PRIMÁRIO;LOCALIZADO;;;;;;;;17/11/2016;;
1696035;RCBP RORAIMA;MASCULINO;27/07/1948;67;BRANCO;BRASIL;Não informado;;FUNDAMENTAL II (5ª A 8ª SÉRIE);CASADO;622;TRABALHADORES AGRÍCOLAS   	;RORAIMA;BOA VISTA;LARINGE, SOE;C329;NEOPLASIA MALIGNA;80003;LARINGE, SOE;C329;;;;;false;HISTOLOGIA DO TUMOR PRIMÁRIO;SEM INFORMAÇÃO;SEM INFORMAÇÃO;99 - SEM INFORMAÇÃO;999;MORTO;CÂNCER;28/11/2016;28/11/2016;28/01/2016;;
1696037;RCBP RORAIMA;FEMININO;23/12/1990;25;PARDA;BRASIL;RORAIMA;;SUPERIOR COMPLETO;SOLTEIRO;0;SEM INFORMAÇÃO	;RORAIMA;BOA VISTA;TIREOIDE, SOE;C739;CARCINOMA PAPILAR, SOE;80503;GLANDULA TIREOIDE;C73;;;CARCINOMA DE TIREÓIDE;8.1;false;HISTOLOGIA DO TUMOR PRIMÁRIO;SEM INFORMAÇÃO;;;;;;;;05/08/2016;;
1696038;RCBP RORAIMA;FEMININO;26/10/1983;32;PARDA;BRASIL;Não informado;Não Informado;FUNDAMENTAL II (5ª A 8ª SÉRIE);SEM INFORMAÇÃO;;;RORAIMA;BOA VISTA;COLO DO UTERO, SOE;C539;NEOPLASIA INTRA-EPITELIAL ESCAMOSA,GRAU IIII;80772;COLO DO UTERO, SOE;D069;;;;;false;CITOLOGIA;"IN SITU";;;;;;;;10/10/2016;;
1696039;RCBP RORAIMA;FEMININO;06/10/1946;70;PARDA;BRASIL;PARÁ;;SEM ESCOLARIDADE;VIÚVO;0;SEM INFORMAÇÃO	;RORAIMA;BOA VISTA;MAMA , SOE;C509;CARCINOMA DUCTAL INFILTRANTE;85003;MAMA , SOE;C509;;;;;false;HISTOLOGIA DO TUMOR PRIMÁRIO;METÁSTASE;;;;;;;;14/11/2016;C76;
1696040;RCBP RORAIMA;FEMININO;11/01/1961;55;PARDA;BRASIL;BAHIA;ALAGOINHAS;FUNDAMENTAL II (5ª A 8ª SÉRIE);SOLTEIRO;763;TRABALHADORES DA CONFECÇÃO DE ROUPAS 	;RORAIMA;BOA VISTA;COLO DO UTERO, SOE;C539;CARCINOMA ESCAMOCELULAR, SOE;80703;COLO DO UTERO, SOE;C539;;;;;false;HISTOLOGIA DO TUMOR PRIMÁRIO;SEM INFORMAÇÃO;;;;;CÂNCER;31/08/2018;;21/01/2016;;
1696136;RCBP RORAIMA;FEMININO;27/08/1978;37;BRANCO;BRASIL;RORAIMA;;FUNDAMENTAL I (1ª A 4ª SÉRIE);SOLTEIRO;0;SEM INFORMAÇÃO	;RORAIMA;BOA VISTA;MEDULA OSSEA;C421;LEUCEMIA MIELOIDE CRONICA, SOE;98633;LEUCEMIA MIELOIDE CRONICA;C921;;;;;false;CITOLOGIA;NÃO SE APLICA;;;;;;;;08/08/2016;;
1696138;RCBP RORAIMA;FEMININO;02/09/1975;40;PARDA;BRASIL;RORAIMA;;MÉDIO (ANTIGO SEGUNDO GRAU);SOLTEIRO;232;PROFESSORES DO ENSINO MÉDIO   	;RORAIMA;BOA VISTA;UTERO, SOE;C559;NEOPLASIA MALIGNA;80003;UTERO, SOE;C55;;;;;false;HISTOLOGIA DO TUMOR PRIMÁRIO;SEM INFORMAÇÃO;SEM INFORMAÇÃO;99 - SEM INFORMAÇÃO;999;MORTO;CÂNCER;29/05/2016;29/05/2016;21/01/2016;;
1696053;RCBP RORAIMA;FEMININO;28/09/1980;35;PARDA;BRASIL;MARANHÃO;PEDREIRAS;FUNDAMENTAL II (5ª A 8ª SÉRIE);CASADO;519;OUTROS TRABALHADORES DE SERVIÇOS DIVERSOS 	;RORAIMA;BOA VISTA;COLO DO UTERO, SOE;C539;CARCINOMA PAPILAR, SOE;80503;COLO DO UTERO, SOE;C539;;;;;false;HISTOLOGIA DO TUMOR PRIMÁRIO;SEM INFORMAÇÃO;;;;;CÂNCER;01/12/2020;;07/03/2016;;
1696069;RCBP RORAIMA;FEMININO;08/11/1977;39;BRANCO;BRASIL;MATO GROSSO ;;SUPERIOR COMPLETO;SOLTEIRO;239;OUTROS PROFISSIONAIS DO ENSINO NÃO CLASSIFICADOS ANTERIORMENTE	;RORAIMA;BOA VISTA;TIREOIDE, SOE;C739;CARCINOMA PAPILAR, SOE;80503;GLANDULA TIREOIDE;C73;;;;;false;HISTOLOGIA DO TUMOR PRIMÁRIO;SEM INFORMAÇÃO;;;;;;;;09/11/2016;;
1696072;RCBP RORAIMA;FEMININO;27/03/1956;60;PARDA;BRASIL;Não informado;Não Informado;FUNDAMENTAL II (5ª A 8ª SÉRIE);SEM INFORMAÇÃO;;;RORAIMA;BOA VISTA;COLO DO UTERO, SOE;C539;NEOPLASIA INTRA-EPITELIAL ESCAMOSA,GRAU IIII;80772;COLO DO UTERO, SOE;D069;;;;;false;CITOLOGIA;"IN SITU";;;;;;;;23/08/2016;;
1696086;RCBP RORAIMA;MASCULINO;11/08/1958;57;INDÍGENA;BRASIL;RORAIMA;;MÉDIO (ANTIGO SEGUNDO GRAU);CASADO;622;TRABALHADORES AGRÍCOLAS   	;RORAIMA;CANTÁ;ENCEFALO, SOE;C719;NEOPLASIA MALIGNA;80003;ENCEFALO, SOE;C719;;;;;false;HISTOLOGIA DO TUMOR PRIMÁRIO;SEM INFORMAÇÃO;SEM INFORMAÇÃO;99 - SEM INFORMAÇÃO;999;MORTO;CÂNCER;12/06/2016;12/06/2016;22/01/2016;;
1696098;RCBP RORAIMA;FEMININO;23/05/1933;82;BRANCO;BRASIL;PIAUÍ;SÃO MIGUEL DO TAPUIO;SEM ESCOLARIDADE;VIÚVO;;;RORAIMA;BOA VISTA;PELE DE OUTRAS PARTES DA FACE;C443;CARCINOMA BASOCELULAR, SOE;80903;PELE DE OUTRAS PARTES DA FACE;C443;;;;;false;HISTOLOGIA DO TUMOR PRIMÁRIO;LOCALIZADO;;;;;;;;05/04/2016;;
1696101;RCBP RORAIMA;FEMININO;02/04/1963;52;PARDA;BRASIL;RORAIMA;;SUPERIOR COMPLETO;SOLTEIRO;239;OUTROS PROFISSIONAIS DO ENSINO NÃO CLASSIFICADOS ANTERIORMENTE	;RORAIMA;CARACARAÍ;PERITONIO, SOE;C482;NEOPLASIA MALIGNA;80003;PERITONIO, SOE;C482;;;;;false;HISTOLOGIA DO TUMOR PRIMÁRIO;METÁSTASE;;;;;;;;25/02/2016;;
1696103;RCBP RORAIMA;FEMININO;22/03/1954;62;PARDA;BRASIL;RORAIMA;BOA VISTA;MÉDIO (ANTIGO SEGUNDO GRAU);CASADO;411;ESCRITURÁRIOS EM GERAL, AGENTES, ASSISTENTES E AUXILIARES ADMINISTRATIVOS 	;RORAIMA;BOA VISTA;MAMA , SOE;C509;CARCINOMA DUCTAL INFILTRANTE;85003;MAMA , SOE;C509;;;;;false;HISTOLOGIA DO TUMOR PRIMÁRIO;SEM INFORMAÇÃO;;;;;;;;10/08/2016;;
1696123;RCBP RORAIMA;MASCULINO;20/05/1950;65;PARDA;BRASIL;Não informado;Não Informado;FUNDAMENTAL II (5ª A 8ª SÉRIE);CASADO;0;SEM INFORMAÇÃO	;RORAIMA;BOA VISTA;ESTOMAGO, SOE;C169;NEOPLASIA MALIGNA;80003;ESTOMAGO, SOE;C169;;;;;false;HISTOLOGIA DO TUMOR PRIMÁRIO;SEM INFORMAÇÃO;SEM INFORMAÇÃO;99 - SEM INFORMAÇÃO;999;MORTO;CÂNCER;21/12/2016;21/12/2016;23/03/2016;;
1696124;RCBP RORAIMA;MASCULINO;12/05/1952;63;BRANCO;BRASIL;Não informado;Não Informado;MÉDIO (ANTIGO SEGUNDO GRAU);SOLTEIRO;622;TRABALHADORES AGRÍCOLAS   	;RORAIMA;MUCAJAÍ;PULMAO, SOE;C349;NEOPLASIA MALIGNA;80003;BRONQUIOS OU PULMOES, SOE;C349;;;;;false;HISTOLOGIA DO TUMOR PRIMÁRIO;METÁSTASE;SEM INFORMAÇÃO;99 - SEM INFORMAÇÃO;999;MORTO;CÂNCER;27/12/2016;27/12/2016;01/03/2016;;
1696127;RCBP RORAIMA;MASCULINO;20/11/1955;60;BRANCO;BRASIL;RORAIMA;BOA VISTA;FUNDAMENTAL II (5ª A 8ª SÉRIE);CASADO;262;PROFISSIONAIS DE ESPETÁCULOS E DAS ARTES  	;RORAIMA;BOA VISTA;ESTOMAGO, SOE;C169;NEOPLASIA MALIGNA;80003;ESTOMAGO, SOE;C169;;;;;false;HISTOLOGIA DO TUMOR PRIMÁRIO;SEM INFORMAÇÃO;SEM INFORMAÇÃO;99 - SEM INFORMAÇÃO;999;MORTO;CÂNCER;02/01/2016;02/01/2016;01/01/2016;;
1696135;RCBP RORAIMA;FEMININO;17/04/1977;39;PARDA;BRASIL;Não informado;Não Informado;SUPERIOR COMPLETO;SEM INFORMAÇÃO;;;RORAIMA;BOA VISTA;COLO DO UTERO, SOE;C539;NEOPLASIA INTRA-EPITELIAL ESCAMOSA,GRAU IIII;80772;COLO DO UTERO, SOE;D069;;;;;false;CITOLOGIA;"IN SITU";;;;;;;;14/12/2016;;
1696151;RCBP RORAIMA;FEMININO;01/11/1936;79;BRANCO;BRASIL;Não informado;;SEM ESCOLARIDADE;CASADO;0;SEM INFORMAÇÃO	;RORAIMA;CAROEBE;PULMAO, SOE;C349;NEOPLASIA MALIGNA;80003;BRONQUIOS OU PULMOES, SOE;C349;;;;;false;SDO;SEM INFORMAÇÃO;SEM INFORMAÇÃO;99 - SEM INFORMAÇÃO;999;MORTO;CÂNCER;18/10/2016;18/10/2016;23/01/2016;;
1696158;RCBP RORAIMA;FEMININO;21/04/1955;60;PARDA;BRASIL;PARÁ;;MÉDIO (ANTIGO SEGUNDO GRAU);SEPARADO JUDICIALMENTE;0;SEM INFORMAÇÃO	;RORAIMA;BOA VISTA;MAMA , SOE;C509;CARCINOMA MEDULAR, SOE;85103;MAMA , SOE;C509;;;;;false;HISTOLOGIA DO TUMOR PRIMÁRIO;SEM INFORMAÇÃO;;;;;;;;29/01/2016;;
1696159;RCBP RORAIMA;MASCULINO;26/08/1946;70;PARDA;BRASIL;AMAZONAS;ANORI;SEM ESCOLARIDADE;CASADO;;;RORAIMA;BOA VISTA;PALPEBRA;C441;CARCINOMA BASOCELULAR, SOE;80903;PELE DA PALPEBRA E CANTO;C441;;;;;false;HISTOLOGIA DO TUMOR PRIMÁRIO;LOCALIZADO;;;;;;;;30/08/2016;;
1696161;RCBP RORAIMA;MASCULINO;10/02/1973;43;BRANCO;BRASIL;MARANHÃO;;FUNDAMENTAL I (1ª A 4ª SÉRIE);CASADO;0;SEM INFORMAÇÃO	;RORAIMA;BOA VISTA;PALPEBRA;C441;CARCINOMA BASOCELULAR, SOE;80903;PELE DA PALPEBRA E CANTO;C441;;;;;false;HISTOLOGIA DO TUMOR PRIMÁRIO;SEM INFORMAÇÃO;;;;;;;;31/10/2016;;
1696169;RCBP RORAIMA;FEMININO;01/05/1935;81;PARDA;BRASIL;RORAIMA;BOA VISTA;FUNDAMENTAL I (1ª A 4ª SÉRIE);VIÚVO;;;RORAIMA;BOA VISTA;PELE DO MEMBRO SUPERIOR E DO OMBRO;C446;CARCINOMA ESCAMOCELULAR, SOE;80703;PELE DO MEMBRO SUPERIOR E DO OMBRO;C446;;;;;false;HISTOLOGIA DO TUMOR PRIMÁRIO;LOCALIZADO;;;;;;;;27/09/2016;;
1696194;RCBP RORAIMA;MASCULINO;12/06/1955;60;PARDA;BRASIL;Não informado;;MÉDIO (ANTIGO SEGUNDO GRAU);SEPARADO JUDICIALMENTE;111;MEMBROS SUPERIORES DO PODER LEGISLATIVO, EXECUTIVO E JUDICIÁRIO   	;RORAIMA;BOA VISTA;ESTOMAGO, SOE;C169;NEOPLASIA MALIGNA;80003;ESTOMAGO, SOE;C169;;;;;false;HISTOLOGIA DO TUMOR PRIMÁRIO;LOCALIZADO;SEM INFORMAÇÃO;99 - SEM INFORMAÇÃO;999;MORTO;CÂNCER;27/09/2016;27/09/2016;23/01/2016;;
1696195;RCBP RORAIMA;FEMININO;31/12/1927;88;SEM INFORMAÇÃO;BRASIL;Não informado;;MÉDIO (ANTIGO SEGUNDO GRAU);VIÚVO;122;DIRETORES DE PRODUÇÃO E OPERAÇÕES 	;RORAIMA;BOA VISTA;COLON, SOE;C189;NEOPLASIA MALIGNA;80003;COLON, SOE;C189;;;;;false;HISTOLOGIA DO TUMOR PRIMÁRIO;SEM INFORMAÇÃO;SEM INFORMAÇÃO;99 - SEM INFORMAÇÃO;999;MORTO;CÂNCER;30/09/2016;30/09/2016;01/02/2016;;
1696197;RCBP RORAIMA;FEMININO;15/08/1962;53;BRANCO;BRASIL;PARÁ;BELÉM;FUNDAMENTAL II (5ª A 8ª SÉRIE);SOLTEIRO;0;SEM INFORMAÇÃO	;RORAIMA;BOA VISTA;MAMA , SOE;C509;NEOPLASIA MALIGNA;80003;MAMA , SOE;C509;;;;;false;HISTOLOGIA DO TUMOR PRIMÁRIO;SEM INFORMAÇÃO;SEM INFORMAÇÃO;99 - SEM INFORMAÇÃO;999;MORTO;CÂNCER;20/11/2016;20/11/2016;13/01/2016;;
1696202;RCBP RORAIMA;MASCULINO;15/05/1953;63;PARDA;BRASIL;MARANHÃO;;FUNDAMENTAL I (1ª A 4ª SÉRIE);CASADO;0;SEM INFORMAÇÃO	;RORAIMA;BOA VISTA;PROSTATA, SOE;C619;ADENOCARCINOMA, SOE;81403;PROSTATA;C61;;;;;false;HISTOLOGIA DO TUMOR PRIMÁRIO;SEM INFORMAÇÃO;;;;;;;;13/12/2016;;
1696203;RCBP RORAIMA;FEMININO;15/01/1966;50;PARDA;BRASIL;Não informado;Não Informado;FUNDAMENTAL II (5ª A 8ª SÉRIE);SEM INFORMAÇÃO;;;RORAIMA;BOA VISTA;COLO DO UTERO, SOE;C539;NEOPLASIA INTRA-EPITELIAL ESCAMOSA,GRAU IIII;80772;COLO DO UTERO, SOE;D069;;;;;false;CITOLOGIA;"IN SITU";;;;;;;;18/11/2016;;
780231;RCBP RORAIMA;MASCULINO;21/03/1932;84;BRANCO;BRASIL;CEARÁ;FORTALEZA;FUNDAMENTAL I (1ª A 4ª SÉRIE);CASADO;622;TRABALHADORES AGRÍCOLAS   	;RORAIMA;BOA VISTA;PELE DO MEMBRO SUPERIOR E DO OMBRO;C446;CARCINOMA ESCAMOCELULAR, SOE;80703;PELE DO MEMBRO SUPERIOR E DO OMBRO;C446;;;;;false;HISTOLOGIA DO TUMOR PRIMÁRIO;LOCALIZADO;;;;;;;;01/04/2016;;
1696241;RCBP RORAIMA;FEMININO;10/04/1971;45;PARDA;BRASIL;RORAIMA;;FUNDAMENTAL I (1ª A 4ª SÉRIE);SEPARADO JUDICIALMENTE;0;SEM INFORMAÇÃO	;RORAIMA;BOA VISTA;COLO DO UTERO, SOE;C539;CARCINOMA ESCAMOSO MICRO-INVASOR;80763;COLO DO UTERO, SOE;C539;;;;;false;HISTOLOGIA DO TUMOR PRIMÁRIO;SEM INFORMAÇÃO;;;;;CÂNCER;30/04/2018;;16/12/2016;;
1696283;RCBP RORAIMA;FEMININO;20/10/1986;30;BRANCO;BRASIL;RORAIMA;;SUPERIOR COMPLETO;CASADO;141;GERENTES DE PRODUÇÃO E OPERAÇÕES  	;RORAIMA;BOA VISTA;MAMA , SOE;C509;CARCINOMA DUCTAL INFILTRANTE;85003;MAMA , SOE;C509;;;;;false;HISTOLOGIA DO TUMOR PRIMÁRIO;METÁSTASE;;;;;;;;10/11/2016;;
1696298;RCBP RORAIMA;FEMININO;13/02/1932;84;BRANCO;BRASIL;AMAZONAS;;MÉDIO (ANTIGO SEGUNDO GRAU);SOLTEIRO;223;PROFISSIONAIS DA MEDICINA, SAÚDE E AFINS  	;RORAIMA;BOA VISTA;ESTOMAGO, SOE;C169;ADENOCARCINOMA TUBULAR;82113;ESTOMAGO, SOE;C169;;;;;false;HISTOLOGIA DO TUMOR PRIMÁRIO;METÁSTASE;;;;;;;;08/11/2016;;
1696240;RCBP RORAIMA;MASCULINO;27/01/1961;54;PARDA;BRASIL;RORAIMA;;SEM INFORMAÇÃO;SOLTEIRO;0;SEM INFORMAÇÃO	;RORAIMA;CANTÁ;PELE, SOE;C449;CARCINOMA BASOCELULAR, SOE;80903;NEOPLASIA MALIGNA DA PELE;C449;;;;;false;HISTOLOGIA DO TUMOR PRIMÁRIO;SEM INFORMAÇÃO;;;;;;;;14/01/2016;;
1696240;RCBP RORAIMA;MASCULINO;27/01/1961;55;PARDA;BRASIL;RORAIMA;;SEM INFORMAÇÃO;SOLTEIRO;0;SEM INFORMAÇÃO	;RORAIMA;CANTÁ;OUVIDO EXTERNO;C442;CARCINOMA BASOCELULAR, SOE;80903;PELE DA ORELHA E CONDUTO AUDITIVO EXTERNO;C442;;;;;false;HISTOLOGIA DO TUMOR PRIMÁRIO;SEM INFORMAÇÃO;;;;;;;;14/07/2016;;
1696300;RCBP RORAIMA;MASCULINO;18/06/1937;78;BRANCO;BRASIL;Não informado;;MÉDIO (ANTIGO SEGUNDO GRAU);SEPARADO JUDICIALMENTE;0;SEM INFORMAÇÃO	;RORAIMA;BOA VISTA;MEDULA OSSEA;C421;LEUCEMIA MIELOIDE, SOE;98603;LEUCEMIA MIELOIDE, SOE;C929;;;;;false;HISTOLOGIA DO TUMOR PRIMÁRIO;NÃO SE APLICA;SEM INFORMAÇÃO;99 - SEM INFORMAÇÃO;999;MORTO;CÂNCER;06/09/2016;06/09/2016;27/01/2016;;
1696310;RCBP RORAIMA;MASCULINO;02/01/1937;79;PRETA;BRASIL;MARANHÃO;BURITI BRAVO;SEM ESCOLARIDADE;SOLTEIRO;0;SEM INFORMAÇÃO	;RORAIMA;BOA VISTA;PROSTATA, SOE;C619;NEOPLASIA MALIGNA;80003;PROSTATA;C61;;;;;false;HISTOLOGIA DO TUMOR PRIMÁRIO;SEM INFORMAÇÃO;SEM INFORMAÇÃO;99 - SEM INFORMAÇÃO;999;MORTO;CÂNCER;27/04/2016;27/04/2016;23/01/2016;;
1696321;RCBP RORAIMA;FEMININO;22/07/1944;72;BRANCO;BRASIL;RORAIMA;;FUNDAMENTAL I (1ª A 4ª SÉRIE);SOLTEIRO;0;SEM INFORMAÇÃO	;RORAIMA;BOA VISTA;PELE DE OUTRAS PARTES DA FACE;C443;CARCINOMA BASOCELULAR, SOE;80903;PELE DE OUTRAS PARTES DA FACE;C443;;;;;false;HISTOLOGIA DO TUMOR PRIMÁRIO;SEM INFORMAÇÃO;;;;;;;;23/08/2016;;
1696327;RCBP RORAIMA;FEMININO;18/11/1935;80;SEM INFORMAÇÃO;BRASIL;MARANHÃO;MIRADOR;FUNDAMENTAL I (1ª A 4ª SÉRIE);VIÚVO;;;RORAIMA;BOA VISTA;PELE DE OUTRAS PARTES DA FACE;C443;CARCINOMA BASOCELULAR, SOE;80903;PELE DE OUTRAS PARTES DA FACE;C443;;;;;false;HISTOLOGIA DO TUMOR PRIMÁRIO;LOCALIZADO;;;;;;;;19/08/2016;;
1696390;RCBP RORAIMA;MASCULINO;08/02/1953;63;PRETA;BRASIL;PARÁ;BELÉM;FUNDAMENTAL II (5ª A 8ª SÉRIE);CASADO;0;SEM INFORMAÇÃO	;RORAIMA;BOA VISTA;FIGADO, SOE;C220;NEOPLASIA MALIGNA;80003;FIGADO E VIAS BILIARES INTRA-HEPATICAS;C22;;;;;false;HISTOLOGIA DO TUMOR PRIMÁRIO;SEM INFORMAÇÃO;SEM INFORMAÇÃO;99 - SEM INFORMAÇÃO;999;MORTO;CÂNCER;05/12/2016;05/12/2016;30/03/2016;;
1696344;RCBP RORAIMA;FEMININO;11/06/1936;79;BRANCO;BRASIL;RIO GRANDE DO NORTE;CARAÚBAS;FUNDAMENTAL I (1ª A 4ª SÉRIE);SOLTEIRO;0;SEM INFORMAÇÃO	;RORAIMA;BOA VISTA;ESTOMAGO, SOE;C169;NEOPLASIA MALIGNA;80003;ESTOMAGO, SOE;C169;;;;;false;HISTOLOGIA DO TUMOR PRIMÁRIO;SEM INFORMAÇÃO;SEM INFORMAÇÃO;99 - SEM INFORMAÇÃO;999;MORTO;CÂNCER;04/07/2016;04/07/2016;16/01/2016;;
1696352;RCBP RORAIMA;MASCULINO;22/10/1946;69;PRETA;BRASIL;GOIAS;ABADIA DE GOIÁS;FUNDAMENTAL I (1ª A 4ª SÉRIE);CASADO;782;CONDUTORES DE VEÍCULOS E OPERADORES DE EQUIPAMENTOS DE ELEVAÇÃO E DE MOVIMENTAÇÃO DE CARGAS   	;RORAIMA;BOA VISTA;ESTOMAGO, SOE;C169;ADENOCARCINOMA, SOE;81403;ESTOMAGO, SOE;C169;;;;;false;HISTOLOGIA DO TUMOR PRIMÁRIO;LOCALIZADO;;;;;CÂNCER;11/05/2017;;07/07/2016;;
1696354;RCBP RORAIMA;MASCULINO;12/05/1941;75;PARDA;BRASIL;Não informado;Não Informado;SEM ESCOLARIDADE;SEPARADO JUDICIALMENTE;;;RORAIMA;BOA VISTA;PELE DO MEMBRO SUPERIOR E DO OMBRO;C446;CARCINOMA BASOCELULAR, SOE;80903;PELE DO MEMBRO SUPERIOR E DO OMBRO;C446;;;;;false;HISTOLOGIA DO TUMOR PRIMÁRIO;LOCALIZADO;;;;;;;;19/07/2016;;
1696355;RCBP RORAIMA;MASCULINO;15/12/1955;60;PARDA;BRASIL;MARANHÃO;;MÉDIO (ANTIGO SEGUNDO GRAU);SEPARADO JUDICIALMENTE;342;TÉCNICOS EM TRANSPORTES (LOGÍSTICA)   	;RORAIMA;BOA VISTA;FIGADO, SOE;C220;NEOPLASIA MALIGNA;80003;FIGADO E VIAS BILIARES INTRA-HEPATICAS;C22;;;;;false;SDO;SEM INFORMAÇÃO;SEM INFORMAÇÃO;99 - SEM INFORMAÇÃO;999;MORTO;CÂNCER;10/06/2016;10/06/2016;10/06/2016;;
1696356;RCBP RORAIMA;MASCULINO;22/12/1950;65;PRETA;BRASIL;PIAUÍ;CANTO DO BURITI;SEM ESCOLARIDADE;SOLTEIRO;622;TRABALHADORES AGRÍCOLAS   	;RORAIMA;RORAINÓPOLIS;LARINGE, SOE;C329;NEOPLASIA MALIGNA;80003;LARINGE, SOE;C329;;;;;false;HISTOLOGIA DO TUMOR PRIMÁRIO;SEM INFORMAÇÃO;SEM INFORMAÇÃO;99 - SEM INFORMAÇÃO;999;MORTO;CÂNCER;14/03/2016;14/03/2016;28/01/2016;;
1696360;RCBP RORAIMA;MASCULINO;05/05/1950;65;PARDA;BRASIL;RORAIMA;BOA VISTA;FUNDAMENTAL II (5ª A 8ª SÉRIE);UNIÃO CONSENSUAL;842;OPERADORES NA PREPARAÇÃO DE FUMO E NA FABRICAÇÃO DE CHARUTOS E CIGARROS   	;RORAIMA;BOA VISTA;LOCALIZACAO PRIMARIA DESCONHECIDA, SOE;C809;SARCOMA DE KAPOSI;91403;SARCOMA DE KAPOSI, SOE;C469;;;;;false;HISTOLOGIA DO TUMOR PRIMÁRIO;METÁSTASE;SEM INFORMAÇÃO;99 - SEM INFORMAÇÃO;999;MORTO;CÂNCER;16/05/2016;16/05/2016;13/01/2016;;
1696361;RCBP RORAIMA;MASCULINO;04/09/1955;60;PARDA;BRASIL;MARANHÃO;MAGALHÃES DE ALMEIDA;MÉDIO (ANTIGO SEGUNDO GRAU);SOLTEIRO;711;TRABALHADORES DA EXTRAÇÃO MINERAL 	;RORAIMA;BOA VISTA;TIREOIDE, SOE;C739;NEOPLASIA MALIGNA;80003;GLANDULA TIREOIDE;C73;;;;;false;HISTOLOGIA DO TUMOR PRIMÁRIO;SEM INFORMAÇÃO;SEM INFORMAÇÃO;99 - SEM INFORMAÇÃO;999;MORTO;CÂNCER;02/10/2016;02/10/2016;13/02/2016;;
1696368;RCBP RORAIMA;MASCULINO;16/05/1951;64;PARDA;BRASIL;RIO GRANDE DO NORTE;MARTINS;FUNDAMENTAL I (1ª A 4ª SÉRIE);UNIÃO CONSENSUAL;;;RORAIMA;CANTÁ;PELE DO TRONCO;C445;CARCINOMA BASOCELULAR, SOE;80903;PELE DO TRONCO;C445;;;;;false;HISTOLOGIA DO TUMOR PRIMÁRIO;LOCALIZADO;;;;;;;;01/03/2016;;
1696373;RCBP RORAIMA;MASCULINO;10/06/1948;67;PARDA;BRASIL;PIAUÍ;PIRACURUCA;SEM ESCOLARIDADE;SOLTEIRO;0;SEM INFORMAÇÃO	;RORAIMA;BOA VISTA;PELE DE OUTRAS PARTES DA FACE;C443;CARCINOMA BASOCELULAR, SOE;80903;PELE DE OUTRAS PARTES DA FACE;C443;;;;;false;HISTOLOGIA DO TUMOR PRIMÁRIO;SEM INFORMAÇÃO;;;;;;;;15/03/2016;;
1696374;RCBP RORAIMA;MASCULINO;09/04/1974;42;PARDA;BRASIL;Não informado;;SUPERIOR COMPLETO;SEM INFORMAÇÃO;;;RORAIMA;BOA VISTA;ESTOMAGO, SOE;C169;NEOPLASIA MALIGNA;80003;ESTOMAGO, SOE;C169;;;;;false;SDO;SEM INFORMAÇÃO;SEM INFORMAÇÃO;99 - SEM INFORMAÇÃO;999;MORTO;NÃO CÂNCER;06/10/2016;06/10/2016;06/10/2016;;
1696375;RCBP RORAIMA;MASCULINO;05/01/1926;90;PARDA;BRASIL;Não informado;;SEM ESCOLARIDADE;VIÚVO;0;SEM INFORMAÇÃO	;RORAIMA;CARACARAÍ;ESTOMAGO, SOE;C169;NEOPLASIA MALIGNA;80003;ESTOMAGO, SOE;C169;;;;;false;HISTOLOGIA DO TUMOR PRIMÁRIO;SEM INFORMAÇÃO;SEM INFORMAÇÃO;99 - SEM INFORMAÇÃO;999;MORTO;CÂNCER;25/02/2016;25/02/2016;05/01/2016;;
1696385;RCBP RORAIMA;MASCULINO;08/03/1955;60;SEM INFORMAÇÃO;BRASIL;MARANHÃO;BACABAL;SEM INFORMAÇÃO;SEM INFORMAÇÃO;0;SEM INFORMAÇÃO	;RORAIMA;SÃO JOÃO DA BALIZA;FIGADO, SOE;C220;NEOPLASIA MALIGNA;80003;FIGADO E VIAS BILIARES INTRA-HEPATICAS;C22;;;;;false;HISTOLOGIA DO TUMOR PRIMÁRIO;SEM INFORMAÇÃO;;;;;CÂNCER;01/01/2016;;01/01/2016;;
1696387;RCBP RORAIMA;MASCULINO;08/12/1936;79;PARDA;BRASIL;CEARÁ;;MÉDIO (ANTIGO SEGUNDO GRAU);CASADO;0;SEM INFORMAÇÃO	;RORAIMA;BOA VISTA;PROSTATA, SOE;C619;ADENOCARCINOMA, SOE;81403;PROSTATA;C61;;;;;false;HISTOLOGIA DO TUMOR PRIMÁRIO;SEM INFORMAÇÃO;;;;;;;;17/03/2016;;
1696389;RCBP RORAIMA;MASCULINO;13/04/1948;67;PARDA;BRASIL;PERNAMBUCO;EXU;SEM ESCOLARIDADE;CASADO;622;TRABALHADORES AGRÍCOLAS   	;RORAIMA;BOA VISTA;PROSTATA, SOE;C619;NEOPLASIA MALIGNA;80003;PROSTATA;C61;;;;;false;HISTOLOGIA DO TUMOR PRIMÁRIO;SEM INFORMAÇÃO;SEM INFORMAÇÃO;99 - SEM INFORMAÇÃO;999;MORTO;CÂNCER;11/02/2016;11/02/2016;01/01/2016;;
1696238;RCBP RORAIMA;MASCULINO;16/07/1974;41;PARDA;BRASIL;RORAIMA;;SEM INFORMAÇÃO;CASADO;0;SEM INFORMAÇÃO	;RORAIMA;BOA VISTA;PELE DO MEMBRO SUPERIOR E DO OMBRO;C446;CARCINOMA BASOCELULAR, SOE;80903;PELE DO MEMBRO SUPERIOR E DO OMBRO;C446;;;;;false;HISTOLOGIA DO TUMOR PRIMÁRIO;LOCALIZADO;;;;;;;;07/01/2016;;
1696270;RCBP RORAIMA;MASCULINO;03/05/1945;70;PARDA;BRASIL;MARANHÃO;BALSAS;FUNDAMENTAL II (5ª A 8ª SÉRIE);CASADO;517;TRABALHADORES NOS SERVIÇOS DE PROTEÇÃO E SEGURANÇA	;RORAIMA;BOA VISTA;PULMAO, SOE;C349;NEOPLASIA MALIGNA;80003;BRONQUIOS OU PULMOES, SOE;C349;;;;;false;HISTOLOGIA DO TUMOR PRIMÁRIO;SEM INFORMAÇÃO;;;;;CÂNCER;03/05/2016;;06/01/2016;;
1696394;RCBP RORAIMA;MASCULINO;07/01/1936;80;PARDA;BRASIL;Não informado;Não Informado;SEM INFORMAÇÃO;SEM INFORMAÇÃO;;;RORAIMA;BOA VISTA;PROSTATA, SOE;C619;NEOPLASIA GLANDULAR INTRAEPITELIAL, GRAU III;81482;PROSTATA;D075;;;;;false;HISTOLOGIA DO TUMOR PRIMÁRIO;"IN SITU";;;;;;;;22/09/2016;;
1696271;RCBP RORAIMA;MASCULINO;03/01/1974;42;BRANCO;BRASIL;PARANÁ;;MÉDIO (ANTIGO SEGUNDO GRAU);CASADO;0;SEM INFORMAÇÃO	;RORAIMA;BOA VISTA;PELE DO TRONCO;C445;CARCINOMA BASOCELULAR, SOE;80903;PELE DO TRONCO;C445;;;;;false;HISTOLOGIA DO TUMOR PRIMÁRIO;LOCALIZADO;;;;;;;;23/02/2016;;
1696271;RCBP RORAIMA;MASCULINO;03/01/1974;42;BRANCO;BRASIL;PARANÁ;;MÉDIO (ANTIGO SEGUNDO GRAU);CASADO;0;SEM INFORMAÇÃO	;RORAIMA;BOA VISTA;OUVIDO EXTERNO;C442;CARCINOMA BASOCELULAR, SOE;80903;PELE DA ORELHA E CONDUTO AUDITIVO EXTERNO;C442;;;;;false;HISTOLOGIA DO TUMOR PRIMÁRIO;LOCALIZADO;;;;;;;;23/02/2016;;
1696433;RCBP RORAIMA;MASCULINO;02/10/1982;33;PRETA;BRASIL;Não informado;;FUNDAMENTAL II (5ª A 8ª SÉRIE);SOLTEIRO;342;TÉCNICOS EM TRANSPORTES (LOGÍSTICA)   	;RORAIMA;SÃO JOÃO DA BALIZA;OSSOS DOS MEMBROS, SOE;C409;NEOPLASIA MALIGNA;80003;OSSOS E CARTILAGENS DOS MEMBROS;C409;;;;;false;SDO;SEM INFORMAÇÃO;SEM INFORMAÇÃO;99 - SEM INFORMAÇÃO;999;MORTO;CÂNCER;09/03/2016;09/03/2016;09/03/2016;;
1696413;RCBP RORAIMA;FEMININO;12/06/1928;87;PARDA;BRASIL;RORAIMA;;FUNDAMENTAL I (1ª A 4ª SÉRIE);VIÚVO;0;SEM INFORMAÇÃO	;RORAIMA;BOA VISTA;COLO DO UTERO, SOE;C539;CARCINOMA ESCAMOSO MICRO-INVASOR;80763;COLO DO UTERO, SOE;C539;;;;;false;HISTOLOGIA DO TUMOR PRIMÁRIO;SEM INFORMAÇÃO;;;;;;;;30/05/2016;;
1696418;RCBP RORAIMA;MASCULINO;27/11/1996;19;PARDA;BRASIL;RORAIMA;;FUNDAMENTAL II (5ª A 8ª SÉRIE);SOLTEIRO;0;SEM INFORMAÇÃO	;RORAIMA;BOA VISTA;MEDULA OSSEA;C421;LEUCEMIA LINFOBLASTICA DE CEL. PRECURSORAS TIPO B;98363;LEUCEMIA LINFOBLASTICA AGUDA;C910;Leucemias linfóides;I-A;LEUCEMIA LINFÓIDE AGUDA;1.1;false;CITOLOGIA;NÃO SE APLICA;;;;;CÂNCER;05/02/2018;;26/09/2016;;
1696426;RCBP RORAIMA;MASCULINO;15/07/1949;66;BRANCO;BRASIL;GOIAS;;SEM ESCOLARIDADE;UNIÃO CONSENSUAL;;;RORAIMA;BOA VISTA;PELE DO TRONCO;C445;CARCINOMA BASOCELULAR, SOE;80903;PELE DO TRONCO;C445;;;;;false;HISTOLOGIA DO TUMOR PRIMÁRIO;LOCALIZADO;;;;;;;;12/04/2016;;
1696431;RCBP RORAIMA;FEMININO;11/07/1988;28;PARDA;BRASIL;MATO GROSSO ;;MÉDIO (ANTIGO SEGUNDO GRAU);CASADO;0;SEM INFORMAÇÃO	;RORAIMA;BOA VISTA;COLO DO UTERO, SOE;C539;CARCINOMA ESC. DE CEL. GDES., NAO CERAT., SOE;80723;COLO DO UTERO, SOE;C539;;;CARCINOMA DE ÚTERO E CÉRVIX;8.5.4;false;HISTOLOGIA DO TUMOR PRIMÁRIO;SEM INFORMAÇÃO;;;;;CÂNCER;16/01/2019;;25/08/2016;;
1696437;RCBP RORAIMA;FEMININO;23/10/1986;29;PARDA;BRASIL;Não informado;Não Informado;FUNDAMENTAL II (5ª A 8ª SÉRIE);SEM INFORMAÇÃO;0;SEM INFORMAÇÃO	;RORAIMA;BOA VISTA;COLO DO UTERO, SOE;C539;NEOPLASIA INTRA-EPITELIAL ESCAMOSA,GRAU IIII;80772;COLO DO UTERO, SOE;D069;;;;;false;CITOLOGIA;"IN SITU";;;;;;;;27/07/2016;;
1696443;RCBP RORAIMA;FEMININO;28/07/2001;14;PARDA;BRASIL;RORAIMA;;FUNDAMENTAL I (1ª A 4ª SÉRIE);SOLTEIRO;0;SEM INFORMAÇÃO	;RORAIMA;BOA VISTA;OSSOS LONGOS M. INFERIOR E ARTICUL. ASSOCIADAS;C402;OSTEOSSARCOMA, SOE;91803;OSSOS LONGOS DOS M. INFERIORES;C402;Osteossarcoma;VIII-A;;;false;HISTOLOGIA DO TUMOR PRIMÁRIO;SEM INFORMAÇÃO;;;;;;;;13/06/2016;;
1696461;RCBP RORAIMA;MASCULINO;15/02/2001;15;PARDA;BRASIL;Não informado;;FUNDAMENTAL II (5ª A 8ª SÉRIE);SOLTEIRO;0;SEM INFORMAÇÃO	;RORAIMA;BOA VISTA;MEDULA OSSEA;C421;LEUCEMIA LINFOBLASTICA DE CELULAS PRECURSORAS,SOE;98353;LEUCEMIA LINFOBLASTICA AGUDA;C910;Leucemias linfóides;I-A;LEUCEMIA LINFÓIDE AGUDA;1.1;false;HISTOLOGIA DO TUMOR PRIMÁRIO;NÃO SE APLICA;SEM INFORMAÇÃO;99 - SEM INFORMAÇÃO;999;MORTO;CÂNCER;24/10/2016;24/10/2016;15/03/2016;;
1696462;RCBP RORAIMA;FEMININO;12/03/1933;82;SEM INFORMAÇÃO;BRASIL;AMAZONAS;;SEM ESCOLARIDADE;VIÚVO;0;SEM INFORMAÇÃO	;RORAIMA;BOA VISTA;PELE DE OUTRAS PARTES DA FACE;C443;CARCINOMA BASOCELULAR, SOE;80903;PELE DE OUTRAS PARTES DA FACE;C443;;;;;false;HISTOLOGIA DO TUMOR PRIMÁRIO;SEM INFORMAÇÃO;;;;;;;;23/02/2016;;
1696650;RCBP RORAIMA;FEMININO;20/04/1951;64;BRANCO;BRASIL;PARAÍBA;CAMPINA GRANDE;FUNDAMENTAL II (5ª A 8ª SÉRIE);VIÚVO;0;SEM INFORMAÇÃO	;RORAIMA;BOA VISTA;COLON, SOE;C189;NEOPLASIA MALIGNA;80003;COLON, SOE;C189;;;;;false;HISTOLOGIA DO TUMOR PRIMÁRIO;SEM INFORMAÇÃO;SEM INFORMAÇÃO;99 - SEM INFORMAÇÃO;999;MORTO;CÂNCER;25/06/2016;25/06/2016;22/02/2016;;
1696666;RCBP RORAIMA;MASCULINO;17/04/1984;31;PARDA;BRASIL;RORAIMA;BOA VISTA;SEM ESCOLARIDADE;SOLTEIRO;;;RORAIMA;BOA VISTA;LINFONODO, SOE;C779;LINFOMA MALIGNO, SOE;95903;LINFOMA NAO-HODGKIN, SOE;C859;;;;;false;HISTOLOGIA DO TUMOR PRIMÁRIO;NÃO SE APLICA;SEM INFORMAÇÃO;99 - SEM INFORMAÇÃO;999;MORTO;CÂNCER;11/11/2016;11/11/2016;14/03/2016;;
1696656;RCBP RORAIMA;MASCULINO;19/10/2000;15;PARDA;BRASIL;Não informado;;FUNDAMENTAL II (5ª A 8ª SÉRIE);SOLTEIRO;0;SEM INFORMAÇÃO	;RORAIMA;AMAJARI;LESAO SOBREPOSTA DO OLHO E ANEXOS;C698;NEOPLASIA MALIGNA;80003;LESAO INVASIVA DO OLHO E ANEXOS;C698;Outros tumores malignos não especificados;XII-B;NEOPLASIAS MALIGNAS INESPECÍFICAS;10.1;false;SDO;SEM INFORMAÇÃO;SEM INFORMAÇÃO;99 - SEM INFORMAÇÃO;999;MORTO;CÂNCER;19/02/2016;19/02/2016;19/02/2016;;
1696659;RCBP RORAIMA;MASCULINO;29/10/1994;21;PARDA;BRASIL;Não informado;;MÉDIO (ANTIGO SEGUNDO GRAU);SOLTEIRO;;;RORAIMA;BOA VISTA;MEDULA OSSEA;C421;LEUCEMIA LINFOBLASTICA DE CELULAS PRECURSORAS,SOE;98353;LEUCEMIA LINFOBLASTICA AGUDA;C910;;;LEUCEMIA LINFÓIDE AGUDA;1.1;false;SDO;NÃO SE APLICA;SEM INFORMAÇÃO;99 - SEM INFORMAÇÃO;999;MORTO;NÃO CÂNCER;03/02/2016;03/02/2016;03/02/2016;;
1696643;RCBP RORAIMA;MASCULINO;16/05/1927;89;PARDA;BRASIL;MARANHÃO;;FUNDAMENTAL I (1ª A 4ª SÉRIE);VIÚVO;715;TRABALHADORES DA CONSTRUÇÃO CIVIL E OBRAS PÚBLICAS	;RORAIMA;MUCAJAÍ;CECO;C180;ADENOCARCINOMA MUCINOSO;84803;CECO;C180;;;;;false;HISTOLOGIA DO TUMOR PRIMÁRIO;SEM INFORMAÇÃO;;;;;CÂNCER;05/11/2017;;15/06/2016;;
1696670;RCBP RORAIMA;MASCULINO;14/08/1956;59;BRANCO;BRASIL;RORAIMA;BOA VISTA;SUPERIOR COMPLETO;CASADO;111;MEMBROS SUPERIORES DO PODER LEGISLATIVO, EXECUTIVO E JUDICIÁRIO   	;RORAIMA;BOA VISTA;PROSTATA, SOE;C619;NEOPLASIA MALIGNA;80003;PROSTATA;C61;;;;;false;HISTOLOGIA DO TUMOR PRIMÁRIO;SEM INFORMAÇÃO;SEM INFORMAÇÃO;99 - SEM INFORMAÇÃO;999;MORTO;CÂNCER;18/06/2016;18/06/2016;27/02/2016;;
1696679;RCBP RORAIMA;FEMININO;23/05/1937;78;BRANCO;BRASIL;RORAIMA;BOA VISTA;MÉDIO (ANTIGO SEGUNDO GRAU);SEPARADO JUDICIALMENTE;232;PROFESSORES DO ENSINO MÉDIO   	;RORAIMA;BOA VISTA;RETO, SOE;C209;NEOPLASIA MALIGNA;80003;RETO;C20;;;;;false;HISTOLOGIA DO TUMOR PRIMÁRIO;SEM INFORMAÇÃO;SEM INFORMAÇÃO;99 - SEM INFORMAÇÃO;999;MORTO;CÂNCER;02/12/2016;02/12/2016;16/04/2016;;
1696682;RCBP RORAIMA;FEMININO;07/09/1972;43;PARDA;BRASIL;RORAIMA;BOA VISTA;SEM INFORMAÇÃO;SEM INFORMAÇÃO;;;RORAIMA;BOA VISTA;PELE DO LABIO, SOE;C440;CARCINOMA BASOCELULAR, SOE;80903;PELE DO LABIO;C440;;;;;false;HISTOLOGIA DO TUMOR PRIMÁRIO;LOCALIZADO;;;;;;;;06/05/2016;;
1696689;RCBP RORAIMA;MASCULINO;01/04/1955;61;PARDA;BRASIL;PARAÍBA;;FUNDAMENTAL I (1ª A 4ª SÉRIE);VIÚVO;782;CONDUTORES DE VEÍCULOS E OPERADORES DE EQUIPAMENTOS DE ELEVAÇÃO E DE MOVIMENTAÇÃO DE CARGAS   	;RORAIMA;BOA VISTA;LARINGE, SOE;C329;CARCINOMA ESCAMOCELULAR, SOE;80703;LARINGE, SOE;C329;;;;;false;HISTOLOGIA DO TUMOR PRIMÁRIO;SEM INFORMAÇÃO;;;;;;;;15/12/2016;;
1696696;RCBP RORAIMA;FEMININO;08/05/1975;40;BRANCO;BRASIL;RORAIMA;ALTO ALEGRE;MÉDIO (ANTIGO SEGUNDO GRAU);CASADO;231;PROFESSORES DE NÍVEL SUPERIOR NA EDUCAÇÃO INFANTIL E NO ENSINO FUNDAMENTAL	;RORAIMA;BOA VISTA;MAMA , SOE;C509;NEOPLASIA MALIGNA;80003;MAMA , SOE;C509;;;;;false;HISTOLOGIA DO TUMOR PRIMÁRIO;SEM INFORMAÇÃO;SEM INFORMAÇÃO;99 - SEM INFORMAÇÃO;999;MORTO;CÂNCER;12/11/2016;12/11/2016;16/02/2016;;
1696701;RCBP RORAIMA;FEMININO;10/01/1952;64;BRANCO;BRASIL;PARÁ;;SEM INFORMAÇÃO;VIÚVO;;;RORAIMA;BOA VISTA;PELE DE OUTRAS PARTES DA FACE;C443;CARCINOMA BASOCELULAR, SOE;80903;PELE DE OUTRAS PARTES DA FACE;C443;;;;;false;HISTOLOGIA DO TUMOR PRIMÁRIO;LOCALIZADO;;;;;;;;07/04/2016;;
1696705;RCBP RORAIMA;FEMININO;02/10/1960;55;PARDA;BRASIL;AMAZONAS;MANAUS;SEM ESCOLARIDADE;SEM INFORMAÇÃO;;;RORAIMA;BOA VISTA;MAMA , SOE;C509;CARCINOMA DUCTAL INFILTRANTE;85003;MAMA , SOE;C509;;;;;false;HISTOLOGIA DO TUMOR PRIMÁRIO;METÁSTASE;;;;;CÂNCER;11/11/2017;;26/09/2016;;
1696708;RCBP RORAIMA;MASCULINO;15/12/1952;63;PARDA;BRASIL;Não informado;;MÉDIO (ANTIGO SEGUNDO GRAU);SOLTEIRO;622;TRABALHADORES AGRÍCOLAS   	;RORAIMA;BOA VISTA;ENCEFALO, SOE;C719;NEOPLASIA MALIGNA;80003;ENCEFALO, SOE;C719;;;;;false;HISTOLOGIA DO TUMOR PRIMÁRIO;SEM INFORMAÇÃO;SEM INFORMAÇÃO;99 - SEM INFORMAÇÃO;999;MORTO;CÂNCER;25/02/2016;25/02/2016;12/01/2016;;
1696715;RCBP RORAIMA;MASCULINO;17/11/1946;69;PRETA;BRASIL;PERNAMBUCO;EXU;SEM ESCOLARIDADE;UNIÃO CONSENSUAL;622;TRABALHADORES AGRÍCOLAS   	;RORAIMA;BOA VISTA;INTESTINO DELGADO, SOE;C179;NEOPLASIA MALIGNA;80003;INTESTINO DELGADO, SOE;C179;;;;;false;HISTOLOGIA DO TUMOR PRIMÁRIO;SEM INFORMAÇÃO;SEM INFORMAÇÃO;99 - SEM INFORMAÇÃO;999;MORTO;CÂNCER;10/03/2016;10/03/2016;11/01/2016;;
1696716;RCBP RORAIMA;FEMININO;16/10/1949;66;PARDA;BRASIL;RORAIMA;;SEM INFORMAÇÃO;SEM INFORMAÇÃO;0;SEM INFORMAÇÃO	;RORAIMA;BOA VISTA;PELE DO MEMBRO SUPERIOR E DO OMBRO;C446;CARCINOMA BASOCELULAR, SOE;80903;PELE DO MEMBRO SUPERIOR E DO OMBRO;C446;;;;;false;HISTOLOGIA DO TUMOR PRIMÁRIO;SEM INFORMAÇÃO;;;;;;;;12/05/2016;;
1696723;RCBP RORAIMA;FEMININO;27/04/1962;54;PARDA;BRASIL;Não informado;Não Informado;MÉDIO (ANTIGO SEGUNDO GRAU);CASADO;;;RORAIMA;BOA VISTA;PELE DO MEMBRO INFERIOR E DO QUADRIL;C447;DERMATOFIBROSSARCOMA, SOE;88323;PELE DO MEMBRO INFERIOR E DO QUADRIL;C447;;;;;false;HISTOLOGIA DO TUMOR PRIMÁRIO;LOCALIZADO;;;;;;;;17/05/2016;;
1696722;RCBP RORAIMA;MASCULINO;20/08/1975;40;PARDA;BRASIL;Não informado;;MÉDIO (ANTIGO SEGUNDO GRAU);SOLTEIRO;111;MEMBROS SUPERIORES DO PODER LEGISLATIVO, EXECUTIVO E JUDICIÁRIO   	;RORAIMA;BOA VISTA;LINFONODO, SOE;C779;LINFOMA MALIGNO, SOE;95903;LINFOMA NAO-HODGKIN, SOE;C859;;;;;false;HISTOLOGIA DO TUMOR PRIMÁRIO;NÃO SE APLICA;SEM INFORMAÇÃO;99 - SEM INFORMAÇÃO;999;MORTO;NÃO CÂNCER;26/07/2016;26/07/2016;16/01/2016;;
1696726;RCBP RORAIMA;FEMININO;08/05/1950;66;BRANCO;BRASIL;RORAIMA;;SEM ESCOLARIDADE;CASADO;622;TRABALHADORES AGRÍCOLAS   	;RORAIMA;BOA VISTA;COLO DO UTERO, SOE;C539;CARCINOMA ESCAMOCELULAR, SOE;80703;COLO DO UTERO, SOE;C539;;;;;false;HISTOLOGIA DO TUMOR PRIMÁRIO;SEM INFORMAÇÃO;;;;;;;;01/11/2016;;
1696736;RCBP RORAIMA;FEMININO;13/01/1941;74;BRANCO;BRASIL;AMAZONAS;MANAUS;MÉDIO (ANTIGO SEGUNDO GRAU);CASADO;622;TRABALHADORES AGRÍCOLAS   	;RORAIMA;BOA VISTA;CEREBRO;C710;NEOPLASIA MALIGNA;80003;CEREBRO;C710;;;;;false;HISTOLOGIA DO TUMOR PRIMÁRIO;SEM INFORMAÇÃO;SEM INFORMAÇÃO;99 - SEM INFORMAÇÃO;999;MORTO;CÂNCER;19/03/2016;19/03/2016;05/01/2016;;
1696739;RCBP RORAIMA;FEMININO;30/12/1960;55;PARDA;BRASIL;MARANHÃO;;FUNDAMENTAL I (1ª A 4ª SÉRIE);SOLTEIRO;0;SEM INFORMAÇÃO	;RORAIMA;AMAJARI;PELE DE OUTRAS PARTES DA FACE;C443;CARCINOMA ESCAMOCELULAR, SOE;80703;PELE DE OUTRAS PARTES DA FACE;C443;;;;;false;HISTOLOGIA DO TUMOR PRIMÁRIO;SEM INFORMAÇÃO;;;;;;;;07/11/2016;;
1662777;RCBP RORAIMA;FEMININO;22/02/1939;77;PARDA;BRASIL;PARAÍBA;ARARUNA;SEM INFORMAÇÃO;SEM INFORMAÇÃO;0;SEM INFORMAÇÃO	;RORAIMA;MUCAJAÍ;PELE DE OUTRAS PARTES DA FACE;C443;CARCINOMA BASOCELULAR, SOE;80903;PELE DE OUTRAS PARTES DA FACE;C443;;;;;false;HISTOLOGIA DO TUMOR PRIMÁRIO;LOCALIZADO;;;;;CÂNCER;01/08/2016;;19/05/2016;;
1696874;RCBP RORAIMA;MASCULINO;15/12/1941;74;SEM INFORMAÇÃO;BRASIL;Não informado;Não Informado;SEM INFORMAÇÃO;SEM INFORMAÇÃO;;;RORAIMA;BOA VISTA;COLON, SOE;C189;NEOPLASIA MALIGNA;80003;COLON, SOE;C189;;;;;false;HISTOLOGIA DO TUMOR PRIMÁRIO;LOCALIZADO;;;;;;;;11/10/2016;;
1696922;RCBP RORAIMA;MASCULINO;01/09/1983;32;BRANCO;BRASIL;RORAIMA;BOA VISTA;SUPERIOR COMPLETO;UNIÃO CONSENSUAL;111;MEMBROS SUPERIORES DO PODER LEGISLATIVO, EXECUTIVO E JUDICIÁRIO   	;RORAIMA;BOA VISTA;ENCEFALO, SOE;C719;NEOPLASIA MALIGNA;80003;ENCEFALO, SOE;C719;;;;;false;HISTOLOGIA DO TUMOR PRIMÁRIO;SEM INFORMAÇÃO;SEM INFORMAÇÃO;99 - SEM INFORMAÇÃO;999;MORTO;CÂNCER;05/05/2016;05/05/2016;03/02/2016;;
1697037;RCBP RORAIMA;MASCULINO;22/03/1959;56;PARDA;BRASIL;Não informado;;MÉDIO (ANTIGO SEGUNDO GRAU);CASADO;342;TÉCNICOS EM TRANSPORTES (LOGÍSTICA)   	;RORAIMA;BOA VISTA;LOCALIZACAO PRIMARIA DESCONHECIDA, SOE;C809;NEOPLASIA MALIGNA;80003;LOCALIZACAO PRIMARIA DESCONHECIDA;C80;;;;;false;SDO;SEM INFORMAÇÃO;SEM INFORMAÇÃO;99 - SEM INFORMAÇÃO;999;MORTO;CÂNCER;12/01/2016;12/01/2016;12/01/2016;;
1699236;RCBP RORAIMA;FEMININO;24/04/1966;49;PARDA;BRASIL;PARANÁ;ALTO PIQUIRI;MÉDIO (ANTIGO SEGUNDO GRAU);CASADO;334;INSPETORES DE ALUNOS E AFINS  	;RORAIMA;BOA VISTA;ESTOMAGO, SOE;C169;NEOPLASIA MALIGNA;80003;ESTOMAGO, SOE;C169;;;;;false;HISTOLOGIA DO TUMOR PRIMÁRIO;METÁSTASE;SEM INFORMAÇÃO;99 - SEM INFORMAÇÃO;999;MORTO;CÂNCER;02/09/2016;02/09/2016;15/03/2016;;
1699258;RCBP RORAIMA;FEMININO;03/04/1952;63;BRANCO;BRASIL;ALAGOAS;FEIRA GRANDE;FUNDAMENTAL II (5ª A 8ª SÉRIE);CASADO;0;SEM INFORMAÇÃO	;RORAIMA;CANTÁ;OVARIO, SOE;C569;NEOPLASIA MALIGNA;80003;OVARIO;C56;;;;;false;HISTOLOGIA DO TUMOR PRIMÁRIO;METÁSTASE;SEM INFORMAÇÃO;99 - SEM INFORMAÇÃO;999;MORTO;;;;01/02/2016;;
1696786;RCBP RORAIMA;MASCULINO;10/08/1949;66;PARDA;BRASIL;PARÁ;ITAITUBA;FUNDAMENTAL II (5ª A 8ª SÉRIE);SOLTEIRO;514;TRABALHADORES NOS SERVIÇOS DE ADMINISTRAÇÃO, CONSERVAÇÃO E MANUTENÇÃO DE EDIFÍCIOS E LOGRADOUROS  	;RORAIMA;BOA VISTA;CEREBRO;C710;NEOPLASIA MALIGNA;80003;CEREBRO;C710;;;;;false;HISTOLOGIA DO TUMOR PRIMÁRIO;METÁSTASE;SEM INFORMAÇÃO;99 - SEM INFORMAÇÃO;999;MORTO;CÂNCER;22/09/2016;22/09/2016;15/02/2016;;
1696790;RCBP RORAIMA;FEMININO;27/06/2001;14;SEM INFORMAÇÃO;BRASIL;PARÁ;;FUNDAMENTAL II (5ª A 8ª SÉRIE);SOLTEIRO;0;SEM INFORMAÇÃO	;RORAIMA;BOA VISTA;OVARIO, SOE;C569;GERMINOMA;90643;OVARIO;C56;Tumores malignos de células germinativas gonadais;X-C;;;false;HISTOLOGIA DO TUMOR PRIMÁRIO;SEM INFORMAÇÃO;;;;;;;;01/03/2016;;
1696796;RCBP RORAIMA;FEMININO;09/01/1983;33;PARDA;BRASIL;Não informado;Não Informado;SUPERIOR COMPLETO;SEM INFORMAÇÃO;;;RORAIMA;BOA VISTA;COLO DO UTERO, SOE;C539;NEOPLASIA INTRA-EPITELIAL ESCAMOSA,GRAU IIII;80772;COLO DO UTERO, SOE;D069;;;;;false;CITOLOGIA;"IN SITU";;;;;;;;17/10/2016;;
1696798;RCBP RORAIMA;MASCULINO;20/11/1948;67;BRANCO;BRASIL;RORAIMA;BOA VISTA;SEM ESCOLARIDADE;SEPARADO JUDICIALMENTE;623;TRABALHADORES NA PECUÁRIA 	;RORAIMA;CANTÁ;TERCO INFERIOR DO ESOFAGO;C155;NEOPLASIA MALIGNA;80003;TERCO INFERIOR DO ESOFAGO;C155;;;;;false;HISTOLOGIA DO TUMOR PRIMÁRIO;SEM INFORMAÇÃO;SEM INFORMAÇÃO;99 - SEM INFORMAÇÃO;999;MORTO;CÂNCER;02/01/2016;02/01/2016;01/01/2016;;
1696801;RCBP RORAIMA;FEMININO;02/09/1966;49;PARDA;BRASIL;AMAZONAS;;FUNDAMENTAL II (5ª A 8ª SÉRIE);SOLTEIRO;519;OUTROS TRABALHADORES DE SERVIÇOS DIVERSOS 	;RORAIMA;BOA VISTA;MAMA , SOE;C509;CARCINOMA DUCTAL INFILTRANTE;85003;MAMA , SOE;C509;;;;;false;HISTOLOGIA DO TUMOR PRIMÁRIO;SEM INFORMAÇÃO;;;;;;;;21/03/2016;;
1696809;RCBP RORAIMA;MASCULINO;22/11/1991;24;INDÍGENA;BRASIL;RORAIMA;;SEM INFORMAÇÃO;UNIÃO CONSENSUAL;622;TRABALHADORES AGRÍCOLAS   	;RORAIMA;BOA VISTA;COLON TRANSVERSO;C184;ADENOCARCINOMA MUCINOSO;84803;COLON TRANSVERSO;C184;;;CARCINOMA DE CÓLON E RETO;8.6.1;false;HISTOLOGIA DO TUMOR PRIMÁRIO;SEM INFORMAÇÃO;;;;;;;;24/10/2016;;
1696814;RCBP RORAIMA;MASCULINO;15/09/1953;62;PARDA;BRASIL;RORAIMA;BOA VISTA;FUNDAMENTAL II (5ª A 8ª SÉRIE);UNIÃO CONSENSUAL;842;OPERADORES NA PREPARAÇÃO DE FUMO E NA FABRICAÇÃO DE CHARUTOS E CIGARROS   	;RORAIMA;BOA VISTA;LOCALIZACAO PRIMARIA DESCONHECIDA, SOE;C809;NEOPLASIA MALIGNA;80003;LOCALIZACAO PRIMARIA DESCONHECIDA;C80;;;;;false;HISTOLOGIA DO TUMOR PRIMÁRIO;SEM INFORMAÇÃO;SEM INFORMAÇÃO;99 - SEM INFORMAÇÃO;999;MORTO;CÂNCER;20/10/2016;20/10/2016;03/01/2016;;
1696817;RCBP RORAIMA;MASCULINO;20/08/1963;53;PARDA;Não informado;Não informado;Não Informado;FUNDAMENTAL II (5ª A 8ª SÉRIE);CASADO;862;OPERADORES DE UTILIDADES  	;RORAIMA;BOA VISTA;PROSTATA, SOE;C619;ADENOCARCINOMA, SOE;81403;PROSTATA;C61;;;;;false;HISTOLOGIA DO TUMOR PRIMÁRIO;SEM INFORMAÇÃO;;;;;;;;28/09/2016;;
1696820;RCBP RORAIMA;MASCULINO;10/08/1952;64;PARDA;BRASIL;CEARÁ;;FUNDAMENTAL II (5ª A 8ª SÉRIE);CASADO;;;RORAIMA;BOA VISTA;PELE DE OUTRAS PARTES DA FACE;C443;CARCINOMA BASOCELULAR, SOE;80903;PELE DE OUTRAS PARTES DA FACE;C443;;;;;false;CLÍNICO;LOCALIZADO;;;;;;;;08/11/2016;;
1696822;RCBP RORAIMA;MASCULINO;21/08/1958;58;PARDA;BRASIL;Não informado;Não Informado;SEM INFORMAÇÃO;SEM INFORMAÇÃO;;;RORAIMA;BOA VISTA;COLON, SOE;C189;NEOPLASIA MALIGNA;80003;COLON, SOE;C189;;;;;false;HISTOLOGIA DO TUMOR PRIMÁRIO;LOCALIZADO;;;;;;;;11/10/2016;;
1696826;RCBP RORAIMA;FEMININO;13/06/1956;59;INDÍGENA;BRASIL;RORAIMA;BONFIM;SEM INFORMAÇÃO;CASADO;0;SEM INFORMAÇÃO	;RORAIMA;CANTÁ;MAMA , SOE;C509;NEOPLASIA MALIGNA;80003;MAMA , SOE;C509;;;;;false;SDO;SEM INFORMAÇÃO;SEM INFORMAÇÃO;99 - SEM INFORMAÇÃO;999;MORTO;CÂNCER;14/11/2016;14/11/2016;09/02/2016;;
1696830;RCBP RORAIMA;MASCULINO;27/01/1953;62;BRANCO;BRASIL;RORAIMA;CANTÁ;MÉDIO (ANTIGO SEGUNDO GRAU);SEM INFORMAÇÃO;725;MONTADORES DE MÁQUINAS E APARELHOS MECÂNICOS  	;RORAIMA;BOA VISTA;BEXIGA, SOE;C679;NEOPLASIA MALIGNA;80003;BEXIGA, SOE;C679;;;;;false;HISTOLOGIA DO TUMOR PRIMÁRIO;METÁSTASE;SEM INFORMAÇÃO;99 - SEM INFORMAÇÃO;999;MORTO;CÂNCER;14/10/2016;14/10/2016;10/01/2016;;
1696836;RCBP RORAIMA;MASCULINO;30/06/1972;44;SEM INFORMAÇÃO;BRASIL;PARÁ;;FUNDAMENTAL I (1ª A 4ª SÉRIE);SOLTEIRO;783;TRABALHADORES DE MANOBRAS SOBRE TRILHOS E MOVIMENTAÇÃO E CARGAS   	;RORAIMA;BOA VISTA;PELE DO TRONCO;C445;CARCINOMA BASOCELULAR, SOE;80903;PELE DO TRONCO;C445;;;;;false;HISTOLOGIA DO TUMOR PRIMÁRIO;LOCALIZADO;;;;;;;;13/09/2016;;
1696839;RCBP RORAIMA;MASCULINO;19/06/1957;58;PARDA;BRASIL;BAHIA;PIRITIBA;MÉDIO (ANTIGO SEGUNDO GRAU);CASADO;811;OPERADORES DE INSTALAÇÕES EM INDÚSTRIAS QUÍMICAS, PETROQUÍMICAS E AFINS   	;RORAIMA;SÃO LUIZ;MEDULA OSSEA;C421;LEUCEMIA LINF.CRON.DE CEL.B/LINFOMA LINF.PEQ.CELS.;98233;LEUCEMIA LINFOCITICA CRONICA;C911;;;;;false;HISTOLOGIA DO TUMOR PRIMÁRIO;NÃO SE APLICA;SEM INFORMAÇÃO;99 - SEM INFORMAÇÃO;999;MORTO;CÂNCER;18/03/2016;18/03/2016;10/01/2016;;
1696840;RCBP RORAIMA;MASCULINO;24/12/1970;45;PARDA;BRASIL;RORAIMA;BOA VISTA;FUNDAMENTAL I (1ª A 4ª SÉRIE);SOLTEIRO;723;TRABALHADORES DE TRATAMENTO TÉRMICO E DE SUPERFÍCIES DE METAIS E DE COMPÓSITOS	;RORAIMA;BOA VISTA;OROFARINGE, SOE;C109;CARCINOMA ESCAMOCELULAR, SOE;80703;OROFARINGE, SOE;C109;;;;;false;HISTOLOGIA DO TUMOR PRIMÁRIO;METÁSTASE;;;;;CÂNCER;30/08/2017;;15/07/2016;;
1696860;RCBP RORAIMA;MASCULINO;12/03/1953;62;PARDA;BRASIL;RORAIMA;BOA VISTA;FUNDAMENTAL II (5ª A 8ª SÉRIE);SOLTEIRO;711;TRABALHADORES DA EXTRAÇÃO MINERAL 	;RORAIMA;BOA VISTA;ESTOMAGO, SOE;C169;NEOPLASIA MALIGNA;80003;ESTOMAGO, SOE;C169;;;;;false;HISTOLOGIA DO TUMOR PRIMÁRIO;SEM INFORMAÇÃO;SEM INFORMAÇÃO;99 - SEM INFORMAÇÃO;999;MORTO;CÂNCER;26/07/2016;26/07/2016;13/01/2016;;
1696861;RCBP RORAIMA;MASCULINO;16/05/1927;88;BRANCO;BRASIL;CEARÁ;ARACATI;MÉDIO (ANTIGO SEGUNDO GRAU);CASADO;622;TRABALHADORES AGRÍCOLAS   	;RORAIMA;BOA VISTA;BASE DA LINGUA, SOE;C019;NEOPLASIA MALIGNA;80003;BASE DA LINGUA;C01;;;;;false;HISTOLOGIA DO TUMOR PRIMÁRIO;SEM INFORMAÇÃO;SEM INFORMAÇÃO;99 - SEM INFORMAÇÃO;999;MORTO;CÂNCER;05/08/2016;05/08/2016;22/02/2016;;
1696876;RCBP RORAIMA;FEMININO;19/08/1976;39;PARDA;BRASIL;RORAIMA;BOA VISTA;SUPERIOR COMPLETO;SOLTEIRO;111;MEMBROS SUPERIORES DO PODER LEGISLATIVO, EXECUTIVO E JUDICIÁRIO   	;RORAIMA;BOA VISTA;MAMA , SOE;C509;NEOPLASIA MALIGNA;80003;MAMA , SOE;C509;;;;;false;HISTOLOGIA DO TUMOR PRIMÁRIO;SEM INFORMAÇÃO;SEM INFORMAÇÃO;99 - SEM INFORMAÇÃO;999;MORTO;CÂNCER;28/12/2016;28/12/2016;20/03/2016;;
1696884;RCBP RORAIMA;FEMININO;21/06/1971;44;INDÍGENA;BRASIL;RORAIMA;;SUPERIOR INCOMPLETO;CASADO;239;OUTROS PROFISSIONAIS DO ENSINO NÃO CLASSIFICADOS ANTERIORMENTE	;RORAIMA;BOA VISTA;LESAO SOBREPOSTA DA MAMA;C508;CARCINOMA DUCTAL INFILTRANTE;85003;LESAO INVASIVA DA MAMA;C508;;;;;false;HISTOLOGIA DO TUMOR PRIMÁRIO;METÁSTASE;;;;;;;;11/04/2016;;
1696889;RCBP RORAIMA;MASCULINO;15/02/1939;76;PARDA;BRASIL;MARANHÃO;DOM PEDRO;FUNDAMENTAL II (5ª A 8ª SÉRIE);CASADO;0;SEM INFORMAÇÃO	;RORAIMA;BOA VISTA;ESTOMAGO, SOE;C169;NEOPLASIA MALIGNA;80003;ESTOMAGO, SOE;C169;;;;;false;HISTOLOGIA DO TUMOR PRIMÁRIO;METÁSTASE;SEM INFORMAÇÃO;99 - SEM INFORMAÇÃO;999;MORTO;CÂNCER;03/03/2016;03/03/2016;19/01/2016;;
1696890;RCBP RORAIMA;MASCULINO;16/03/1940;76;BRANCO;BRASIL;RIO GRANDE DO SUL;;SUPERIOR COMPLETO;VIÚVO;0;SEM INFORMAÇÃO	;RORAIMA;BOA VISTA;PELE DE OUTRAS PARTES DA FACE;C443;CARCINOMA BASOCELULAR, SOE;80903;PELE DE OUTRAS PARTES DA FACE;C443;;;;;false;HISTOLOGIA DO TUMOR PRIMÁRIO;SEM INFORMAÇÃO;;;;;;;;03/05/2016;;
1696901;RCBP RORAIMA;MASCULINO;15/05/1949;67;PARDA;BRASIL;PIAUÍ;PICOS;SEM ESCOLARIDADE;CASADO;;;RORAIMA;BOA VISTA;PROSTATA, SOE;C619;ADENOCARCINOMA, SOE;81403;PROSTATA;C61;;;;;false;HISTOLOGIA DO TUMOR PRIMÁRIO;LOCALIZADO;;;;;;;;02/08/2016;;
1696903;RCBP RORAIMA;MASCULINO;23/07/1948;68;PARDA;BRASIL;CEARÁ;PACATUBA;FUNDAMENTAL I (1ª A 4ª SÉRIE);SEPARADO JUDICIALMENTE;0;SEM INFORMAÇÃO	;RORAIMA;BOA VISTA;BOCA, SOE;C069;CARCINOMA ESCAMOCELULAR, SOE;80703;BOCA, SOE;C069;;;;;false;HISTOLOGIA DO TUMOR PRIMÁRIO;METÁSTASE;;;;;CÂNCER;23/02/2018;;19/08/2016;;
1696904;RCBP RORAIMA;MASCULINO;20/03/1936;79;BRANCO;BRASIL;CEARÁ;AQUIRAZ;MÉDIO (ANTIGO SEGUNDO GRAU);CASADO;0;SEM INFORMAÇÃO	;RORAIMA;BOA VISTA;PELE DE OUTRAS PARTES DA FACE;C443;CARCINOMA BASOCELULAR, SOE;80903;PELE DE OUTRAS PARTES DA FACE;C443;;;;;false;HISTOLOGIA DO TUMOR PRIMÁRIO;LOCALIZADO;;;;;CÂNCER;15/10/2017;;05/01/2016;;
1696908;RCBP RORAIMA;MASCULINO;16/11/1926;89;PARDA;BRASIL;MATO GROSSO ;BARRA DO GARÇAS;FUNDAMENTAL II (5ª A 8ª SÉRIE);CASADO;0;SEM INFORMAÇÃO	;RORAIMA;BOA VISTA;PULMAO, SOE;C349;NEOPLASIA MALIGNA;80003;BRONQUIOS OU PULMOES, SOE;C349;;;;;false;HISTOLOGIA DO TUMOR PRIMÁRIO;SEM INFORMAÇÃO;SEM INFORMAÇÃO;99 - SEM INFORMAÇÃO;999;MORTO;CÂNCER;22/12/2016;22/12/2016;19/02/2016;;
1696919;RCBP RORAIMA;MASCULINO;06/03/1967;48;PARDA;BRASIL;AMAZONAS;MANACAPURU;FUNDAMENTAL II (5ª A 8ª SÉRIE);SOLTEIRO;622;TRABALHADORES AGRÍCOLAS   	;RORAIMA;BOA VISTA;ESOFAGO, SOE;C159;NEOPLASIA MALIGNA;80003;ESOFAGO, SOE;C159;;;;;false;HISTOLOGIA DO TUMOR PRIMÁRIO;SEM INFORMAÇÃO;SEM INFORMAÇÃO;99 - SEM INFORMAÇÃO;999;MORTO;CÂNCER;15/01/2016;15/01/2016;03/01/2016;;
1696743;RCBP RORAIMA;MASCULINO;07/08/1943;72;PARDA;BRASIL;RORAIMA;BOA VISTA;SEM ESCOLARIDADE;VIÚVO;622;TRABALHADORES AGRÍCOLAS   	;RORAIMA;BOA VISTA;PULMAO, SOE;C349;NEOPLASIA MALIGNA;80003;BRONQUIOS OU PULMOES, SOE;C349;;;;;false;HISTOLOGIA DO TUMOR PRIMÁRIO;SEM INFORMAÇÃO;;;;;CÂNCER;10/08/2016;;10/01/2016;;
1696927;RCBP RORAIMA;MASCULINO;14/08/1959;56;PARDA;BRASIL;RORAIMA;BOA VISTA;SEM ESCOLARIDADE;SOLTEIRO;622;TRABALHADORES AGRÍCOLAS   	;RORAIMA;BOA VISTA;PANCREAS, SOE;C259;NEOPLASIA MALIGNA;80003;PANCREAS, SOE;C259;;;;;false;HISTOLOGIA DO TUMOR PRIMÁRIO;SEM INFORMAÇÃO;SEM INFORMAÇÃO;99 - SEM INFORMAÇÃO;999;MORTO;CÂNCER;08/03/2016;08/03/2016;02/01/2016;;
1696930;RCBP RORAIMA;MASCULINO;06/11/1961;54;BRANCO;BRASIL;RORAIMA;BOA VISTA;FUNDAMENTAL I (1ª A 4ª SÉRIE);CASADO;782;CONDUTORES DE VEÍCULOS E OPERADORES DE EQUIPAMENTOS DE ELEVAÇÃO E DE MOVIMENTAÇÃO DE CARGAS   	;RORAIMA;BOA VISTA;FIGADO, SOE;C220;CARCINOMA HEPATOCELULAR, SOE;81703;CARCINOMA DE CELULAS HEPATICAS;C220;;;;;false;MARCADORES TUMORAIS;SEM INFORMAÇÃO;;;;;CÂNCER;14/09/2017;;22/03/2016;C76;
1696931;RCBP RORAIMA;MASCULINO;08/03/1953;63;PARDA;BRASIL;AMAZONAS;;FUNDAMENTAL II (5ª A 8ª SÉRIE);VIÚVO;141;GERENTES DE PRODUÇÃO E OPERAÇÕES  	;RORAIMA;BOA VISTA;ESTOMAGO, SOE;C169;ADENOCARCINOMA COM METAPLASIA ESCAMOSA;85703;ESTOMAGO, SOE;C169;;;;;false;HISTOLOGIA DO TUMOR PRIMÁRIO;SEM INFORMAÇÃO;;;;;;;;27/09/2016;;
1696932;RCBP RORAIMA;MASCULINO;05/08/1942;73;PARDA;BRASIL;PERNAMBUCO;;SUPERIOR COMPLETO;CASADO;0;SEM INFORMAÇÃO	;RORAIMA;BOA VISTA;PULMAO, SOE;C349;CARCINOMA DE CELULAS PEQUENAS, SOE;80413;BRONQUIOS OU PULMOES, SOE;C349;;;;;false;HISTOLOGIA DO TUMOR PRIMÁRIO;SEM INFORMAÇÃO;;;;;;;;08/06/2016;;
1696937;RCBP RORAIMA;MASCULINO;26/01/1960;56;BRANCO;BRASIL;CEARÁ;;SUPERIOR INCOMPLETO;UNIÃO CONSENSUAL;0;SEM INFORMAÇÃO	;RORAIMA;MUCAJAÍ;COLON SIGMOIDE;C187;ADENOCARCINOMA, SOE;81403;COLON SIGMOIDE;C187;;;;;false;HISTOLOGIA DO TUMOR PRIMÁRIO;SEM INFORMAÇÃO;;;;;;;;14/04/2016;;
1696979;RCBP RORAIMA;MASCULINO;30/09/1925;90;PARDA;BRASIL;RORAIMA;BONFIM;SEM ESCOLARIDADE;VIÚVO;;;RORAIMA;BOA VISTA;CABECA, FACE E PESCOCO, SOE;C760;NEOPLASIA MALIGNA;80003;CABECA, FACE E PESCOCO;C760;;;;;false;HISTOLOGIA DO TUMOR PRIMÁRIO;SEM INFORMAÇÃO;SEM INFORMAÇÃO;99 - SEM INFORMAÇÃO;999;MORTO;CÂNCER;03/09/2016;03/09/2016;15/02/2016;;
1696981;RCBP RORAIMA;FEMININO;04/10/1967;48;PARDA;BRASIL;RORAIMA;BOA VISTA;SEM ESCOLARIDADE;SOLTEIRO;0;SEM INFORMAÇÃO	;RORAIMA;RORAINÓPOLIS;PULMAO, SOE;C349;NEOPLASIA MALIGNA;80003;BRONQUIOS OU PULMOES, SOE;C349;;;;;false;HISTOLOGIA DO TUMOR PRIMÁRIO;SEM INFORMAÇÃO;SEM INFORMAÇÃO;99 - SEM INFORMAÇÃO;999;MORTO;CÂNCER;22/09/2016;22/09/2016;13/02/2016;;
1696982;RCBP RORAIMA;FEMININO;15/08/1973;42;BRANCO;BRASIL;PARAÍBA;;MÉDIO (ANTIGO SEGUNDO GRAU);CASADO;252;PROFISSIONAIS DE ORGANIZAÇÃO E ADMINISTRAÇÃO DE EMPRESAS E AFINS  	;RORAIMA;BOA VISTA;MAMA , SOE;C509;CARCINOMA DUCTAL INFILTRANTE;85003;MAMA , SOE;C509;;;;;false;HISTOLOGIA DO TUMOR PRIMÁRIO;SEM INFORMAÇÃO;;;;;;;;14/06/2016;;
1696985;RCBP RORAIMA;FEMININO;22/01/1951;64;PARDA;BRASIL;RORAIMA;BOA VISTA;FUNDAMENTAL II (5ª A 8ª SÉRIE);CASADO;0;SEM INFORMAÇÃO	;RORAIMA;MUCAJAÍ;ESTOMAGO, SOE;C169;NEOPLASIA MALIGNA;80003;ESTOMAGO, SOE;C169;;;;;false;HISTOLOGIA DO TUMOR PRIMÁRIO;SEM INFORMAÇÃO;SEM INFORMAÇÃO;99 - SEM INFORMAÇÃO;999;MORTO;CÂNCER;07/03/2016;07/03/2016;03/01/2016;;
1696989;RCBP RORAIMA;FEMININO;29/10/1971;44;BRANCO;BRASIL;PERNAMBUCO;CUSTÓDIA;MÉDIO (ANTIGO SEGUNDO GRAU);SOLTEIRO;;;RORAIMA;BOA VISTA;PELE DO MEMBRO SUPERIOR E DO OMBRO;C446;CARCINOMA BASOCELULAR, SOE;80903;PELE DO MEMBRO SUPERIOR E DO OMBRO;C446;;;;;false;HISTOLOGIA DO TUMOR PRIMÁRIO;LOCALIZADO;;;;;;;;15/08/2016;;
1696993;RCBP RORAIMA;MASCULINO;06/09/1963;53;PARDA;BRASIL;RORAIMA;;SUPERIOR COMPLETO;CASADO;0;SEM INFORMAÇÃO	;RORAIMA;BOA VISTA;PELE, SOE;C449;CARCINOMA BASOCELULAR, SOE;80903;NEOPLASIA MALIGNA DA PELE;C449;;;;;false;HISTOLOGIA DO TUMOR PRIMÁRIO;LOCALIZADO;;;;;;;;06/12/2016;;
1696998;RCBP RORAIMA;MASCULINO;07/01/1932;84;PARDA;BRASIL;MARANHÃO;CAXIAS;MÉDIO (ANTIGO SEGUNDO GRAU);CASADO;111;MEMBROS SUPERIORES DO PODER LEGISLATIVO, EXECUTIVO E JUDICIÁRIO   	;RORAIMA;BOA VISTA;PROSTATA, SOE;C619;NEOPLASIA MALIGNA;80003;PROSTATA;C61;;;;;false;HISTOLOGIA DO TUMOR PRIMÁRIO;SEM INFORMAÇÃO;SEM INFORMAÇÃO;99 - SEM INFORMAÇÃO;999;MORTO;CÂNCER;09/05/2016;09/05/2016;22/01/2016;;
1697002;RCBP RORAIMA;MASCULINO;20/08/1948;68;SEM INFORMAÇÃO;BRASIL;Não informado;;SEM ESCOLARIDADE;CASADO;622;TRABALHADORES AGRÍCOLAS   	;RORAIMA;UIRAMUTÃ;ENCEFALO, SOE;C719;NEOPLASIA MALIGNA;80003;ENCEFALO, SOE;C719;;;;;false;SDO;SEM INFORMAÇÃO;SEM INFORMAÇÃO;99 - SEM INFORMAÇÃO;999;MORTO;CÂNCER;26/12/2016;26/12/2016;26/12/2016;;
1697027;RCBP RORAIMA;MASCULINO;09/12/1983;32;PARDA;BRASIL;Não informado;;SEM ESCOLARIDADE;SOLTEIRO;342;TÉCNICOS EM TRANSPORTES (LOGÍSTICA)   	;RORAIMA;BOA VISTA;OROFARINGE, SOE;C109;NEOPLASIA MALIGNA;80003;OROFARINGE, SOE;C109;;;;;false;SDO;SEM INFORMAÇÃO;SEM INFORMAÇÃO;99 - SEM INFORMAÇÃO;999;MORTO;CÂNCER;21/09/2016;21/09/2016;21/09/2016;;
1697026;RCBP RORAIMA;MASCULINO;25/01/1923;93;PARDA;BRASIL;Não informado;;MÉDIO (ANTIGO SEGUNDO GRAU);CASADO;622;TRABALHADORES AGRÍCOLAS   	;RORAIMA;BOA VISTA;TECIDOS MOLES, SOE;C499;SARCOMA DE KAPOSI;91403;SARCOMA DE KAPOSI DE TECIDOS MOLES;C461;;;;;false;SDO;SEM INFORMAÇÃO;SEM INFORMAÇÃO;99 - SEM INFORMAÇÃO;999;MORTO;CÂNCER;23/03/2016;23/03/2016;23/03/2016;;
1697028;RCBP RORAIMA;MASCULINO;13/04/1942;74;PRETA;BRASIL;MARANHÃO;;SEM ESCOLARIDADE;CASADO;0;SEM INFORMAÇÃO	;RORAIMA;BOA VISTA;PROSTATA, SOE;C619;ADENOCARCINOMA, SOE;81403;PROSTATA;C61;;;;;false;HISTOLOGIA DO TUMOR PRIMÁRIO;SEM INFORMAÇÃO;;;;;;;;15/07/2016;;
1697038;RCBP RORAIMA;FEMININO;13/01/1976;40;PARDA;BRASIL;PARÁ;;SEM INFORMAÇÃO;SEM INFORMAÇÃO;0;SEM INFORMAÇÃO	;RORAIMA;BOA VISTA;COLO DO UTERO, SOE;C539;ADENOCARCINOMA, SOE;81403;COLO DO UTERO, SOE;C539;;;;;false;HISTOLOGIA DO TUMOR PRIMÁRIO;SEM INFORMAÇÃO;;;;;;;;16/03/2016;;
1697044;RCBP RORAIMA;FEMININO;26/05/1934;82;PARDA;BRASIL;PERNAMBUCO;;FUNDAMENTAL II (5ª A 8ª SÉRIE);CASADO;0;SEM INFORMAÇÃO	;RORAIMA;BOA VISTA;CEREBRO;C710;NEOPLASIA MALIGNA;80003;CEREBRO;C710;;;;;false;SDO;SEM INFORMAÇÃO;SEM INFORMAÇÃO;99 - SEM INFORMAÇÃO;999;MORTO;CÂNCER;17/06/2016;17/06/2016;17/06/2016;;
1697029;RCBP RORAIMA;MASCULINO;16/09/1960;56;PARDA;BRASIL;Não informado;Não Informado;FUNDAMENTAL I (1ª A 4ª SÉRIE);CASADO;;;RORAIMA;BOA VISTA;PELE DE OUTRAS PARTES DA FACE;C443;CARCINOMA BASOCELULAR, SOE;80903;PELE DE OUTRAS PARTES DA FACE;C443;;;;;false;HISTOLOGIA DO TUMOR PRIMÁRIO;LOCALIZADO;;;;;;;;23/09/2016;;
1697031;RCBP RORAIMA;MASCULINO;30/04/1961;55;PARDA;Não informado;Não informado;Não Informado;SEM INFORMAÇÃO;SEM INFORMAÇÃO;0;SEM INFORMAÇÃO	;RORAIMA;BOA VISTA;PROSTATA, SOE;C619;ADENOCARCINOMA, SOE;81403;PROSTATA;C61;;;;;false;HISTOLOGIA DO TUMOR PRIMÁRIO;SEM INFORMAÇÃO;;;;;;;;15/08/2016;;
1697033;RCBP RORAIMA;MASCULINO;13/03/1953;63;PARDA;BRASIL;Não informado;;SEM ESCOLARIDADE;SEM INFORMAÇÃO;711;TRABALHADORES DA EXTRAÇÃO MINERAL 	;RORAIMA;BOA VISTA;ESTOMAGO, SOE;C169;NEOPLASIA MALIGNA;80003;ESTOMAGO, SOE;C169;;;;;false;SDO;SEM INFORMAÇÃO;SEM INFORMAÇÃO;99 - SEM INFORMAÇÃO;999;MORTO;CÂNCER;03/10/2016;03/10/2016;03/10/2016;;
1697108;RCBP RORAIMA;MASCULINO;17/02/1972;44;PARDA;BRASIL;RORAIMA;BOA VISTA;MÉDIO (ANTIGO SEGUNDO GRAU);CASADO;;;RORAIMA;BOA VISTA;PELE DO MEMBRO SUPERIOR E DO OMBRO;C446;TUMOR DE CEL. GIGANTES DE PARTES MOLES, MALIGNO;92513;PELE DO MEMBRO SUPERIOR E DO OMBRO;C446;;;;;false;HISTOLOGIA DO TUMOR PRIMÁRIO;LOCALIZADO;;;;;;;;28/09/2016;;
1697109;RCBP RORAIMA;FEMININO;30/01/1976;40;PARDA;BRASIL;CEARÁ;GRANJA;FUNDAMENTAL I (1ª A 4ª SÉRIE);VIÚVO;;;RORAIMA;BOA VISTA;PELE DE OUTRAS PARTES DA FACE;C443;CARCINOMA BASOCELULAR, SOE;80903;PELE DE OUTRAS PARTES DA FACE;C443;;;;;false;HISTOLOGIA DO TUMOR PRIMÁRIO;LOCALIZADO;;;;;;;;16/09/2016;;
1697110;RCBP RORAIMA;FEMININO;21/02/1962;54;PARDA;BRASIL;AMAZONAS;;FUNDAMENTAL I (1ª A 4ª SÉRIE);CASADO;;;RORAIMA;CARACARAÍ;ENDOMETRIO;C541;CARCINOMA ENDOMETRIOIDE, SOE;83803;ENDOMETRIO;C541;;;;;false;HISTOLOGIA DO TUMOR PRIMÁRIO;METÁSTASE;;;;;;;;03/06/2016;;
1697113;RCBP RORAIMA;FEMININO;11/12/1958;57;PARDA;BRASIL;MARANHÃO;;FUNDAMENTAL I (1ª A 4ª SÉRIE);CASADO;611;PRODUTORES AGROPECUÁRIOS EM GERAL 	;RORAIMA;BOA VISTA;TIREOIDE, SOE;C739;CARCINOMA PAPILAR, VARIANTE FOLICULAR;83403;GLANDULA TIREOIDE;C73;;;;;false;HISTOLOGIA DO TUMOR PRIMÁRIO;SEM INFORMAÇÃO;;;;;;;;02/08/2016;;
1696746;RCBP RORAIMA;MASCULINO;05/09/1949;66;PARDA;BRASIL;PIAUÍ;ALTO LONGÁ;SEM ESCOLARIDADE;CASADO;0;SEM INFORMAÇÃO	;RORAIMA;BOA VISTA;FIGADO, SOE;C220;CARCINOMA HEPATOCELULAR, SOE;81703;CARCINOMA DE CELULAS HEPATICAS;C220;;;;;false;HISTOLOGIA DO TUMOR PRIMÁRIO;SEM INFORMAÇÃO;;;;;;;;15/05/2016;;
1696771;RCBP RORAIMA;MASCULINO;22/06/1932;84;BRANCO;BRASIL;PIAUÍ;LUÍS CORREIA;SEM ESCOLARIDADE;CASADO;514;TRABALHADORES NOS SERVIÇOS DE ADMINISTRAÇÃO, CONSERVAÇÃO E MANUTENÇÃO DE EDIFÍCIOS E LOGRADOUROS  	;RORAIMA;BOA VISTA;OUVIDO EXTERNO;C442;CARCINOMA BASOCELULAR, SOE;80903;PELE DA ORELHA E CONDUTO AUDITIVO EXTERNO;C442;;;;;false;HISTOLOGIA DO TUMOR PRIMÁRIO;LOCALIZADO;;;;;;;;23/06/2016;;
1697097;RCBP RORAIMA;FEMININO;31/07/1978;38;BRANCO;BRASIL;PARANÁ;CAPANEMA;SUPERIOR COMPLETO;CASADO;239;OUTROS PROFISSIONAIS DO ENSINO NÃO CLASSIFICADOS ANTERIORMENTE	;RORAIMA;ALTO ALEGRE;PELE DO MEMBRO SUPERIOR E DO OMBRO;C446;CARCINOMA BASOCELULAR, SOE;80903;PELE DO MEMBRO SUPERIOR E DO OMBRO;C446;;;;;false;HISTOLOGIA DO TUMOR PRIMÁRIO;LOCALIZADO;;;;;;;;21/09/2016;;
1696776;RCBP RORAIMA;MASCULINO;18/03/1944;71;PARDA;BRASIL;CEARÁ;;SEM ESCOLARIDADE;SOLTEIRO;0;SEM INFORMAÇÃO	;RORAIMA;BOA VISTA;PELE DE OUTRAS PARTES DA FACE;C443;CARCINOMA BASOCELULAR, SOE;80903;PELE DE OUTRAS PARTES DA FACE;C443;;;;;false;HISTOLOGIA DO TUMOR PRIMÁRIO;SEM INFORMAÇÃO;;;;;;;;28/01/2016;;
1697097;RCBP RORAIMA;FEMININO;31/07/1978;38;BRANCO;BRASIL;PARANÁ;CAPANEMA;SUPERIOR COMPLETO;CASADO;239;OUTROS PROFISSIONAIS DO ENSINO NÃO CLASSIFICADOS ANTERIORMENTE	;RORAIMA;BOA VISTA;PELE, SOE;C449;CARCINOMA BASOCELULAR, SOE;80903;NEOPLASIA MALIGNA DA PELE;C449;;;;;false;HISTOLOGIA DO TUMOR PRIMÁRIO;SEM INFORMAÇÃO;;;;;;;;17/10/2016;;
693279;RCBP RORAIMA;MASCULINO;11/09/1941;74;PARDA;BRASIL;RORAIMA;BOA VISTA;SEM INFORMAÇÃO;SOLTEIRO;0;SEM INFORMAÇÃO	;RORAIMA;BOA VISTA;PELE DE OUTRAS PARTES DA FACE;C443;CARCINOMA BASOCELULAR, SOE;80903;PELE DE OUTRAS PARTES DA FACE;C443;;;;;false;HISTOLOGIA DO TUMOR PRIMÁRIO;SEM INFORMAÇÃO;;;;;;;;14/04/2016;;
1697806;RCBP RORAIMA;FEMININO;13/07/1974;42;PARDA;BRASIL;AMAZONAS;;MÉDIO (ANTIGO SEGUNDO GRAU);SOLTEIRO;0;SEM INFORMAÇÃO	;RORAIMA;BOA VISTA;TIREOIDE, SOE;C739;ADENOCARCINOMA PAPILAR, SOE;82603;GLANDULA TIREOIDE;C73;;;;;false;HISTOLOGIA DO TUMOR PRIMÁRIO;SEM INFORMAÇÃO;;;;;;;;22/12/2016;;
1697813;RCBP RORAIMA;FEMININO;19/02/1960;55;INDÍGENA;BRASIL;RORAIMA;;MÉDIO (ANTIGO SEGUNDO GRAU);SOLTEIRO;0;SEM INFORMAÇÃO	;RORAIMA;BOA VISTA;COLO DO UTERO, SOE;C539;ADENOCARCINOMA, SOE;81403;COLO DO UTERO, SOE;C539;;;;;false;HISTOLOGIA DO TUMOR PRIMÁRIO;SEM INFORMAÇÃO;;;;;;;;02/02/2016;;
1697816;RCBP RORAIMA;FEMININO;10/04/1951;64;INDÍGENA;BRASIL;Não informado;;FUNDAMENTAL I (1ª A 4ª SÉRIE);SEPARADO JUDICIALMENTE;0;SEM INFORMAÇÃO	;RORAIMA;PACARAIMA;FIGADO, SOE;C220;CARCINOMA, SOE;80103;FIGADO E VIAS BILIARES INTRA-HEPATICAS;C22;;;;;false;SDO;SEM INFORMAÇÃO;SEM INFORMAÇÃO;99 - SEM INFORMAÇÃO;999;MORTO;CÂNCER;15/01/2016;15/01/2016;15/01/2016;;
1697821;RCBP RORAIMA;MASCULINO;07/09/1947;69;BRANCO;BRASIL;Não informado;;FUNDAMENTAL II (5ª A 8ª SÉRIE);UNIÃO CONSENSUAL;622;TRABALHADORES AGRÍCOLAS   	;RORAIMA;BOA VISTA;PULMAO, SOE;C349;NEOPLASIA MALIGNA;80003;BRONQUIOS OU PULMOES, SOE;C349;;;;;false;SDO;SEM INFORMAÇÃO;SEM INFORMAÇÃO;99 - SEM INFORMAÇÃO;999;MORTO;CÂNCER;27/11/2016;27/11/2016;27/11/2016;;
1697822;RCBP RORAIMA;FEMININO;30/04/1989;27;PARDA;BRASIL;RORAIMA;;MÉDIO (ANTIGO SEGUNDO GRAU);UNIÃO CONSENSUAL;0;SEM INFORMAÇÃO	;RORAIMA;BOA VISTA;LINFONODO, SOE;C779;LINFOMA MALIGNO, TIPO NAO HODGKIN, SOE;95913;LINFOMA NAO-HODGKIN, SOE;C859;;;LINFOMA NÃO-HODGKIN;2.1;false;HISTOLOGIA DO TUMOR PRIMÁRIO;NÃO SE APLICA;;;;;;;;10/11/2016;;
1697830;RCBP RORAIMA;MASCULINO;25/12/1925;90;PARDA;BRASIL;RORAIMA;BOA VISTA;SEM INFORMAÇÃO;SEM INFORMAÇÃO;;;RORAIMA;BOA VISTA;PELE DE OUTRAS PARTES DA FACE;C443;CARCINOMA ESCAMOCELULAR, SOE;80703;PELE DE OUTRAS PARTES DA FACE;C443;;;;;false;HISTOLOGIA DO TUMOR PRIMÁRIO;LOCALIZADO;;;;;;;;22/11/2016;;
1697832;RCBP RORAIMA;FEMININO;12/01/1984;32;PARDA;BRASIL;Não informado;;MÉDIO (ANTIGO SEGUNDO GRAU);CASADO;521;VENDEDORES E DEMONSTRADORES   	;RORAIMA;BOA VISTA;MEDULA OSSEA;C421;LEUCEMIA LINFOBLASTICA DE CELULAS PRECURSORAS,SOE;98353;LEUCEMIA LINFOBLASTICA AGUDA;C910;;;;;false;SDO;NÃO SE APLICA;SEM INFORMAÇÃO;99 - SEM INFORMAÇÃO;999;MORTO;CÂNCER;09/03/2016;09/03/2016;09/03/2016;;
1697835;RCBP RORAIMA;FEMININO;25/06/1968;48;PARDA;BRASIL;ACRE;;SUPERIOR COMPLETO;SOLTEIRO;0;SEM INFORMAÇÃO	;RORAIMA;BOA VISTA;CORPO DO UTERO, SOE;C549;CARCINOMA ADENOESCAMOSO;85603;CORPO DO UTERO, SOE;C549;;;;;false;HISTOLOGIA DO TUMOR PRIMÁRIO;SEM INFORMAÇÃO;;;;;;;;23/12/2016;C34;
1697851;RCBP RORAIMA;FEMININO;07/08/1991;24;SEM INFORMAÇÃO;BRASIL;Não informado;Não Informado;MÉDIO (ANTIGO SEGUNDO GRAU);SEM INFORMAÇÃO;0;SEM INFORMAÇÃO	;RORAIMA;BOA VISTA;COLO DO UTERO, SOE;C539;NEOPLASIA INTRA-EPITELIAL ESCAMOSA,GRAU IIII;80772;COLO DO UTERO, SOE;D069;;;;;false;CITOLOGIA;"IN SITU";;;;;;;;05/07/2016;;
1697855;RCBP RORAIMA;FEMININO;;;SEM INFORMAÇÃO;BRASIL;Não informado;Não Informado;FUNDAMENTAL II (5ª A 8ª SÉRIE);SEM INFORMAÇÃO;;;RORAIMA;BOA VISTA;COLO DO UTERO, SOE;C539;NEOPLASIA INTRA-EPITELIAL ESCAMOSA,GRAU IIII;80772;COLO DO UTERO, SOE;D069;;;;;false;CITOLOGIA;"IN SITU";;;;;;;;30/08/2016;;
1697858;RCBP RORAIMA;FEMININO;09/11/1981;34;BRANCO;BRASIL;Não informado;;MÉDIO (ANTIGO SEGUNDO GRAU);SOLTEIRO;622;TRABALHADORES AGRÍCOLAS   	;RORAIMA;MUCAJAÍ;MEDULA OSSEA;C421;LEUCEMIA MIELOIDE AGUDA, SOE;98613;LEUCEMIA MIELOIDE AGUDA;C920;;;;;false;SDO;NÃO SE APLICA;SEM INFORMAÇÃO;99 - SEM INFORMAÇÃO;999;MORTO;CÂNCER;14/05/2016;14/05/2016;14/05/2016;;
1697865;RCBP RORAIMA;FEMININO;18/08/1962;53;PARDA;BRASIL;Não informado;Não Informado;MÉDIO (ANTIGO SEGUNDO GRAU);SEM INFORMAÇÃO;;;RORAIMA;BOA VISTA;COLO DO UTERO, SOE;C539;NEOPLASIA INTRA-EPITELIAL ESCAMOSA,GRAU IIII;80772;COLO DO UTERO, SOE;D069;;;;;false;CITOLOGIA;"IN SITU";;;;;;;;27/01/2016;;
1697866;RCBP RORAIMA;FEMININO;23/10/1952;63;BRANCO;BRASIL;RIO GRANDE DO SUL;;FUNDAMENTAL I (1ª A 4ª SÉRIE);CASADO;0;SEM INFORMAÇÃO	;RORAIMA;BOA VISTA;PELE DE OUTRAS PARTES DA FACE;C443;CARCINOMA BASOCELULAR, SOE;80903;PELE DE OUTRAS PARTES DA FACE;C443;;;;;false;HISTOLOGIA DO TUMOR PRIMÁRIO;LOCALIZADO;;;;;;;;26/04/2016;;
1697872;RCBP RORAIMA;MASCULINO;10/04/1953;63;PARDA;BRASIL;Não informado;;SEM ESCOLARIDADE;CASADO;0;SEM INFORMAÇÃO	;RORAIMA;BOA VISTA;PROSTATA, SOE;C619;NEOPLASIA MALIGNA;80003;PROSTATA;C61;;;;;false;SDO;SEM INFORMAÇÃO;SEM INFORMAÇÃO;99 - SEM INFORMAÇÃO;999;MORTO;CÂNCER;10/04/2016;10/04/2016;10/04/2016;;
1697873;RCBP RORAIMA;MASCULINO;30/04/1949;66;PARDA;BRASIL;Não informado;;SEM ESCOLARIDADE;SOLTEIRO;622;TRABALHADORES AGRÍCOLAS   	;RORAIMA;BOA VISTA;PULMAO, SOE;C349;NEOPLASIA MALIGNA;80003;BRONQUIOS OU PULMOES, SOE;C349;;;;;false;SDO;SEM INFORMAÇÃO;SEM INFORMAÇÃO;99 - SEM INFORMAÇÃO;999;MORTO;CÂNCER;23/02/2016;23/02/2016;23/02/2016;;
1697876;RCBP RORAIMA;MASCULINO;19/06/1945;71;PARDA;BRASIL;MARANHÃO;;FUNDAMENTAL I (1ª A 4ª SÉRIE);SOLTEIRO;811;OPERADORES DE INSTALAÇÕES EM INDÚSTRIAS QUÍMICAS, PETROQUÍMICAS E AFINS   	;RORAIMA;BOA VISTA;PROSTATA, SOE;C619;ADENOCARCINOMA, SOE;81403;PROSTATA;C61;;;;;false;HISTOLOGIA DO TUMOR PRIMÁRIO;SEM INFORMAÇÃO;;;;;;;;19/12/2016;;
1697878;RCBP RORAIMA;MASCULINO;09/12/1952;63;PARDA;BRASIL;Não informado;Não Informado;SEM INFORMAÇÃO;SEM INFORMAÇÃO;;;RORAIMA;BOA VISTA;PROSTATA, SOE;C619;NEOPLASIA GLANDULAR INTRAEPITELIAL, GRAU III;81482;PROSTATA;D075;;;;;false;HISTOLOGIA DO TUMOR PRIMÁRIO;"IN SITU";;;;;;;;22/09/2016;;
1697881;RCBP RORAIMA;MASCULINO;05/09/1942;74;PARDA;CUBA;Não informado;Não Informado;SEM INFORMAÇÃO;VIÚVO;914;MECÂNICOS DE MANUTENÇÃO VEICULAR  	;RORAIMA;MUCAJAÍ;PULMAO, SOE;C349;NEOPLASIA MALIGNA;80003;BRONQUIOS OU PULMOES, SOE;C349;;;;;false;SDO;SEM INFORMAÇÃO;SEM INFORMAÇÃO;99 - SEM INFORMAÇÃO;999;MORTO;CÂNCER;31/10/2016;31/10/2016;31/10/2016;;
1697882;RCBP RORAIMA;MASCULINO;24/02/1940;76;PARDA;BRASIL;Não informado;;FUNDAMENTAL II (5ª A 8ª SÉRIE);CASADO;0;SEM INFORMAÇÃO	;RORAIMA;RORAINÓPOLIS;PROSTATA, SOE;C619;NEOPLASIA MALIGNA;80003;PROSTATA;C61;;;;;false;SDO;SEM INFORMAÇÃO;SEM INFORMAÇÃO;99 - SEM INFORMAÇÃO;999;MORTO;CÂNCER;14/12/2016;14/12/2016;14/12/2016;;
1698051;RCBP RORAIMA;MASCULINO;02/10/1963;52;PARDA;BRASIL;Não informado;;SUPERIOR COMPLETO;CASADO;122;DIRETORES DE PRODUÇÃO E OPERAÇÕES 	;RORAIMA;BOA VISTA;PULMAO, SOE;C349;NEOPLASIA MALIGNA;80003;BRONQUIOS OU PULMOES, SOE;C349;;;;;false;SDO;SEM INFORMAÇÃO;SEM INFORMAÇÃO;99 - SEM INFORMAÇÃO;999;MORTO;CÂNCER;20/02/2016;20/02/2016;20/02/2016;;
1698053;RCBP RORAIMA;MASCULINO;01/06/1936;80;PARDA;BRASIL;Não informado;;SEM ESCOLARIDADE;CASADO;232;PROFESSORES DO ENSINO MÉDIO   	;RORAIMA;BOA VISTA;PANCREAS, SOE;C259;NEOPLASIA MALIGNA;80003;PANCREAS, SOE;C259;;;;;false;SDO;SEM INFORMAÇÃO;SEM INFORMAÇÃO;99 - SEM INFORMAÇÃO;999;MORTO;CÂNCER;16/09/2016;16/09/2016;16/09/2016;;
1698055;RCBP RORAIMA;MASCULINO;20/03/1941;75;PARDA;BRASIL;PARÁ;;FUNDAMENTAL I (1ª A 4ª SÉRIE);SOLTEIRO;0;SEM INFORMAÇÃO	;RORAIMA;BOA VISTA;PROSTATA, SOE;C619;ADENOCARCINOMA, SOE;81403;PROSTATA;C61;;;;;false;HISTOLOGIA DO TUMOR PRIMÁRIO;SEM INFORMAÇÃO;;;;;;;;19/09/2016;;
1698062;RCBP RORAIMA;FEMININO;02/11/1940;75;BRANCO;BRASIL;CEARÁ;;FUNDAMENTAL I (1ª A 4ª SÉRIE);VIÚVO;0;SEM INFORMAÇÃO	;RORAIMA;BOA VISTA;OVARIO, SOE;C569;NEOPLASIA MALIGNA;80003;OVARIO;C56;;;;;false;SDO;SEM INFORMAÇÃO;SEM INFORMAÇÃO;99 - SEM INFORMAÇÃO;999;MORTO;CÂNCER;03/07/2016;03/07/2016;03/07/2016;;
1698069;RCBP RORAIMA;MASCULINO;25/05/1951;64;PARDA;BRASIL;ACRE;;MÉDIO (ANTIGO SEGUNDO GRAU);CASADO;521;VENDEDORES E DEMONSTRADORES   	;RORAIMA;BOA VISTA;PELE DE OUTRAS PARTES DA FACE;C443;CARCINOMA BASOCELULAR, SOE;80903;PELE DE OUTRAS PARTES DA FACE;C443;;;;;false;HISTOLOGIA DO TUMOR PRIMÁRIO;LOCALIZADO;;;;;;;;05/01/2016;;
1697759;RCBP RORAIMA;FEMININO;17/07/1965;50;BRANCO;BRASIL;PARANÁ;;FUNDAMENTAL II (5ª A 8ª SÉRIE);SEM INFORMAÇÃO;0;SEM INFORMAÇÃO	;RORAIMA;BOA VISTA;CORACAO;C380;NEOPLASIA MALIGNA;80003;CORACAO;C380;;;;;false;SDO;SEM INFORMAÇÃO;;;;;CÂNCER;30/06/2016;;30/06/2016;;
1697785;RCBP RORAIMA;FEMININO;08/06/1951;64;PRETA;BRASIL;RORAIMA;;FUNDAMENTAL I (1ª A 4ª SÉRIE);VIÚVO;0;SEM INFORMAÇÃO	;RORAIMA;BOA VISTA;COLO DO UTERO, SOE;C539;CARCINOMA ESCAMOCELULAR, SOE;80703;COLO DO UTERO, SOE;C539;;;;;false;HISTOLOGIA DO TUMOR PRIMÁRIO;SEM INFORMAÇÃO;;;;;;;;15/04/2016;;
1697787;RCBP RORAIMA;MASCULINO;09/10/1945;70;PARDA;BRASIL;CEARÁ;;FUNDAMENTAL II (5ª A 8ª SÉRIE);CASADO;0;SEM INFORMAÇÃO	;RORAIMA;BOA VISTA;PELE, SOE;C449;CARCINOMA BASOCELULAR, SOE;80903;NEOPLASIA MALIGNA DA PELE;C449;;;;;false;HISTOLOGIA DO TUMOR PRIMÁRIO;LOCALIZADO;;;;;;;;02/06/2016;;
693301;RCBP RORAIMA;FEMININO;31/05/1939;76;PARDA;BRASIL;PIAUÍ;LUZILÂNDIA;FUNDAMENTAL I (1ª A 4ª SÉRIE);VIÚVO;0;SEM INFORMAÇÃO	;RORAIMA;BOA VISTA;MAMA , SOE;C509;CARCINOMA DUCTAL INFILTRANTE;85003;MAMA , SOE;C509;;;;;false;HISTOLOGIA DO TUMOR PRIMÁRIO;SEM INFORMAÇÃO;;;;;;;;19/01/2016;;
749252;RCBP RORAIMA;FEMININO;23/05/1966;50;SEM INFORMAÇÃO;BRASIL;BAHIA;;SEM INFORMAÇÃO;SOLTEIRO;;;RORAIMA;BOA VISTA;PELE DO COURO CABELUDO E DO PESCOCO;C444;CARCINOMA BASOCELULAR, SOE;80903;PELE DO COURO CABELUDO E DO PESCOCO;C444;;;;;false;HISTOLOGIA DO TUMOR PRIMÁRIO;SEM INFORMAÇÃO;;;;;;;;28/06/2016;;
1698276;RCBP RORAIMA;FEMININO;07/04/1949;67;PARDA;BRASIL;AMAZONAS;;MÉDIO (ANTIGO SEGUNDO GRAU);SOLTEIRO;111;MEMBROS SUPERIORES DO PODER LEGISLATIVO, EXECUTIVO E JUDICIÁRIO   	;RORAIMA;BOA VISTA;ENDOMETRIO;C541;CARCINOMA ENDOMETRIOIDE, SOE;83803;ENDOMETRIO;C541;;;;;false;HISTOLOGIA DO TUMOR PRIMÁRIO;SEM INFORMAÇÃO;;;;;CÂNCER;28/11/2017;;15/09/2016;;
1698255;RCBP RORAIMA;MASCULINO;11/05/1951;65;PARDA;BRASIL;RORAIMA;;FUNDAMENTAL I (1ª A 4ª SÉRIE);SEPARADO JUDICIALMENTE;622;TRABALHADORES AGRÍCOLAS   	;RORAIMA;BOA VISTA;PELE DE OUTRAS PARTES DA FACE;C443;CARCINOMA BASOCELULAR, SOE;80903;PELE DE OUTRAS PARTES DA FACE;C443;;;;;false;HISTOLOGIA DO TUMOR PRIMÁRIO;SEM INFORMAÇÃO;;;;;;;;20/06/2016;;
1698405;RCBP RORAIMA;FEMININO;28/08/1949;66;BRANCO;BRASIL;RORAIMA;BOA VISTA;FUNDAMENTAL II (5ª A 8ª SÉRIE);CASADO;;;RORAIMA;BOA VISTA;PELE DE OUTRAS PARTES DA FACE;C443;CARCINOMA BASOCELULAR, SOE;80903;PELE DE OUTRAS PARTES DA FACE;C443;;;;;false;HISTOLOGIA DO TUMOR PRIMÁRIO;LOCALIZADO;;;;;;;;02/02/2016;;
1698269;RCBP RORAIMA;FEMININO;12/09/1935;81;PARDA;BRASIL;PARÁ;;FUNDAMENTAL II (5ª A 8ª SÉRIE);VIÚVO;842;OPERADORES NA PREPARAÇÃO DE FUMO E NA FABRICAÇÃO DE CHARUTOS E CIGARROS   	;RORAIMA;BOA VISTA;OVARIO, SOE;C569;ADENOCARCINOMA, SOE;81403;OVARIO;C56;;;;;false;HISTOLOGIA DO TUMOR PRIMÁRIO;SEM INFORMAÇÃO;;;;;CÂNCER;24/08/2017;;16/11/2016;;
1698530;RCBP RORAIMA;MASCULINO;17/04/1958;58;PARDA;BRASIL;Não informado;;FUNDAMENTAL II (5ª A 8ª SÉRIE);SOLTEIRO;842;OPERADORES NA PREPARAÇÃO DE FUMO E NA FABRICAÇÃO DE CHARUTOS E CIGARROS   	;RORAIMA;BOA VISTA;PULMAO, SOE;C349;NEOPLASIA MALIGNA;80003;BRONQUIOS OU PULMOES, SOE;C349;;;;;false;SDO;SEM INFORMAÇÃO;SEM INFORMAÇÃO;99 - SEM INFORMAÇÃO;999;MORTO;CÂNCER;19/07/2016;19/07/2016;19/07/2016;;
788017;RCBP RORAIMA;MASCULINO;07/02/1947;68;BRANCO;BRASIL;RORAIMA;BOA VISTA;FUNDAMENTAL I (1ª A 4ª SÉRIE);CASADO;622;TRABALHADORES AGRÍCOLAS   	;RORAIMA;BOA VISTA;PELE DO MEMBRO SUPERIOR E DO OMBRO;C446;CARCINOMA BASOCELULAR, SOE;80903;PELE DO MEMBRO SUPERIOR E DO OMBRO;C446;;;;;false;CLÍNICO;SEM INFORMAÇÃO;;;;;;;;05/02/2016;;
788017;RCBP RORAIMA;MASCULINO;07/02/1947;68;BRANCO;BRASIL;RORAIMA;BOA VISTA;FUNDAMENTAL I (1ª A 4ª SÉRIE);CASADO;622;TRABALHADORES AGRÍCOLAS   	;RORAIMA;BOA VISTA;PELE, SOE;C449;CARCINOMA BASOCELULAR, SOE;80903;NEOPLASIA MALIGNA DA PELE;C449;;;;;false;HISTOLOGIA DO TUMOR PRIMÁRIO;SEM INFORMAÇÃO;;;;;;;;05/02/2016;;
1698755;RCBP RORAIMA;FEMININO;08/02/1969;47;PARDA;BRASIL;ACRE;;FUNDAMENTAL II (5ª A 8ª SÉRIE);SOLTEIRO;512;TRABALHADORES DOS SERVIÇOS DOMÉSTICOS EM GERAL	;RORAIMA;BOA VISTA;COLO DO UTERO, SOE;C539;CARCINOMA ESC. DE CEL. GDES., NAO CERAT., SOE;80723;COLO DO UTERO, SOE;C539;;;;;false;HISTOLOGIA DO TUMOR PRIMÁRIO;LOCALIZADO;;;;;CÂNCER;04/08/2017;;25/02/2016;;
1694513;RCBP RORAIMA;FEMININO;14/03/1932;83;INDÍGENA;BRASIL;RORAIMA;;SEM ESCOLARIDADE;VIÚVO;622;TRABALHADORES AGRÍCOLAS   	;RORAIMA;BOA VISTA;MAMA , SOE;C509;CARCINOMA DUCTAL INFILTRANTE;85003;MAMA , SOE;C509;;;;;false;HISTOLOGIA DO TUMOR PRIMÁRIO;METÁSTASE;;;;;CÂNCER;16/11/2019;;29/01/2016;;
1694529;RCBP RORAIMA;MASCULINO;08/08/1936;79;PARDA;BRASIL;Não informado;;SEM ESCOLARIDADE;SOLTEIRO;;;RORAIMA;BOA VISTA;FARINGE, SOE;C140;NEOPLASIA MALIGNA;80003;FARINGE, SOE;C140;;;;;false;HISTOLOGIA DO TUMOR PRIMÁRIO;SEM INFORMAÇÃO;SEM INFORMAÇÃO;99 - SEM INFORMAÇÃO;999;MORTO;CÂNCER;25/11/2016;25/11/2016;22/03/2016;;
1694516;RCBP RORAIMA;FEMININO;15/08/1953;62;PARDA;BRASIL;RORAIMA;CANTÁ;MÉDIO (ANTIGO SEGUNDO GRAU);CASADO;0;SEM INFORMAÇÃO	;RORAIMA;CANTÁ;LOCALIZACAO PRIMARIA DESCONHECIDA, SOE;C809;NEOPLASIA MALIGNA;80003;LOCALIZACAO PRIMARIA DESCONHECIDA;C80;;;;;false;HISTOLOGIA DO TUMOR PRIMÁRIO;SEM INFORMAÇÃO;SEM INFORMAÇÃO;99 - SEM INFORMAÇÃO;999;MORTO;CÂNCER;26/11/2016;26/11/2016;16/03/2016;;
1694521;RCBP RORAIMA;FEMININO;15/08/1970;45;PARDA;Não informado;Não informado;Não Informado;SEM INFORMAÇÃO;SOLTEIRO;0;SEM INFORMAÇÃO	;RORAIMA;BOA VISTA;MAMA , SOE;C509;CARCINOMA DUCTAL INFILTRANTE;85003;MAMA , SOE;C509;;;;;false;HISTOLOGIA DO TUMOR PRIMÁRIO;SEM INFORMAÇÃO;;;;;;;;01/08/2016;C76;
1694524;RCBP RORAIMA;MASCULINO;23/02/1943;73;PARDA;BRASIL;PIAUÍ;MATIAS OLÍMPIO;SEM ESCOLARIDADE;CASADO;622;TRABALHADORES AGRÍCOLAS   	;RORAIMA;BOA VISTA;MEDULA OSSEA;C421;MIELOMA MULTIPLO;97323;MIELOMA MULTIPLO;C900;;;;;false;CITOLOGIA;NÃO SE APLICA;;;;;CÂNCER;22/01/2018;;01/06/2016;;
708779;RCBP RORAIMA;FEMININO;23/02/1966;50;PARDA;BRASIL;AMAZONAS;;SEM INFORMAÇÃO;SOLTEIRO;0;SEM INFORMAÇÃO	;RORAIMA;BOA VISTA;COLO DO UTERO, SOE;C539;CARCINOMA ESC. DE CEL. GDES., NAO CERAT., SOE;80723;COLO DO UTERO, SOE;C539;;;;;false;HISTOLOGIA DO TUMOR PRIMÁRIO;SEM INFORMAÇÃO;;;;;;;;19/09/2016;;
1698739;RCBP RORAIMA;FEMININO;12/12/1949;66;PRETA;BRASIL;MARANHÃO;;FUNDAMENTAL I (1ª A 4ª SÉRIE);UNIÃO CONSENSUAL;0;SEM INFORMAÇÃO	;RORAIMA;ALTO ALEGRE;PULMAO, SOE;C349;ADENOCARCINOMA, SOE;81403;BRONQUIOS OU PULMOES, SOE;C349;;;;;false;HISTOLOGIA DO TUMOR PRIMÁRIO;SEM INFORMAÇÃO;;;;;CÂNCER;14/08/2017;;08/11/2016;;
1694531;RCBP RORAIMA;MASCULINO;17/08/1943;72;BRANCO;BRASIL;RORAIMA;CARACARAÍ;FUNDAMENTAL II (5ª A 8ª SÉRIE);VIÚVO;622;TRABALHADORES AGRÍCOLAS   	;RORAIMA;BOA VISTA;ESOFAGO, SOE;C159;NEOPLASIA MALIGNA;80003;ESOFAGO, SOE;C159;;;;;false;HISTOLOGIA DO TUMOR PRIMÁRIO;SEM INFORMAÇÃO;SEM INFORMAÇÃO;99 - SEM INFORMAÇÃO;999;MORTO;CÂNCER;08/02/2016;08/02/2016;05/01/2016;;
777911;RCBP RORAIMA;MASCULINO;25/01/1951;65;BRANCO;BRASIL;Não informado;Não Informado;FUNDAMENTAL II (5ª A 8ª SÉRIE);CASADO;622;TRABALHADORES AGRÍCOLAS   	;RORAIMA;SÃO LUIZ;PULMAO, SOE;C349;NEOPLASIA MALIGNA;80003;BRONQUIOS OU PULMOES, SOE;C349;;;;;false;HISTOLOGIA DO TUMOR PRIMÁRIO;SEM INFORMAÇÃO;;;;;CÂNCER;07/04/2016;;01/02/2016;;
777933;RCBP RORAIMA;FEMININO;25/12/1925;90;INDÍGENA;BRASIL;RORAIMA;BOA VISTA;SEM ESCOLARIDADE;VIÚVO;0;SEM INFORMAÇÃO	;RORAIMA;BOA VISTA;PELE DO COURO CABELUDO E DO PESCOCO;C444;CARCINOMA BASOCELULAR, SOE;80903;PELE DO COURO CABELUDO E DO PESCOCO;C444;;;;;false;HISTOLOGIA DO TUMOR PRIMÁRIO;LOCALIZADO;;;;;;;;03/05/2016;;
1694619;RCBP RORAIMA;FEMININO;05/11/1987;29;PARDA;BRASIL;RORAIMA;;MÉDIO (ANTIGO SEGUNDO GRAU);CASADO;0;SEM INFORMAÇÃO	;RORAIMA;BOA VISTA;MEDIASTINO, SOE;C383;LINFOMA MEDIASTINAL PRIMARIO DE GRANDES CELULAS B;96793;GRANDES CELULAS (DIFUSO);C833;;;LINFOMA NÃO-HODGKIN;2.1;false;HISTOLOGIA DO TUMOR PRIMÁRIO;NÃO SE APLICA;;;;;;;;27/12/2016;;
1694621;RCBP RORAIMA;MASCULINO;11/02/1950;66;PARDA;BRASIL;CEARÁ;;SEM ESCOLARIDADE;SOLTEIRO;0;SEM INFORMAÇÃO	;RORAIMA;BOA VISTA;LARINGE, SOE;C329;CARCINOMA ESCAMOCELULAR, SOE;80703;LARINGE, SOE;C329;;;;;false;HISTOLOGIA DO TUMOR PRIMÁRIO;METÁSTASE;;;;;CÂNCER;28/06/2016;;25/02/2016;;
1694630;RCBP RORAIMA;MASCULINO;12/11/1955;60;PARDA;PERU;Não informado;Não Informado;FUNDAMENTAL I (1ª A 4ª SÉRIE);CASADO;521;VENDEDORES E DEMONSTRADORES   	;RORAIMA;BOA VISTA;PROSTATA, SOE;C619;ADENOCARCINOMA, SOE;81403;PROSTATA;C61;;;;;false;HISTOLOGIA DO TUMOR PRIMÁRIO;METÁSTASE;;;;;CÂNCER;09/07/2019;;23/05/2016;C76;
1694632;RCBP RORAIMA;MASCULINO;26/10/1936;79;INDÍGENA;BRASIL;Não informado;;FUNDAMENTAL II (5ª A 8ª SÉRIE);SOLTEIRO;622;TRABALHADORES AGRÍCOLAS   	;RORAIMA;PACARAIMA;VIA BILIAR, SOE;C249;NEOPLASIA MALIGNA;80003;VIA BILIAR, SOE;C249;;;;;false;HISTOLOGIA DO TUMOR PRIMÁRIO;SEM INFORMAÇÃO;SEM INFORMAÇÃO;99 - SEM INFORMAÇÃO;999;MORTO;CÂNCER;11/11/2016;11/11/2016;23/03/2016;;
1694634;RCBP RORAIMA;MASCULINO;01/02/2014;1;PARDA;BRASIL;RORAIMA;BONFIM;SEM INFORMAÇÃO;SEM INFORMAÇÃO;;;RORAIMA;BOA VISTA;MEDULA OSSEA;C421;LEUCEMIA LINFOIDE, SOE;98203;LEUCEMIA LINFOIDE, SOE;C919;Leucemias linfóides;I-A;;;false;HISTOLOGIA DO TUMOR PRIMÁRIO;NÃO SE APLICA;SEM INFORMAÇÃO;99 - SEM INFORMAÇÃO;999;MORTO;CÂNCER;15/02/2016;15/02/2016;08/01/2016;;
1694638;RCBP RORAIMA;FEMININO;20/12/1961;54;PARDA;BRASIL;ACRE;CRUZEIRO DO SUL;FUNDAMENTAL II (5ª A 8ª SÉRIE);SOLTEIRO;0;SEM INFORMAÇÃO	;RORAIMA;BOA VISTA;UTERO, SOE;C559;NEOPLASIA MALIGNA;80003;UTERO, SOE;C55;;;;;false;SDO;METÁSTASE;SEM INFORMAÇÃO;99 - SEM INFORMAÇÃO;999;MORTO;CÂNCER;05/03/2016;05/03/2016;31/01/2016;;
1694641;RCBP RORAIMA;MASCULINO;28/03/1972;44;SEM INFORMAÇÃO;BRASIL;PARANÁ;NOVA AURORA;MÉDIO (ANTIGO SEGUNDO GRAU);CASADO;;;RORAIMA;BOA VISTA;PALPEBRA;C441;CARCINOMA BASOCELULAR, SOE;80903;PELE DA PALPEBRA E CANTO;C441;;;;;false;HISTOLOGIA DO TUMOR PRIMÁRIO;LOCALIZADO;;;;;;;;23/09/2016;;
1694648;RCBP RORAIMA;MASCULINO;22/10/1964;51;AMARELA;BRASIL;Não informado;Não Informado;SEM ESCOLARIDADE;SEM INFORMAÇÃO;;;RORAIMA;BOA VISTA;PROSTATA, SOE;C619;NEOPLASIA GLANDULAR INTRAEPITELIAL, GRAU III;81482;PROSTATA;D075;;;;;false;HISTOLOGIA DO TUMOR PRIMÁRIO;"IN SITU";;;;;;;;22/09/2016;;
1694650;RCBP RORAIMA;MASCULINO;19/10/1946;69;PARDA;Não informado;Não informado;Não Informado;SEM INFORMAÇÃO;SEM INFORMAÇÃO;0;SEM INFORMAÇÃO	;RORAIMA;BOA VISTA;PENIS, SOE;C609;CARCINOMA ESCAMOCELULAR, SOE;80703;PENIS, SOE;C609;;;;;false;HISTOLOGIA DO TUMOR PRIMÁRIO;SEM INFORMAÇÃO;;;;;;;;15/05/2016;;
1694655;RCBP RORAIMA;MASCULINO;02/08/1942;74;PARDA;BRASIL;Não informado;Não Informado;FUNDAMENTAL I (1ª A 4ª SÉRIE);VIÚVO;;;RORAIMA;BOA VISTA;PELE DE OUTRAS PARTES DA FACE;C443;CARCINOMA BASOCELULAR, SOE;80903;PELE DE OUTRAS PARTES DA FACE;C443;;;;;false;HISTOLOGIA DO TUMOR PRIMÁRIO;LOCALIZADO;;;;;;;;06/10/2016;;
1694661;RCBP RORAIMA;FEMININO;05/02/1985;30;PARDA;BRASIL;Não informado;Não Informado;MÉDIO (ANTIGO SEGUNDO GRAU);SEM INFORMAÇÃO;;;RORAIMA;BOA VISTA;COLO DO UTERO, SOE;C539;NEOPLASIA INTRA-EPITELIAL ESCAMOSA,GRAU IIII;80772;COLO DO UTERO, SOE;D069;;;;;false;CITOLOGIA;"IN SITU";;;;;;;;22/01/2016;;
1694663;RCBP RORAIMA;FEMININO;20/08/1976;39;PARDA;BRASIL;RORAIMA;;SUPERIOR INCOMPLETO;SOLTEIRO;0;SEM INFORMAÇÃO	;RORAIMA;BOA VISTA;TIREOIDE, SOE;C739;CARCINOMA PAPILAR, SOE;80503;GLANDULA TIREOIDE;C73;;;;;false;HISTOLOGIA DO TUMOR PRIMÁRIO;SEM INFORMAÇÃO;;;;;;;;15/08/2016;;
1694666;RCBP RORAIMA;MASCULINO;04/05/1963;53;PARDA;BRASIL;GOIAS;CRIXÁS;FUNDAMENTAL I (1ª A 4ª SÉRIE);CASADO;622;TRABALHADORES AGRÍCOLAS   	;RORAIMA;BOA VISTA;BORDO DA LINGUA;C021;CARCINOMA ESCAMOCELULAR, SOE;80703;BORDA DA LINGUA;C021;;;;;false;HISTOLOGIA DO TUMOR PRIMÁRIO;METÁSTASE;;;;;;;;15/08/2016;;
1694675;RCBP RORAIMA;FEMININO;25/10/1947;68;BRANCO;BRASIL;Não informado;;MÉDIO (ANTIGO SEGUNDO GRAU);CASADO;231;PROFESSORES DE NÍVEL SUPERIOR NA EDUCAÇÃO INFANTIL E NO ENSINO FUNDAMENTAL	;RORAIMA;BOA VISTA;ESTOMAGO, SOE;C169;NEOPLASIA MALIGNA;80003;ESTOMAGO, SOE;C169;;;;;false;HISTOLOGIA DO TUMOR PRIMÁRIO;METÁSTASE;SEM INFORMAÇÃO;99 - SEM INFORMAÇÃO;999;MORTO;CÂNCER;27/08/2016;27/08/2016;12/02/2016;;
1694677;RCBP RORAIMA;FEMININO;23/10/1955;60;PRETA;BRASIL;PARÁ;;SUPERIOR COMPLETO;CASADO;252;PROFISSIONAIS DE ORGANIZAÇÃO E ADMINISTRAÇÃO DE EMPRESAS E AFINS  	;RORAIMA;BOA VISTA;QUADRANTE SUPERIOR EXTERNO DA MAMA;C504;CARCINOMA DUCTAL INFILTRANTE;85003;QUADRANTE SUPERIOR EXTERNO DA MAMA;C504;;;;;false;HISTOLOGIA DO TUMOR PRIMÁRIO;LOCALIZADO;;;;;;;;27/02/2016;;
1694682;RCBP RORAIMA;MASCULINO;07/02/1934;81;BRANCO;BRASIL;Não informado;;SEM ESCOLARIDADE;CASADO;622;TRABALHADORES AGRÍCOLAS   	;RORAIMA;RORAINÓPOLIS;PROSTATA, SOE;C619;NEOPLASIA MALIGNA;80003;PROSTATA;C61;;;;;false;HISTOLOGIA DO TUMOR PRIMÁRIO;SEM INFORMAÇÃO;SEM INFORMAÇÃO;99 - SEM INFORMAÇÃO;999;MORTO;CÂNCER;24/07/2016;24/07/2016;15/01/2016;;
1694683;RCBP RORAIMA;FEMININO;08/10/1963;52;PRETA;BRASIL;MARANHÃO;;FUNDAMENTAL I (1ª A 4ª SÉRIE);SOLTEIRO;0;SEM INFORMAÇÃO	;RORAIMA;ALTO ALEGRE;LARINGE, SOE;C329;CARCINOMA ESCAMOCELULAR, SOE;80703;LARINGE, SOE;C329;;;;;false;HISTOLOGIA DO TUMOR PRIMÁRIO;METÁSTASE;;;;;;;;06/10/2016;;
1694685;RCBP RORAIMA;FEMININO;13/08/1959;56;PARDA;BRASIL;AMAZONAS;;SEM INFORMAÇÃO;SEPARADO JUDICIALMENTE;524;VENDEDORES A DOMICÍLIO, AMBULANTES E EM BANCAS	;RORAIMA;BOA VISTA;PELE DE OUTRAS PARTES DA FACE;C443;CARCINOMA BASOCELULAR, SOE;80903;PELE DE OUTRAS PARTES DA FACE;C443;;;;;false;HISTOLOGIA DO TUMOR PRIMÁRIO;SEM INFORMAÇÃO;;;;;;;;12/01/2016;;
1698744;RCBP RORAIMA;FEMININO;06/03/1942;74;BRANCO;BRASIL;MARANHÃO;BREJO;FUNDAMENTAL I (1ª A 4ª SÉRIE);VIÚVO;;;RORAIMA;BOA VISTA;PELE, SOE;C449;CARCINOMA BASOCELULAR, SOE;80903;NEOPLASIA MALIGNA DA PELE;C449;;;;;false;HISTOLOGIA DO TUMOR PRIMÁRIO;LOCALIZADO;;;;;;;;05/07/2016;;
1701158;RCBP RORAIMA;MASCULINO;14/05/1959;56;INDÍGENA;BRASIL;Não informado;;FUNDAMENTAL I (1ª A 4ª SÉRIE);SOLTEIRO;622;TRABALHADORES AGRÍCOLAS   	;RORAIMA;UIRAMUTÃ;LOCALIZACAO PRIMARIA DESCONHECIDA, SOE;C809;CARCINOMA "IN SITU", SOE;80102;CARCINOMA "IN SITU", SOE;D099;;;;;false;SDO;"IN SITU";SEM INFORMAÇÃO;99 - SEM INFORMAÇÃO;999;MORTO;NÃO CÂNCER;14/03/2016;14/03/2016;14/03/2016;;
1701160;RCBP RORAIMA;MASCULINO;23/11/1930;85;BRANCO;BRASIL;PIAUÍ;;SEM INFORMAÇÃO;CASADO;0;SEM INFORMAÇÃO	;RORAIMA;BOA VISTA;PELE DE OUTRAS PARTES DA FACE;C443;CARCINOMA BASOCELULAR, SOE;80903;PELE DE OUTRAS PARTES DA FACE;C443;;;;;false;HISTOLOGIA DO TUMOR PRIMÁRIO;SEM INFORMAÇÃO;;;;;;;;12/01/2016;;
1701121;RCBP RORAIMA;MASCULINO;03/06/1954;62;PARDA;BRASIL;PARÁ;;SEM INFORMAÇÃO;SEM INFORMAÇÃO;;;RORAIMA;BOA VISTA;TIREOIDE, SOE;C739;CARCINOMA PAPILAR, SOE;80503;GLANDULA TIREOIDE;C73;;;;;false;HISTOLOGIA DO TUMOR PRIMÁRIO;METÁSTASE;;;;;;;;19/09/2016;;
1701112;RCBP RORAIMA;MASCULINO;27/05/1996;20;PARDA;BRASIL;Não informado;;SEM INFORMAÇÃO;SEM INFORMAÇÃO;;;RORAIMA;BOA VISTA;MEDULA ESPINHAL;C720;NEOPLASIA MALIGNA;80003;MEDULA ESPINHAL;C720;;;NEOPLASIAS INTRACRANIANAS E INTRAESPINAIS NÃO-ESPECÍFICAS;3.6;false;SDO;SEM INFORMAÇÃO;SEM INFORMAÇÃO;99 - SEM INFORMAÇÃO;999;MORTO;CÂNCER;11/06/2016;11/06/2016;11/06/2016;;
1701115;RCBP RORAIMA;MASCULINO;29/08/1951;65;PARDA;BRASIL;Não informado;;FUNDAMENTAL II (5ª A 8ª SÉRIE);SEM INFORMAÇÃO;622;TRABALHADORES AGRÍCOLAS   	;RORAIMA;BOA VISTA;PULMAO, SOE;C349;NEOPLASIA MALIGNA;80003;BRONQUIOS OU PULMOES, SOE;C349;;;;;false;SDO;SEM INFORMAÇÃO;SEM INFORMAÇÃO;99 - SEM INFORMAÇÃO;999;MORTO;CÂNCER;14/10/2016;14/10/2016;14/10/2016;;
1701120;RCBP RORAIMA;FEMININO;28/02/1994;22;PARDA;BRASIL;AMAZONAS;;MÉDIO (ANTIGO SEGUNDO GRAU);VIÚVO;0;SEM INFORMAÇÃO	;RORAIMA;BOA VISTA;COLON TRANSVERSO;C184;ADENOCARCINOMA PAPILAR, SOE;82603;COLON TRANSVERSO;C184;;;CARCINOMA DE CÓLON E RETO;8.6.1;false;HISTOLOGIA DO TUMOR PRIMÁRIO;SEM INFORMAÇÃO;;;;;;;;24/05/2016;;
1701128;RCBP RORAIMA;FEMININO;01/02/1946;70;SEM INFORMAÇÃO;BRASIL;Não informado;;FUNDAMENTAL I (1ª A 4ª SÉRIE);CASADO;111;MEMBROS SUPERIORES DO PODER LEGISLATIVO, EXECUTIVO E JUDICIÁRIO   	;RORAIMA;BOA VISTA;ESTOMAGO, SOE;C169;NEOPLASIA MALIGNA;80003;ESTOMAGO, SOE;C169;;;;;false;SDO;SEM INFORMAÇÃO;SEM INFORMAÇÃO;99 - SEM INFORMAÇÃO;999;MORTO;CÂNCER;15/09/2016;15/09/2016;15/09/2016;;
1701129;RCBP RORAIMA;FEMININO;05/08/1955;61;BRANCO;BRASIL;RORAIMA;;FUNDAMENTAL II (5ª A 8ª SÉRIE);SOLTEIRO;0;SEM INFORMAÇÃO	;RORAIMA;MUCAJAÍ;ENDOMETRIO;C541;CARCINOMA ENDOMETRIOIDE, SOE;83803;ENDOMETRIO;C541;;;;;false;HISTOLOGIA DO TUMOR PRIMÁRIO;SEM INFORMAÇÃO;;;;;CÂNCER;29/04/2020;;02/12/2016;C76;
1701136;RCBP RORAIMA;FEMININO;19/02/1930;86;PARDA;BRASIL;Não informado;;MÉDIO (ANTIGO SEGUNDO GRAU);VIÚVO;0;SEM INFORMAÇÃO	;RORAIMA;BOA VISTA;OVARIO, SOE;C569;NEOPLASIA MALIGNA;80003;OVARIO;C56;;;;;false;SDO;SEM INFORMAÇÃO;SEM INFORMAÇÃO;99 - SEM INFORMAÇÃO;999;MORTO;CÂNCER;27/02/2016;27/02/2016;27/02/2016;;
1701143;RCBP RORAIMA;MASCULINO;29/10/1952;63;PARDA;BRASIL;CEARÁ;;FUNDAMENTAL I (1ª A 4ª SÉRIE);SOLTEIRO;622;TRABALHADORES AGRÍCOLAS   	;RORAIMA;BOA VISTA;PROSTATA, SOE;C619;ADENOCARCINOMA, SOE;81403;PROSTATA;C61;;;;;false;HISTOLOGIA DO TUMOR PRIMÁRIO;METÁSTASE;;;;;CÂNCER;15/06/2018;;09/09/2016;;
1701146;RCBP RORAIMA;MASCULINO;08/10/1930;85;SEM INFORMAÇÃO;BRASIL;MARANHÃO;;SEM ESCOLARIDADE;VIÚVO;0;SEM INFORMAÇÃO	;RORAIMA;BOA VISTA;PELE DO LABIO, SOE;C440;CARCINOMA BASOCELULAR, SOE;80903;PELE DO LABIO;C440;;;;;false;HISTOLOGIA DO TUMOR PRIMÁRIO;LOCALIZADO;;;;;;;;07/06/2016;;
1701147;RCBP RORAIMA;MASCULINO;19/10/1930;85;BRANCO;BRASIL;Não informado;;FUNDAMENTAL II (5ª A 8ª SÉRIE);VIÚVO;622;TRABALHADORES AGRÍCOLAS   	;RORAIMA;BOA VISTA;MEDULA OSSEA;C421;LEUCEMIA LINFOBLASTICA DE CELULAS PRECURSORAS,SOE;98353;LEUCEMIA LINFOBLASTICA AGUDA;C910;;;;;false;SDO;NÃO SE APLICA;SEM INFORMAÇÃO;99 - SEM INFORMAÇÃO;999;MORTO;CÂNCER;07/05/2016;07/05/2016;07/05/2016;;
1701148;RCBP RORAIMA;MASCULINO;29/08/1941;75;PARDA;BRASIL;CEARÁ;;FUNDAMENTAL I (1ª A 4ª SÉRIE);SEM INFORMAÇÃO;622;TRABALHADORES AGRÍCOLAS   	;RORAIMA;BOA VISTA;PULMAO, SOE;C349;CARCINOMA ESC. DE CEL. GDES., NAO CERAT., SOE;80723;BRONQUIOS OU PULMOES, SOE;C349;;;;;false;HISTOLOGIA DO TUMOR PRIMÁRIO;SEM INFORMAÇÃO;;;;;CÂNCER;14/10/2016;;12/09/2016;;
1701150;RCBP RORAIMA;MASCULINO;06/11/1955;60;PARDA;BRASIL;AMAZONAS;;FUNDAMENTAL II (5ª A 8ª SÉRIE);CASADO;821;OPERADORES DE INSTALAÇÕES E EQUIPAMENTOS DE PRODUÇÃO DE METAIS E LIGAS- PRIMEIRA FUSÃO	;RORAIMA;MUCAJAÍ;PROSTATA, SOE;C619;ADENOCARCINOMA, SOE;81403;PROSTATA;C61;;;;;false;HISTOLOGIA DO TUMOR PRIMÁRIO;METÁSTASE;;;;;;;;31/10/2016;C41;
1701151;RCBP RORAIMA;MASCULINO;18/01/1925;91;PARDA;BRASIL;Não informado;;FUNDAMENTAL II (5ª A 8ª SÉRIE);CASADO;0;SEM INFORMAÇÃO	;RORAIMA;BOA VISTA;PROSTATA, SOE;C619;NEOPLASIA MALIGNA;80003;PROSTATA;C61;;;;;false;SDO;SEM INFORMAÇÃO;SEM INFORMAÇÃO;99 - SEM INFORMAÇÃO;999;MORTO;CÂNCER;03/12/2016;03/12/2016;03/12/2016;;
1700863;RCBP RORAIMA;MASCULINO;30/04/1955;61;BRANCO;BRASIL;MARANHÃO;;FUNDAMENTAL I (1ª A 4ª SÉRIE);CASADO;782;CONDUTORES DE VEÍCULOS E OPERADORES DE EQUIPAMENTOS DE ELEVAÇÃO E DE MOVIMENTAÇÃO DE CARGAS   	;RORAIMA;BOA VISTA;PELE DE OUTRAS PARTES DA FACE;C443;CARCINOMA BASOCELULAR, SOE;80903;PELE DE OUTRAS PARTES DA FACE;C443;;;;;false;HISTOLOGIA DO TUMOR PRIMÁRIO;SEM INFORMAÇÃO;;;;;;;;30/08/2016;;
1701109;RCBP RORAIMA;MASCULINO;15/09/1951;64;PARDA;BRASIL;RORAIMA;;MÉDIO (ANTIGO SEGUNDO GRAU);CASADO;111;MEMBROS SUPERIORES DO PODER LEGISLATIVO, EXECUTIVO E JUDICIÁRIO   	;RORAIMA;BOA VISTA;CABECA DO PANCREAS;C250;NEOPLASIA MALIGNA;80003;CABECA DO PANCREAS;C250;;;;;false;HISTOLOGIA DO TUMOR PRIMÁRIO;SEM INFORMAÇÃO;;;;;CÂNCER;29/10/2016;;07/07/2016;;
783209;RCBP RORAIMA;FEMININO;15/01/1928;88;PARDA;BRASIL;ALAGOAS;;FUNDAMENTAL I (1ª A 4ª SÉRIE);VIÚVO;0;SEM INFORMAÇÃO	;RORAIMA;BOA VISTA;PELE DE OUTRAS PARTES DA FACE;C443;CARCINOMA BASOCELULAR, SOE;80903;PELE DE OUTRAS PARTES DA FACE;C443;;;;;false;HISTOLOGIA DO TUMOR PRIMÁRIO;LOCALIZADO;;;;;;;;24/05/2016;;
1701544;RCBP RORAIMA;MASCULINO;20/02/1976;40;BRANCO;BRASIL;PARANÁ;CAMPO LARGO;FUNDAMENTAL II (5ª A 8ª SÉRIE);CASADO;915;REPARADORES DE INSTRUMENTOS E EQUIPAMENTOS DE PRECISÃO	;RORAIMA;BOA VISTA;CANAL ANAL;C211;CARCINOMA VERRUCOSO, SOE;80513;CANAL ANAL;C211;;;;;false;HISTOLOGIA DO TUMOR PRIMÁRIO;SEM INFORMAÇÃO;;;;;;;;10/11/2016;;
1701528;RCBP RORAIMA;FEMININO;18/12/1971;44;PARDA;BRASIL;MARANHÃO;ZÉ DOCA;FUNDAMENTAL II (5ª A 8ª SÉRIE);CASADO;0;SEM INFORMAÇÃO	;RORAIMA;BOA VISTA;MAMA , SOE;C509;ADENOCARCINOMA TUBULAR;82113;MAMA , SOE;C509;;;;;false;HISTOLOGIA DO TUMOR PRIMÁRIO;SEM INFORMAÇÃO;;;;;;;;03/02/2016;;
1701162;RCBP RORAIMA;MASCULINO;18/03/1947;68;PARDA;BRASIL;Não informado;;FUNDAMENTAL II (5ª A 8ª SÉRIE);CASADO;0;SEM INFORMAÇÃO	;RORAIMA;BOA VISTA;CABECA DO PANCREAS;C250;NEOPLASIA MALIGNA;80003;CABECA DO PANCREAS;C250;;;;;false;SDO;SEM INFORMAÇÃO;SEM INFORMAÇÃO;99 - SEM INFORMAÇÃO;999;MORTO;CÂNCER;05/03/2016;05/03/2016;05/03/2016;;
1701164;RCBP RORAIMA;MASCULINO;20/10/1944;71;PARDA;BRASIL;MARANHÃO;;SEM ESCOLARIDADE;CASADO;342;TÉCNICOS EM TRANSPORTES (LOGÍSTICA)   	;RORAIMA;BOA VISTA;ESTOMAGO, SOE;C169;NEOPLASIA MALIGNA;80003;ESTOMAGO, SOE;C169;;;;;false;SDO;SEM INFORMAÇÃO;SEM INFORMAÇÃO;99 - SEM INFORMAÇÃO;999;MORTO;CÂNCER;08/06/2016;08/06/2016;08/06/2016;;
1701172;RCBP RORAIMA;MASCULINO;31/08/1956;60;PARDA;BRASIL;TOCANTINS;;FUNDAMENTAL II (5ª A 8ª SÉRIE);SOLTEIRO;622;TRABALHADORES AGRÍCOLAS   	;RORAIMA;CAROEBE;ESTOMAGO, SOE;C169;CARCINOMA DE CELULAS EM ANEL DE SINETE;84903;ESTOMAGO, SOE;C169;;;;;false;HISTOLOGIA DO TUMOR PRIMÁRIO;METÁSTASE;;;;;;;;31/08/2016;;
1701166;RCBP RORAIMA;MASCULINO;14/04/1955;61;PARDA;BRASIL;Não informado;;SEM INFORMAÇÃO;SEM INFORMAÇÃO;711;TRABALHADORES DA EXTRAÇÃO MINERAL 	;RORAIMA;BOA VISTA;MEDULA OSSEA;C421;MIELOMA MULTIPLO;97323;MIELOMA MULTIPLO;C900;;;;;false;SDO;NÃO SE APLICA;SEM INFORMAÇÃO;99 - SEM INFORMAÇÃO;999;MORTO;CÂNCER;26/10/2016;26/10/2016;26/10/2016;;
1701167;RCBP RORAIMA;MASCULINO;23/01/1958;58;BRANCO;BRASIL;RORAIMA;;FUNDAMENTAL I (1ª A 4ª SÉRIE);CASADO;141;GERENTES DE PRODUÇÃO E OPERAÇÕES  	;RORAIMA;BOA VISTA;OUVIDO EXTERNO;C442;MELANOMA MALIGNO, SOE;87203;MELANOMA MALIGNO DA ORELHA E CONDUTO AUDITIVO EXT.;C432;;;;;false;HISTOLOGIA DO TUMOR PRIMÁRIO;SEM INFORMAÇÃO;;;;;;;;08/11/2016;;
1701170;RCBP RORAIMA;MASCULINO;29/12/1942;73;SEM INFORMAÇÃO;BRASIL;CEARÁ;;SEM INFORMAÇÃO;SOLTEIRO;0;SEM INFORMAÇÃO	;RORAIMA;BOA VISTA;PELE DE OUTRAS PARTES DA FACE;C443;CARCINOMA BASOCELULAR, SOE;80903;PELE DE OUTRAS PARTES DA FACE;C443;;;;;false;HISTOLOGIA DO TUMOR PRIMÁRIO;SEM INFORMAÇÃO;;;;;;;;07/06/2016;;
1701177;RCBP RORAIMA;MASCULINO;24/07/1947;69;PARDA;BRASIL;Não informado;;FUNDAMENTAL II (5ª A 8ª SÉRIE);UNIÃO CONSENSUAL;0;SEM INFORMAÇÃO	;RORAIMA;BOA VISTA;BASE DA LINGUA, SOE;C019;NEOPLASIA MALIGNA;80003;BASE DA LINGUA;C01;;;;;false;SDO;SEM INFORMAÇÃO;SEM INFORMAÇÃO;99 - SEM INFORMAÇÃO;999;MORTO;CÂNCER;29/09/2016;29/09/2016;29/09/2016;;
1701183;RCBP RORAIMA;MASCULINO;25/04/1924;92;PARDA;BRASIL;Não informado;;FUNDAMENTAL II (5ª A 8ª SÉRIE);VIÚVO;622;TRABALHADORES AGRÍCOLAS   	;RORAIMA;MUCAJAÍ;PROSTATA, SOE;C619;NEOPLASIA MALIGNA;80003;PROSTATA;C61;;;;;false;SDO;SEM INFORMAÇÃO;SEM INFORMAÇÃO;99 - SEM INFORMAÇÃO;999;MORTO;CÂNCER;31/10/2016;31/10/2016;31/10/2016;;
1701218;RCBP RORAIMA;FEMININO;19/09/1983;32;PARDA;Não informado;Não informado;Não Informado;SEM INFORMAÇÃO;SEM INFORMAÇÃO;0;SEM INFORMAÇÃO	;RORAIMA;BOA VISTA;TIREOIDE, SOE;C739;CARCINOMA PAPILAR, SOE;80503;GLANDULA TIREOIDE;C73;;;;;false;HISTOLOGIA DO TUMOR PRIMÁRIO;SEM INFORMAÇÃO;;;;;;;;01/02/2016;;
1701226;RCBP RORAIMA;MASCULINO;10/10/1967;49;PARDA;BRASIL;CEARÁ;;SUPERIOR COMPLETO;CASADO;239;OUTROS PROFISSIONAIS DO ENSINO NÃO CLASSIFICADOS ANTERIORMENTE	;RORAIMA;BOA VISTA;TIREOIDE, SOE;C739;CARCINOMA PAPILAR, SOE;80503;GLANDULA TIREOIDE;C73;;;;;false;HISTOLOGIA DO TUMOR PRIMÁRIO;SEM INFORMAÇÃO;;;;;;;;06/12/2016;;
1701229;RCBP RORAIMA;MASCULINO;28/02/2014;2;INDÍGENA;BRASIL;Não informado;;SEM INFORMAÇÃO;SEM INFORMAÇÃO;;;RORAIMA;ALTO ALEGRE;LOCALIZACAO PRIMARIA DESCONHECIDA, SOE;C809;NEOPLASIA MALIGNA;80003;LOCALIZACAO PRIMARIA DESCONHECIDA;C80;Outros tumores malignos não especificados;XII-B;;;false;SDO;METÁSTASE;SEM INFORMAÇÃO;99 - SEM INFORMAÇÃO;999;MORTO;CÂNCER;19/03/2016;19/03/2016;19/03/2016;;
1701233;RCBP RORAIMA;MASCULINO;26/11/1980;35;BRANCO;BRASIL;Não informado;Não Informado;FUNDAMENTAL I (1ª A 4ª SÉRIE);SOLTEIRO;;;RORAIMA;BOA VISTA;PELE DO TRONCO;C445;CARCINOMA BASOCELULAR, SOE;80903;PELE DO TRONCO;C445;;;;;false;HISTOLOGIA DO TUMOR PRIMÁRIO;LOCALIZADO;;;;;;;;03/02/2016;;
1701236;RCBP RORAIMA;MASCULINO;12/03/1963;52;PARDA;BRASIL;RORAIMA;;MÉDIO (ANTIGO SEGUNDO GRAU);CASADO;0;SEM INFORMAÇÃO	;RORAIMA;BOA VISTA;PROSTATA, SOE;C619;ADENOCARCINOMA, SOE;81403;PROSTATA;C61;;;;;false;HISTOLOGIA DO TUMOR PRIMÁRIO;SEM INFORMAÇÃO;;;;;;;;07/03/2016;;
1701238;RCBP RORAIMA;FEMININO;05/03/1973;43;PARDA;BRASIL;Não informado;;MÉDIO (ANTIGO SEGUNDO GRAU);SOLTEIRO;354;TÉCNICOS DE NIVEL MÉDIO EM OPERAÇÕES COMERCIAIS   	;RORAIMA;BOA VISTA;GLANDULA SUPRA-RENAL, SOE;C749;NEOPLASIA MALIGNA;80003;GLANDULA SUPRA-RENAL, SOE;C749;;;;;false;SDO;METÁSTASE;SEM INFORMAÇÃO;99 - SEM INFORMAÇÃO;999;MORTO;CÂNCER;27/03/2016;27/03/2016;27/03/2016;;
1701242;RCBP RORAIMA;FEMININO;21/02/1954;62;PARDA;BRASIL;Não informado;;FUNDAMENTAL II (5ª A 8ª SÉRIE);CASADO;0;SEM INFORMAÇÃO	;RORAIMA;BOA VISTA;VIAS BILIARES INTRA-HEPATICAS;C221;COLANGIOCARCINOMA;81603;FIGADO E VIAS BILIARES INTRA-HEPATICAS;C22;;;;;false;SDO;SEM INFORMAÇÃO;SEM INFORMAÇÃO;99 - SEM INFORMAÇÃO;999;MORTO;CÂNCER;29/02/2016;29/02/2016;29/02/2016;;
1701245;RCBP RORAIMA;FEMININO;07/08/1957;58;BRANCO;BRASIL;RIO DE JANEIRO;;FUNDAMENTAL I (1ª A 4ª SÉRIE);SOLTEIRO;763;TRABALHADORES DA CONFECÇÃO DE ROUPAS 	;RORAIMA;BOA VISTA;MAMA , SOE;C509;NEOPLASIA MALIGNA;80003;MAMA , SOE;C509;;;;;false;SDO;SEM INFORMAÇÃO;SEM INFORMAÇÃO;99 - SEM INFORMAÇÃO;999;MORTO;CÂNCER;23/05/2016;23/05/2016;23/05/2016;;
1701250;RCBP RORAIMA;FEMININO;24/11/1947;68;BRANCO;BRASIL;RIO GRANDE DO SUL;;FUNDAMENTAL II (5ª A 8ª SÉRIE);CASADO;0;SEM INFORMAÇÃO	;RORAIMA;CANTÁ;PELE DE OUTRAS PARTES DA FACE;C443;CARCINOMA BASOCELULAR, SOE;80903;PELE DE OUTRAS PARTES DA FACE;C443;;;;;false;HISTOLOGIA DO TUMOR PRIMÁRIO;SEM INFORMAÇÃO;;;;;;;;28/06/2016;;
1701257;RCBP RORAIMA;FEMININO;06/08/1953;63;PARDA;BRASIL;Não informado;;SUPERIOR COMPLETO;SOLTEIRO;0;SEM INFORMAÇÃO	;RORAIMA;BOA VISTA;UTERO, SOE;C559;NEOPLASIA MALIGNA;80003;UTERO, SOE;C55;;;;;false;SDO;METÁSTASE;SEM INFORMAÇÃO;99 - SEM INFORMAÇÃO;999;MORTO;CÂNCER;07/09/2016;07/09/2016;07/09/2016;;
1701261;RCBP RORAIMA;FEMININO;19/07/1972;43;BRANCO;BRASIL;CEARÁ;;MÉDIO (ANTIGO SEGUNDO GRAU);CASADO;0;SEM INFORMAÇÃO	;RORAIMA;BOA VISTA;MAMA , SOE;C509;CARCINOMA LOBULAR, SOE;85203;MAMA , SOE;C509;;;;;false;HISTOLOGIA DO TUMOR PRIMÁRIO;SEM INFORMAÇÃO;;;;;;;;19/02/2016;;
1701263;RCBP RORAIMA;MASCULINO;20/11/1932;83;PRETA;BRASIL;RORAIMA;;SEM ESCOLARIDADE;SOLTEIRO;517;TRABALHADORES NOS SERVIÇOS DE PROTEÇÃO E SEGURANÇA	;RORAIMA;BOA VISTA;FIGADO, SOE;C220;NEOPLASIA MALIGNA;80003;FIGADO E VIAS BILIARES INTRA-HEPATICAS;C22;;;;;false;SDO;METÁSTASE;SEM INFORMAÇÃO;99 - SEM INFORMAÇÃO;999;MORTO;CÂNCER;26/06/2016;26/06/2016;26/06/2016;;
1701277;RCBP RORAIMA;FEMININO;27/04/1983;33;PARDA;BRASIL;MARANHÃO;;SUPERIOR COMPLETO;CASADO;263;MEMBROS DE CULTOS RELIGIOSOS E AFINS  	;RORAIMA;BOA VISTA;RETO, SOE;C209;ADENOCARCINOMA, SOE;81403;RETO;C20;;;;;false;HISTOLOGIA DO TUMOR PRIMÁRIO;METÁSTASE;;;;;;;;18/12/2016;;
660032;RCBP RORAIMA;FEMININO;05/12/1954;61;BRANCO;BRASIL;RORAIMA;BOA VISTA;FUNDAMENTAL II (5ª A 8ª SÉRIE);CASADO;;;RORAIMA;ALTO ALEGRE;PELE DE OUTRAS PARTES DA FACE;C443;CARCINOMA BASOCELULAR, SOE;80903;PELE DE OUTRAS PARTES DA FACE;C443;;;;;false;HISTOLOGIA DO TUMOR PRIMÁRIO;LOCALIZADO;;;;;;;;05/09/2016;;
1701544;RCBP RORAIMA;MASCULINO;20/02/1976;40;BRANCO;BRASIL;PARANÁ;CAMPO LARGO;FUNDAMENTAL II (5ª A 8ª SÉRIE);CASADO;915;REPARADORES DE INSTRUMENTOS E EQUIPAMENTOS DE PRECISÃO	;RORAIMA;BOA VISTA;PELE DO TRONCO;C445;CARCINOMA ESCAMOCELULAR, SOE;80703;PELE DO TRONCO;C445;;;;;false;HISTOLOGIA DO TUMOR PRIMÁRIO;SEM INFORMAÇÃO;;;;;;;;10/11/2016;;
713689;RCBP RORAIMA;MASCULINO;05/05/1939;77;PARDA;BRASIL;PARAÍBA;;SEM INFORMAÇÃO;SEM INFORMAÇÃO;0;SEM INFORMAÇÃO	;RORAIMA;BOA VISTA;PELE DO MEMBRO SUPERIOR E DO OMBRO;C446;MELANOMA MALIGNO, SOE;87203;MELANOMA MALIGNO DO MEMBRO SUPERIOR E OMBRO;C436;;;;;false;HISTOLOGIA DO TUMOR PRIMÁRIO;SEM INFORMAÇÃO;;;;;;;;31/05/2016;;
1703575;RCBP RORAIMA;MASCULINO;11/12/1943;72;BRANCO;BRASIL;Não informado;;FUNDAMENTAL I (1ª A 4ª SÉRIE);SEM INFORMAÇÃO;622;TRABALHADORES AGRÍCOLAS   	;RORAIMA;BOA VISTA;JUNCAO RETOSSIGMOIDIANA, SOE;C199;NEOPLASIA MALIGNA;80003;JUNCAO RETOSSIGMOIDE;C19;;;;;false;SDO;SEM INFORMAÇÃO;SEM INFORMAÇÃO;99 - SEM INFORMAÇÃO;999;MORTO;CÂNCER;18/01/2016;18/01/2016;18/01/2016;;
1703449;RCBP RORAIMA;FEMININO;16/06/1960;56;PARDA;BRASIL;MARANHÃO;;FUNDAMENTAL II (5ª A 8ª SÉRIE);VIÚVO;622;TRABALHADORES AGRÍCOLAS   	;RORAIMA;BOA VISTA;PELE DO LABIO, SOE;C440;CARCINOMA BASOCELULAR, SOE;80903;PELE DO LABIO;C440;;;;;false;HISTOLOGIA DO TUMOR PRIMÁRIO;SEM INFORMAÇÃO;;;;;;;;23/06/2016;;
1703449;RCBP RORAIMA;FEMININO;16/06/1960;56;PARDA;BRASIL;MARANHÃO;;FUNDAMENTAL II (5ª A 8ª SÉRIE);VIÚVO;622;TRABALHADORES AGRÍCOLAS   	;RORAIMA;BOA VISTA;PELE DO MEMBRO SUPERIOR E DO OMBRO;C446;CARCINOMA BASOCELULAR, SOE;80903;PELE DO MEMBRO SUPERIOR E DO OMBRO;C446;;;;;false;HISTOLOGIA DO TUMOR PRIMÁRIO;SEM INFORMAÇÃO;;;;;;;;23/06/2016;;
1703449;RCBP RORAIMA;FEMININO;16/06/1960;56;PARDA;BRASIL;MARANHÃO;;FUNDAMENTAL II (5ª A 8ª SÉRIE);VIÚVO;622;TRABALHADORES AGRÍCOLAS   	;RORAIMA;BOA VISTA;PELE DE OUTRAS PARTES DA FACE;C443;CARCINOMA BASOCELULAR, SOE;80903;PELE DE OUTRAS PARTES DA FACE;C443;;;;;false;HISTOLOGIA DO TUMOR PRIMÁRIO;SEM INFORMAÇÃO;;;;;;;;18/08/2016;;
1703450;RCBP RORAIMA;FEMININO;12/08/1927;88;PARDA;BRASIL;MARANHÃO;;FUNDAMENTAL I (1ª A 4ª SÉRIE);VIÚVO;;;RORAIMA;BOA VISTA;OUVIDO EXTERNO;C442;CARCINOMA BASOCELULAR, SOE;80903;PELE DA ORELHA E CONDUTO AUDITIVO EXTERNO;C442;;;;;false;HISTOLOGIA DO TUMOR PRIMÁRIO;SEM INFORMAÇÃO;;;;;;;;12/04/2016;;
1703450;RCBP RORAIMA;FEMININO;12/08/1927;88;PARDA;BRASIL;MARANHÃO;;FUNDAMENTAL I (1ª A 4ª SÉRIE);VIÚVO;;;RORAIMA;BOA VISTA;PELE, SOE;C449;CARCINOMA BASOCELULAR, SOE;80903;NEOPLASIA MALIGNA DA PELE;C449;;;;;false;HISTOLOGIA DO TUMOR PRIMÁRIO;METÁSTASE;;;;;;;;13/07/2016;;
1703450;RCBP RORAIMA;FEMININO;12/08/1927;88;PARDA;BRASIL;MARANHÃO;;FUNDAMENTAL I (1ª A 4ª SÉRIE);VIÚVO;;;RORAIMA;BOA VISTA;PELE DE OUTRAS PARTES DA FACE;C443;CARCINOMA BASOCELULAR, SOE;80903;PELE DE OUTRAS PARTES DA FACE;C443;;;;;false;HISTOLOGIA DO TUMOR PRIMÁRIO;SEM INFORMAÇÃO;;;;;;;;04/08/2016;;
1701508;RCBP RORAIMA;FEMININO;11/04/1988;28;PRETA;BRASIL;Não informado;Não Informado;MÉDIO (ANTIGO SEGUNDO GRAU);SEM INFORMAÇÃO;0;SEM INFORMAÇÃO	;RORAIMA;BOA VISTA;COLO DO UTERO, SOE;C539;NEOPLASIA INTRA-EPITELIAL ESCAMOSA,GRAU IIII;80772;COLO DO UTERO, SOE;D069;;;;;false;CITOLOGIA;"IN SITU";;;;;;;;22/07/2016;;
1701509;RCBP RORAIMA;FEMININO;22/03/1979;37;BRANCO;BRASIL;Não informado;Não Informado;MÉDIO (ANTIGO SEGUNDO GRAU);SEM INFORMAÇÃO;0;SEM INFORMAÇÃO	;RORAIMA;BOA VISTA;COLO DO UTERO, SOE;C539;NEOPLASIA INTRA-EPITELIAL ESCAMOSA,GRAU IIII;80772;COLO DO UTERO, SOE;D069;;;;;false;CITOLOGIA;"IN SITU";;;;;;;;05/07/2016;;
1701564;RCBP RORAIMA;FEMININO;25/12/1974;41;PARDA;BRASIL;Não informado;Não Informado;SEM INFORMAÇÃO;SEM INFORMAÇÃO;;;RORAIMA;BOA VISTA;COLO DO UTERO, SOE;C539;NEOPLASIA INTRA-EPITELIAL ESCAMOSA,GRAU IIII;80772;COLO DO UTERO, SOE;D069;;;;;false;CITOLOGIA;"IN SITU";;;;;;;;22/11/2016;;
1701566;RCBP RORAIMA;MASCULINO;02/05/1962;54;BRANCO;BRASIL;MATO GROSSO DO SUL;DOURADOS;FUNDAMENTAL I (1ª A 4ª SÉRIE);SEPARADO JUDICIALMENTE;;;RORAIMA;CAROEBE;PELE DO LABIO, SOE;C440;CARCINOMA ESCAMOCELULAR, SOE;80703;PELE DO LABIO;C440;;;;;false;HISTOLOGIA DO TUMOR PRIMÁRIO;LOCALIZADO;;;;;;;;20/08/2016;;
1701584;RCBP RORAIMA;FEMININO;06/10/1957;59;PARDA;BRASIL;Não informado;;MÉDIO (ANTIGO SEGUNDO GRAU);CASADO;0;SEM INFORMAÇÃO	;RORAIMA;BOA VISTA;PULMAO, SOE;C349;NEOPLASIA MALIGNA;80003;BRONQUIOS OU PULMOES, SOE;C349;;;;;false;SDO;SEM INFORMAÇÃO;SEM INFORMAÇÃO;99 - SEM INFORMAÇÃO;999;MORTO;CÂNCER;06/12/2016;06/12/2016;06/12/2016;;
1701580;RCBP RORAIMA;FEMININO;12/06/1990;25;SEM INFORMAÇÃO;BRASIL;Não informado;Não Informado;SEM INFORMAÇÃO;SEM INFORMAÇÃO;;;RORAIMA;BOA VISTA;COLO DO UTERO, SOE;C539;NEOPLASIA INTRA-EPITELIAL ESCAMOSA,GRAU IIII;80772;COLO DO UTERO, SOE;D069;;;;;false;CITOLOGIA;"IN SITU";;;;;;;;02/05/2016;;
1701591;RCBP RORAIMA;FEMININO;05/02/1945;71;BRANCO;BRASIL;Não informado;;FUNDAMENTAL II (5ª A 8ª SÉRIE);SOLTEIRO;0;SEM INFORMAÇÃO	;RORAIMA;BOA VISTA;LINFONODO, SOE;C779;LINFOMA DE HODGKIN, SOE;96503;DOENCA DE HODGKIN, SOE;C819;;;;;false;SDO;NÃO SE APLICA;SEM INFORMAÇÃO;99 - SEM INFORMAÇÃO;999;MORTO;CÂNCER;21/09/2016;21/09/2016;21/09/2016;;
1701594;RCBP RORAIMA;MASCULINO;13/01/1959;57;PARDA;BRASIL;Não informado;;FUNDAMENTAL II (5ª A 8ª SÉRIE);SOLTEIRO;342;TÉCNICOS EM TRANSPORTES (LOGÍSTICA)   	;RORAIMA;BOA VISTA;VIAS BILIARES EXTRA-HEPATICAS;C240;NEOPLASIA MALIGNA;80003;VIAS BILIARES EXTRA-HEPATICAS;C240;;;;;false;SDO;SEM INFORMAÇÃO;SEM INFORMAÇÃO;99 - SEM INFORMAÇÃO;999;MORTO;CÂNCER;07/07/2016;07/07/2016;07/07/2016;;
1701595;RCBP RORAIMA;MASCULINO;09/04/1946;70;PRETA;BRASIL;CEARÁ;;SEM ESCOLARIDADE;SOLTEIRO;715;TRABALHADORES DA CONSTRUÇÃO CIVIL E OBRAS PÚBLICAS	;RORAIMA;BOA VISTA;PULMAO, SOE;C349;CARCINOMA DE CELULAS GRANDES, SOE;80123;BRONQUIOS OU PULMOES, SOE;C349;;;;;false;CITOLOGIA;METÁSTASE;;;;;;;;18/10/2016;;
1701604;RCBP RORAIMA;MASCULINO;05/10/1950;66;PARDA;BRASIL;PIAUÍ;;FUNDAMENTAL I (1ª A 4ª SÉRIE);CASADO;622;TRABALHADORES AGRÍCOLAS   	;RORAIMA;BOA VISTA;PROSTATA, SOE;C619;ADENOCARCINOMA, SOE;81403;PROSTATA;C61;;;;;false;HISTOLOGIA DO TUMOR PRIMÁRIO;SEM INFORMAÇÃO;;;;;;;;21/10/2016;;
1701614;RCBP RORAIMA;MASCULINO;20/05/1960;56;BRANCO;CUBA;Não informado;Não Informado;SUPERIOR COMPLETO;CASADO;223;PROFISSIONAIS DA MEDICINA, SAÚDE E AFINS  	;RORAIMA;BOA VISTA;RETO, SOE;C209;NEOPLASIA MALIGNA;80003;RETO;C20;;;;;false;SDO;SEM INFORMAÇÃO;SEM INFORMAÇÃO;99 - SEM INFORMAÇÃO;999;MORTO;CÂNCER;26/09/2016;26/09/2016;26/09/2016;;
1701615;RCBP RORAIMA;MASCULINO;21/04/1959;56;PARDA;BRASIL;Não informado;;FUNDAMENTAL I (1ª A 4ª SÉRIE);CASADO;842;OPERADORES NA PREPARAÇÃO DE FUMO E NA FABRICAÇÃO DE CHARUTOS E CIGARROS   	;RORAIMA;BOA VISTA;FIGADO, SOE;C220;NEOPLASIA MALIGNA;80003;FIGADO E VIAS BILIARES INTRA-HEPATICAS;C22;;;;;false;SDO;SEM INFORMAÇÃO;SEM INFORMAÇÃO;99 - SEM INFORMAÇÃO;999;MORTO;CÂNCER;17/02/2016;17/02/2016;17/02/2016;;
1701623;RCBP RORAIMA;FEMININO;10/07/1962;53;BRANCO;BRASIL;RORAIMA;;MÉDIO (ANTIGO SEGUNDO GRAU);CASADO;0;SEM INFORMAÇÃO	;RORAIMA;BOA VISTA;MAMA , SOE;C509;CARCINOMA INTRADUCTAL, NAO INFILTRANTE, SOE;85002;CARCINOMA "IN SITU" DA MAMA, SOE;D059;;;;;false;HISTOLOGIA DO TUMOR PRIMÁRIO;"IN SITU";;;;;;;;24/06/2016;;
1701624;RCBP RORAIMA;MASCULINO;01/02/1942;74;BRANCO;JAPAO;Não informado;Não Informado;MÉDIO (ANTIGO SEGUNDO GRAU);CASADO;622;TRABALHADORES AGRÍCOLAS   	;RORAIMA;BOA VISTA;PULMAO, SOE;C349;NEOPLASIA MALIGNA;80003;BRONQUIOS OU PULMOES, SOE;C349;;;;;false;SDO;METÁSTASE;SEM INFORMAÇÃO;99 - SEM INFORMAÇÃO;999;MORTO;CÂNCER;17/03/2016;17/03/2016;17/03/2016;;
1701628;RCBP RORAIMA;FEMININO;06/01/1986;30;PARDA;BRASIL;Não informado;Não Informado;SEM INFORMAÇÃO;SEM INFORMAÇÃO;;;RORAIMA;BOA VISTA;COLO DO UTERO, SOE;C539;NEOPLASIA INTRA-EPITELIAL ESCAMOSA,GRAU IIII;80772;COLO DO UTERO, SOE;D069;;;;;false;CITOLOGIA;"IN SITU";;;;;;;;26/10/2016;;
1701651;RCBP RORAIMA;FEMININO;01/12/1986;29;AMARELA;BRASIL;Não informado;Não Informado;SEM INFORMAÇÃO;SEM INFORMAÇÃO;;;RORAIMA;BOA VISTA;COLO DO UTERO, SOE;C539;NEOPLASIA INTRA-EPITELIAL ESCAMOSA,GRAU IIII;80772;COLO DO UTERO, SOE;D069;;;;;false;CITOLOGIA;"IN SITU";;;;;;;;15/09/2016;;
1701639;RCBP RORAIMA;FEMININO;17/10/1972;43;PARDA;BRASIL;Não informado;Não Informado;FUNDAMENTAL I (1ª A 4ª SÉRIE);SEM INFORMAÇÃO;;;RORAIMA;BOA VISTA;COLO DO UTERO, SOE;C539;NEOPLASIA INTRA-EPITELIAL ESCAMOSA,GRAU IIII;80772;COLO DO UTERO, SOE;D069;;;;;false;CITOLOGIA;"IN SITU";;;;;;;;17/05/2016;;
1701644;RCBP RORAIMA;FEMININO;;;PARDA;BRASIL;Não informado;Não Informado;FUNDAMENTAL I (1ª A 4ª SÉRIE);SEM INFORMAÇÃO;;;RORAIMA;BOA VISTA;COLO DO UTERO, SOE;C539;NEOPLASIA INTRA-EPITELIAL ESCAMOSA,GRAU IIII;80772;COLO DO UTERO, SOE;D069;;;;;false;CITOLOGIA;"IN SITU";;;;;;;;26/01/2016;;
1703855;RCBP RORAIMA;FEMININO;07/03/1978;37;PARDA;BRASIL;Não informado;;SUPERIOR COMPLETO;SEPARADO JUDICIALMENTE;413;ESCRITURÁRIOS CONTÁBEIS E DE FINANÇAS	;RORAIMA;BOA VISTA;INTESTINO DELGADO, SOE;C179;NEOPLASIA MALIGNA;80003;INTESTINO DELGADO, SOE;C179;;;;;false;SDO;SEM INFORMAÇÃO;SEM INFORMAÇÃO;99 - SEM INFORMAÇÃO;999;MORTO;CÂNCER;17/02/2016;17/02/2016;17/02/2016;;
1703862;RCBP RORAIMA;FEMININO;31/05/1991;24;PRETA;BRASIL;MARANHÃO;;MÉDIO (ANTIGO SEGUNDO GRAU);CASADO;413;ESCRITURÁRIOS CONTÁBEIS E DE FINANÇAS	;RORAIMA;BOA VISTA;OVARIO, SOE;C569;TERATOMA MALIGNO, SOE;90803;OVARIO;C56;;;NEOPLASIAS TROFOBLÁSTICAS E DE CÉLULAS GERMINATIVAS DAS GÔNADAS;6.1;false;HISTOLOGIA DO TUMOR PRIMÁRIO;SEM INFORMAÇÃO;;;;;;;;30/03/2016;;
1703863;RCBP RORAIMA;FEMININO;13/05/1996;20;BRANCO;BRASIL;RORAIMA;;MÉDIO (ANTIGO SEGUNDO GRAU);SOLTEIRO;0;SEM INFORMAÇÃO	;RORAIMA;BOA VISTA;OVARIO, SOE;C569;NEOPLASIA MALIGNA;80003;OVARIO;C56;;;NEOPLASIAS MALIGNAS INESPECÍFICAS;10.1;false;SDO;SEM INFORMAÇÃO;SEM INFORMAÇÃO;99 - SEM INFORMAÇÃO;999;MORTO;CÂNCER;26/05/2016;26/05/2016;26/05/2016;;
1703864;RCBP RORAIMA;MASCULINO;31/07/1970;45;PARDA;BRASIL;Não informado;;MÉDIO (ANTIGO SEGUNDO GRAU);CASADO;;;RORAIMA;BOA VISTA;MEDULA OSSEA;C421;MIELOMA MULTIPLO;97323;MIELOMA MULTIPLO;C900;;;;;false;SDO;NÃO SE APLICA;SEM INFORMAÇÃO;99 - SEM INFORMAÇÃO;999;MORTO;CÂNCER;26/02/2016;26/02/2016;26/02/2016;;
1703827;RCBP RORAIMA;FEMININO;14/12/1949;66;PRETA;BRASIL;PIAUÍ;;SEM ESCOLARIDADE;VIÚVO;0;SEM INFORMAÇÃO	;RORAIMA;BOA VISTA;LINFONODOS DA CABECA, FACE E PESCOCO;C770;LINFOMA MALIGNO DE LINFOCITOS, CEL. B PEQ., SOE;96703;PEQUENAS CELULAS (DIFUSO);C830;;;;;false;HISTOLOGIA DO TUMOR PRIMÁRIO;NÃO SE APLICA;;;;;;;;24/02/2016;;
1703871;RCBP RORAIMA;MASCULINO;04/07/1947;68;PARDA;BRASIL;PERNAMBUCO;;MÉDIO (ANTIGO SEGUNDO GRAU);SEPARADO JUDICIALMENTE;0;SEM INFORMAÇÃO	;RORAIMA;BOA VISTA;PROSTATA, SOE;C619;ADENOCARCINOMA, SOE;81403;PROSTATA;C61;;;;;false;HISTOLOGIA DO TUMOR PRIMÁRIO;SEM INFORMAÇÃO;;;;;;;;16/06/2016;;
1703928;RCBP RORAIMA;FEMININO;20/04/1965;51;PARDA;Não informado;Não informado;Não Informado;SEM INFORMAÇÃO;SEM INFORMAÇÃO;0;SEM INFORMAÇÃO	;RORAIMA;BOA VISTA;LOBO TEMPORAL;C712;GLIOBLASTOMA, SOE;94403;LOBO TEMPORAL;C712;;;;;false;HISTOLOGIA DO TUMOR PRIMÁRIO;SEM INFORMAÇÃO;;;;;;;;21/09/2016;;
1703927;RCBP RORAIMA;FEMININO;14/08/1974;41;PARDA;Não informado;Não informado;Não Informado;MÉDIO (ANTIGO SEGUNDO GRAU);CASADO;516;TRABALHADORES NOS SERVIÇOS DE EMBELEZAMENTO E CUIDADOS PESSOAIS   	;RORAIMA;BOA VISTA;MAMA , SOE;C509;CARCINOMA DUCTAL INFILTRANTE;85003;MAMA , SOE;C509;;;;;false;HISTOLOGIA DO TUMOR PRIMÁRIO;METÁSTASE;;;;;;;;19/01/2016;;
1703929;RCBP RORAIMA;MASCULINO;16/12/2001;14;PARDA;BRASIL;RORAIMA;;SEM INFORMAÇÃO;SOLTEIRO;0;SEM INFORMAÇÃO	;RORAIMA;PACARAIMA;TIREOIDE, SOE;C739;ADENOCARCINOMA PAPILAR, SOE;82603;GLANDULA TIREOIDE;C73;Carcinoma de tireóide;XI-B;;;false;HISTOLOGIA DO TUMOR PRIMÁRIO;SEM INFORMAÇÃO;;;;;;;;15/09/2016;;
1703934;RCBP RORAIMA;MASCULINO;06/07/1964;51;PRETA;BRASIL;SÃO PAULO;;SUPERIOR COMPLETO;SEM INFORMAÇÃO;411;ESCRITURÁRIOS EM GERAL, AGENTES, ASSISTENTES E AUXILIARES ADMINISTRATIVOS 	;RORAIMA;BOA VISTA;PULMAO, SOE;C349;NEOPLASIA MALIGNA;80003;BRONQUIOS OU PULMOES, SOE;C349;;;;;false;SDO;SEM INFORMAÇÃO;SEM INFORMAÇÃO;99 - SEM INFORMAÇÃO;999;MORTO;CÂNCER;31/05/2016;31/05/2016;31/05/2016;;
1703935;RCBP RORAIMA;FEMININO;12/01/1962;54;PARDA;BRASIL;PIAUÍ;;FUNDAMENTAL I (1ª A 4ª SÉRIE);CASADO;514;TRABALHADORES NOS SERVIÇOS DE ADMINISTRAÇÃO, CONSERVAÇÃO E MANUTENÇÃO DE EDIFÍCIOS E LOGRADOUROS  	;RORAIMA;BOA VISTA;TIREOIDE, SOE;C739;CARCINOMA PAPILAR, SOE;80503;GLANDULA TIREOIDE;C73;;;;;false;HISTOLOGIA DO TUMOR PRIMÁRIO;SEM INFORMAÇÃO;;;;;;;;26/04/2016;;
1703937;RCBP RORAIMA;FEMININO;13/03/1940;76;PARDA;BRASIL;Não informado;;MÉDIO (ANTIGO SEGUNDO GRAU);VIÚVO;0;SEM INFORMAÇÃO	;RORAIMA;BOA VISTA;OVARIO, SOE;C569;NEOPLASIA MALIGNA;80003;OVARIO;C56;;;;;false;SDO;SEM INFORMAÇÃO;SEM INFORMAÇÃO;99 - SEM INFORMAÇÃO;999;MORTO;CÂNCER;23/03/2016;23/03/2016;23/03/2016;;
1703938;RCBP RORAIMA;FEMININO;08/03/1953;63;PARDA;GUIANA;Não informado;Não Informado;MÉDIO (ANTIGO SEGUNDO GRAU);CASADO;0;SEM INFORMAÇÃO	;RORAIMA;BOA VISTA;ESTOMAGO, SOE;C169;NEOPLASIA MALIGNA;80003;ESTOMAGO, SOE;C169;;;;;false;SDO;SEM INFORMAÇÃO;SEM INFORMAÇÃO;99 - SEM INFORMAÇÃO;999;MORTO;CÂNCER;15/12/2016;15/12/2016;15/12/2016;;
1703931;RCBP RORAIMA;MASCULINO;08/10/1960;55;BRANCO;BRASIL;Não informado;;MÉDIO (ANTIGO SEGUNDO GRAU);SEPARADO JUDICIALMENTE;622;TRABALHADORES AGRÍCOLAS   	;RORAIMA;BOA VISTA;PULMAO, SOE;C349;NEOPLASIA MALIGNA;80003;BRONQUIOS OU PULMOES, SOE;C349;;;;;false;SDO;METÁSTASE;SEM INFORMAÇÃO;99 - SEM INFORMAÇÃO;999;MORTO;CÂNCER;08/07/2016;08/07/2016;08/07/2016;;
1697755;RCBP RORAIMA;MASCULINO;17/10/1923;93;BRANCO;ESTADOS UNIDOS DA AMERICA;Não informado;Não Informado;MÉDIO (ANTIGO SEGUNDO GRAU);CASADO;623;TRABALHADORES NA PECUÁRIA 	;RORAIMA;BOA VISTA;PELE DE OUTRAS PARTES DA FACE;C443;CARCINOMA ESCAMOCELULAR, SOE;80703;PELE DE OUTRAS PARTES DA FACE;C443;;;;;false;HISTOLOGIA DO TUMOR PRIMÁRIO;LOCALIZADO;;;;;;;;26/10/2016;;
1697755;RCBP RORAIMA;MASCULINO;17/10/1923;93;BRANCO;ESTADOS UNIDOS DA AMERICA;Não informado;Não Informado;MÉDIO (ANTIGO SEGUNDO GRAU);CASADO;623;TRABALHADORES NA PECUÁRIA 	;RORAIMA;BOA VISTA;PELE, SOE;C449;CARCINOMA ESCAMOCELULAR, SOE;80703;NEOPLASIA MALIGNA DA PELE;C449;;;;;false;HISTOLOGIA DO TUMOR PRIMÁRIO;SEM INFORMAÇÃO;;;;;;;;17/11/2016;;
1699494;RCBP RORAIMA;FEMININO;03/05/1959;57;PARDA;BRASIL;Não informado;;FUNDAMENTAL II (5ª A 8ª SÉRIE);SOLTEIRO;622;TRABALHADORES AGRÍCOLAS   	;RORAIMA;BOA VISTA;RIM, SOE;C649;NEOPLASIA MALIGNA;80003;RIM;C64;;;;;false;SDO;METÁSTASE;SEM INFORMAÇÃO;99 - SEM INFORMAÇÃO;999;MORTO;CÂNCER;19/09/2016;19/09/2016;19/09/2016;;
1699498;RCBP RORAIMA;FEMININO;18/09/1981;34;PARDA;BRASIL;MARANHÃO;;SUPERIOR COMPLETO;CASADO;111;MEMBROS SUPERIORES DO PODER LEGISLATIVO, EXECUTIVO E JUDICIÁRIO   	;RORAIMA;IRACEMA;RETO, SOE;C209;NEOPLASIA MALIGNA;80003;RETO;C20;;;;;false;SDO;METÁSTASE;SEM INFORMAÇÃO;99 - SEM INFORMAÇÃO;999;MORTO;CÂNCER;22/05/2016;22/05/2016;22/05/2016;;
1699797;RCBP RORAIMA;FEMININO;09/09/1963;53;PARDA;BRASIL;Não informado;;MÉDIO (ANTIGO SEGUNDO GRAU);UNIÃO CONSENSUAL;0;SEM INFORMAÇÃO	;RORAIMA;BOA VISTA;MAMA , SOE;C509;NEOPLASIA MALIGNA;80003;MAMA , SOE;C509;;;;;false;SDO;METÁSTASE;SEM INFORMAÇÃO;99 - SEM INFORMAÇÃO;999;MORTO;CÂNCER;16/12/2016;16/12/2016;16/12/2016;;
1699838;RCBP RORAIMA;MASCULINO;17/05/1948;68;BRANCO;BRASIL;CEARÁ;QUIXERAMOBIM;FUNDAMENTAL II (5ª A 8ª SÉRIE);CASADO;;;RORAIMA;BOA VISTA;PELE DO TRONCO;C445;CARCINOMA BASOCELULAR, SOE;80903;PELE DO TRONCO;C445;;;;;false;HISTOLOGIA DO TUMOR PRIMÁRIO;LOCALIZADO;;;;;;;;13/07/2016;;
1698970;RCBP RORAIMA;FEMININO;07/02/1959;57;PRETA;BRASIL;RORAIMA;BOA VISTA;MÉDIO (ANTIGO SEGUNDO GRAU);UNIÃO CONSENSUAL;0;SEM INFORMAÇÃO	;RORAIMA;BOA VISTA;VIAS BILIARES EXTRA-HEPATICAS;C240;NEOPLASIA MALIGNA;80003;VIAS BILIARES EXTRA-HEPATICAS;C240;;;;;false;HISTOLOGIA DO TUMOR PRIMÁRIO;METÁSTASE;;;;;CÂNCER;28/12/2016;;13/02/2016;;
1698403;RCBP RORAIMA;FEMININO;07/04/1959;57;PARDA;BRASIL;Não informado;;FUNDAMENTAL II (5ª A 8ª SÉRIE);SOLTEIRO;711;TRABALHADORES DA EXTRAÇÃO MINERAL 	;RORAIMA;BOA VISTA;LARINGE, SOE;C329;NEOPLASIA MALIGNA;80003;LARINGE, SOE;C329;;;;;false;SDO;SEM INFORMAÇÃO;SEM INFORMAÇÃO;99 - SEM INFORMAÇÃO;999;MORTO;CÂNCER;04/08/2016;04/08/2016;04/08/2016;;
786665;RCBP RORAIMA;FEMININO;11/09/1955;61;PARDA;BRASIL;SÃO PAULO;;FUNDAMENTAL I (1ª A 4ª SÉRIE);CASADO;0;SEM INFORMAÇÃO	;RORAIMA;BOA VISTA;PELE DE OUTRAS PARTES DA FACE;C443;CARCINOMA ESCAMOCELULAR, SOE;80703;PELE DE OUTRAS PARTES DA FACE;C443;;;;;false;HISTOLOGIA DO TUMOR PRIMÁRIO;SEM INFORMAÇÃO;;;;;;;;25/11/2016;;
658593;RCBP RORAIMA;FEMININO;13/06/1938;77;BRANCO;BRASIL;CEARÁ;RUSSAS;FUNDAMENTAL I (1ª A 4ª SÉRIE);SOLTEIRO;514;TRABALHADORES NOS SERVIÇOS DE ADMINISTRAÇÃO, CONSERVAÇÃO E MANUTENÇÃO DE EDIFÍCIOS E LOGRADOUROS  	;RORAIMA;BOA VISTA;PALPEBRA;C441;CARCINOMA BASOCELULAR, SOE;80903;PELE DA PALPEBRA E CANTO;C441;;;;;false;HISTOLOGIA DO TUMOR PRIMÁRIO;SEM INFORMAÇÃO;;;;;;;;15/03/2016;;
693301;RCBP RORAIMA;FEMININO;31/05/1939;76;PARDA;BRASIL;PIAUÍ;LUZILÂNDIA;FUNDAMENTAL I (1ª A 4ª SÉRIE);VIÚVO;0;SEM INFORMAÇÃO	;RORAIMA;BOA VISTA;PELE DO COURO CABELUDO E DO PESCOCO;C444;CARCINOMA BASOCELULAR, SOE;80903;PELE DO COURO CABELUDO E DO PESCOCO;C444;;;;;false;HISTOLOGIA DO TUMOR PRIMÁRIO;SEM INFORMAÇÃO;;;;;;;;26/01/2016;;
693301;RCBP RORAIMA;FEMININO;31/05/1939;76;PARDA;BRASIL;PIAUÍ;LUZILÂNDIA;FUNDAMENTAL I (1ª A 4ª SÉRIE);VIÚVO;0;SEM INFORMAÇÃO	;RORAIMA;BOA VISTA;PELE DE OUTRAS PARTES DA FACE;C443;CARCINOMA BASOCELULAR, SOE;80903;PELE DE OUTRAS PARTES DA FACE;C443;;;;;false;HISTOLOGIA DO TUMOR PRIMÁRIO;SEM INFORMAÇÃO;;;;;;;;26/01/2016;;
1699519;RCBP RORAIMA;FEMININO;08/10/1968;47;PARDA;BRASIL;RORAIMA;BOA VISTA;MÉDIO (ANTIGO SEGUNDO GRAU);SOLTEIRO;;;RORAIMA;BOA VISTA;MAMA , SOE;C509;CARCINOMA DUCTAL INFILTRANTE;85003;MAMA , SOE;C509;;;;;false;HISTOLOGIA DO TUMOR PRIMÁRIO;METÁSTASE;;;;;;;;24/06/2016;;
1698277;RCBP RORAIMA;FEMININO;;;BRANCO;BRASIL;RORAIMA;ALTO ALEGRE;FUNDAMENTAL II (5ª A 8ª SÉRIE);CASADO;0;SEM INFORMAÇÃO	;RORAIMA;BOA VISTA;FIGADO, SOE;C220;CARCINOMA, SOE;80103;FIGADO E VIAS BILIARES INTRA-HEPATICAS;C22;;;;;false;SDO;SEM INFORMAÇÃO;;;;;CÂNCER;10/08/2016;;10/08/2016;;
1698282;RCBP RORAIMA;FEMININO;25/07/1947;68;BRANCO;BRASIL;PIAUÍ;PICOS;FUNDAMENTAL I (1ª A 4ª SÉRIE);VIÚVO;0;SEM INFORMAÇÃO	;RORAIMA;BOA VISTA;PELE DE OUTRAS PARTES DA FACE;C443;CARCINOMA BASOCELULAR, SOE;80903;PELE DE OUTRAS PARTES DA FACE;C443;;;;;false;HISTOLOGIA DO TUMOR PRIMÁRIO;LOCALIZADO;;;;;;;;15/03/2016;;
1699345;RCBP RORAIMA;FEMININO;09/05/1960;56;BRANCO;BRASIL;AMAZONAS;MANACAPURU;SEM ESCOLARIDADE;CASADO;0;SEM INFORMAÇÃO	;RORAIMA;ALTO ALEGRE;PELE DO MEMBRO SUPERIOR E DO OMBRO;C446;CARCINOMA BASOCELULAR, SOE;80903;PELE DO MEMBRO SUPERIOR E DO OMBRO;C446;;;;;false;HISTOLOGIA DO TUMOR PRIMÁRIO;LOCALIZADO;;;;;;;;16/08/2016;;
788021;RCBP RORAIMA;FEMININO;10/03/1940;76;INDÍGENA;BRASIL;RORAIMA;;FUNDAMENTAL I (1ª A 4ª SÉRIE);VIÚVO;622;TRABALHADORES AGRÍCOLAS   	;RORAIMA;BOA VISTA;MEDULA OSSEA;C421;PLASMOCITOMA, SOE;97313;PLASMOCITOMA EXTRAMEDULAR;C902;;;;;false;HISTOLOGIA DO TUMOR PRIMÁRIO;NÃO SE APLICA;;;;;CÂNCER;23/12/2017;;24/08/2016;;
1700159;RCBP RORAIMA;MASCULINO;03/05/1960;55;PARDA;BRASIL;PARANÁ;;FUNDAMENTAL I (1ª A 4ª SÉRIE);SOLTEIRO;622;TRABALHADORES AGRÍCOLAS   	;RORAIMA;BOA VISTA;ANTRO GASTRICO;C163;LINFOMA MALIGNO, TIPO NAO HODGKIN, SOE;95913;LINFOMA NAO-HODGKIN, SOE;C859;;;;;false;CITOLOGIA;NÃO SE APLICA;;;;;;;;02/02/2016;;
1700174;RCBP RORAIMA;FEMININO;07/08/1956;59;PARDA;BRASIL;BAHIA;;SUPERIOR COMPLETO;VIÚVO;239;OUTROS PROFISSIONAIS DO ENSINO NÃO CLASSIFICADOS ANTERIORMENTE	;RORAIMA;BOA VISTA;MAMA , SOE;C509;CARCINOMA DUCTAL INFILTRANTE;85003;MAMA , SOE;C509;;;;;false;HISTOLOGIA DO TUMOR PRIMÁRIO;LOCALIZADO;;;;;;;;11/01/2016;;
1700180;RCBP RORAIMA;MASCULINO;07/08/1954;62;BRANCO;BRASIL;Não informado;;FUNDAMENTAL II (5ª A 8ª SÉRIE);CASADO;622;TRABALHADORES AGRÍCOLAS   	;RORAIMA;BOA VISTA;ESTOMAGO, SOE;C169;NEOPLASIA MALIGNA;80003;ESTOMAGO, SOE;C169;;;;;false;SDO;SEM INFORMAÇÃO;SEM INFORMAÇÃO;99 - SEM INFORMAÇÃO;999;MORTO;CÂNCER;17/11/2016;17/11/2016;17/11/2016;;
1700204;RCBP RORAIMA;FEMININO;09/01/1928;88;BRANCO;BRASIL;Não informado;;FUNDAMENTAL II (5ª A 8ª SÉRIE);VIÚVO;0;SEM INFORMAÇÃO	;RORAIMA;BOA VISTA;MEDULA OSSEA;C421;LEUCEMIA, SOE;98003;LEUCEMIA NAO ESPECIFICADA;C959;;;;;false;SDO;NÃO SE APLICA;SEM INFORMAÇÃO;99 - SEM INFORMAÇÃO;999;MORTO;CÂNCER;01/11/2016;01/11/2016;01/11/2016;;
1700194;RCBP RORAIMA;MASCULINO;09/09/1959;56;PARDA;BRASIL;RORAIMA;;FUNDAMENTAL I (1ª A 4ª SÉRIE);UNIÃO CONSENSUAL;782;CONDUTORES DE VEÍCULOS E OPERADORES DE EQUIPAMENTOS DE ELEVAÇÃO E DE MOVIMENTAÇÃO DE CARGAS   	;RORAIMA;BOA VISTA;FIGADO, SOE;C220;CARCINOMA HEPATOCELULAR, SOE;81703;CARCINOMA DE CELULAS HEPATICAS;C220;;;;;false;HISTOLOGIA DO TUMOR PRIMÁRIO;METÁSTASE;;;;;;;;02/03/2016;;
1700195;RCBP RORAIMA;MASCULINO;20/12/1962;53;PARDA;BRASIL;RORAIMA;;SUPERIOR COMPLETO;UNIÃO CONSENSUAL;239;OUTROS PROFISSIONAIS DO ENSINO NÃO CLASSIFICADOS ANTERIORMENTE	;RORAIMA;BOA VISTA;TIREOIDE, SOE;C739;ADENOCARCINOMA PAPILAR, SOE;82603;GLANDULA TIREOIDE;C73;;;;;false;CITOLOGIA;LOCALIZADO;;;;;;;;28/01/2016;;
1698511;RCBP RORAIMA;MASCULINO;25/04/1945;71;PARDA;BRASIL;RORAIMA;;SEM ESCOLARIDADE;CASADO;0;SEM INFORMAÇÃO	;RORAIMA;UIRAMUTÃ;PALATO, SOE;C059;CARCINOMA ESCAMOCELULAR, SOE;80703;PALATO, SOE;C059;;;;;false;HISTOLOGIA DO TUMOR PRIMÁRIO;METÁSTASE;;;;;;;;15/11/2016;;
1698522;RCBP RORAIMA;MASCULINO;01/10/1944;72;PARDA;BRASIL;MARANHÃO;;FUNDAMENTAL I (1ª A 4ª SÉRIE);UNIÃO CONSENSUAL;0;SEM INFORMAÇÃO	;RORAIMA;BOA VISTA;CORPO DO ESTOMAGO;C162;ADENOCARCINOMA, SOE;81403;CORPO DO ESTOMAGO;C162;;;;;false;HISTOLOGIA DO TUMOR PRIMÁRIO;METÁSTASE;;;;;CÂNCER;23/03/2017;;02/12/2016;C76;
1698524;RCBP RORAIMA;MASCULINO;20/06/1930;85;PARDA;BRASIL;Não informado;;SEM ESCOLARIDADE;CASADO;622;TRABALHADORES AGRÍCOLAS   	;RORAIMA;IRACEMA;PROSTATA, SOE;C619;NEOPLASIA MALIGNA;80003;PROSTATA;C61;;;;;false;SDO;SEM INFORMAÇÃO;SEM INFORMAÇÃO;99 - SEM INFORMAÇÃO;999;MORTO;CÂNCER;01/01/2016;01/01/2016;01/01/2016;;
1698525;RCBP RORAIMA;MASCULINO;08/07/1933;82;PARDA;BRASIL;MARANHÃO;;FUNDAMENTAL I (1ª A 4ª SÉRIE);CASADO;0;SEM INFORMAÇÃO	;RORAIMA;BOA VISTA;PULMAO, SOE;C349;CARCINOMA, SOE;80103;BRONQUIOS OU PULMOES, SOE;C349;;;;;false;HISTOLOGIA DO TUMOR PRIMÁRIO;METÁSTASE;;;;;CÂNCER;24/02/2016;;21/01/2016;;
1698526;RCBP RORAIMA;MASCULINO;01/09/1944;72;PARDA;BRASIL;MARANHÃO;;FUNDAMENTAL I (1ª A 4ª SÉRIE);SOLTEIRO;763;TRABALHADORES DA CONFECÇÃO DE ROUPAS 	;RORAIMA;BOA VISTA;PROSTATA, SOE;C619;ADENOCARCINOMA, SOE;81403;PROSTATA;C61;;;;;false;HISTOLOGIA DO TUMOR PRIMÁRIO;SEM INFORMAÇÃO;;;;;;;;15/10/2016;;
1698538;RCBP RORAIMA;FEMININO;21/01/1938;78;BRANCO;BRASIL;MINAS GERAIS;ABAETÉ;SEM ESCOLARIDADE;SOLTEIRO;;;RORAIMA;BOA VISTA;PELE DE OUTRAS PARTES DA FACE;C443;CARCINOMA BASOCELULAR, SOE;80903;PELE DE OUTRAS PARTES DA FACE;C443;;;;;false;HISTOLOGIA DO TUMOR PRIMÁRIO;LOCALIZADO;;;;;;;;30/05/2016;;
1698891;RCBP RORAIMA;FEMININO;14/06/1926;90;BRANCO;BRASIL;RIO GRANDE DO NORTE;CARAÚBAS;FUNDAMENTAL I (1ª A 4ª SÉRIE);VIÚVO;;;RORAIMA;BOA VISTA;PELE DE OUTRAS PARTES DA FACE;C443;CARCINOMA BASOCELULAR, SOE;80903;PELE DE OUTRAS PARTES DA FACE;C443;;;;;false;HISTOLOGIA DO TUMOR PRIMÁRIO;LOCALIZADO;;;;;;;;14/06/2016;;
1698533;RCBP RORAIMA;MASCULINO;22/03/1956;60;BRANCO;BRASIL;MARANHÃO;SÃO BERNARDO;FUNDAMENTAL I (1ª A 4ª SÉRIE);SEPARADO JUDICIALMENTE;;;RORAIMA;BOA VISTA;PELE DE OUTRAS PARTES DA FACE;C443;CARCINOMA BASOCELULAR, SOE;80903;PELE DE OUTRAS PARTES DA FACE;C443;;;;;false;HISTOLOGIA DO TUMOR PRIMÁRIO;LOCALIZADO;;;;;;;;21/10/2016;;
1698535;RCBP RORAIMA;FEMININO;25/03/1937;78;PARDA;BRASIL;Não informado;;SEM ESCOLARIDADE;CASADO;622;TRABALHADORES AGRÍCOLAS   	;RORAIMA;BOA VISTA;MAMA , SOE;C509;NEOPLASIA MALIGNA;80003;MAMA , SOE;C509;;;;;false;SDO;SEM INFORMAÇÃO;SEM INFORMAÇÃO;99 - SEM INFORMAÇÃO;999;MORTO;CÂNCER;26/01/2016;26/01/2016;26/01/2016;;
1698910;RCBP RORAIMA;FEMININO;10/01/1937;78;PARDA;BRASIL;CEARÁ;MONSENHOR TABOSA;SEM ESCOLARIDADE;SEPARADO JUDICIALMENTE;763;TRABALHADORES DA CONFECÇÃO DE ROUPAS 	;RORAIMA;BOA VISTA;LESAO SOBREPOSTA DO APARELHO RESPIRATORIO;C398;NEOPLASIA MALIGNA;80003;LESAO INVASIVA DO APARELHO RESPIRATORIO;C398;;;;;false;HISTOLOGIA DO TUMOR PRIMÁRIO;SEM INFORMAÇÃO;SEM INFORMAÇÃO;99 - SEM INFORMAÇÃO;999;MORTO;CÂNCER;06/09/2016;06/09/2016;02/01/2016;;
1698927;RCBP RORAIMA;FEMININO;02/06/1963;53;PARDA;BRASIL;AMAZONAS;;FUNDAMENTAL I (1ª A 4ª SÉRIE);SOLTEIRO;0;SEM INFORMAÇÃO	;RORAIMA;BOA VISTA;COLO DO UTERO, SOE;C539;CARCINOMA ESCAMOSO MICRO-INVASOR;80763;COLO DO UTERO, SOE;C539;;;;;false;HISTOLOGIA DO TUMOR PRIMÁRIO;SEM INFORMAÇÃO;;;;;;;;05/08/2016;;
1698951;RCBP RORAIMA;FEMININO;07/08/1952;63;PARDA;BRASIL;MARANHÃO;SÃO LUÍS;FUNDAMENTAL I (1ª A 4ª SÉRIE);CASADO;0;SEM INFORMAÇÃO	;RORAIMA;BOA VISTA;PULMAO, SOE;C349;ADENOCARCINOMA, SOE;81403;BRONQUIOS OU PULMOES, SOE;C349;;;;;false;HISTOLOGIA DO TUMOR PRIMÁRIO;METÁSTASE;;;;;CÂNCER;12/10/2016;;22/01/2016;;
1698956;RCBP RORAIMA;FEMININO;11/01/1979;37;PARDA;BRASIL;RORAIMA;BOA VISTA;SEM INFORMAÇÃO;SOLTEIRO;252;PROFISSIONAIS DE ORGANIZAÇÃO E ADMINISTRAÇÃO DE EMPRESAS E AFINS  	;RORAIMA;BOA VISTA;MEDULA OSSEA;C421;LEUCEMIA LINFOIDE, SOE;98203;LEUCEMIA LINFOIDE, SOE;C919;;;;;false;HISTOLOGIA DO TUMOR PRIMÁRIO;NÃO SE APLICA;SEM INFORMAÇÃO;99 - SEM INFORMAÇÃO;999;MORTO;CÂNCER;30/12/2016;30/12/2016;13/03/2016;;
1698967;RCBP RORAIMA;FEMININO;23/11/1951;64;PARDA;BRASIL;Não informado;Não Informado;SEM ESCOLARIDADE;SEM INFORMAÇÃO;0;SEM INFORMAÇÃO	;RORAIMA;BOA VISTA;COLO DO UTERO, SOE;C539;NEOPLASIA INTRA-EPITELIAL ESCAMOSA,GRAU IIII;80772;COLO DO UTERO, SOE;D069;;;;;false;CITOLOGIA;"IN SITU";;;;;;;;19/07/2016;;
1698977;RCBP RORAIMA;FEMININO;07/04/1955;60;PARDA;BRASIL;CEARÁ;;MÉDIO (ANTIGO SEGUNDO GRAU);SEPARADO JUDICIALMENTE;322;TÉCNICOS DA CIÊNCIA DA SAÚDE HUMANA 	;RORAIMA;BOA VISTA;PULMAO, SOE;C349;CARCINOMA, SOE;80103;BRONQUIOS OU PULMOES, SOE;C349;;;;;false;HISTOLOGIA DO TUMOR PRIMÁRIO;METÁSTASE;;;;;;;;23/02/2016;;
1698983;RCBP RORAIMA;FEMININO;14/08/1944;71;BRANCO;BRASIL;MARANHÃO;;FUNDAMENTAL II (5ª A 8ª SÉRIE);VIÚVO;0;SEM INFORMAÇÃO	;RORAIMA;BOA VISTA;MAMA , SOE;C509;CARCINOMA DUCTAL INFILTRANTE;85003;MAMA , SOE;C509;;;;;false;HISTOLOGIA DO TUMOR PRIMÁRIO;SEM INFORMAÇÃO;;;;;;;;17/05/2016;;
1698987;RCBP RORAIMA;FEMININO;23/06/1958;57;PARDA;BRASIL;RORAIMA;;FUNDAMENTAL I (1ª A 4ª SÉRIE);CASADO;514;TRABALHADORES NOS SERVIÇOS DE ADMINISTRAÇÃO, CONSERVAÇÃO E MANUTENÇÃO DE EDIFÍCIOS E LOGRADOUROS  	;RORAIMA;BOA VISTA;TIREOIDE, SOE;C739;CARCINOMA PAPILAR, SOE;80503;GLANDULA TIREOIDE;C73;;;;;false;HISTOLOGIA DO TUMOR PRIMÁRIO;SEM INFORMAÇÃO;;;;;;;;04/04/2016;;
1698990;RCBP RORAIMA;FEMININO;22/02/1930;86;SEM INFORMAÇÃO;BRASIL;RORAIMA;;SEM ESCOLARIDADE;VIÚVO;0;SEM INFORMAÇÃO	;RORAIMA;BOA VISTA;PELE DE OUTRAS PARTES DA FACE;C443;CARCINOMA BASOCELULAR, SOE;80903;PELE DE OUTRAS PARTES DA FACE;C443;;;;;false;HISTOLOGIA DO TUMOR PRIMÁRIO;LOCALIZADO;;;;;;;;03/05/2016;;
1699001;RCBP RORAIMA;FEMININO;09/07/1933;82;BRANCO;BRASIL;MARANHÃO;CAXIAS;SEM ESCOLARIDADE;CASADO;;;RORAIMA;RORAINÓPOLIS;PELE DE OUTRAS PARTES DA FACE;C443;CARCINOMA ESCAMOCELULAR, SOE;80703;PELE DE OUTRAS PARTES DA FACE;C443;;;;;false;HISTOLOGIA DO TUMOR PRIMÁRIO;LOCALIZADO;;;;;;;;05/04/2016;;
1699005;RCBP RORAIMA;FEMININO;30/06/1963;52;PARDA;BRASIL;MARANHÃO;;FUNDAMENTAL I (1ª A 4ª SÉRIE);CASADO;0;SEM INFORMAÇÃO	;RORAIMA;BOA VISTA;MAMA , SOE;C509;CARCINOMA DUCTAL INFILTRANTE;85003;MAMA , SOE;C509;;;;;false;HISTOLOGIA DO TUMOR PRIMÁRIO;METÁSTASE;;;;;;;;01/04/2016;;
1699019;RCBP RORAIMA;FEMININO;03/10/1941;74;PARDA;BRASIL;Não informado;;FUNDAMENTAL II (5ª A 8ª SÉRIE);SEPARADO JUDICIALMENTE;0;SEM INFORMAÇÃO	;RORAIMA;BOA VISTA;LOCALIZACAO PRIMARIA DESCONHECIDA, SOE;C809;NEOPLASIA MALIGNA;80003;LOCALIZACAO PRIMARIA DESCONHECIDA;C80;;;;;false;SDO;SEM INFORMAÇÃO;SEM INFORMAÇÃO;99 - SEM INFORMAÇÃO;999;MORTO;CÂNCER;26/08/2016;26/08/2016;26/08/2016;;
1699025;RCBP RORAIMA;FEMININO;14/10/1935;80;PARDA;BRASIL;Não informado;;SEM ESCOLARIDADE;VIÚVO;;;RORAIMA;ALTO ALEGRE;ESOFAGO, SOE;C159;NEOPLASIA MALIGNA;80003;ESOFAGO, SOE;C159;;;;;false;SDO;SEM INFORMAÇÃO;SEM INFORMAÇÃO;99 - SEM INFORMAÇÃO;999;MORTO;CÂNCER;12/10/2016;12/10/2016;12/10/2016;;
1699030;RCBP RORAIMA;FEMININO;28/05/1965;51;BRANCO;BRASIL;MARANHÃO;;MÉDIO (ANTIGO SEGUNDO GRAU);SEPARADO JUDICIALMENTE;;;RORAIMA;BOA VISTA;PELE DE OUTRAS PARTES DA FACE;C443;CARCINOMA BASOCELULAR, SOE;80903;PELE DE OUTRAS PARTES DA FACE;C443;;;;;false;HISTOLOGIA DO TUMOR PRIMÁRIO;LOCALIZADO;;;;;;;;16/08/2016;;
1699036;RCBP RORAIMA;FEMININO;13/10/1918;97;PARDA;BRASIL;Não informado;;FUNDAMENTAL II (5ª A 8ª SÉRIE);SOLTEIRO;0;SEM INFORMAÇÃO	;RORAIMA;BOA VISTA;BEXIGA, SOE;C679;NEOPLASIA MALIGNA;80003;BEXIGA, SOE;C679;;;;;false;SDO;SEM INFORMAÇÃO;SEM INFORMAÇÃO;99 - SEM INFORMAÇÃO;999;MORTO;CÂNCER;24/08/2016;24/08/2016;24/08/2016;;
1699042;RCBP RORAIMA;FEMININO;13/10/1977;38;BRANCO;BRASIL;Não informado;;MÉDIO (ANTIGO SEGUNDO GRAU);SOLTEIRO;342;TÉCNICOS EM TRANSPORTES (LOGÍSTICA)   	;RORAIMA;BOA VISTA;ESTOMAGO, SOE;C169;NEOPLASIA MALIGNA;80003;ESTOMAGO, SOE;C169;;;;;false;SDO;SEM INFORMAÇÃO;SEM INFORMAÇÃO;99 - SEM INFORMAÇÃO;999;MORTO;CÂNCER;02/03/2016;02/03/2016;02/03/2016;;
1699043;RCBP RORAIMA;FEMININO;11/09/1950;66;PARDA;BRASIL;AMAZONAS;;SEM INFORMAÇÃO;SOLTEIRO;631;PESCADORES E CAÇADORES	;RORAIMA;CARACARAÍ;COLO DO UTERO, SOE;C539;CARCINOMA ESCAMOCELULAR, SOE;80703;COLO DO UTERO, SOE;C539;;;;;false;HISTOLOGIA DO TUMOR PRIMÁRIO;SEM INFORMAÇÃO;;;;;;;;01/12/2016;;
1699047;RCBP RORAIMA;FEMININO;09/12/1953;62;PARDA;BRASIL;Não informado;;SEM ESCOLARIDADE;CASADO;622;TRABALHADORES AGRÍCOLAS   	;RORAIMA;IRACEMA;ESTOMAGO, SOE;C169;NEOPLASIA MALIGNA;80003;ESTOMAGO, SOE;C169;;;;;false;SDO;SEM INFORMAÇÃO;SEM INFORMAÇÃO;99 - SEM INFORMAÇÃO;999;MORTO;CÂNCER;19/06/2016;19/06/2016;19/06/2016;;
1699244;RCBP RORAIMA;FEMININO;23/05/1939;76;INDÍGENA;BRASIL;RORAIMA;BOA VISTA;SEM ESCOLARIDADE;UNIÃO CONSENSUAL;622;TRABALHADORES AGRÍCOLAS   	;RORAIMA;RORAINÓPOLIS;ESTOMAGO, SOE;C169;NEOPLASIA MALIGNA;80003;ESTOMAGO, SOE;C169;;;;;false;HISTOLOGIA DO TUMOR PRIMÁRIO;SEM INFORMAÇÃO;SEM INFORMAÇÃO;99 - SEM INFORMAÇÃO;999;MORTO;CÂNCER;07/09/2016;07/09/2016;02/03/2016;;
1699248;RCBP RORAIMA;FEMININO;16/01/1962;54;BRANCO;BRASIL;RORAIMA;;SUPERIOR COMPLETO;CASADO;239;OUTROS PROFISSIONAIS DO ENSINO NÃO CLASSIFICADOS ANTERIORMENTE	;RORAIMA;BOA VISTA;MAMA , SOE;C509;CARCINOMA DUCTAL INFILTRANTE;85003;MAMA , SOE;C509;;;;;false;HISTOLOGIA DO TUMOR PRIMÁRIO;SEM INFORMAÇÃO;;;;;;;;21/05/2016;;
1699250;RCBP RORAIMA;FEMININO;03/09/1965;51;SEM INFORMAÇÃO;BRASIL;Não informado;Não Informado;SEM INFORMAÇÃO;SEM INFORMAÇÃO;;;RORAIMA;BOA VISTA;COLO DO UTERO, SOE;C539;NEOPLASIA INTRA-EPITELIAL ESCAMOSA,GRAU IIII;80772;COLO DO UTERO, SOE;D069;;;;;false;CITOLOGIA;"IN SITU";;;;;;;;10/10/2016;;
1699253;RCBP RORAIMA;FEMININO;06/12/1938;77;PARDA;BRASIL;RORAIMA;BOA VISTA;FUNDAMENTAL II (5ª A 8ª SÉRIE);CASADO;0;SEM INFORMAÇÃO	;RORAIMA;BOA VISTA;PULMAO, SOE;C349;NEOPLASIA MALIGNA;80003;BRONQUIOS OU PULMOES, SOE;C349;;;;;false;HISTOLOGIA DO TUMOR PRIMÁRIO;METÁSTASE;SEM INFORMAÇÃO;99 - SEM INFORMAÇÃO;999;MORTO;CÂNCER;25/11/2016;25/11/2016;02/02/2016;;
1699305;RCBP RORAIMA;FEMININO;03/08/1954;61;BRANCO;BRASIL;Não informado;Não Informado;SUPERIOR COMPLETO;SEPARADO JUDICIALMENTE;;;RORAIMA;BOA VISTA;PELE DE OUTRAS PARTES DA FACE;C443;CARCINOMA BASOCELULAR, SOE;80903;PELE DE OUTRAS PARTES DA FACE;C443;;;;;false;HISTOLOGIA DO TUMOR PRIMÁRIO;LOCALIZADO;;;;;;;;09/06/2016;;
1699313;RCBP RORAIMA;FEMININO;10/11/1941;74;PARDA;BRASIL;RORAIMA;BOA VISTA;SEM ESCOLARIDADE;SOLTEIRO;622;TRABALHADORES AGRÍCOLAS   	;RORAIMA;BOA VISTA;FIGADO, SOE;C220;CARCINOMA, SOE;80103;FIGADO E VIAS BILIARES INTRA-HEPATICAS;C22;;;;;false;HISTOLOGIA DO TUMOR PRIMÁRIO;SEM INFORMAÇÃO;SEM INFORMAÇÃO;99 - SEM INFORMAÇÃO;999;MORTO;CÂNCER;22/01/2016;22/01/2016;02/01/2016;;
1699461;RCBP RORAIMA;FEMININO;17/10/1950;65;PARDA;BRASIL;Não informado;;SEM ESCOLARIDADE;CASADO;0;SEM INFORMAÇÃO	;RORAIMA;BOA VISTA;FIGADO, SOE;C220;NEOPLASIA MALIGNA;80003;FIGADO E VIAS BILIARES INTRA-HEPATICAS;C22;;;;;false;HISTOLOGIA DO TUMOR PRIMÁRIO;SEM INFORMAÇÃO;SEM INFORMAÇÃO;99 - SEM INFORMAÇÃO;999;MORTO;CÂNCER;11/05/2016;11/05/2016;05/01/2016;;
1699317;RCBP RORAIMA;FEMININO;07/05/1944;72;PARDA;BRASIL;PIAUÍ;;SEM ESCOLARIDADE;SOLTEIRO;622;TRABALHADORES AGRÍCOLAS   	;RORAIMA;BOA VISTA;MAMA , SOE;C509;CARCINOMA DUCTAL INFILTRANTE;85003;MAMA , SOE;C509;;;;;false;HISTOLOGIA DO TUMOR PRIMÁRIO;LOCALIZADO;;;;;;;;14/07/2016;;
1699323;RCBP RORAIMA;FEMININO;13/04/1933;83;PARDA;BRASIL;MARANHÃO;;SEM ESCOLARIDADE;VIÚVO;0;SEM INFORMAÇÃO	;RORAIMA;BOA VISTA;MAMA , SOE;C509;CARCINOMA DUCTAL INFILTRANTE;85003;MAMA , SOE;C509;;;;;false;HISTOLOGIA DO TUMOR PRIMÁRIO;SEM INFORMAÇÃO;;;;;;;;08/08/2016;;
1699329;RCBP RORAIMA;FEMININO;16/07/1957;59;PARDA;BRASIL;AMAZONAS;;SEM INFORMAÇÃO;SOLTEIRO;0;SEM INFORMAÇÃO	;RORAIMA;BOA VISTA;TIREOIDE, SOE;C739;CARCINOMA PAPILAR, SOE;80503;GLANDULA TIREOIDE;C73;;;;;false;HISTOLOGIA DO TUMOR PRIMÁRIO;SEM INFORMAÇÃO;;;;;;;;11/08/2016;;
1699334;RCBP RORAIMA;FEMININO;21/06/1928;87;BRANCO;BRASIL;RORAIMA;BOA VISTA;MÉDIO (ANTIGO SEGUNDO GRAU);VIÚVO;0;SEM INFORMAÇÃO	;RORAIMA;BOA VISTA;RIM, SOE;C649;NEOPLASIA MALIGNA;80003;RIM;C64;;;;;false;HISTOLOGIA DO TUMOR PRIMÁRIO;SEM INFORMAÇÃO;SEM INFORMAÇÃO;99 - SEM INFORMAÇÃO;999;MORTO;CÂNCER;14/11/2016;14/11/2016;08/03/2016;;
1699336;RCBP RORAIMA;FEMININO;25/03/1941;74;BRANCO;BRASIL;RORAIMA;BONFIM;FUNDAMENTAL II (5ª A 8ª SÉRIE);CASADO;0;SEM INFORMAÇÃO	;RORAIMA;BONFIM;LOBO TEMPORAL;C712;NEOPLASIA MALIGNA;80003;LOBO TEMPORAL;C712;;;;;false;HISTOLOGIA DO TUMOR PRIMÁRIO;SEM INFORMAÇÃO;SEM INFORMAÇÃO;99 - SEM INFORMAÇÃO;999;MORTO;CÂNCER;01/03/2016;01/03/2016;05/01/2016;;
1699340;RCBP RORAIMA;FEMININO;03/09/1935;80;BRANCO;BRASIL;CEARÁ;;FUNDAMENTAL I (1ª A 4ª SÉRIE);VIÚVO;622;TRABALHADORES AGRÍCOLAS   	;RORAIMA;MUCAJAÍ;ESTOMAGO, SOE;C169;NEOPLASIA MALIGNA;80003;ESTOMAGO, SOE;C169;;;;;false;SDO;SEM INFORMAÇÃO;SEM INFORMAÇÃO;99 - SEM INFORMAÇÃO;999;MORTO;CÂNCER;21/06/2016;21/06/2016;21/06/2016;;
1699469;RCBP RORAIMA;FEMININO;16/03/1930;86;PARDA;BRASIL;MARANHÃO;;FUNDAMENTAL I (1ª A 4ª SÉRIE);SOLTEIRO;0;SEM INFORMAÇÃO	;RORAIMA;BOA VISTA;COLO DO UTERO, SOE;C539;CARCINOMA ESCAMOCELULAR, SOE;80703;COLO DO UTERO, SOE;C539;;;;;false;HISTOLOGIA DO TUMOR PRIMÁRIO;SEM INFORMAÇÃO;;;;;;;;05/08/2016;;
1699476;RCBP RORAIMA;FEMININO;31/12/1928;87;BRANCO;BRASIL;RORAIMA;BOA VISTA;FUNDAMENTAL II (5ª A 8ª SÉRIE);VIÚVO;0;SEM INFORMAÇÃO	;RORAIMA;BOA VISTA;MEDULA OSSEA;C421;LEUCEMIA, SOE;98003;LEUCEMIA NAO ESPECIFICADA;C959;;;;;false;HISTOLOGIA DO TUMOR PRIMÁRIO;NÃO SE APLICA;SEM INFORMAÇÃO;99 - SEM INFORMAÇÃO;999;MORTO;CÂNCER;25/07/2016;25/07/2016;15/01/2016;;
1699484;RCBP RORAIMA;FEMININO;17/02/1948;68;AMARELA;BRASIL;PARÁ;;MÉDIO (ANTIGO SEGUNDO GRAU);CASADO;763;TRABALHADORES DA CONFECÇÃO DE ROUPAS 	;RORAIMA;BOA VISTA;PELE DO TRONCO;C445;CARCINOMA ESCAMOCELULAR, SOE;80703;PELE DO TRONCO;C445;;;;;false;HISTOLOGIA DO TUMOR PRIMÁRIO;SEM INFORMAÇÃO;;;;;;;;30/08/2016;;
1699485;RCBP RORAIMA;FEMININO;18/01/1968;48;PARDA;BRASIL;RORAIMA;BOA VISTA;MÉDIO (ANTIGO SEGUNDO GRAU);SOLTEIRO;513;TRABALHADORES DOS SERVIÇOS DE HOTELARIA E ALIMENTAÇÃO 	;RORAIMA;BOA VISTA;ESTOMAGO, SOE;C169;NEOPLASIA MALIGNA;80003;ESTOMAGO, SOE;C169;;;;;false;HISTOLOGIA DO TUMOR PRIMÁRIO;SEM INFORMAÇÃO;SEM INFORMAÇÃO;99 - SEM INFORMAÇÃO;999;MORTO;CÂNCER;02/11/2016;02/11/2016;18/02/2016;;
1699488;RCBP RORAIMA;FEMININO;28/01/1954;62;PARDA;BRASIL;RORAIMA;;FUNDAMENTAL II (5ª A 8ª SÉRIE);CASADO;0;SEM INFORMAÇÃO	;RORAIMA;BOA VISTA;PELE DE OUTRAS PARTES DA FACE;C443;CARCINOMA BASOCELULAR, SOE;80903;PELE DE OUTRAS PARTES DA FACE;C443;;;;;false;HISTOLOGIA DO TUMOR PRIMÁRIO;SEM INFORMAÇÃO;;;;;;;;26/07/2016;;
1699789;RCBP RORAIMA;FEMININO;31/03/1951;65;BRANCO;BRASIL;ACRE;;SUPERIOR COMPLETO;VIÚVO;322;TÉCNICOS DA CIÊNCIA DA SAÚDE HUMANA 	;RORAIMA;BOA VISTA;UTERO, SOE;C559;NEOPLASIA MALIGNA;80003;UTERO, SOE;C55;;;;;false;SDO;SEM INFORMAÇÃO;SEM INFORMAÇÃO;99 - SEM INFORMAÇÃO;999;MORTO;CÂNCER;13/06/2016;13/06/2016;13/06/2016;;
1699790;RCBP RORAIMA;FEMININO;01/03/1950;66;BRANCO;BRASIL;Não informado;;FUNDAMENTAL II (5ª A 8ª SÉRIE);CASADO;0;SEM INFORMAÇÃO	;RORAIMA;BOA VISTA;FIGADO, SOE;C220;NEOPLASIA MALIGNA;80003;FIGADO E VIAS BILIARES INTRA-HEPATICAS;C22;;;;;false;SDO;SEM INFORMAÇÃO;SEM INFORMAÇÃO;99 - SEM INFORMAÇÃO;999;MORTO;CÂNCER;15/11/2016;15/11/2016;15/11/2016;;
1699794;RCBP RORAIMA;FEMININO;22/01/1989;27;INDÍGENA;BRASIL;Não informado;;FUNDAMENTAL II (5ª A 8ª SÉRIE);SOLTEIRO;622;TRABALHADORES AGRÍCOLAS   	;RORAIMA;AMAJARI;LOCALIZACAO PRIMARIA DESCONHECIDA, SOE;C809;NEOPLASIA MALIGNA;80003;LOCALIZACAO PRIMARIA DESCONHECIDA;C80;;;NEOPLASIAS MALIGNAS INESPECÍFICAS;10.1;false;SDO;METÁSTASE;SEM INFORMAÇÃO;99 - SEM INFORMAÇÃO;999;MORTO;CÂNCER;28/04/2016;28/04/2016;28/04/2016;;
1699799;RCBP RORAIMA;FEMININO;24/08/1959;56;BRANCO;BRASIL;Não informado;;MÉDIO (ANTIGO SEGUNDO GRAU);SEPARADO JUDICIALMENTE;0;SEM INFORMAÇÃO	;RORAIMA;BOA VISTA;MAMA , SOE;C509;NEOPLASIA MALIGNA;80003;MAMA , SOE;C509;;;;;false;SDO;SEM INFORMAÇÃO;SEM INFORMAÇÃO;99 - SEM INFORMAÇÃO;999;MORTO;CÂNCER;02/01/2016;02/01/2016;02/01/2016;;
1699805;RCBP RORAIMA;FEMININO;18/07/1975;40;INDÍGENA;BRASIL;Não informado;;SEM ESCOLARIDADE;SEM INFORMAÇÃO;622;TRABALHADORES AGRÍCOLAS   	;RORAIMA;CARACARAÍ;PANCREAS, SOE;C259;NEOPLASIA MALIGNA;80003;PANCREAS, SOE;C259;;;;;false;SDO;SEM INFORMAÇÃO;SEM INFORMAÇÃO;99 - SEM INFORMAÇÃO;999;MORTO;CÂNCER;21/03/2016;21/03/2016;21/03/2016;;
1699807;RCBP RORAIMA;FEMININO;04/06/1974;41;PARDA;BRASIL;RORAIMA;;MÉDIO (ANTIGO SEGUNDO GRAU);SOLTEIRO;239;OUTROS PROFISSIONAIS DO ENSINO NÃO CLASSIFICADOS ANTERIORMENTE	;RORAIMA;BOA VISTA;CORPO DO ESTOMAGO;C162;ADENOCARCINOMA, SOE;81403;CORPO DO ESTOMAGO;C162;;;;;false;HISTOLOGIA DO TUMOR PRIMÁRIO;SEM INFORMAÇÃO;;;;;;;;12/05/2016;;
1699808;RCBP RORAIMA;MASCULINO;02/01/1969;47;BRANCO;BRASIL;MARANHÃO;;MÉDIO (ANTIGO SEGUNDO GRAU);SOLTEIRO;513;TRABALHADORES DOS SERVIÇOS DE HOTELARIA E ALIMENTAÇÃO 	;RORAIMA;BOA VISTA;PALPEBRA;C441;CARCINOMA BASOCELULAR, SOE;80903;PELE DA PALPEBRA E CANTO;C441;;;;;false;HISTOLOGIA DO TUMOR PRIMÁRIO;LOCALIZADO;;;;;;;;23/08/2016;;
1699817;RCBP RORAIMA;FEMININO;15/11/1971;44;PARDA;BRASIL;RORAIMA;BOA VISTA;MÉDIO (ANTIGO SEGUNDO GRAU);UNIÃO CONSENSUAL;;;RORAIMA;BOA VISTA;PELE DE OUTRAS PARTES DA FACE;C443;CARCINOMA BASOCELULAR, SOE;80903;PELE DE OUTRAS PARTES DA FACE;C443;;;;;false;HISTOLOGIA DO TUMOR PRIMÁRIO;LOCALIZADO;;;;;;;;03/02/2016;;
1699818;RCBP RORAIMA;FEMININO;02/12/1965;50;PARDA;BRASIL;AMAZONAS;;FUNDAMENTAL I (1ª A 4ª SÉRIE);CASADO;0;SEM INFORMAÇÃO	;RORAIMA;CARACARAÍ;TIREOIDE, SOE;C739;CARCINOMA PAPILAR, SOE;80503;GLANDULA TIREOIDE;C73;;;;;false;HISTOLOGIA DO TUMOR PRIMÁRIO;SEM INFORMAÇÃO;;;;;;;;29/02/2016;;
1699826;RCBP RORAIMA;FEMININO;21/02/1957;59;PARDA;BRASIL;Não informado;;SEM ESCOLARIDADE;SOLTEIRO;513;TRABALHADORES DOS SERVIÇOS DE HOTELARIA E ALIMENTAÇÃO 	;RORAIMA;BOA VISTA;PULMAO, SOE;C349;NEOPLASIA MALIGNA;80003;BRONQUIOS OU PULMOES, SOE;C349;;;;;false;SDO;SEM INFORMAÇÃO;SEM INFORMAÇÃO;99 - SEM INFORMAÇÃO;999;MORTO;CÂNCER;05/10/2016;05/10/2016;05/10/2016;;
1699877;RCBP RORAIMA;FEMININO;01/01/1969;47;BRANCO;BRASIL;Não informado;;MÉDIO (ANTIGO SEGUNDO GRAU);SOLTEIRO;0;SEM INFORMAÇÃO	;RORAIMA;BOA VISTA;COLO DO UTERO, SOE;C539;NEOPLASIA MALIGNA;80003;COLO DO UTERO, SOE;C539;;;;;false;SDO;SEM INFORMAÇÃO;SEM INFORMAÇÃO;99 - SEM INFORMAÇÃO;999;MORTO;CÂNCER;11/07/2016;11/07/2016;11/07/2016;;
1700167;RCBP RORAIMA;MASCULINO;03/05/1958;58;PARDA;BRASIL;PARÁ;;SUPERIOR COMPLETO;CASADO;517;TRABALHADORES NOS SERVIÇOS DE PROTEÇÃO E SEGURANÇA	;RORAIMA;BOA VISTA;PANCREAS, SOE;C259;NEOPLASIA MALIGNA;80003;PANCREAS, SOE;C259;;;;;false;SDO;SEM INFORMAÇÃO;SEM INFORMAÇÃO;99 - SEM INFORMAÇÃO;999;MORTO;CÂNCER;16/06/2016;16/06/2016;16/06/2016;;
1700171;RCBP RORAIMA;FEMININO;02/06/1957;59;PARDA;BRASIL;RORAIMA;BOA VISTA;MÉDIO (ANTIGO SEGUNDO GRAU);SEM INFORMAÇÃO;;;RORAIMA;BOA VISTA;PELE DO COURO CABELUDO E DO PESCOCO;C444;CARCINOMA BASOCELULAR, SOE;80903;PELE DO COURO CABELUDO E DO PESCOCO;C444;;;;;false;HISTOLOGIA DO TUMOR PRIMÁRIO;LOCALIZADO;;;;;;;;21/06/2016;;
1700176;RCBP RORAIMA;FEMININO;19/12/1951;64;PARDA;BRASIL;RORAIMA;;FUNDAMENTAL I (1ª A 4ª SÉRIE);CASADO;519;OUTROS TRABALHADORES DE SERVIÇOS DIVERSOS 	;RORAIMA;NORMANDIA;PELE DO LABIO, SOE;C440;CARCINOMA BASOCELULAR, SOE;80903;PELE DO LABIO;C440;;;;;false;HISTOLOGIA DO TUMOR PRIMÁRIO;LOCALIZADO;;;;;;;;27/06/2016;;
1700178;RCBP RORAIMA;FEMININO;17/04/1948;68;INDÍGENA;BRASIL;RORAIMA;;SEM INFORMAÇÃO;SEM INFORMAÇÃO;0;SEM INFORMAÇÃO	;RORAIMA;BOA VISTA;PELE DE OUTRAS PARTES DA FACE;C443;CARCINOMA BASOCELULAR, SOE;80903;PELE DE OUTRAS PARTES DA FACE;C443;;;;;false;HISTOLOGIA DO TUMOR PRIMÁRIO;SEM INFORMAÇÃO;;;;;;;;08/11/2016;;
1700185;RCBP RORAIMA;FEMININO;12/03/1950;66;PARDA;BRASIL;Não informado;;SEM ESCOLARIDADE;CASADO;111;MEMBROS SUPERIORES DO PODER LEGISLATIVO, EXECUTIVO E JUDICIÁRIO   	;RORAIMA;BOA VISTA;RIM, SOE;C649;NEOPLASIA MALIGNA;80003;RIM;C64;;;;;false;SDO;METÁSTASE;SEM INFORMAÇÃO;99 - SEM INFORMAÇÃO;999;MORTO;CÂNCER;06/08/2016;06/08/2016;06/08/2016;;
1700205;RCBP RORAIMA;MASCULINO;06/06/1952;64;PARDA;BRASIL;Não informado;;FUNDAMENTAL II (5ª A 8ª SÉRIE);SEPARADO JUDICIALMENTE;842;OPERADORES NA PREPARAÇÃO DE FUMO E NA FABRICAÇÃO DE CHARUTOS E CIGARROS   	;RORAIMA;BOA VISTA;PROSTATA, SOE;C619;NEOPLASIA MALIGNA;80003;PROSTATA;C61;;;;;false;SDO;SEM INFORMAÇÃO;SEM INFORMAÇÃO;99 - SEM INFORMAÇÃO;999;MORTO;CÂNCER;22/09/2016;22/09/2016;22/09/2016;;
1700207;RCBP RORAIMA;FEMININO;15/08/1981;35;PARDA;Não informado;Não informado;Não Informado;SUPERIOR COMPLETO;CASADO;223;PROFISSIONAIS DA MEDICINA, SAÚDE E AFINS  	;RORAIMA;BOA VISTA;TIREOIDE, SOE;C739;ADENOCARCINOMA PAPILAR, SOE;82603;GLANDULA TIREOIDE;C73;;;;;false;HISTOLOGIA DO TUMOR PRIMÁRIO;SEM INFORMAÇÃO;;;;;;;;14/10/2016;;
1700184;RCBP RORAIMA;MASCULINO;30/09/1933;82;PARDA;BRASIL;Não informado;;SEM ESCOLARIDADE;CASADO;622;TRABALHADORES AGRÍCOLAS   	;RORAIMA;ALTO ALEGRE;SEIO MAXILAR;C310;NEOPLASIA MALIGNA;80003;SEIO MAXILAR;C310;;;;;false;SDO;METÁSTASE;SEM INFORMAÇÃO;99 - SEM INFORMAÇÃO;999;MORTO;CÂNCER;27/03/2016;27/03/2016;27/03/2016;;
1700186;RCBP RORAIMA;FEMININO;03/02/1955;61;BRANCO;BRASIL;Não informado;;MÉDIO (ANTIGO SEGUNDO GRAU);SOLTEIRO;;;RORAIMA;BOA VISTA;PULMAO, SOE;C349;NEOPLASIA MALIGNA;80003;BRONQUIOS OU PULMOES, SOE;C349;;;;;false;SDO;SEM INFORMAÇÃO;SEM INFORMAÇÃO;99 - SEM INFORMAÇÃO;999;MORTO;CÂNCER;14/04/2016;14/04/2016;14/04/2016;;
1700189;RCBP RORAIMA;FEMININO;25/03/1964;52;BRANCO;BRASIL;Não informado;Não Informado;FUNDAMENTAL II (5ª A 8ª SÉRIE);SEM INFORMAÇÃO;;;RORAIMA;BOA VISTA;COLO DO UTERO, SOE;C539;NEOPLASIA INTRA-EPITELIAL ESCAMOSA,GRAU IIII;80772;COLO DO UTERO, SOE;D069;;;;;false;CITOLOGIA;"IN SITU";;;;;;;;27/07/2016;;
1700190;RCBP RORAIMA;FEMININO;07/03/1937;79;PARDA;BRASIL;RORAIMA;;SEM ESCOLARIDADE;SOLTEIRO;0;SEM INFORMAÇÃO	;RORAIMA;BOA VISTA;MAMA , SOE;C509;CARCINOMA DUCTAL INFILTRANTE;85003;MAMA , SOE;C509;;;;;false;HISTOLOGIA DO TUMOR PRIMÁRIO;METÁSTASE;;;;;;;;26/09/2016;;
1700196;RCBP RORAIMA;MASCULINO;09/09/1959;56;PARDA;BRASIL;Não informado;;MÉDIO (ANTIGO SEGUNDO GRAU);UNIÃO CONSENSUAL;842;OPERADORES NA PREPARAÇÃO DE FUMO E NA FABRICAÇÃO DE CHARUTOS E CIGARROS   	;RORAIMA;BOA VISTA;FIGADO, SOE;C220;CARCINOMA, SOE;80103;FIGADO E VIAS BILIARES INTRA-HEPATICAS;C22;;;;;false;SDO;SEM INFORMAÇÃO;SEM INFORMAÇÃO;99 - SEM INFORMAÇÃO;999;MORTO;CÂNCER;18/03/2016;18/03/2016;18/03/2016;;
1700202;RCBP RORAIMA;FEMININO;24/02/1941;75;SEM INFORMAÇÃO;BRASIL;RORAIMA;BOA VISTA;MÉDIO (ANTIGO SEGUNDO GRAU);SEM INFORMAÇÃO;;;RORAIMA;BOA VISTA;PELE DO MEMBRO SUPERIOR E DO OMBRO;C446;MELANOMA LENTIGINOSO MALIGNO DAS EXTREMIDADES;87443;MELANOMA MALIGNO DO MEMBRO SUPERIOR E OMBRO;C436;;;;;false;HISTOLOGIA DO TUMOR PRIMÁRIO;LOCALIZADO;;;;;;;;03/05/2016;;
1700297;RCBP RORAIMA;MASCULINO;08/07/1979;36;PARDA;BRASIL;RONDONIA;;FUNDAMENTAL II (5ª A 8ª SÉRIE);SEM INFORMAÇÃO;631;PESCADORES E CAÇADORES	;RORAIMA;BOA VISTA;PELE DO LABIO, SOE;C440;CARCINOMA BASOCELULAR, SOE;80903;PELE DO LABIO;C440;;;;;false;HISTOLOGIA DO TUMOR PRIMÁRIO;SEM INFORMAÇÃO;;;;;;;;14/06/2016;;
1700300;RCBP RORAIMA;FEMININO;18/07/1957;58;PARDA;BRASIL;RORAIMA;;SEM INFORMAÇÃO;SEM INFORMAÇÃO;0;SEM INFORMAÇÃO	;RORAIMA;BOA VISTA;VULVA, SOE;C519;CARCINOMA ESCAMOCELULAR, SOE;80703;VULVA, SOE;C519;;;;;false;HISTOLOGIA DO TUMOR PRIMÁRIO;SEM INFORMAÇÃO;;;;;;;;10/03/2016;;
1700298;RCBP RORAIMA;MASCULINO;04/09/1950;65;BRANCO;BRASIL;AMAZONAS;;SEM INFORMAÇÃO;SEM INFORMAÇÃO;0;SEM INFORMAÇÃO	;RORAIMA;BOA VISTA;PROSTATA, SOE;C619;ADENOCARCINOMA, SOE;81403;PROSTATA;C61;;;;;false;HISTOLOGIA DO TUMOR PRIMÁRIO;SEM INFORMAÇÃO;;;;;;;;17/08/2016;;
1700293;RCBP RORAIMA;FEMININO;08/08/1968;47;PARDA;BRASIL;RORAIMA;;MÉDIO (ANTIGO SEGUNDO GRAU);SOLTEIRO;513;TRABALHADORES DOS SERVIÇOS DE HOTELARIA E ALIMENTAÇÃO 	;RORAIMA;BOA VISTA;NASOFARINGE, SOE;C119;CARCINOMA ESCAMOCELULAR, SOE;80703;NASOFARINGE, SOE;C119;;;;;false;HISTOLOGIA DO TUMOR PRIMÁRIO;SEM INFORMAÇÃO;;;;;CÂNCER;10/01/2017;;19/04/2016;;
1700364;RCBP RORAIMA;MASCULINO;01/03/1963;53;BRANCO;BRASIL;Não informado;;MÉDIO (ANTIGO SEGUNDO GRAU);CASADO;232;PROFESSORES DO ENSINO MÉDIO   	;RORAIMA;BOA VISTA;ENCEFALO, SOE;C719;NEOPLASIA MALIGNA;80003;ENCEFALO, SOE;C719;;;;;false;SDO;SEM INFORMAÇÃO;SEM INFORMAÇÃO;99 - SEM INFORMAÇÃO;999;MORTO;CÂNCER;30/11/2016;30/11/2016;30/11/2016;;
1700377;RCBP RORAIMA;MASCULINO;30/06/1951;65;PARDA;BRASIL;Não informado;;FUNDAMENTAL II (5ª A 8ª SÉRIE);CASADO;611;PRODUTORES AGROPECUÁRIOS EM GERAL 	;RORAIMA;BOA VISTA;MEDULA OSSEA;C421;LEUCEMIA LINF.CRON.DE CEL.B/LINFOMA LINF.PEQ.CELS.;98233;LEUCEMIA LINFOCITICA CRONICA;C911;;;;;false;SDO;NÃO SE APLICA;SEM INFORMAÇÃO;99 - SEM INFORMAÇÃO;999;MORTO;CÂNCER;31/10/2016;31/10/2016;31/10/2016;;
1700384;RCBP RORAIMA;MASCULINO;03/03/1930;86;PARDA;BRASIL;Não informado;;SEM INFORMAÇÃO;SEM INFORMAÇÃO;848;TRABALHADORES ARTESANAIS NA  AGROINDÚSTRIA, NA INDÚSTRIA DE ALIMENTOS E DO FUMO   	;RORAIMA;BOA VISTA;RETO, SOE;C209;NEOPLASIA MALIGNA;80003;RETO;C20;;;;;false;SDO;SEM INFORMAÇÃO;SEM INFORMAÇÃO;99 - SEM INFORMAÇÃO;999;MORTO;CÂNCER;28/08/2016;28/08/2016;28/08/2016;;
1700386;RCBP RORAIMA;MASCULINO;13/02/1958;58;PARDA;BRASIL;AMAZONAS;;FUNDAMENTAL I (1ª A 4ª SÉRIE);SOLTEIRO;631;PESCADORES E CAÇADORES	;RORAIMA;BOA VISTA;PENIS, SOE;C609;CARCINOMA ESCAMOCELULAR, SOE;80703;PENIS, SOE;C609;;;;;false;HISTOLOGIA DO TUMOR PRIMÁRIO;SEM INFORMAÇÃO;;;;;;;;25/10/2016;;
1700394;RCBP RORAIMA;FEMININO;22/09/1974;42;PARDA;BRASIL;RORAIMA;;MÉDIO (ANTIGO SEGUNDO GRAU);CASADO;0;SEM INFORMAÇÃO	;RORAIMA;BOA VISTA;MAMA , SOE;C509;CARCINOMA DUCTAL INFILTRANTE;85003;MAMA , SOE;C509;;;;;false;HISTOLOGIA DO TUMOR PRIMÁRIO;SEM INFORMAÇÃO;;;;;;;;09/11/2016;;
1700308;RCBP RORAIMA;FEMININO;15/07/1957;58;BRANCO;BRASIL;Não informado;;MÉDIO (ANTIGO SEGUNDO GRAU);SEM INFORMAÇÃO;322;TÉCNICOS DA CIÊNCIA DA SAÚDE HUMANA 	;RORAIMA;BOA VISTA;MEDULA OSSEA;C421;LEUCEMIA MIELOIDE AGUDA, SOE;98613;LEUCEMIA MIELOIDE AGUDA;C920;;;;;false;SDO;NÃO SE APLICA;SEM INFORMAÇÃO;99 - SEM INFORMAÇÃO;999;MORTO;CÂNCER;16/01/2016;16/01/2016;16/01/2016;;
1700321;RCBP RORAIMA;MASCULINO;17/01/1965;51;PARDA;BRASIL;Não informado;;SEM INFORMAÇÃO;SEM INFORMAÇÃO;711;TRABALHADORES DA EXTRAÇÃO MINERAL 	;RORAIMA;BOA VISTA;PROSTATA, SOE;C619;NEOPLASIA MALIGNA;80003;PROSTATA;C61;;;;;false;SDO;SEM INFORMAÇÃO;SEM INFORMAÇÃO;99 - SEM INFORMAÇÃO;999;MORTO;CÂNCER;18/02/2016;18/02/2016;18/02/2016;;
1700350;RCBP RORAIMA;MASCULINO;15/01/1950;66;PARDA;CUBA;Não informado;Não Informado;SUPERIOR COMPLETO;CASADO;141;GERENTES DE PRODUÇÃO E OPERAÇÕES  	;RORAIMA;BOA VISTA;LINFONODO, SOE;C779;LINFOMA MALIGNO DE LINFOCITOS, CEL. B PEQ., SOE;96703;PEQUENAS CELULAS (DIFUSO);C830;;;;;false;SDO;NÃO SE APLICA;SEM INFORMAÇÃO;99 - SEM INFORMAÇÃO;999;MORTO;CÂNCER;06/09/2016;06/09/2016;06/09/2016;;
1700352;RCBP RORAIMA;MASCULINO;30/05/1995;21;PARDA;BRASIL;PARÁ;;FUNDAMENTAL II (5ª A 8ª SÉRIE);SOLTEIRO;914;MECÂNICOS DE MANUTENÇÃO VEICULAR  	;RORAIMA;BOA VISTA;LOCALIZACAO PRIMARIA DESCONHECIDA, SOE;C809;CARCINOMA NEUROENDOCRINO, SOE;82463;LOCALIZACAO PRIMARIA DESCONHECIDA;C80;;;CARCINOMA DE OUTROS SÍTIOS MAL DEFINIDOS, NEC;8.7.2;false;HISTOLOGIA DO TUMOR PRIMÁRIO;SEM INFORMAÇÃO;;;;;;;;06/07/2016;;
1700327;RCBP RORAIMA;MASCULINO;27/01/1948;68;PRETA;BRASIL;MARANHÃO;;FUNDAMENTAL I (1ª A 4ª SÉRIE);SEPARADO JUDICIALMENTE;0;SEM INFORMAÇÃO	;RORAIMA;BOA VISTA;PROSTATA, SOE;C619;ADENOCARCINOMA, SOE;81403;PROSTATA;C61;;;;;false;HISTOLOGIA DO TUMOR PRIMÁRIO;METÁSTASE;;;;;;;;02/08/2016;C41;
1700360;RCBP RORAIMA;MASCULINO;21/01/1962;54;PARDA;BRASIL;RORAIMA;BOA VISTA;MÉDIO (ANTIGO SEGUNDO GRAU);CASADO;;;RORAIMA;BOA VISTA;PELE DO COURO CABELUDO E DO PESCOCO;C444;CARCINOMA BASOCELULAR, SOE;80903;PELE DO COURO CABELUDO E DO PESCOCO;C444;;;;;false;HISTOLOGIA DO TUMOR PRIMÁRIO;LOCALIZADO;;;;;;;;15/07/2016;;
1700368;RCBP RORAIMA;MASCULINO;30/01/1970;46;PARDA;BRASIL;MARANHÃO;;FUNDAMENTAL II (5ª A 8ª SÉRIE);SOLTEIRO;516;TRABALHADORES NOS SERVIÇOS DE EMBELEZAMENTO E CUIDADOS PESSOAIS   	;RORAIMA;BOA VISTA;LINFONODOS DA AXILA E DOS MEMBROS SUPERIORES;C773;LINFOMA MALIGNO, TIPO NAO HODGKIN, SOE;95913;LINFOMA NAO-HODGKIN, SOE;C859;;;;;false;HISTOLOGIA DO TUMOR PRIMÁRIO;NÃO SE APLICA;;;;;;;;05/07/2016;;
1700369;RCBP RORAIMA;MASCULINO;25/07/1995;20;PARDA;BRASIL;Não informado;;FUNDAMENTAL I (1ª A 4ª SÉRIE);SOLTEIRO;;;RORAIMA;BOA VISTA;MEDULA OSSEA;C421;LEUCEMIA LINFOIDE, SOE;98203;LEUCEMIA LINFOIDE, SOE;C919;;;OUTRAS INESPECÍFICAS;1.4;false;SDO;NÃO SE APLICA;SEM INFORMAÇÃO;99 - SEM INFORMAÇÃO;999;MORTO;CÂNCER;01/01/2016;01/01/2016;01/01/2016;;
1700385;RCBP RORAIMA;MASCULINO;14/06/1953;63;SEM INFORMAÇÃO;BRASIL;Não informado;;SEM INFORMAÇÃO;SEM INFORMAÇÃO;;;RORAIMA;NORMANDIA;PULMAO, SOE;C349;NEOPLASIA MALIGNA;80003;BRONQUIOS OU PULMOES, SOE;C349;;;;;false;SDO;METÁSTASE;SEM INFORMAÇÃO;99 - SEM INFORMAÇÃO;999;MORTO;CÂNCER;21/08/2016;21/08/2016;21/08/2016;;
1700393;RCBP RORAIMA;FEMININO;21/09/1948;67;BRANCO;VENEZUELA;Não informado;Não Informado;SUPERIOR COMPLETO;SEPARADO JUDICIALMENTE;141;GERENTES DE PRODUÇÃO E OPERAÇÕES  	;RORAIMA;BOA VISTA;RIM, SOE;C649;NEOPLASIA MALIGNA;80003;RIM;C64;;;;;false;SDO;SEM INFORMAÇÃO;SEM INFORMAÇÃO;99 - SEM INFORMAÇÃO;999;MORTO;CÂNCER;01/01/2016;01/01/2016;01/01/2016;;
558173;RCBP RORAIMA;MASCULINO;04/01/1957;59;BRANCO;BRASIL;SANTA CATARINA;;SEM INFORMAÇÃO;CASADO;622;TRABALHADORES AGRÍCOLAS   	;RORAIMA;BOA VISTA;PELE DE OUTRAS PARTES DA FACE;C443;CARCINOMA BASOCELULAR, SOE;80903;PELE DE OUTRAS PARTES DA FACE;C443;;;;;false;HISTOLOGIA DO TUMOR PRIMÁRIO;SEM INFORMAÇÃO;;;;;;;;22/02/2016;;
1700850;RCBP RORAIMA;MASCULINO;02/02/1934;82;PARDA;BRASIL;Não informado;;SEM ESCOLARIDADE;VIÚVO;517;TRABALHADORES NOS SERVIÇOS DE PROTEÇÃO E SEGURANÇA	;RORAIMA;BOA VISTA;LARINGE, SOE;C329;NEOPLASIA MALIGNA;80003;LARINGE, SOE;C329;;;;;false;SDO;METÁSTASE;SEM INFORMAÇÃO;99 - SEM INFORMAÇÃO;999;MORTO;CÂNCER;24/09/2016;24/09/2016;24/09/2016;;
1701088;RCBP RORAIMA;MASCULINO;10/12/1993;22;PARDA;BRASIL;RORAIMA;;MÉDIO (ANTIGO SEGUNDO GRAU);SOLTEIRO;848;TRABALHADORES ARTESANAIS NA  AGROINDÚSTRIA, NA INDÚSTRIA DE ALIMENTOS E DO FUMO   	;RORAIMA;BOA VISTA;ESTOMAGO, SOE;C169;ADENOCARCINOMA, TIPO INTESTINAL;81443;ESTOMAGO, SOE;C169;;;CARCINOMA DE ESTÔMAGO;8.6.2;false;HISTOLOGIA DO TUMOR PRIMÁRIO;SEM INFORMAÇÃO;;;;;CÂNCER;27/02/2017;;16/02/2016;;
713459;RCBP RORAIMA;FEMININO;13/11/1971;44;PARDA;BRASIL;PARÁ;ITAITUBA;MÉDIO (ANTIGO SEGUNDO GRAU);CASADO;513;TRABALHADORES DOS SERVIÇOS DE HOTELARIA E ALIMENTAÇÃO 	;RORAIMA;BOA VISTA;RIM, SOE;C649;NEOPLASIA MALIGNA;80003;RIM;C64;;;;;false;HISTOLOGIA DO TUMOR PRIMÁRIO;LOCALIZADO;;;;;CÂNCER;03/05/2016;;15/02/2016;;
713470;RCBP RORAIMA;MASCULINO;16/11/1939;76;PARDA;BRASIL;MARANHÃO;;FUNDAMENTAL I (1ª A 4ª SÉRIE);SEM INFORMAÇÃO;0;SEM INFORMAÇÃO	;RORAIMA;BOA VISTA;PELE DO COURO CABELUDO E DO PESCOCO;C444;CARCINOMA BASOCELULAR NODULAR;80973;PELE DO COURO CABELUDO E DO PESCOCO;C444;;;;;false;HISTOLOGIA DO TUMOR PRIMÁRIO;METÁSTASE;;;;;;;;15/11/2016;;
1159996;RCBP RORAIMA;MASCULINO;05/02/1933;82;BRANCO;BRASIL;Não informado;Não Informado;MÉDIO (ANTIGO SEGUNDO GRAU);CASADO;0;SEM INFORMAÇÃO	;RORAIMA;BOA VISTA;RETO, SOE;C209;NEOPLASIA MALIGNA;80003;RETO;C20;;;;;false;HISTOLOGIA DO TUMOR PRIMÁRIO;LOCALIZADO;;;;;CÂNCER;22/04/2016;;13/01/2016;;
1159952;RCBP RORAIMA;MASCULINO;08/05/1942;73;BRANCO;BRASIL;CEARÁ;;FUNDAMENTAL I (1ª A 4ª SÉRIE);CASADO;0;SEM INFORMAÇÃO	;RORAIMA;BOA VISTA;PELE DE OUTRAS PARTES DA FACE;C443;CARCINOMA BASOCELULAR, SOE;80903;PELE DE OUTRAS PARTES DA FACE;C443;;;;;false;HISTOLOGIA DO TUMOR PRIMÁRIO;SEM INFORMAÇÃO;;;;;;;;11/02/2016;;
1694158;RCBP RORAIMA;FEMININO;16/07/1934;81;BRANCO;BRASIL;Não informado;;SEM ESCOLARIDADE;VIÚVO;0;SEM INFORMAÇÃO	;RORAIMA;BOA VISTA;PULMAO, SOE;C349;NEOPLASIA MALIGNA;80003;BRONQUIOS OU PULMOES, SOE;C349;;;;;false;HISTOLOGIA DO TUMOR PRIMÁRIO;SEM INFORMAÇÃO;SEM INFORMAÇÃO;99 - SEM INFORMAÇÃO;999;MORTO;CÂNCER;03/06/2016;03/06/2016;03/01/2016;;
1694165;RCBP RORAIMA;FEMININO;18/02/1988;28;PARDA;BRASIL;PARÁ;SANTARÉM;MÉDIO (ANTIGO SEGUNDO GRAU);CASADO;0;SEM INFORMAÇÃO	;RORAIMA;BOA VISTA;MAMA , SOE;C509;CARCINOMA DUCTAL INFILTRANTE;85003;MAMA , SOE;C509;;;CARCINOMA DE MAMA;8.4;false;HISTOLOGIA DO TUMOR PRIMÁRIO;METÁSTASE;;;;;CÂNCER;24/08/2018;;14/09/2016;;
1694166;RCBP RORAIMA;FEMININO;13/01/1982;34;PARDA;BRASIL;Não informado;Não Informado;MÉDIO (ANTIGO SEGUNDO GRAU);SEM INFORMAÇÃO;;;RORAIMA;BOA VISTA;COLO DO UTERO, SOE;C539;NEOPLASIA INTRA-EPITELIAL ESCAMOSA,GRAU IIII;80772;COLO DO UTERO, SOE;D069;;;;;false;CITOLOGIA;"IN SITU";;;;;;;;25/08/2016;;
1694172;RCBP RORAIMA;FEMININO;27/10/1959;56;PARDA;BRASIL;RORAIMA;BONFIM;FUNDAMENTAL I (1ª A 4ª SÉRIE);CASADO;141;GERENTES DE PRODUÇÃO E OPERAÇÕES  	;RORAIMA;BOA VISTA;COLO DO UTERO, SOE;C539;CARCINOMA ESCAMOSO MICRO-INVASOR;80763;COLO DO UTERO, SOE;C539;;;;;false;HISTOLOGIA DO TUMOR PRIMÁRIO;SEM INFORMAÇÃO;;;;;;;;22/08/2016;;
1694173;RCBP RORAIMA;MASCULINO;17/01/1960;56;PARDA;BRASIL;Não informado;;FUNDAMENTAL II (5ª A 8ª SÉRIE);UNIÃO CONSENSUAL;622;TRABALHADORES AGRÍCOLAS   	;RORAIMA;RORAINÓPOLIS;PULMAO, SOE;C349;NEOPLASIA MALIGNA;80003;BRONQUIOS OU PULMOES, SOE;C349;;;;;false;HISTOLOGIA DO TUMOR PRIMÁRIO;SEM INFORMAÇÃO;SEM INFORMAÇÃO;99 - SEM INFORMAÇÃO;999;MORTO;CÂNCER;07/11/2016;07/11/2016;06/03/2016;;
1694177;RCBP RORAIMA;MASCULINO;02/05/1970;46;PARDA;BRASIL;AMAZONAS;;MÉDIO (ANTIGO SEGUNDO GRAU);SOLTEIRO;0;SEM INFORMAÇÃO	;RORAIMA;BOA VISTA;PELE, SOE;C449;CARCINOMA BASOCELULAR, SOE;80903;NEOPLASIA MALIGNA DA PELE;C449;;;;;false;HISTOLOGIA DO TUMOR PRIMÁRIO;SEM INFORMAÇÃO;;;;;;;;23/08/2016;;
1694178;RCBP RORAIMA;FEMININO;13/02/1986;30;SEM INFORMAÇÃO;BRASIL;Não informado;Não Informado;SEM INFORMAÇÃO;SEM INFORMAÇÃO;;;RORAIMA;BOA VISTA;COLO DO UTERO, SOE;C539;NEOPLASIA INTRA-EPITELIAL ESCAMOSA,GRAU IIII;80772;COLO DO UTERO, SOE;D069;;;;;false;CITOLOGIA;"IN SITU";;;;;;;;16/02/2016;;
1694184;RCBP RORAIMA;MASCULINO;14/06/1960;56;PARDA;BRASIL;RORAIMA;;MÉDIO (ANTIGO SEGUNDO GRAU);CASADO;0;SEM INFORMAÇÃO	;RORAIMA;BOA VISTA;PROSTATA, SOE;C619;ADENOCARCINOMA, SOE;81403;PROSTATA;C61;;;;;false;HISTOLOGIA DO TUMOR PRIMÁRIO;METÁSTASE;;;;;;;;11/11/2016;;
1694187;RCBP RORAIMA;MASCULINO;04/06/1953;62;PARDA;BRASIL;RORAIMA;;FUNDAMENTAL I (1ª A 4ª SÉRIE);SOLTEIRO;622;TRABALHADORES AGRÍCOLAS   	;RORAIMA;BOA VISTA;PELE DO TRONCO;C445;CARCINOMA BASOCELULAR, SOE;80903;PELE DO TRONCO;C445;;;;;false;HISTOLOGIA DO TUMOR PRIMÁRIO;SEM INFORMAÇÃO;;;;;;;;19/04/2016;;
1694190;RCBP RORAIMA;FEMININO;02/09/1997;18;PARDA;BRASIL;Não informado;Não Informado;MÉDIO (ANTIGO SEGUNDO GRAU);SEM INFORMAÇÃO;;;RORAIMA;BOA VISTA;COLO DO UTERO, SOE;C539;NEOPLASIA INTRA-EPITELIAL ESCAMOSA,GRAU IIII;80772;COLO DO UTERO, SOE;D069;Outros carcinomas malignos não especificados;XI-F;;;true;CITOLOGIA;"IN SITU";;;;;;;;26/01/2016;;
1694196;RCBP RORAIMA;MASCULINO;19/06/1965;50;PARDA;BRASIL;Não informado;;SEM INFORMAÇÃO;SOLTEIRO;622;TRABALHADORES AGRÍCOLAS   	;RORAIMA;BOA VISTA;LOCALIZACAO PRIMARIA DESCONHECIDA, SOE;C809;NEOPLASIA MALIGNA;80003;LOCALIZACAO PRIMARIA DESCONHECIDA;C80;;;;;false;HISTOLOGIA DO TUMOR PRIMÁRIO;SEM INFORMAÇÃO;SEM INFORMAÇÃO;99 - SEM INFORMAÇÃO;999;MORTO;CÂNCER;22/06/2016;22/06/2016;06/02/2016;;
1694198;RCBP RORAIMA;FEMININO;20/12/1972;43;INDÍGENA;BRASIL;Não informado;;MÉDIO (ANTIGO SEGUNDO GRAU);SOLTEIRO;514;TRABALHADORES NOS SERVIÇOS DE ADMINISTRAÇÃO, CONSERVAÇÃO E MANUTENÇÃO DE EDIFÍCIOS E LOGRADOUROS  	;RORAIMA;ALTO ALEGRE;LOCALIZACAO PRIMARIA DESCONHECIDA, SOE;C809;NEOPLASIA MALIGNA;80003;LOCALIZACAO PRIMARIA DESCONHECIDA;C80;;;;;false;HISTOLOGIA DO TUMOR PRIMÁRIO;METÁSTASE;SEM INFORMAÇÃO;99 - SEM INFORMAÇÃO;999;MORTO;CÂNCER;24/04/2016;24/04/2016;01/03/2016;;
1694199;RCBP RORAIMA;FEMININO;22/08/1933;82;PARDA;BRASIL;Não informado;;SEM ESCOLARIDADE;SOLTEIRO;622;TRABALHADORES AGRÍCOLAS   	;RORAIMA;BOA VISTA;UTERO, SOE;C559;NEOPLASIA MALIGNA;80003;UTERO, SOE;C55;;;;;false;HISTOLOGIA DO TUMOR PRIMÁRIO;SEM INFORMAÇÃO;SEM INFORMAÇÃO;99 - SEM INFORMAÇÃO;999;MORTO;CÂNCER;23/08/2016;23/08/2016;01/02/2016;;
1694201;RCBP RORAIMA;FEMININO;19/07/1987;28;PARDA;BRASIL;RORAIMA;;SUPERIOR COMPLETO;CASADO;239;OUTROS PROFISSIONAIS DO ENSINO NÃO CLASSIFICADOS ANTERIORMENTE	;RORAIMA;MUCAJAÍ;MAMA , SOE;C509;CARCINOMA DUCTAL INFILTRANTE;85003;MAMA , SOE;C509;;;CARCINOMA DE MAMA;8.4;false;HISTOLOGIA DO TUMOR PRIMÁRIO;METÁSTASE;;;;;;;;14/03/2016;;
1694203;RCBP RORAIMA;FEMININO;09/01/1940;76;PRETA;BRASIL;RORAIMA;;FUNDAMENTAL I (1ª A 4ª SÉRIE);SOLTEIRO;512;TRABALHADORES DOS SERVIÇOS DOMÉSTICOS EM GERAL	;RORAIMA;BOA VISTA;ESTOMAGO, SOE;C169;NEOPLASIA MALIGNA;80003;ESTOMAGO, SOE;C169;;;;;false;HISTOLOGIA DO TUMOR PRIMÁRIO;SEM INFORMAÇÃO;SEM INFORMAÇÃO;99 - SEM INFORMAÇÃO;999;MORTO;CÂNCER;30/06/2016;30/06/2016;01/03/2016;;
1694206;RCBP RORAIMA;MASCULINO;25/05/1955;61;BRANCO;BRASIL;PARANÁ;;SUPERIOR INCOMPLETO;CASADO;141;GERENTES DE PRODUÇÃO E OPERAÇÕES  	;RORAIMA;RORAINÓPOLIS;GLANDE DO PENIS;C601;CARCINOMA ESCAMOCELULAR "IN SITU", SOE;80702;PENIS;D074;;;;;false;HISTOLOGIA DO TUMOR PRIMÁRIO;"IN SITU";;;;;;;;20/12/2016;;
1694207;RCBP RORAIMA;FEMININO;20/01/1973;43;BRANCO;BRASIL;CEARÁ;;FUNDAMENTAL II (5ª A 8ª SÉRIE);CASADO;;;RORAIMA;BOA VISTA;PELE, SOE;C449;CARCINOMA BASOCELULAR, SOE;80903;NEOPLASIA MALIGNA DA PELE;C449;;;;;false;HISTOLOGIA DO TUMOR PRIMÁRIO;LOCALIZADO;;;;;;;;18/07/2016;;
1694209;RCBP RORAIMA;FEMININO;17/06/1980;36;PARDA;BRASIL;PARÁ;SANTARÉM;MÉDIO (ANTIGO SEGUNDO GRAU);CASADO;0;SEM INFORMAÇÃO	;RORAIMA;BOA VISTA;COLO DO UTERO, SOE;C539;CARCINOMA ESCAMOSO MICRO-INVASOR;80763;COLO DO UTERO, SOE;C539;;;;;false;HISTOLOGIA DO TUMOR PRIMÁRIO;METÁSTASE;;;;;;;;19/09/2016;;
1694216;RCBP RORAIMA;FEMININO;03/02/1940;75;PARDA;BRASIL;Não informado;;SEM ESCOLARIDADE;VIÚVO;0;SEM INFORMAÇÃO	;RORAIMA;BOA VISTA;FIGADO, SOE;C220;NEOPLASIA MALIGNA;80003;FIGADO E VIAS BILIARES INTRA-HEPATICAS;C22;;;;;false;HISTOLOGIA DO TUMOR PRIMÁRIO;METÁSTASE;SEM INFORMAÇÃO;99 - SEM INFORMAÇÃO;999;MORTO;CÂNCER;12/04/2016;12/04/2016;15/01/2016;;
1694219;RCBP RORAIMA;FEMININO;03/10/1998;17;PARDA;BRASIL;Não informado;Não Informado;FUNDAMENTAL I (1ª A 4ª SÉRIE);SEM INFORMAÇÃO;0;SEM INFORMAÇÃO	;RORAIMA;BOA VISTA;COLO DO UTERO, SOE;C539;NEOPLASIA INTRA-EPITELIAL ESCAMOSA,GRAU IIII;80772;COLO DO UTERO, SOE;D069;Outros carcinomas malignos não especificados;XI-F;;;true;CITOLOGIA;"IN SITU";;;;;;;;19/05/2016;;
1694220;RCBP RORAIMA;MASCULINO;12/10/1989;26;PARDA;BRASIL;Não informado;;MÉDIO (ANTIGO SEGUNDO GRAU);SOLTEIRO;842;OPERADORES NA PREPARAÇÃO DE FUMO E NA FABRICAÇÃO DE CHARUTOS E CIGARROS   	;RORAIMA;BOA VISTA;FIGADO, SOE;C220;CARCINOMA HEPATOCELULAR, SOE;81703;CARCINOMA DE CELULAS HEPATICAS;C220;;;CARCINOMA DE FÍGADO E DUCTO BILIAR INTRA-HEPÁTICO;8.6.3;false;SDO;SEM INFORMAÇÃO;SEM INFORMAÇÃO;99 - SEM INFORMAÇÃO;999;MORTO;CÂNCER;23/12/2016;23/12/2016;17/03/2016;;
1694222;RCBP RORAIMA;FEMININO;22/11/1968;47;PARDA;BRASIL;CEARÁ;FORTALEZA;SEM INFORMAÇÃO;SEM INFORMAÇÃO;0;SEM INFORMAÇÃO	;RORAIMA;BOA VISTA;MAMA , SOE;C509;CARCINOMA INTRADUCTAL, NAO INFILTRANTE, SOE;85002;CARCINOMA "IN SITU" DA MAMA, SOE;D059;;;;;false;HISTOLOGIA DO TUMOR PRIMÁRIO;"IN SITU";;;;;;;;27/07/2016;;
1694232;RCBP RORAIMA;MASCULINO;15/09/1954;61;PARDA;BRASIL;RORAIMA;BOA VISTA;FUNDAMENTAL II (5ª A 8ª SÉRIE);VIÚVO;0;SEM INFORMAÇÃO	;RORAIMA;BOA VISTA;INTESTINO DELGADO, SOE;C179;NEOPLASIA MALIGNA;80003;INTESTINO DELGADO, SOE;C179;;;;;false;HISTOLOGIA DO TUMOR PRIMÁRIO;METÁSTASE;SEM INFORMAÇÃO;99 - SEM INFORMAÇÃO;999;MORTO;CÂNCER;09/02/2016;09/02/2016;06/01/2016;;
1694234;RCBP RORAIMA;MASCULINO;06/01/1946;70;PARDA;BRASIL;MARANHÃO;;SEM ESCOLARIDADE;SOLTEIRO;715;TRABALHADORES DA CONSTRUÇÃO CIVIL E OBRAS PÚBLICAS	;RORAIMA;BOA VISTA;PROSTATA, SOE;C619;ADENOCARCINOMA, SOE;81403;PROSTATA;C61;;;;;false;HISTOLOGIA DO TUMOR PRIMÁRIO;SEM INFORMAÇÃO;;;;;;;;15/06/2016;;
1694237;RCBP RORAIMA;FEMININO;10/02/1936;80;AMARELA;BRASIL;MARANHÃO;BACABAL;SEM INFORMAÇÃO;SEM INFORMAÇÃO;;;RORAIMA;BOA VISTA;RIM, SOE;C649;ADENOCARCINOMA, SOE;81403;RIM;C64;;;;;false;HISTOLOGIA DO TUMOR PRIMÁRIO;LOCALIZADO;;;;;;;;27/09/2016;;
1694241;RCBP RORAIMA;FEMININO;03/06/1945;71;BRANCO;BRASIL;PARÁ;;FUNDAMENTAL II (5ª A 8ª SÉRIE);SEM INFORMAÇÃO;141;GERENTES DE PRODUÇÃO E OPERAÇÕES  	;RORAIMA;BOA VISTA;MAMA , SOE;C509;CARCINOMA DUCTAL INFILTRANTE;85003;MAMA , SOE;C509;;;;;false;HISTOLOGIA DO TUMOR PRIMÁRIO;SEM INFORMAÇÃO;;;;;;;;15/10/2016;;
1694242;RCBP RORAIMA;FEMININO;06/09/1973;43;PARDA;BRASIL;GOIAS;;FUNDAMENTAL II (5ª A 8ª SÉRIE);CASADO;0;SEM INFORMAÇÃO	;RORAIMA;BOA VISTA;COLO DO UTERO, SOE;C539;CARCINOMA ESCAMOCELULAR, SOE;80703;COLO DO UTERO, SOE;C539;;;;;false;HISTOLOGIA DO TUMOR PRIMÁRIO;SEM INFORMAÇÃO;;;;;CÂNCER;29/06/2017;;27/10/2016;;
1694247;RCBP RORAIMA;FEMININO;22/04/1954;61;BRANCO;BRASIL;Não informado;;FUNDAMENTAL II (5ª A 8ª SÉRIE);SEPARADO JUDICIALMENTE;0;SEM INFORMAÇÃO	;RORAIMA;BOA VISTA;ESTOMAGO, SOE;C169;NEOPLASIA MALIGNA;80003;ESTOMAGO, SOE;C169;;;;;false;SDO;SEM INFORMAÇÃO;SEM INFORMAÇÃO;99 - SEM INFORMAÇÃO;999;MORTO;CÂNCER;09/05/2016;09/05/2016;03/02/2016;;
1694253;RCBP RORAIMA;FEMININO;28/05/1935;80;PARDA;BRASIL;Não informado;;FUNDAMENTAL II (5ª A 8ª SÉRIE);CASADO;0;SEM INFORMAÇÃO	;RORAIMA;BOA VISTA;BEXIGA, SOE;C679;NEOPLASIA MALIGNA;80003;BEXIGA, SOE;C679;;;;;false;HISTOLOGIA DO TUMOR PRIMÁRIO;SEM INFORMAÇÃO;SEM INFORMAÇÃO;99 - SEM INFORMAÇÃO;999;MORTO;CÂNCER;02/10/2016;02/10/2016;05/03/2016;;
1694255;RCBP RORAIMA;MASCULINO;14/02/1970;45;INDÍGENA;BRASIL;Não informado;;FUNDAMENTAL I (1ª A 4ª SÉRIE);SOLTEIRO;622;TRABALHADORES AGRÍCOLAS   	;RORAIMA;BOA VISTA;MEDULA OSSEA;C421;LEUCEMIA MIELOIDE AGUDA, SOE;98613;LEUCEMIA MIELOIDE AGUDA;C920;;;;;false;HISTOLOGIA DO TUMOR PRIMÁRIO;NÃO SE APLICA;SEM INFORMAÇÃO;99 - SEM INFORMAÇÃO;999;MORTO;CÂNCER;19/02/2016;19/02/2016;20/01/2016;;
1694257;RCBP RORAIMA;MASCULINO;26/06/1954;61;PARDA;BRASIL;MARANHÃO;SANTA LUZIA;FUNDAMENTAL II (5ª A 8ª SÉRIE);SOLTEIRO;622;TRABALHADORES AGRÍCOLAS   	;RORAIMA;BOA VISTA;ESOFAGO, SOE;C159;CARCINOMA ESCAMOCELULAR, SOE;80703;ESOFAGO, SOE;C159;;;;;false;HISTOLOGIA DO TUMOR PRIMÁRIO;SEM INFORMAÇÃO;;;;;;;;30/05/2016;;
1694261;RCBP RORAIMA;MASCULINO;06/11/1962;53;PARDA;BRASIL;MARANHÃO;;SEM INFORMAÇÃO;CASADO;622;TRABALHADORES AGRÍCOLAS   	;RORAIMA;BOA VISTA;PROSTATA, SOE;C619;NEOPLASIA MALIGNA;80003;PROSTATA;C61;;;;;false;HISTOLOGIA DO TUMOR PRIMÁRIO;SEM INFORMAÇÃO;SEM INFORMAÇÃO;99 - SEM INFORMAÇÃO;999;MORTO;CÂNCER;20/06/2016;20/06/2016;22/02/2016;;
1694264;RCBP RORAIMA;MASCULINO;08/04/1965;50;PARDA;BRASIL;RORAIMA;BOA VISTA;SEM INFORMAÇÃO;SEM INFORMAÇÃO;0;SEM INFORMAÇÃO	;RORAIMA;BOA VISTA;PELE DE OUTRAS PARTES DA FACE;C443;CARCINOMA BASOCELULAR, SOE;80903;PELE DE OUTRAS PARTES DA FACE;C443;;;;;false;HISTOLOGIA DO TUMOR PRIMÁRIO;SEM INFORMAÇÃO;;;;;;;;26/01/2016;;
1694266;RCBP RORAIMA;MASCULINO;01/07/1936;79;BRANCO;BRASIL;MARANHÃO;PINDARÉ MIRIM;FUNDAMENTAL I (1ª A 4ª SÉRIE);VIÚVO;;;RORAIMA;BONFIM;PELE, SOE;C449;CARCINOMA BASOCELULAR, SOE;80903;NEOPLASIA MALIGNA DA PELE;C449;;;;;false;HISTOLOGIA DO TUMOR PRIMÁRIO;LOCALIZADO;;;;;;;;23/02/2016;;
1694268;RCBP RORAIMA;MASCULINO;28/07/1940;76;SEM INFORMAÇÃO;Não informado;Não informado;Não Informado;SEM INFORMAÇÃO;SEM INFORMAÇÃO;0;SEM INFORMAÇÃO	;RORAIMA;BOA VISTA;PROSTATA, SOE;C619;ADENOCARCINOMA, SOE;81403;PROSTATA;C61;;;;;false;HISTOLOGIA DO TUMOR PRIMÁRIO;SEM INFORMAÇÃO;;;;;;;;02/08/2016;;
1694270;RCBP RORAIMA;MASCULINO;15/04/1954;62;PARDA;BRASIL;Não informado;;FUNDAMENTAL II (5ª A 8ª SÉRIE);CASADO;842;OPERADORES NA PREPARAÇÃO DE FUMO E NA FABRICAÇÃO DE CHARUTOS E CIGARROS   	;RORAIMA;BOA VISTA;PULMAO, SOE;C349;NEOPLASIA MALIGNA;80003;BRONQUIOS OU PULMOES, SOE;C349;;;;;false;HISTOLOGIA DO TUMOR PRIMÁRIO;METÁSTASE;SEM INFORMAÇÃO;99 - SEM INFORMAÇÃO;999;MORTO;CÂNCER;19/07/2016;19/07/2016;19/07/2016;;
1694275;RCBP RORAIMA;MASCULINO;21/07/1983;32;BRANCO;BRASIL;MARANHÃO;SANTA LUZIA;SEM ESCOLARIDADE;SOLTEIRO;;;RORAIMA;MUCAJAÍ;TRONCO CEREBRAL;C717;NEOPLASIA MALIGNA;80003;TRONCO CEREBRAL;C717;;;;;false;HISTOLOGIA DO TUMOR PRIMÁRIO;SEM INFORMAÇÃO;SEM INFORMAÇÃO;99 - SEM INFORMAÇÃO;999;MORTO;CÂNCER;23/08/2016;23/08/2016;08/02/2016;;
1694276;RCBP RORAIMA;MASCULINO;14/11/1951;64;PARDA;BRASIL;CEARÁ;;FUNDAMENTAL I (1ª A 4ª SÉRIE);SOLTEIRO;723;TRABALHADORES DE TRATAMENTO TÉRMICO E DE SUPERFÍCIES DE METAIS E DE COMPÓSITOS	;RORAIMA;BOA VISTA;PELE DE OUTRAS PARTES DA FACE;C443;CARCINOMA BASOCELULAR, SOE;80903;PELE DE OUTRAS PARTES DA FACE;C443;;;;;false;HISTOLOGIA DO TUMOR PRIMÁRIO;SEM INFORMAÇÃO;;;;;;;;20/09/2016;;
1694277;RCBP RORAIMA;MASCULINO;23/11/1936;79;BRANCO;BRASIL;CEARÁ;TIANGUÁ;SEM ESCOLARIDADE;SEM INFORMAÇÃO;622;TRABALHADORES AGRÍCOLAS   	;RORAIMA;RORAINÓPOLIS;ESTOMAGO, SOE;C169;NEOPLASIA MALIGNA;80003;ESTOMAGO, SOE;C169;;;;;false;HISTOLOGIA DO TUMOR PRIMÁRIO;SEM INFORMAÇÃO;SEM INFORMAÇÃO;99 - SEM INFORMAÇÃO;999;MORTO;CÂNCER;15/10/2016;15/10/2016;14/03/2016;;
1694278;RCBP RORAIMA;MASCULINO;17/12/1956;59;BRANCO;BRASIL;Não informado;;FUNDAMENTAL II (5ª A 8ª SÉRIE);SEPARADO JUDICIALMENTE;842;OPERADORES NA PREPARAÇÃO DE FUMO E NA FABRICAÇÃO DE CHARUTOS E CIGARROS   	;RORAIMA;BOA VISTA;ESTOMAGO, SOE;C169;NEOPLASIA MALIGNA;80003;ESTOMAGO, SOE;C169;;;;;false;HISTOLOGIA DO TUMOR PRIMÁRIO;SEM INFORMAÇÃO;SEM INFORMAÇÃO;99 - SEM INFORMAÇÃO;999;MORTO;CÂNCER;04/01/2016;04/01/2016;01/01/2016;;
1694282;RCBP RORAIMA;MASCULINO;07/11/1944;71;PARDA;BRASIL;MARANHÃO;PRESIDENTE DUTRA;FUNDAMENTAL II (5ª A 8ª SÉRIE);CASADO;622;TRABALHADORES AGRÍCOLAS   	;RORAIMA;BOA VISTA;RETO, SOE;C209;NEOPLASIA MALIGNA;80003;RETO;C20;;;;;false;HISTOLOGIA DO TUMOR PRIMÁRIO;SEM INFORMAÇÃO;SEM INFORMAÇÃO;99 - SEM INFORMAÇÃO;999;MORTO;CÂNCER;02/01/2016;02/01/2016;01/01/2016;;
1694290;RCBP RORAIMA;MASCULINO;27/10/1944;71;BRANCO;BRASIL;Não informado;;SUPERIOR COMPLETO;CASADO;0;SEM INFORMAÇÃO	;RORAIMA;BOA VISTA;PROSTATA, SOE;C619;ADENOCARCINOMA, SOE;81403;PROSTATA;C61;;;;;false;HISTOLOGIA DO TUMOR PRIMÁRIO;METÁSTASE;;;;;;;;11/10/2016;;
1694294;RCBP RORAIMA;FEMININO;25/09/1949;66;PARDA;Não informado;Não informado;Não Informado;SEM INFORMAÇÃO;SEM INFORMAÇÃO;0;SEM INFORMAÇÃO	;RORAIMA;BOA VISTA;MAMA , SOE;C509;CARCINOMA DUCTAL INFILTRANTE;85003;MAMA , SOE;C509;;;;;false;HISTOLOGIA DO TUMOR PRIMÁRIO;METÁSTASE;;;;;;;;12/09/2016;;
1694298;RCBP RORAIMA;FEMININO;01/06/1954;62;INDÍGENA;BRASIL;RORAIMA;NORMANDIA;SEM ESCOLARIDADE;VIÚVO;0;SEM INFORMAÇÃO	;RORAIMA;BOA VISTA;PULMAO, SOE;C349;ADENOCARCINOMA, SOE;81403;BRONQUIOS OU PULMOES, SOE;C349;;;;;false;CITOLOGIA;SEM INFORMAÇÃO;;;;;CÂNCER;20/03/2018;;30/12/2016;C76;
1694299;RCBP RORAIMA;MASCULINO;15/11/1992;23;PARDA;BRASIL;Não informado;;MÉDIO (ANTIGO SEGUNDO GRAU);SOLTEIRO;521;VENDEDORES E DEMONSTRADORES   	;RORAIMA;BOA VISTA;LESAO SOBREPOSTA DO PULMAO;C348;NEOPLASIA MALIGNA;80003;LESAO INVASIVA DOS BRONQUIOS E DOS PULMOES;C348;;;NEOPLASIAS MALIGNAS INESPECÍFICAS;10.1;false;HISTOLOGIA DO TUMOR PRIMÁRIO;SEM INFORMAÇÃO;SEM INFORMAÇÃO;99 - SEM INFORMAÇÃO;999;MORTO;CÂNCER;19/12/2016;19/12/2016;27/05/2016;;
747503;RCBP RORAIMA;MASCULINO;25/12/1938;77;PARDA;BRASIL;RORAIMA;BOA VISTA;SEM INFORMAÇÃO;SEM INFORMAÇÃO;;;RORAIMA;BOA VISTA;PELE DE OUTRAS PARTES DA FACE;C443;CARCINOMA BASOCELULAR, SOE;80903;PELE DE OUTRAS PARTES DA FACE;C443;;;;;false;HISTOLOGIA DO TUMOR PRIMÁRIO;SEM INFORMAÇÃO;;;;;;;;25/10/2016;;
1469891;RCBP RORAIMA;FEMININO;28/03/1959;57;PARDA;BRASIL;Não informado;Não Informado;SUPERIOR COMPLETO;SEM INFORMAÇÃO;;;RORAIMA;BOA VISTA;COLO DO UTERO, SOE;C539;NEOPLASIA INTRA-EPITELIAL ESCAMOSA,GRAU IIII;80772;COLO DO UTERO, SOE;D069;;;;;false;CITOLOGIA;"IN SITU";;;;;;;;28/12/2016;;
1469895;RCBP RORAIMA;FEMININO;;;PARDA;BRASIL;Não informado;Não Informado;MÉDIO (ANTIGO SEGUNDO GRAU);SEM INFORMAÇÃO;;;RORAIMA;BOA VISTA;COLO DO UTERO, SOE;C539;NEOPLASIA INTRA-EPITELIAL ESCAMOSA,GRAU IIII;80772;COLO DO UTERO, SOE;D069;;;;;false;CITOLOGIA;"IN SITU";;;;;;;;28/01/2016;;
1469901;RCBP RORAIMA;MASCULINO;27/12/1950;65;BRANCO;BRASIL;MINAS GERAIS;SÃO TIAGO;SUPERIOR COMPLETO;SEPARADO JUDICIALMENTE;;;RORAIMA;PACARAIMA;PELE DO MEMBRO SUPERIOR E DO OMBRO;C446;CARCINOMA BASOCELULAR, SOE;80903;PELE DO MEMBRO SUPERIOR E DO OMBRO;C446;;;;;false;HISTOLOGIA DO TUMOR PRIMÁRIO;LOCALIZADO;;;;;;;;26/04/2016;;
1469903;RCBP RORAIMA;FEMININO;21/10/1953;62;BRANCO;BRASIL;MARANHÃO;;FUNDAMENTAL I (1ª A 4ª SÉRIE);CASADO;;;RORAIMA;SÃO LUIZ;PELE DO MEMBRO SUPERIOR E DO OMBRO;C446;CARCINOMA BASOCELULAR, SOE;80903;PELE DO MEMBRO SUPERIOR E DO OMBRO;C446;;;;;false;HISTOLOGIA DO TUMOR PRIMÁRIO;LOCALIZADO;;;;;;;;05/04/2016;;
1469908;RCBP RORAIMA;FEMININO;16/01/1986;30;SEM INFORMAÇÃO;BRASIL;Não informado;Não Informado;MÉDIO (ANTIGO SEGUNDO GRAU);SEM INFORMAÇÃO;;;RORAIMA;BOA VISTA;COLO DO UTERO, SOE;C539;NEOPLASIA INTRA-EPITELIAL ESCAMOSA,GRAU IIII;80772;COLO DO UTERO, SOE;D069;;;;;false;CITOLOGIA;"IN SITU";;;;;;;;09/09/2016;;
1469910;RCBP RORAIMA;MASCULINO;22/03/1940;75;PARDA;BRASIL;RORAIMA;BOA VISTA;FUNDAMENTAL I (1ª A 4ª SÉRIE);SOLTEIRO;;;RORAIMA;BOA VISTA;PELE DO MEMBRO INFERIOR E DO QUADRIL;C447;CARCINOMA BASOCELULAR, SOE;80903;PELE DO MEMBRO INFERIOR E DO QUADRIL;C447;;;;;false;HISTOLOGIA DO TUMOR PRIMÁRIO;LOCALIZADO;;;;;;;;11/03/2016;;
1469914;RCBP RORAIMA;FEMININO;22/11/1989;26;PARDA;BRASIL;Não informado;Não Informado;FUNDAMENTAL II (5ª A 8ª SÉRIE);SEM INFORMAÇÃO;;;RORAIMA;BOA VISTA;COLO DO UTERO, SOE;C539;NEOPLASIA INTRA-EPITELIAL ESCAMOSA,GRAU IIII;80772;COLO DO UTERO, SOE;D069;;;;;false;CITOLOGIA;"IN SITU";;;;;;;;01/11/2016;;
1698904;RCBP RORAIMA;FEMININO;13/08/1974;42;PARDA;BRASIL;RORAIMA;BOA VISTA;SUPERIOR COMPLETO;SOLTEIRO;413;ESCRITURÁRIOS CONTÁBEIS E DE FINANÇAS	;RORAIMA;BOA VISTA;COLO DO UTERO, SOE;C539;NEOPLASIA MALIGNA;80003;COLO DO UTERO, SOE;C539;;;;;false;HISTOLOGIA DO TUMOR PRIMÁRIO;SEM INFORMAÇÃO;SEM INFORMAÇÃO;99 - SEM INFORMAÇÃO;999;MORTO;CÂNCER;15/05/2017;15/05/2017;15/05/2017;;
1698912;RCBP RORAIMA;FEMININO;22/05/1945;71;PARDA;BRASIL;MARANHÃO;GRAÇA ARANHA;FUNDAMENTAL I (1ª A 4ª SÉRIE);CASADO;0;SEM INFORMAÇÃO	;RORAIMA;BOA VISTA;PELE DE OUTRAS PARTES DA FACE;C443;CARCINOMA BASOCELULAR, SOE;80903;PELE DE OUTRAS PARTES DA FACE;C443;;;;;false;HISTOLOGIA DO TUMOR PRIMÁRIO;SEM INFORMAÇÃO;;;;;;;;03/01/2017;;
1695767;RCBP RORAIMA;MASCULINO;21/03/1970;46;PARDA;BRASIL;RORAIMA;;MÉDIO (ANTIGO SEGUNDO GRAU);SEM INFORMAÇÃO;0;SEM INFORMAÇÃO	;RORAIMA;BOA VISTA;OROFARINGE, SOE;C109;CARCINOMA ESCAMOCELULAR, SOE;80703;OROFARINGE, SOE;C109;;;;;false;HISTOLOGIA DO TUMOR PRIMÁRIO;METÁSTASE;;;;;;;;08/03/2017;;
1695743;RCBP RORAIMA;MASCULINO;24/12/1945;71;BRANCO;BRASIL;PERNAMBUCO;;MÉDIO (ANTIGO SEGUNDO GRAU);CASADO;521;VENDEDORES E DEMONSTRADORES   	;RORAIMA;BOA VISTA;COLON, SOE;C189;NEOPLASIA MALIGNA;80003;COLON, SOE;C189;;;;;false;HISTOLOGIA DO TUMOR PRIMÁRIO;SEM INFORMAÇÃO;SEM INFORMAÇÃO;99 - SEM INFORMAÇÃO;999;MORTO;CÂNCER;03/10/2017;03/10/2017;21/02/2017;;
1695681;RCBP RORAIMA;FEMININO;22/08/1965;51;PARDA;BRASIL;RORAIMA;;FUNDAMENTAL II (5ª A 8ª SÉRIE);SOLTEIRO;631;PESCADORES E CAÇADORES	;RORAIMA;CARACARAÍ;LESAO SOBREPOSTA DA MAMA;C508;TUMOR MALIGNO DE CELULAS FUSIFORMES;80043;LESAO INVASIVA DA MAMA;C508;;;;;false;HISTOLOGIA DO TUMOR PRIMÁRIO;SEM INFORMAÇÃO;;;;;;;;06/06/2017;;
1159985;RCBP RORAIMA;MASCULINO;25/04/1962;55;SEM INFORMAÇÃO;BRASIL;MARANHÃO;;FUNDAMENTAL I (1ª A 4ª SÉRIE);CASADO;0;SEM INFORMAÇÃO	;RORAIMA;BOA VISTA;OUVIDO EXTERNO;C442;CARCINOMA BASOCELULAR, SOE;80903;PELE DA ORELHA E CONDUTO AUDITIVO EXTERNO;C442;;;;;false;HISTOLOGIA DO TUMOR PRIMÁRIO;LOCALIZADO;;;;;;;;17/08/2017;;
1695683;RCBP RORAIMA;FEMININO;02/12/1993;23;PARDA;BRASIL;Não informado;Não Informado;FUNDAMENTAL I (1ª A 4ª SÉRIE);SEM INFORMAÇÃO;;;RORAIMA;MUCAJAÍ;COLO DO UTERO, SOE;C539;NEOPLASIA INTRA-EPITELIAL ESCAMOSA,GRAU IIII;80772;COLO DO UTERO, SOE;D069;;;;;false;CITOLOGIA;"IN SITU";;;;;;;;14/09/2017;;
1695686;RCBP RORAIMA;FEMININO;07/09/1951;65;PARDA;BRASIL;Não informado;;FUNDAMENTAL II (5ª A 8ª SÉRIE);VIÚVO;0;SEM INFORMAÇÃO	;RORAIMA;BOA VISTA;MAMA , SOE;C509;NEOPLASIA MALIGNA;80003;MAMA , SOE;C509;;;;;false;HISTOLOGIA DO TUMOR PRIMÁRIO;SEM INFORMAÇÃO;SEM INFORMAÇÃO;99 - SEM INFORMAÇÃO;999;MORTO;CÂNCER;03/12/2017;03/12/2017;23/02/2017;;
1695689;RCBP RORAIMA;FEMININO;01/06/1954;62;INDÍGENA;BRASIL;RORAIMA;BOA VISTA;FUNDAMENTAL II (5ª A 8ª SÉRIE);CASADO;0;SEM INFORMAÇÃO	;RORAIMA;BONFIM;MEDULA OSSEA;C421;MIELOMA MULTIPLO;97323;MIELOMA MULTIPLO;C900;;;;;false;HISTOLOGIA DO TUMOR PRIMÁRIO;NÃO SE APLICA;SEM INFORMAÇÃO;99 - SEM INFORMAÇÃO;999;MORTO;CÂNCER;01/11/2017;01/11/2017;27/02/2017;;
1695696;RCBP RORAIMA;FEMININO;;;PARDA;BRASIL;RORAIMA;BOA VISTA;FUNDAMENTAL I (1ª A 4ª SÉRIE);SEM INFORMAÇÃO;;;RORAIMA;BOA VISTA;COLO DO UTERO, SOE;C539;NEOPLASIA GLANDULAR INTRAEPITELIAL, GRAU III;81482;COLO DO UTERO, SOE;D069;;;;;false;HISTOLOGIA DO TUMOR PRIMÁRIO;"IN SITU";;;;;;;;28/07/2017;;
1695703;RCBP RORAIMA;FEMININO;23/01/1975;42;PARDA;BRASIL;RORAIMA;;MÉDIO (ANTIGO SEGUNDO GRAU);SOLTEIRO;322;TÉCNICOS DA CIÊNCIA DA SAÚDE HUMANA 	;RORAIMA;BOA VISTA;MAMA , SOE;C509;CARCINOMA DUCTAL INFILTRANTE;85003;MAMA , SOE;C509;;;;;false;HISTOLOGIA DO TUMOR PRIMÁRIO;METÁSTASE;;;;;;;;24/05/2017;;
1695704;RCBP RORAIMA;MASCULINO;13/05/1956;60;PARDA;BRASIL;Não informado;;MÉDIO (ANTIGO SEGUNDO GRAU);SEPARADO JUDICIALMENTE;842;OPERADORES NA PREPARAÇÃO DE FUMO E NA FABRICAÇÃO DE CHARUTOS E CIGARROS   	;RORAIMA;BOA VISTA;PULMAO, SOE;C349;NEOPLASIA MALIGNA;80003;BRONQUIOS OU PULMOES, SOE;C349;;;;;false;HISTOLOGIA DO TUMOR PRIMÁRIO;SEM INFORMAÇÃO;SEM INFORMAÇÃO;99 - SEM INFORMAÇÃO;999;MORTO;CÂNCER;31/05/2017;31/05/2017;01/02/2017;;
1695710;RCBP RORAIMA;FEMININO;16/12/1962;54;BRANCO;BRASIL;MARANHÃO;;FUNDAMENTAL I (1ª A 4ª SÉRIE);VIÚVO;0;SEM INFORMAÇÃO	;RORAIMA;BOA VISTA;PELE DO MEMBRO INFERIOR E DO QUADRIL;C447;MELANOMA DE PROPAGACAO SUPERFICIAL;87433;MELANOMA MALIGNO DO MEMBRO INFERIOR E QUADRIL;C437;;;;;false;HISTOLOGIA DO TUMOR PRIMÁRIO;SEM INFORMAÇÃO;;;;;;;;31/05/2017;;
1695716;RCBP RORAIMA;MASCULINO;22/11/1967;49;PARDA;BRASIL;MARANHÃO;SÃO LUÍS;SUPERIOR COMPLETO;SOLTEIRO;239;OUTROS PROFISSIONAIS DO ENSINO NÃO CLASSIFICADOS ANTERIORMENTE	;RORAIMA;BOA VISTA;ESOFAGO, SOE;C159;CARCINOMA, SOE;80103;ESOFAGO, SOE;C159;;;;;false;HISTOLOGIA DO TUMOR PRIMÁRIO;SEM INFORMAÇÃO;;;;;CÂNCER;28/09/2017;;27/03/2017;;
1695729;RCBP RORAIMA;FEMININO;15/01/1947;70;PARDA;BRASIL;MARANHÃO;PRESIDENTE DUTRA;SEM ESCOLARIDADE;CASADO;0;SEM INFORMAÇÃO	;RORAIMA;BOA VISTA;FIGADO, SOE;C220;NEOPLASIA MALIGNA;80003;FIGADO E VIAS BILIARES INTRA-HEPATICAS;C22;;;;;false;HISTOLOGIA DO TUMOR PRIMÁRIO;SEM INFORMAÇÃO;SEM INFORMAÇÃO;99 - SEM INFORMAÇÃO;999;MORTO;CÂNCER;08/11/2017;08/11/2017;16/04/2017;;
1695730;RCBP RORAIMA;FEMININO;20/08/1977;39;INDÍGENA;Não informado;Não informado;Não Informado;SEM ESCOLARIDADE;CASADO;763;TRABALHADORES DA CONFECÇÃO DE ROUPAS 	;RORAIMA;BOA VISTA;COLO DO UTERO, SOE;C539;CARCINOMA ESC. DE CEL. GDES., NAO CERAT., SOE;80723;COLO DO UTERO, SOE;C539;;;;;false;HISTOLOGIA DO TUMOR PRIMÁRIO;METÁSTASE;;;;;;;;14/08/2017;;
1695733;RCBP RORAIMA;MASCULINO;26/06/2010;6;BRANCO;BRASIL;Não informado;;FUNDAMENTAL I (1ª A 4ª SÉRIE);SOLTEIRO;0;SEM INFORMAÇÃO	;RORAIMA;BOA VISTA;CEREBELO, SOE;C716;NEOPLASIA MALIGNA;80003;CEREBELO;C716;Neoplasias intracranianas e intra-espinhais não especificadas;III-F;;;false;SDO;SEM INFORMAÇÃO;SEM INFORMAÇÃO;99 - SEM INFORMAÇÃO;999;MORTO;CÂNCER;01/12/2017;01/12/2017;13/03/2017;;
1695742;RCBP RORAIMA;FEMININO;13/10/1964;52;INDÍGENA;BRASIL;RORAIMA;BOA VISTA;SUPERIOR COMPLETO;SEPARADO JUDICIALMENTE;141;GERENTES DE PRODUÇÃO E OPERAÇÕES  	;RORAIMA;PACARAIMA;COLON SIGMOIDE;C187;NEOPLASIA MALIGNA;80003;COLON SIGMOIDE;C187;;;;;false;HISTOLOGIA DO TUMOR PRIMÁRIO;SEM INFORMAÇÃO;SEM INFORMAÇÃO;99 - SEM INFORMAÇÃO;999;MORTO;CÂNCER;17/09/2017;17/09/2017;13/02/2017;;
1695745;RCBP RORAIMA;FEMININO;12/01/1945;72;BRANCO;BRASIL;RORAIMA;BOA VISTA;MÉDIO (ANTIGO SEGUNDO GRAU);VIÚVO;622;TRABALHADORES AGRÍCOLAS   	;RORAIMA;BOA VISTA;PULMAO, SOE;C349;NEOPLASIA MALIGNA;80003;BRONQUIOS OU PULMOES, SOE;C349;;;;;false;HISTOLOGIA DO TUMOR PRIMÁRIO;METÁSTASE;SEM INFORMAÇÃO;99 - SEM INFORMAÇÃO;999;MORTO;CÂNCER;22/03/2017;22/03/2017;16/01/2017;;
1695749;RCBP RORAIMA;MASCULINO;23/10/1933;83;SEM INFORMAÇÃO;BRASIL;RORAIMA;BOA VISTA;FUNDAMENTAL I (1ª A 4ª SÉRIE);CASADO;;;RORAIMA;BOA VISTA;PELE DE OUTRAS PARTES DA FACE;C443;CARCINOMA BASOCELULAR, SOE;80903;PELE DE OUTRAS PARTES DA FACE;C443;;;;;false;HISTOLOGIA DO TUMOR PRIMÁRIO;LOCALIZADO;;;;;;;;25/08/2017;;
1695753;RCBP RORAIMA;MASCULINO;30/07/1961;56;PARDA;BRASIL;MARANHÃO;;FUNDAMENTAL II (5ª A 8ª SÉRIE);CASADO;;;RORAIMA;BOA VISTA;PELE DE OUTRAS PARTES DA FACE;C443;CARCINOMA BASOCELULAR, SOE;80903;PELE DE OUTRAS PARTES DA FACE;C443;;;;;false;HISTOLOGIA DO TUMOR PRIMÁRIO;LOCALIZADO;;;;;;;;10/08/2017;;
1695761;RCBP RORAIMA;FEMININO;25/01/1942;75;BRANCO;BRASIL;MARANHÃO;;FUNDAMENTAL I (1ª A 4ª SÉRIE);CASADO;;;RORAIMA;RORAINÓPOLIS;PELE DO COURO CABELUDO E DO PESCOCO;C444;CARCINOMA BASOCELULAR, SOE;80903;PELE DO COURO CABELUDO E DO PESCOCO;C444;;;;;false;HISTOLOGIA DO TUMOR PRIMÁRIO;SEM INFORMAÇÃO;;;;;;;;02/10/2017;;
1695765;RCBP RORAIMA;FEMININO;24/12/1942;74;PARDA;BRASIL;PARAÍBA;;MÉDIO (ANTIGO SEGUNDO GRAU);CASADO;239;OUTROS PROFISSIONAIS DO ENSINO NÃO CLASSIFICADOS ANTERIORMENTE	;RORAIMA;BOA VISTA;MAMA , SOE;C509;CARCINOMA ESCAMOSO MICRO-INVASOR;80763;MAMA , SOE;C509;;;;;false;HISTOLOGIA DO TUMOR PRIMÁRIO;SEM INFORMAÇÃO;;;;;;;;30/07/2017;;
1695772;RCBP RORAIMA;MASCULINO;12/10/1963;54;PARDA;BRASIL;ESPIRITO SANTO;;FUNDAMENTAL II (5ª A 8ª SÉRIE);SOLTEIRO;0;SEM INFORMAÇÃO	;RORAIMA;BOA VISTA;PELE, SOE;C449;CARCINOMA BASOCELULAR, SOE;80903;NEOPLASIA MALIGNA DA PELE;C449;;;;;false;HISTOLOGIA DO TUMOR PRIMÁRIO;SEM INFORMAÇÃO;;;;;;;;11/12/2017;;
780238;RCBP RORAIMA;MASCULINO;15/11/1944;72;BRANCO;BRASIL;MARANHÃO;;FUNDAMENTAL I (1ª A 4ª SÉRIE);SEM INFORMAÇÃO;0;SEM INFORMAÇÃO	;RORAIMA;BOA VISTA;OUVIDO EXTERNO;C442;CARCINOMA BASOCELULAR, SOE;80903;PELE DA ORELHA E CONDUTO AUDITIVO EXTERNO;C442;;;;;false;HISTOLOGIA DO TUMOR PRIMÁRIO;LOCALIZADO;;;;;;;;17/08/2017;;
1695928;RCBP RORAIMA;MASCULINO;15/06/1937;80;BRANCO;BRASIL;MARANHÃO;;FUNDAMENTAL I (1ª A 4ª SÉRIE);CASADO;;;RORAIMA;BOA VISTA;PELE DO COURO CABELUDO E DO PESCOCO;C444;CARCINOMA BASOCELULAR, SOE;80903;PELE DO COURO CABELUDO E DO PESCOCO;C444;;;;;false;HISTOLOGIA DO TUMOR PRIMÁRIO;SEM INFORMAÇÃO;;;;;;;;25/10/2017;;
1699021;RCBP RORAIMA;FEMININO;19/08/1941;76;BRANCO;BRASIL;MINAS GERAIS;;MÉDIO (ANTIGO SEGUNDO GRAU);CASADO;0;SEM INFORMAÇÃO	;RORAIMA;BOA VISTA;COLON, SOE;C189;ADENOCARCINOMA TUBULAR;82113;COLON, SOE;C189;;;;;false;HISTOLOGIA DO TUMOR PRIMÁRIO;SEM INFORMAÇÃO;;;;;;;;15/10/2017;;
1696210;RCBP RORAIMA;MASCULINO;17/03/1962;55;PARDA;BRASIL;MARANHÃO;;FUNDAMENTAL I (1ª A 4ª SÉRIE);CASADO;141;GERENTES DE PRODUÇÃO E OPERAÇÕES  	;RORAIMA;PACARAIMA;PROSTATA, SOE;C619;ADENOCARCINOMA, SOE;81403;PROSTATA;C61;;;;;false;HISTOLOGIA DO TUMOR PRIMÁRIO;METÁSTASE;;;;;SEM INFORMAÇÃO;01/07/2020;;29/09/2017;C41;
1696043;RCBP RORAIMA;FEMININO;18/06/1961;55;PARDA;BRASIL;RORAIMA;BOA VISTA;MÉDIO (ANTIGO SEGUNDO GRAU);CASADO;0;SEM INFORMAÇÃO	;RORAIMA;BOA VISTA;PULMAO, SOE;C349;NEOPLASIA MALIGNA;80003;BRONQUIOS OU PULMOES, SOE;C349;;;;;false;HISTOLOGIA DO TUMOR PRIMÁRIO;SEM INFORMAÇÃO;SEM INFORMAÇÃO;99 - SEM INFORMAÇÃO;999;MORTO;CÂNCER;24/06/2017;24/06/2017;20/01/2017;;
1696045;RCBP RORAIMA;FEMININO;04/03/1964;53;PARDA;BRASIL;RIO GRANDE DO NORTE;;FUNDAMENTAL II (5ª A 8ª SÉRIE);CASADO;514;TRABALHADORES NOS SERVIÇOS DE ADMINISTRAÇÃO, CONSERVAÇÃO E MANUTENÇÃO DE EDIFÍCIOS E LOGRADOUROS  	;RORAIMA;BOA VISTA;MAMA , SOE;C509;CARCINOMA DUCTAL INFILTRANTE;85003;MAMA , SOE;C509;;;;;false;HISTOLOGIA DO TUMOR PRIMÁRIO;SEM INFORMAÇÃO;;;;;;;;06/12/2017;;
1696048;RCBP RORAIMA;MASCULINO;28/09/1964;52;BRANCO;BRASIL;MARANHÃO;LAGO DA PEDRA;MÉDIO (ANTIGO SEGUNDO GRAU);UNIÃO CONSENSUAL;622;TRABALHADORES AGRÍCOLAS   	;RORAIMA;RORAINÓPOLIS;ESTOMAGO, SOE;C169;NEOPLASIA MALIGNA;80003;ESTOMAGO, SOE;C169;;;;;false;SDO;SEM INFORMAÇÃO;SEM INFORMAÇÃO;99 - SEM INFORMAÇÃO;999;MORTO;CÂNCER;05/06/2017;05/06/2017;03/02/2017;;
1696060;RCBP RORAIMA;FEMININO;07/07/1942;75;BRANCO;BRASIL;CEARÁ;;SEM ESCOLARIDADE;VIÚVO;0;SEM INFORMAÇÃO	;RORAIMA;BOA VISTA;PELE DE OUTRAS PARTES DA FACE;C443;CARCINOMA BASOCELULAR, SOE;80903;PELE DE OUTRAS PARTES DA FACE;C443;;;;;false;HISTOLOGIA DO TUMOR PRIMÁRIO;LOCALIZADO;;;;;;;;24/11/2017;;
1696063;RCBP RORAIMA;FEMININO;02/12/1938;78;PARDA;BRASIL;AMAZONAS;PARINTINS;MÉDIO (ANTIGO SEGUNDO GRAU);CASADO;0;SEM INFORMAÇÃO	;RORAIMA;BOA VISTA;BEXIGA, SOE;C679;NEOPLASIA MALIGNA;80003;BEXIGA, SOE;C679;;;;;false;HISTOLOGIA DO TUMOR PRIMÁRIO;SEM INFORMAÇÃO;SEM INFORMAÇÃO;99 - SEM INFORMAÇÃO;999;MORTO;CÂNCER;07/05/2017;07/05/2017;29/01/2017;;
1696064;RCBP RORAIMA;MASCULINO;12/10/1970;46;PARDA;BRASIL;PARÁ;BELÉM;FUNDAMENTAL II (5ª A 8ª SÉRIE);SOLTEIRO;342;TÉCNICOS EM TRANSPORTES (LOGÍSTICA)   	;RORAIMA;BOA VISTA;PULMAO, SOE;C349;NEOPLASIA MALIGNA;80003;BRONQUIOS OU PULMOES, SOE;C349;;;;;false;SDO;METÁSTASE;SEM INFORMAÇÃO;99 - SEM INFORMAÇÃO;999;MORTO;CÂNCER;07/11/2017;07/11/2017;26/03/2017;;
1696067;RCBP RORAIMA;MASCULINO;18/04/1934;83;PARDA;BRASIL;Não informado;;FUNDAMENTAL I (1ª A 4ª SÉRIE);VIÚVO;711;TRABALHADORES DA EXTRAÇÃO MINERAL 	;RORAIMA;BOA VISTA;FIGADO, SOE;C220;NEOPLASIA MALIGNA;80003;FIGADO E VIAS BILIARES INTRA-HEPATICAS;C22;;;;;false;HISTOLOGIA DO TUMOR PRIMÁRIO;SEM INFORMAÇÃO;SEM INFORMAÇÃO;99 - SEM INFORMAÇÃO;999;MORTO;CÂNCER;27/10/2017;27/10/2017;25/04/2017;;
1696074;RCBP RORAIMA;FEMININO;01/11/1961;55;PARDA;BRASIL;MARANHÃO;VARGEM GRANDE;MÉDIO (ANTIGO SEGUNDO GRAU);UNIÃO CONSENSUAL;0;SEM INFORMAÇÃO	;RORAIMA;BOA VISTA;OVARIO, SOE;C569;NEOPLASIA MALIGNA;80003;OVARIO;C56;;;;;false;HISTOLOGIA DO TUMOR PRIMÁRIO;SEM INFORMAÇÃO;SEM INFORMAÇÃO;99 - SEM INFORMAÇÃO;999;MORTO;CÂNCER;02/07/2017;02/07/2017;25/01/2017;;
1696078;RCBP RORAIMA;FEMININO;19/12/1944;72;PARDA;BRASIL;RORAIMA;;MÉDIO (ANTIGO SEGUNDO GRAU);SEPARADO JUDICIALMENTE;0;SEM INFORMAÇÃO	;RORAIMA;BOA VISTA;MAMA , SOE;C509;CARCINOMA, SOE;80103;MAMA , SOE;C509;;;;;false;HISTOLOGIA DO TUMOR PRIMÁRIO;METÁSTASE;;;;;;;;04/12/2017;;
1696080;RCBP RORAIMA;MASCULINO;26/11/1969;47;PARDA;BRASIL;RORAIMA;;FUNDAMENTAL I (1ª A 4ª SÉRIE);SOLTEIRO;914;MECÂNICOS DE MANUTENÇÃO VEICULAR  	;RORAIMA;BOA VISTA;COLON TRANSVERSO;C184;ADENOCARCINOMA, SOE;81403;COLON TRANSVERSO;C184;;;;;false;HISTOLOGIA DO TUMOR PRIMÁRIO;SEM INFORMAÇÃO;;;;;;;;09/11/2017;;
1696084;RCBP RORAIMA;MASCULINO;10/01/1929;88;INDÍGENA;BRASIL;RORAIMA;BOA VISTA;SEM ESCOLARIDADE;SOLTEIRO;622;TRABALHADORES AGRÍCOLAS   	;RORAIMA;CANTÁ;FIGADO, SOE;C220;NEOPLASIA MALIGNA;80003;FIGADO E VIAS BILIARES INTRA-HEPATICAS;C22;;;;;false;HISTOLOGIA DO TUMOR PRIMÁRIO;SEM INFORMAÇÃO;SEM INFORMAÇÃO;99 - SEM INFORMAÇÃO;999;MORTO;CÂNCER;10/11/2017;10/11/2017;15/01/2017;;
1696096;RCBP RORAIMA;MASCULINO;04/12/1968;48;PARDA;BRASIL;RORAIMA;;FUNDAMENTAL I (1ª A 4ª SÉRIE);CASADO;715;TRABALHADORES DA CONSTRUÇÃO CIVIL E OBRAS PÚBLICAS	;RORAIMA;BOA VISTA;LINGUA, SOE;C029;CARCINOMA ESCAMOCELULAR, SOE;80703;LINGUA, SOE;C029;;;;;false;HISTOLOGIA DO TUMOR PRIMÁRIO;SEM INFORMAÇÃO;;;;;;;;02/10/2017;;
1696110;RCBP RORAIMA;MASCULINO;27/01/1954;63;PRETA;BRASIL;MARANHÃO;VARGEM GRANDE;SEM ESCOLARIDADE;VIÚVO;611;PRODUTORES AGROPECUÁRIOS EM GERAL 	;RORAIMA;IRACEMA;PANCREAS, SOE;C259;ADENOCARCINOMA, SOE;81403;PANCREAS, SOE;C259;;;;;false;HISTOLOGIA DO TUMOR PRIMÁRIO;SEM INFORMAÇÃO;;;;;CÂNCER;28/02/2017;;27/02/2017;;
1696114;RCBP RORAIMA;MASCULINO;22/02/1943;74;SEM INFORMAÇÃO;BRASIL;Não informado;;SEM INFORMAÇÃO;SEM INFORMAÇÃO;;;RORAIMA;BOA VISTA;PROSTATA, SOE;C619;NEOPLASIA MALIGNA;80003;PROSTATA;C61;;;;;false;SDO;SEM INFORMAÇÃO;SEM INFORMAÇÃO;99 - SEM INFORMAÇÃO;999;MORTO;CÂNCER;27/12/2017;27/12/2017;27/12/2017;;
1696116;RCBP RORAIMA;FEMININO;16/12/1975;41;PARDA;BRASIL;MARANHÃO;;SUPERIOR COMPLETO;SEPARADO JUDICIALMENTE;239;OUTROS PROFISSIONAIS DO ENSINO NÃO CLASSIFICADOS ANTERIORMENTE	;RORAIMA;BOA VISTA;LESAO SOBREPOSTA DA MAMA;C508;ADENOCARCINOMA MUCINOSO;84803;LESAO INVASIVA DA MAMA;C508;;;;;false;HISTOLOGIA DO TUMOR PRIMÁRIO;SEM INFORMAÇÃO;;;;;;;;05/06/2017;;
1696117;RCBP RORAIMA;FEMININO;25/01/1980;37;PARDA;BRASIL;MARANHÃO;;FUNDAMENTAL II (5ª A 8ª SÉRIE);SOLTEIRO;519;OUTROS TRABALHADORES DE SERVIÇOS DIVERSOS 	;RORAIMA;BOA VISTA;MAMA , SOE;C509;CARCINOMA DUCTAL INFILTRANTE;85003;MAMA , SOE;C509;;;;;false;HISTOLOGIA DO TUMOR PRIMÁRIO;SEM INFORMAÇÃO;;;;;CÂNCER;02/05/2018;;14/06/2017;C34;
1696120;RCBP RORAIMA;FEMININO;11/08/1960;56;BRANCO;BRASIL;SÃO PAULO;TUPI PAULISTA;SEM INFORMAÇÃO;CASADO;722;TRABALHADORES DE CONFORMAÇÃO DE METAIS E DE COMPÓSITOS	;RORAIMA;SÃO JOÃO DA BALIZA;ENCEFALO, SOE;C719;NEOPLASIA MALIGNA;80003;ENCEFALO, SOE;C719;;;;;false;SDO;SEM INFORMAÇÃO;SEM INFORMAÇÃO;99 - SEM INFORMAÇÃO;999;MORTO;CÂNCER;16/01/2017;16/01/2017;01/01/2017;;
1696121;RCBP RORAIMA;FEMININO;01/05/1990;27;SEM INFORMAÇÃO;BRASIL;PARÁ;;MÉDIO (ANTIGO SEGUNDO GRAU);SOLTEIRO;0;SEM INFORMAÇÃO	;RORAIMA;BOA VISTA;MAMA , SOE;C509;CARCINOMA DUCTAL INFILTRANTE;85003;MAMA , SOE;C509;;;CARCINOMA DE MAMA;8.4;false;HISTOLOGIA DO TUMOR PRIMÁRIO;LOCALIZADO;;;;;;;;18/12/2017;;
1696125;RCBP RORAIMA;FEMININO;27/11/1981;35;PRETA;BRASIL;RORAIMA;;SUPERIOR INCOMPLETO;CASADO;0;SEM INFORMAÇÃO	;RORAIMA;BOA VISTA;MAMA , SOE;C509;CARCINOMA DUCTAL INFILTRANTE;85003;MAMA , SOE;C509;;;;;false;HISTOLOGIA DO TUMOR PRIMÁRIO;SEM INFORMAÇÃO;;;;;;;;02/08/2017;;
1696130;RCBP RORAIMA;FEMININO;27/07/1977;40;BRANCO;BRASIL;RORAIMA;;FUNDAMENTAL II (5ª A 8ª SÉRIE);SOLTEIRO;;;RORAIMA;BOA VISTA;PELE DE OUTRAS PARTES DA FACE;C443;CARCINOMA BASOCELULAR, SOE;80903;PELE DE OUTRAS PARTES DA FACE;C443;;;;;false;HISTOLOGIA DO TUMOR PRIMÁRIO;LOCALIZADO;;;;;;;;14/09/2017;;
1696131;RCBP RORAIMA;FEMININO;30/06/1959;57;PARDA;BRASIL;Não informado;;FUNDAMENTAL II (5ª A 8ª SÉRIE);SOLTEIRO;0;SEM INFORMAÇÃO	;RORAIMA;AMAJARI;FIGADO, SOE;C220;NEOPLASIA MALIGNA;80003;FIGADO E VIAS BILIARES INTRA-HEPATICAS;C22;;;;;false;HISTOLOGIA DO TUMOR PRIMÁRIO;SEM INFORMAÇÃO;SEM INFORMAÇÃO;99 - SEM INFORMAÇÃO;999;MORTO;CÂNCER;28/02/2017;28/02/2017;31/01/2017;;
1696141;RCBP RORAIMA;MASCULINO;09/12/1951;65;BRANCO;BRASIL;RORAIMA;BOA VISTA;SEM ESCOLARIDADE;CASADO;0;SEM INFORMAÇÃO	;RORAIMA;SÃO LUIZ;LARINGE, SOE;C329;NEOPLASIA MALIGNA;80003;LARINGE, SOE;C329;;;;;false;HISTOLOGIA DO TUMOR PRIMÁRIO;METÁSTASE;SEM INFORMAÇÃO;99 - SEM INFORMAÇÃO;999;MORTO;CÂNCER;26/03/2017;26/03/2017;16/01/2017;;
1696144;RCBP RORAIMA;FEMININO;10/04/1950;66;PARDA;BRASIL;RORAIMA;NORMANDIA;FUNDAMENTAL II (5ª A 8ª SÉRIE);SOLTEIRO;622;TRABALHADORES AGRÍCOLAS   	;RORAIMA;NORMANDIA;CABECA, FACE E PESCOCO, SOE;C760;NEOPLASIA MALIGNA;80003;CABECA, FACE E PESCOCO;C760;;;;;false;HISTOLOGIA DO TUMOR PRIMÁRIO;SEM INFORMAÇÃO;SEM INFORMAÇÃO;99 - SEM INFORMAÇÃO;999;MORTO;CÂNCER;03/10/2017;03/10/2017;22/01/2017;;
1696157;RCBP RORAIMA;FEMININO;09/05/1965;52;PARDA;BRASIL;RORAIMA;;MÉDIO (ANTIGO SEGUNDO GRAU);SOLTEIRO;;;RORAIMA;BOA VISTA;PELE DE OUTRAS PARTES DA FACE;C443;CARCINOMA BASOCELULAR, SOE;80903;PELE DE OUTRAS PARTES DA FACE;C443;;;;;false;HISTOLOGIA DO TUMOR PRIMÁRIO;LOCALIZADO;;;;;;;;29/08/2017;;
1696164;RCBP RORAIMA;FEMININO;10/03/1983;34;PARDA;Não informado;Não informado;Não Informado;SUPERIOR COMPLETO;CASADO;225;PROFISSIONAIS DA MEDICINA	;RORAIMA;BOA VISTA;OVARIO, SOE;C569;CISTADENOCARCINOMA PAPILAR SEROSO;84603;OVARIO;C56;;;;;false;HISTOLOGIA DO TUMOR PRIMÁRIO;SEM INFORMAÇÃO;;;;;;;;17/11/2017;;
1696179;RCBP RORAIMA;MASCULINO;16/06/1948;68;PARDA;BRASIL;Não informado;;FUNDAMENTAL II (5ª A 8ª SÉRIE);VIÚVO;710;SUPERVISORES DA EXTRAÇÃO MINERAL E DA CONSTRUÇÃO CIVIL	;RORAIMA;BOA VISTA;LESAO SOBREPOSTA DA LARINGE;C328;NEOPLASIA MALIGNA;80003;LESAO INVASIVA DA LARINGE;C328;;;;;false;SDO;METÁSTASE;SEM INFORMAÇÃO;99 - SEM INFORMAÇÃO;999;MORTO;CÂNCER;12/10/2017;12/10/2017;24/01/2017;;
1696185;RCBP RORAIMA;MASCULINO;13/01/1945;72;PARDA;BRASIL;MARANHÃO;BACABAL;FUNDAMENTAL II (5ª A 8ª SÉRIE);SOLTEIRO;622;TRABALHADORES AGRÍCOLAS   	;RORAIMA;BOA VISTA;PULMAO, SOE;C349;NEOPLASIA MALIGNA;80003;BRONQUIOS OU PULMOES, SOE;C349;;;;;false;HISTOLOGIA DO TUMOR PRIMÁRIO;SEM INFORMAÇÃO;SEM INFORMAÇÃO;99 - SEM INFORMAÇÃO;999;MORTO;CÂNCER;19/11/2017;19/11/2017;28/01/2017;;
1696187;RCBP RORAIMA;FEMININO;30/09/1970;46;PARDA;BRASIL;MARANHÃO;;FUNDAMENTAL II (5ª A 8ª SÉRIE);CASADO;0;SEM INFORMAÇÃO	;RORAIMA;BOA VISTA;MAMA , SOE;C509;CARCINOMA DUCTAL INFILTRANTE;85003;MAMA , SOE;C509;;;;;false;HISTOLOGIA DO TUMOR PRIMÁRIO;SEM INFORMAÇÃO;;;;;;;;15/08/2017;C76;
1696193;RCBP RORAIMA;FEMININO;22/01/1980;37;PARDA;BRASIL;Não informado;;SEM INFORMAÇÃO;CASADO;141;GERENTES DE PRODUÇÃO E OPERAÇÕES  	;RORAIMA;RORAINÓPOLIS;LESAO SOBREPOSTA DO COLO DO UTERO;C538;NEOPLASIA MALIGNA;80003;LESAO INVASIVA DO COLO DO UTERO;C538;;;;;false;SDO;SEM INFORMAÇÃO;SEM INFORMAÇÃO;99 - SEM INFORMAÇÃO;999;MORTO;CÂNCER;28/01/2017;28/01/2017;28/01/2017;;
1696238;RCBP RORAIMA;MASCULINO;16/07/1974;43;PARDA;BRASIL;RORAIMA;;SEM INFORMAÇÃO;CASADO;0;SEM INFORMAÇÃO	;RORAIMA;BOA VISTA;PELE DO MEMBRO SUPERIOR E DO OMBRO;C446;CARCINOMA BASOCELULAR, SOE;80903;PELE DO MEMBRO SUPERIOR E DO OMBRO;C446;;;;;false;HISTOLOGIA DO TUMOR PRIMÁRIO;SEM INFORMAÇÃO;;;;;;;;14/08/2017;;
1696268;RCBP RORAIMA;MASCULINO;18/01/1932;85;PARDA;BRASIL;MARANHÃO;;FUNDAMENTAL I (1ª A 4ª SÉRIE);CASADO;622;TRABALHADORES AGRÍCOLAS   	;RORAIMA;ALTO ALEGRE;TERCO INFERIOR DO ESOFAGO;C155;ADENOCARCINOMA VILOSO;82623;TERCO INFERIOR DO ESOFAGO;C155;;;;;false;HISTOLOGIA DO TUMOR PRIMÁRIO;SEM INFORMAÇÃO;;;;;CÂNCER;12/06/2017;;21/01/2017;;
1696341;RCBP RORAIMA;FEMININO;13/11/1970;46;PARDA;BRASIL;PIAUÍ;;MÉDIO (ANTIGO SEGUNDO GRAU);VIÚVO;0;SEM INFORMAÇÃO	;RORAIMA;BOA VISTA;MAMA , SOE;C509;CARCINOMA DUCTAL INFILTRANTE;85003;MAMA , SOE;C509;;;;;false;HISTOLOGIA DO TUMOR PRIMÁRIO;METÁSTASE;;;;;;;;20/10/2017;;
1696313;RCBP RORAIMA;FEMININO;05/04/1980;37;PARDA;BRASIL;AMAZONAS;;FUNDAMENTAL II (5ª A 8ª SÉRIE);SOLTEIRO;0;SEM INFORMAÇÃO	;RORAIMA;BOA VISTA;COLO DO UTERO, SOE;C539;CARCINOMA ESC. DE CEL. GDES., NAO CERAT., SOE;80723;COLO DO UTERO, SOE;C539;;;;;false;HISTOLOGIA DO TUMOR PRIMÁRIO;SEM INFORMAÇÃO;;;;;;;;15/10/2017;;
1696317;RCBP RORAIMA;FEMININO;24/08/1962;55;PARDA;BRASIL;AMAZONAS;BARCELOS;FUNDAMENTAL I (1ª A 4ª SÉRIE);SOLTEIRO;514;TRABALHADORES NOS SERVIÇOS DE ADMINISTRAÇÃO, CONSERVAÇÃO E MANUTENÇÃO DE EDIFÍCIOS E LOGRADOUROS  	;RORAIMA;BOA VISTA;COLO DO UTERO, SOE;C539;NEOPLASIA INTRA-EPITELIAL ESCAMOSA,GRAU IIII;80772;COLO DO UTERO, SOE;D069;;;;;false;HISTOLOGIA DO TUMOR PRIMÁRIO;"IN SITU";;;;;;;;20/12/2017;;
1696323;RCBP RORAIMA;FEMININO;30/05/1963;53;PARDA;BRASIL;RORAIMA;;MÉDIO (ANTIGO SEGUNDO GRAU);SOLTEIRO;322;TÉCNICOS DA CIÊNCIA DA SAÚDE HUMANA 	;RORAIMA;BOA VISTA;OVARIO, SOE;C569;CISTADENOCARCINOMA PAPILAR SEROSO;84603;OVARIO;C56;;;;;false;HISTOLOGIA DO TUMOR PRIMÁRIO;SEM INFORMAÇÃO;;;;;;;;04/01/2017;;
1696331;RCBP RORAIMA;FEMININO;27/05/1952;64;BRANCO;BRASIL;CEARÁ;CAMPOS SALES;FUNDAMENTAL II (5ª A 8ª SÉRIE);CASADO;0;SEM INFORMAÇÃO	;RORAIMA;BOA VISTA;PULMAO, SOE;C349;NEOPLASIA MALIGNA;80003;BRONQUIOS OU PULMOES, SOE;C349;;;;;false;HISTOLOGIA DO TUMOR PRIMÁRIO;METÁSTASE;SEM INFORMAÇÃO;99 - SEM INFORMAÇÃO;999;MORTO;CÂNCER;08/07/2017;08/07/2017;01/01/2017;;
1696332;RCBP RORAIMA;FEMININO;18/10/1949;67;PARDA;BRASIL;AMAZONAS;;SEM ESCOLARIDADE;SOLTEIRO;0;SEM INFORMAÇÃO	;RORAIMA;SÃO JOÃO DA BALIZA;COLO DO UTERO, SOE;C539;CARCINOMA ESCAMOCELULAR, SOE;80703;COLO DO UTERO, SOE;C539;;;;;false;HISTOLOGIA DO TUMOR PRIMÁRIO;SEM INFORMAÇÃO;;;;;;;;02/06/2017;;
1696336;RCBP RORAIMA;FEMININO;23/11/1990;26;PARDA;BRASIL;Não informado;;FUNDAMENTAL II (5ª A 8ª SÉRIE);SOLTEIRO;0;SEM INFORMAÇÃO	;RORAIMA;BOA VISTA;MANDIBULA;C411;NEOPLASIA MALIGNA;80003;MANDIBULA;C411;;;OUTROS TUMORES ÓSSEOS ESPECÍFICOS E NÃO-ESPECÍFICOS;4.4;false;SDO;SEM INFORMAÇÃO;SEM INFORMAÇÃO;99 - SEM INFORMAÇÃO;999;MORTO;CÂNCER;27/06/2017;27/06/2017;27/06/2017;;
1696337;RCBP RORAIMA;FEMININO;14/10/1954;62;BRANCO;BRASIL;AMAZONAS;;SEM ESCOLARIDADE;SEPARADO JUDICIALMENTE;0;SEM INFORMAÇÃO	;RORAIMA;BOA VISTA;PELE DE OUTRAS PARTES DA FACE;C443;CARCINOMA BASOCELULAR, SOE;80903;PELE DE OUTRAS PARTES DA FACE;C443;;;;;false;HISTOLOGIA DO TUMOR PRIMÁRIO;SEM INFORMAÇÃO;;;;;;;;31/07/2017;;
1696338;RCBP RORAIMA;FEMININO;11/06/1969;48;PARDA;BRASIL;CEARÁ;;SEM INFORMAÇÃO;VIÚVO;0;SEM INFORMAÇÃO	;RORAIMA;BOA VISTA;MEDULA OSSEA;C421;LEUCEMIA LINFOBLASTICA DE CELULAS PRECURSORAS,SOE;98353;LEUCEMIA LINFOBLASTICA AGUDA;C910;;;;;false;CITOLOGIA;NÃO SE APLICA;;;;;;;;17/10/2017;;
1696391;RCBP RORAIMA;MASCULINO;24/07/1947;70;BRANCO;BRASIL;PARÁ;;FUNDAMENTAL I (1ª A 4ª SÉRIE);VIÚVO;;;RORAIMA;BOA VISTA;PELE DE OUTRAS PARTES DA FACE;C443;CARCINOMA BASOCELULAR, SOE;80903;PELE DE OUTRAS PARTES DA FACE;C443;;;;;false;HISTOLOGIA DO TUMOR PRIMÁRIO;SEM INFORMAÇÃO;;;;;;;;31/08/2017;;
1696347;RCBP RORAIMA;FEMININO;29/08/1941;75;PARDA;BRASIL;BAHIA;PEDRO ALEXANDRE;SEM ESCOLARIDADE;VIÚVO;622;TRABALHADORES AGRÍCOLAS   	;RORAIMA;CANTÁ;COLON, SOE;C189;NEOPLASIA MALIGNA;80003;COLON, SOE;C189;;;;;false;HISTOLOGIA DO TUMOR PRIMÁRIO;METÁSTASE;SEM INFORMAÇÃO;99 - SEM INFORMAÇÃO;999;MORTO;CÂNCER;03/09/2017;03/09/2017;16/03/2017;;
1696349;RCBP RORAIMA;FEMININO;26/02/1940;77;PARDA;BRASIL;RORAIMA;;MÉDIO (ANTIGO SEGUNDO GRAU);SEPARADO JUDICIALMENTE;513;TRABALHADORES DOS SERVIÇOS DE HOTELARIA E ALIMENTAÇÃO 	;RORAIMA;BOA VISTA;VESICULA BILIAR, SOE;C239;CARCINOMA, SOE;80103;VESICULA BILIAR;C23;;;;;false;HISTOLOGIA DO TUMOR PRIMÁRIO;SEM INFORMAÇÃO;;;;;CÂNCER;30/03/2018;;23/05/2017;;
1696353;RCBP RORAIMA;MASCULINO;01/01/1964;53;PARDA;BRASIL;Não informado;;FUNDAMENTAL I (1ª A 4ª SÉRIE);SEPARADO JUDICIALMENTE;;;RORAIMA;BOA VISTA;PULMAO, SOE;C349;NEOPLASIA MALIGNA;80003;BRONQUIOS OU PULMOES, SOE;C349;;;;;false;SDO;SEM INFORMAÇÃO;SEM INFORMAÇÃO;99 - SEM INFORMAÇÃO;999;MORTO;CÂNCER;06/07/2017;06/07/2017;06/07/2017;;
1696359;RCBP RORAIMA;MASCULINO;14/04/1969;47;PARDA;BRASIL;AMAZONAS;;SUPERIOR COMPLETO;CASADO;263;MEMBROS DE CULTOS RELIGIOSOS E AFINS  	;RORAIMA;BOA VISTA;LOCALIZACAO PRIMARIA DESCONHECIDA, SOE;C809;CARCINOMA NEUROENDOCRINO, SOE;82463;LOCALIZACAO PRIMARIA DESCONHECIDA;C80;;;;;false;CITOLOGIA;SEM INFORMAÇÃO;;;;;;;;07/02/2017;C22;
1696362;RCBP RORAIMA;MASCULINO;24/09/1970;46;PARDA;BRASIL;MARANHÃO;;SEM ESCOLARIDADE;SOLTEIRO;141;GERENTES DE PRODUÇÃO E OPERAÇÕES  	;RORAIMA;BOA VISTA;LINFONODOS INGUINAIS E DOS MEMBROS INFERIORES;C774;LINFOMA MALIGNO, FOLICULAR, SOE;96903;LINFOMA NAO-HODGKIN, FOLICULAR, SOE;C829;;;;;false;HISTOLOGIA DO TUMOR PRIMÁRIO;NÃO SE APLICA;;;;;;;;02/02/2017;;
1696363;RCBP RORAIMA;MASCULINO;10/06/1953;63;PARDA;BRASIL;CEARÁ;;FUNDAMENTAL I (1ª A 4ª SÉRIE);CASADO;914;MECÂNICOS DE MANUTENÇÃO VEICULAR  	;RORAIMA;BOA VISTA;PENIS, SOE;C609;CARCINOMA ESCAMOCELULAR, SOE;80703;PENIS, SOE;C609;;;;;false;HISTOLOGIA DO TUMOR PRIMÁRIO;SEM INFORMAÇÃO;;;;;;;;02/01/2017;;
1696365;RCBP RORAIMA;MASCULINO;04/10/1968;48;PARDA;BRASIL;Não informado;;SEM ESCOLARIDADE;CASADO;622;TRABALHADORES AGRÍCOLAS   	;RORAIMA;CANTÁ;RETO, SOE;C209;NEOPLASIA MALIGNA;80003;RETO;C20;;;;;false;SDO;METÁSTASE;SEM INFORMAÇÃO;99 - SEM INFORMAÇÃO;999;MORTO;CÂNCER;20/08/2017;20/08/2017;20/08/2017;;
1696370;RCBP RORAIMA;MASCULINO;06/09/1948;68;PARDA;BRASIL;PIAUÍ;TERESINA;SEM ESCOLARIDADE;CASADO;0;SEM INFORMAÇÃO	;RORAIMA;CARACARAÍ;PROSTATA, SOE;C619;NEOPLASIA MALIGNA;80003;PROSTATA;C61;;;;;false;HISTOLOGIA DO TUMOR PRIMÁRIO;SEM INFORMAÇÃO;SEM INFORMAÇÃO;99 - SEM INFORMAÇÃO;999;MORTO;CÂNCER;25/04/2017;25/04/2017;02/02/2017;;
1696371;RCBP RORAIMA;MASCULINO;18/04/1972;44;PARDA;BRASIL;Não informado;;SUPERIOR COMPLETO;UNIÃO CONSENSUAL;252;PROFISSIONAIS DE ORGANIZAÇÃO E ADMINISTRAÇÃO DE EMPRESAS E AFINS  	;RORAIMA;BOA VISTA;ESTOMAGO, SOE;C169;NEOPLASIA MALIGNA;80003;ESTOMAGO, SOE;C169;;;;;false;HISTOLOGIA DO TUMOR PRIMÁRIO;SEM INFORMAÇÃO;SEM INFORMAÇÃO;99 - SEM INFORMAÇÃO;999;MORTO;CÂNCER;22/10/2017;22/10/2017;27/01/2017;;
1696377;RCBP RORAIMA;MASCULINO;12/06/1962;55;PARDA;BRASIL;Não informado;;SEM INFORMAÇÃO;SOLTEIRO;711;TRABALHADORES DA EXTRAÇÃO MINERAL 	;RORAIMA;BOA VISTA;PROSTATA, SOE;C619;NEOPLASIA MALIGNA;80003;PROSTATA;C61;;;;;false;SDO;SEM INFORMAÇÃO;SEM INFORMAÇÃO;99 - SEM INFORMAÇÃO;999;MORTO;CÂNCER;19/10/2017;19/10/2017;19/10/2017;;
1696381;RCBP RORAIMA;MASCULINO;07/10/1942;74;PARDA;BRASIL;PIAUÍ;ESPERANTINA;SEM ESCOLARIDADE;VIÚVO;622;TRABALHADORES AGRÍCOLAS   	;RORAIMA;BOA VISTA;PULMAO, SOE;C349;NEOPLASIA MALIGNA;80003;BRONQUIOS OU PULMOES, SOE;C349;;;;;false;HISTOLOGIA DO TUMOR PRIMÁRIO;SEM INFORMAÇÃO;SEM INFORMAÇÃO;99 - SEM INFORMAÇÃO;999;MORTO;CÂNCER;08/11/2017;08/11/2017;25/02/2017;;
1696384;RCBP RORAIMA;MASCULINO;09/06/1953;63;PARDA;BRASIL;PIAUÍ;;FUNDAMENTAL I (1ª A 4ª SÉRIE);SOLTEIRO;0;SEM INFORMAÇÃO	;RORAIMA;BOA VISTA;LARINGE, SOE;C329;CARCINOMA ESCAMOCELULAR, SOE;80703;LARINGE, SOE;C329;;;;;false;HISTOLOGIA DO TUMOR PRIMÁRIO;SEM INFORMAÇÃO;;;;;;;;19/05/2017;;
1696386;RCBP RORAIMA;MASCULINO;28/12/1956;60;BRANCO;BRASIL;CEARÁ;CATARINA;SEM ESCOLARIDADE;VIÚVO;517;TRABALHADORES NOS SERVIÇOS DE PROTEÇÃO E SEGURANÇA	;RORAIMA;BOA VISTA;HIPOFARINGE, SOE;C139;NEOPLASIA MALIGNA;80003;HIPOFARINGE, SOE;C139;;;;;false;HISTOLOGIA DO TUMOR PRIMÁRIO;SEM INFORMAÇÃO;SEM INFORMAÇÃO;99 - SEM INFORMAÇÃO;999;MORTO;CÂNCER;10/04/2017;10/04/2017;22/01/2017;;
1696388;RCBP RORAIMA;MASCULINO;14/06/1962;55;PARDA;BRASIL;Não informado;;SEM ESCOLARIDADE;SOLTEIRO;842;OPERADORES NA PREPARAÇÃO DE FUMO E NA FABRICAÇÃO DE CHARUTOS E CIGARROS   	;RORAIMA;CARACARAÍ;MEDULA OSSEA;C421;MIELOMA MULTIPLO;97323;MIELOMA MULTIPLO;C900;;;;;false;SDO;NÃO SE APLICA;SEM INFORMAÇÃO;99 - SEM INFORMAÇÃO;999;MORTO;NÃO CÂNCER;16/08/2017;16/08/2017;16/08/2017;;
1696238;RCBP RORAIMA;MASCULINO;16/07/1974;43;PARDA;BRASIL;RORAIMA;;SEM INFORMAÇÃO;CASADO;0;SEM INFORMAÇÃO	;RORAIMA;BOA VISTA;PELE DO TRONCO;C445;CARCINOMA BASOCELULAR, SOE;80903;PELE DO TRONCO;C445;;;;;false;HISTOLOGIA DO TUMOR PRIMÁRIO;SEM INFORMAÇÃO;;;;;;;;14/08/2017;;
1696238;RCBP RORAIMA;MASCULINO;16/07/1974;43;PARDA;BRASIL;RORAIMA;;SEM INFORMAÇÃO;CASADO;0;SEM INFORMAÇÃO	;RORAIMA;BOA VISTA;PELE DE OUTRAS PARTES DA FACE;C443;CARCINOMA BASOCELULAR, SOE;80903;PELE DE OUTRAS PARTES DA FACE;C443;;;;;false;HISTOLOGIA DO TUMOR PRIMÁRIO;SEM INFORMAÇÃO;;;;;;;;14/08/2017;;
1696247;RCBP RORAIMA;FEMININO;07/05/1961;56;PARDA;BRASIL;RORAIMA;BOA VISTA;FUNDAMENTAL I (1ª A 4ª SÉRIE);SOLTEIRO;0;SEM INFORMAÇÃO	;RORAIMA;BOA VISTA;TIREOIDE, SOE;C739;CARCINOMA PAPILAR, VARIANTE FOLICULAR;83403;GLANDULA TIREOIDE;C73;;;;;false;HISTOLOGIA DO TUMOR PRIMÁRIO;SEM INFORMAÇÃO;;;;;;;;13/07/2017;;
1696395;RCBP RORAIMA;MASCULINO;28/07/1993;23;PARDA;Não informado;Não informado;Não Informado;SEM INFORMAÇÃO;SOLTEIRO;0;SEM INFORMAÇÃO	;RORAIMA;BOA VISTA;LINFONODOS DE REGIOES MULTIPLAS;C778;LINFOMA DE HODGKIN, ESCLEROSE NODULAR, SOE;96633;ESCLEROSE NODULAR;C811;;;LINFOMA DE HODGKIN;2.2;false;HISTOLOGIA DO TUMOR PRIMÁRIO;NÃO SE APLICA;;;;;;;;15/02/2017;;
1696261;RCBP RORAIMA;MASCULINO;07/12/1955;61;PARDA;BRASIL;RIO GRANDE DO NORTE;;MÉDIO (ANTIGO SEGUNDO GRAU);CASADO;0;SEM INFORMAÇÃO	;RORAIMA;SÃO JOÃO DA BALIZA;PELE DO TRONCO;C445;CARCINOMA BASOCELULAR, SOE;80903;PELE DO TRONCO;C445;;;;;false;HISTOLOGIA DO TUMOR PRIMÁRIO;LOCALIZADO;;;;;;;;28/10/2017;;
1696253;RCBP RORAIMA;FEMININO;25/01/1939;78;PARDA;BRASIL;CEARÁ;;FUNDAMENTAL I (1ª A 4ª SÉRIE);VIÚVO;0;SEM INFORMAÇÃO	;RORAIMA;BOA VISTA;PELE DE OUTRAS PARTES DA FACE;C443;CARCINOMA BASOCELULAR, SOE;80903;PELE DE OUTRAS PARTES DA FACE;C443;;;;;false;HISTOLOGIA DO TUMOR PRIMÁRIO;LOCALIZADO;;;;;;;;24/05/2017;;
1696408;RCBP RORAIMA;FEMININO;17/10/1988;29;BRANCO;BRASIL;Não informado;Não Informado;MÉDIO (ANTIGO SEGUNDO GRAU);SEM INFORMAÇÃO;0;SEM INFORMAÇÃO	;RORAIMA;BOA VISTA;COLO DO UTERO, SOE;C539;NEOPLASIA INTRA-EPITELIAL ESCAMOSA,GRAU IIII;80772;COLO DO UTERO, SOE;D069;;;;;false;CITOLOGIA;"IN SITU";;;;;;;;14/11/2017;;
1696411;RCBP RORAIMA;FEMININO;06/12/1995;21;AMARELA;BRASIL;Não informado;Não Informado;SUPERIOR COMPLETO;SEM INFORMAÇÃO;0;SEM INFORMAÇÃO	;RORAIMA;BOA VISTA;COLO DO UTERO, SOE;C539;NEOPLASIA INTRA-EPITELIAL ESCAMOSA,GRAU IIII;80772;COLO DO UTERO, SOE;D069;;;;;false;CITOLOGIA;"IN SITU";;;;;;;;27/01/2017;;
1696414;RCBP RORAIMA;MASCULINO;12/01/1949;68;PARDA;BRASIL;Não informado;;SEM ESCOLARIDADE;CASADO;622;TRABALHADORES AGRÍCOLAS   	;RORAIMA;BOA VISTA;PULMAO, SOE;C349;NEOPLASIA MALIGNA;80003;BRONQUIOS OU PULMOES, SOE;C349;;;;;false;SDO;SEM INFORMAÇÃO;SEM INFORMAÇÃO;99 - SEM INFORMAÇÃO;999;MORTO;CÂNCER;03/11/2017;03/11/2017;03/11/2017;;
1696420;RCBP RORAIMA;MASCULINO;11/04/1951;65;BRANCO;BRASIL;GOIAS;IPORÁ;FUNDAMENTAL I (1ª A 4ª SÉRIE);CASADO;622;TRABALHADORES AGRÍCOLAS   	;RORAIMA;MUCAJAÍ;PULMAO, SOE;C349;NEOPLASIA MALIGNA;80003;BRONQUIOS OU PULMOES, SOE;C349;;;;;false;HISTOLOGIA DO TUMOR PRIMÁRIO;SEM INFORMAÇÃO;SEM INFORMAÇÃO;99 - SEM INFORMAÇÃO;999;MORTO;CÂNCER;10/07/2017;10/07/2017;26/03/2017;;
1696421;RCBP RORAIMA;MASCULINO;27/07/1941;75;PARDA;BRASIL;CEARÁ;JUAZEIRO DO NORTE;FUNDAMENTAL I (1ª A 4ª SÉRIE);VIÚVO;261;PROFISSIONAIS DA COMUNICAÇÃO E DA INFORMAÇÃO  	;RORAIMA;RORAINÓPOLIS;PROSTATA, SOE;C619;NEOPLASIA MALIGNA;80003;PROSTATA;C61;;;;;false;HISTOLOGIA DO TUMOR PRIMÁRIO;SEM INFORMAÇÃO;SEM INFORMAÇÃO;99 - SEM INFORMAÇÃO;999;MORTO;CÂNCER;23/01/2017;23/01/2017;05/01/2017;;
1696423;RCBP RORAIMA;MASCULINO;29/08/1983;34;INDÍGENA;BRASIL;Não informado;;FUNDAMENTAL I (1ª A 4ª SÉRIE);SOLTEIRO;711;TRABALHADORES DA EXTRAÇÃO MINERAL 	;RORAIMA;UIRAMUTÃ;LOCALIZACAO PRIMARIA DESCONHECIDA, SOE;C809;SARCOMA DE KAPOSI;91403;SARCOMA DE KAPOSI, SOE;C469;;;;;false;SDO;SEM INFORMAÇÃO;SEM INFORMAÇÃO;99 - SEM INFORMAÇÃO;999;MORTO;CÂNCER;09/09/2017;09/09/2017;09/09/2017;;
1696432;RCBP RORAIMA;MASCULINO;14/05/1948;69;BRANCO;BRASIL;Não informado;;FUNDAMENTAL I (1ª A 4ª SÉRIE);SOLTEIRO;111;MEMBROS SUPERIORES DO PODER LEGISLATIVO, EXECUTIVO E JUDICIÁRIO   	;RORAIMA;BOA VISTA;PULMAO, SOE;C349;NEOPLASIA MALIGNA;80003;BRONQUIOS OU PULMOES, SOE;C349;;;;;false;SDO;SEM INFORMAÇÃO;SEM INFORMAÇÃO;99 - SEM INFORMAÇÃO;999;MORTO;CÂNCER;29/08/2017;29/08/2017;29/08/2017;;
1696439;RCBP RORAIMA;MASCULINO;30/08/1955;61;PARDA;BRASIL;Não informado;;MÉDIO (ANTIGO SEGUNDO GRAU);CASADO;;;RORAIMA;BOA VISTA;LESAO SOBREPOSTA DO PANCREAS;C258;NEOPLASIA MALIGNA;80003;LESAO INVASIVA DO PANCRES;C258;;;;;false;SDO;SEM INFORMAÇÃO;SEM INFORMAÇÃO;99 - SEM INFORMAÇÃO;999;MORTO;CÂNCER;15/07/2017;15/07/2017;15/07/2017;;
1696440;RCBP RORAIMA;FEMININO;24/11/1974;42;BRANCO;BRASIL;MARANHÃO;;FUNDAMENTAL II (5ª A 8ª SÉRIE);SOLTEIRO;;;RORAIMA;BOA VISTA;MAMA , SOE;C509;CARCINOMA LOBULAR, SOE;85203;MAMA , SOE;C509;;;;;false;HISTOLOGIA DO TUMOR PRIMÁRIO;SEM INFORMAÇÃO;;;;;;;;30/03/2017;;
1696445;RCBP RORAIMA;FEMININO;25/01/1979;38;PARDA;BRASIL;Não informado;Não Informado;MÉDIO (ANTIGO SEGUNDO GRAU);SEM INFORMAÇÃO;;;RORAIMA;BOA VISTA;COLO DO UTERO, SOE;C539;NEOPLASIA GLANDULAR INTRAEPITELIAL, GRAU III;81482;COLO DO UTERO, SOE;D069;;;;;false;HISTOLOGIA DO TUMOR PRIMÁRIO;"IN SITU";;;;;;;;31/08/2017;;
1696448;RCBP RORAIMA;FEMININO;10/02/1984;32;PARDA;BRASIL;RORAIMA;BOA VISTA;SUPERIOR COMPLETO;SOLTEIRO;411;ESCRITURÁRIOS EM GERAL, AGENTES, ASSISTENTES E AUXILIARES ADMINISTRATIVOS 	;RORAIMA;BOA VISTA;PULMAO, SOE;C349;NEOPLASIA MALIGNA;80003;BRONQUIOS OU PULMOES, SOE;C349;;;;;false;HISTOLOGIA DO TUMOR PRIMÁRIO;LOCALIZADO;SEM INFORMAÇÃO;99 - SEM INFORMAÇÃO;999;MORTO;CÂNCER;26/01/2017;26/01/2017;02/01/2017;;
1696449;RCBP RORAIMA;MASCULINO;14/07/1976;40;PARDA;BRASIL;Não informado;;SEM INFORMAÇÃO;SOLTEIRO;;;RORAIMA;BOA VISTA;FIGADO, SOE;C220;NEOPLASIA MALIGNA;80003;FIGADO E VIAS BILIARES INTRA-HEPATICAS;C22;;;;;false;SDO;SEM INFORMAÇÃO;SEM INFORMAÇÃO;99 - SEM INFORMAÇÃO;999;MORTO;CÂNCER;03/07/2017;03/07/2017;21/01/2017;;
1696454;RCBP RORAIMA;MASCULINO;27/02/1932;85;PARDA;BRASIL;PIAUÍ;;SEM ESCOLARIDADE;CASADO;0;SEM INFORMAÇÃO	;RORAIMA;MUCAJAÍ;PROSTATA, SOE;C619;ADENOCARCINOMA, SOE;81403;PROSTATA;C61;;;;;false;HISTOLOGIA DO TUMOR PRIMÁRIO;SEM INFORMAÇÃO;;;;;;;;25/10/2017;;
1696457;RCBP RORAIMA;MASCULINO;;;BRANCO;BRASIL;RORAIMA;;SEM ESCOLARIDADE;CASADO;;;RORAIMA;BOA VISTA;OUVIDO EXTERNO;C442;CARCINOMA BASOCELULAR, SOE;80903;PELE DA ORELHA E CONDUTO AUDITIVO EXTERNO;C442;;;;;false;HISTOLOGIA DO TUMOR PRIMÁRIO;SEM INFORMAÇÃO;;;;;;;;07/12/2017;;
1696668;RCBP RORAIMA;MASCULINO;08/09/1940;76;BRANCO;BRASIL;Não informado;;FUNDAMENTAL I (1ª A 4ª SÉRIE);CASADO;622;TRABALHADORES AGRÍCOLAS   	;RORAIMA;CARACARAÍ;LARINGE, SOE;C329;NEOPLASIA MALIGNA;80003;LARINGE, SOE;C329;;;;;false;HISTOLOGIA DO TUMOR PRIMÁRIO;METÁSTASE;SEM INFORMAÇÃO;99 - SEM INFORMAÇÃO;999;MORTO;CÂNCER;06/07/2017;06/07/2017;03/02/2017;;
1696657;RCBP RORAIMA;MASCULINO;24/02/2014;2;BRANCO;BRASIL;RORAIMA;ÁREA DE COBERTURA;SEM INFORMAÇÃO;SEM INFORMAÇÃO;;;RORAIMA;BOA VISTA;MEDULA OSSEA;C421;LEUCEMIA MIELOIDE AGUDA, SOE;98613;LEUCEMIA MIELOIDE AGUDA;C920;Leucemias mielóides agudas;I-B;;;false;HISTOLOGIA DO TUMOR PRIMÁRIO;NÃO SE APLICA;SEM INFORMAÇÃO;99 - SEM INFORMAÇÃO;999;MORTO;CÂNCER;09/05/2017;09/05/2017;18/01/2017;;
1696661;RCBP RORAIMA;FEMININO;13/01/1950;67;PARDA;BRASIL;MARANHÃO;;FUNDAMENTAL I (1ª A 4ª SÉRIE);VIÚVO;0;SEM INFORMAÇÃO	;RORAIMA;BOA VISTA;MAMA , SOE;C509;CARCINOMA "IN SITU", SOE;80102;CARCINOMA "IN SITU" DA MAMA, SOE;D059;;;;;false;HISTOLOGIA DO TUMOR PRIMÁRIO;"IN SITU";;;;;;;;26/12/2017;;
1696663;RCBP RORAIMA;FEMININO;24/03/1964;53;PARDA;BRASIL;CEARÁ;;MÉDIO (ANTIGO SEGUNDO GRAU);SEPARADO JUDICIALMENTE;0;SEM INFORMAÇÃO	;RORAIMA;BOA VISTA;PELE DO TRONCO;C445;CARCINOMA BASOCELULAR, SOE;80903;PELE DO TRONCO;C445;;;;;false;HISTOLOGIA DO TUMOR PRIMÁRIO;LOCALIZADO;;;;;;;;11/12/2017;;
1696665;RCBP RORAIMA;MASCULINO;01/02/1976;41;SEM INFORMAÇÃO;BRASIL;MARANHÃO;;SEM ESCOLARIDADE;SEM INFORMAÇÃO;0;SEM INFORMAÇÃO	;RORAIMA;BOA VISTA;COLON SIGMOIDE;C187;ADENOCARCINOMA, SOE;81403;COLON SIGMOIDE;C187;;;;;false;HISTOLOGIA DO TUMOR PRIMÁRIO;SEM INFORMAÇÃO;;;;;;;;22/02/2017;;
1696669;RCBP RORAIMA;MASCULINO;12/04/1940;76;PARDA;BRASIL;PARÁ;FARO;MÉDIO (ANTIGO SEGUNDO GRAU);CASADO;711;TRABALHADORES DA EXTRAÇÃO MINERAL 	;RORAIMA;BOA VISTA;LINFONODO, SOE;C779;LINFOMA MALIGNO, TIPO NAO HODGKIN, SOE;95913;LINFOMA NAO-HODGKIN, SOE;C859;;;;;false;HISTOLOGIA DO TUMOR PRIMÁRIO;NÃO SE APLICA;SEM INFORMAÇÃO;99 - SEM INFORMAÇÃO;999;MORTO;NÃO CÂNCER;05/01/2017;05/01/2017;01/01/2017;;
1696640;RCBP RORAIMA;MASCULINO;15/03/1936;81;PARDA;BRASIL;Não informado;Não Informado;MÉDIO (ANTIGO SEGUNDO GRAU);CASADO;782;CONDUTORES DE VEÍCULOS E OPERADORES DE EQUIPAMENTOS DE ELEVAÇÃO E DE MOVIMENTAÇÃO DE CARGAS   	;RORAIMA;BOA VISTA;PELE DE OUTRAS PARTES DA FACE;C443;CARCINOMA BASOCELULAR, SOE;80903;PELE DE OUTRAS PARTES DA FACE;C443;;;;;false;HISTOLOGIA DO TUMOR PRIMÁRIO;LOCALIZADO;;;;;;;;23/06/2017;;
1696677;RCBP RORAIMA;FEMININO;05/01/1935;82;INDÍGENA;BRASIL;RORAIMA;AMAJARI;SEM ESCOLARIDADE;CASADO;622;TRABALHADORES AGRÍCOLAS   	;RORAIMA;BOA VISTA;PULMAO, SOE;C349;NEOPLASIA MALIGNA;80003;BRONQUIOS OU PULMOES, SOE;C349;;;;;false;HISTOLOGIA DO TUMOR PRIMÁRIO;SEM INFORMAÇÃO;SEM INFORMAÇÃO;99 - SEM INFORMAÇÃO;999;MORTO;CÂNCER;23/07/2017;23/07/2017;15/03/2017;;
1696678;RCBP RORAIMA;FEMININO;08/05/1928;88;PARDA;BRASIL;RIO GRANDE DO SUL;IJUÍ;FUNDAMENTAL II (5ª A 8ª SÉRIE);VIÚVO;622;TRABALHADORES AGRÍCOLAS   	;RORAIMA;BOA VISTA;MAMA , SOE;C509;NEOPLASIA MALIGNA;80003;MAMA , SOE;C509;;;;;false;HISTOLOGIA DO TUMOR PRIMÁRIO;SEM INFORMAÇÃO;SEM INFORMAÇÃO;99 - SEM INFORMAÇÃO;999;MORTO;CÂNCER;14/06/2017;14/06/2017;13/02/2017;;
1696686;RCBP RORAIMA;FEMININO;11/12/1931;85;BRANCO;BRASIL;RIO GRANDE DO SUL;PANAMBI;FUNDAMENTAL II (5ª A 8ª SÉRIE);CASADO;0;SEM INFORMAÇÃO	;RORAIMA;BOA VISTA;GLANDULA SUPRA-RENAL, SOE;C749;NEOPLASIA MALIGNA;80003;GLANDULA SUPRA-RENAL, SOE;C749;;;;;false;HISTOLOGIA DO TUMOR PRIMÁRIO;SEM INFORMAÇÃO;SEM INFORMAÇÃO;99 - SEM INFORMAÇÃO;999;MORTO;CÂNCER;07/12/2017;07/12/2017;28/03/2017;;
1696690;RCBP RORAIMA;MASCULINO;01/01/1940;77;PARDA;BRASIL;CEARÁ;IBIAPINA;FUNDAMENTAL I (1ª A 4ª SÉRIE);CASADO;622;TRABALHADORES AGRÍCOLAS   	;RORAIMA;AMAJARI;ESTOMAGO, SOE;C169;NEOPLASIA MALIGNA;80003;ESTOMAGO, SOE;C169;;;;;false;HISTOLOGIA DO TUMOR PRIMÁRIO;SEM INFORMAÇÃO;SEM INFORMAÇÃO;99 - SEM INFORMAÇÃO;999;MORTO;CÂNCER;07/11/2017;07/11/2017;13/03/2017;;
1696694;RCBP RORAIMA;FEMININO;21/04/1974;43;PRETA;BRASIL;Não informado;Não Informado;FUNDAMENTAL I (1ª A 4ª SÉRIE);SEM INFORMAÇÃO;0;SEM INFORMAÇÃO	;RORAIMA;BOA VISTA;COLO DO UTERO, SOE;C539;NEOPLASIA INTRA-EPITELIAL ESCAMOSA,GRAU IIII;80772;COLO DO UTERO, SOE;D069;;;;;false;CITOLOGIA;"IN SITU";;;;;;;;09/08/2017;;
1696707;RCBP RORAIMA;FEMININO;20/03/1939;77;PARDA;BRASIL;AMAZONAS;;FUNDAMENTAL I (1ª A 4ª SÉRIE);CASADO;0;SEM INFORMAÇÃO	;RORAIMA;BOA VISTA;VULVA, SOE;C519;CARCINOMA ESCAMOCELULAR CERATINIZADO, SOE;80713;VULVA, SOE;C519;;;;;false;HISTOLOGIA DO TUMOR PRIMÁRIO;SEM INFORMAÇÃO;;;;;CÂNCER;10/01/2019;;21/02/2017;;
1696709;RCBP RORAIMA;FEMININO;14/06/1973;44;PARDA;BRASIL;PARAÍBA;;SUPERIOR COMPLETO;CASADO;322;TÉCNICOS DA CIÊNCIA DA SAÚDE HUMANA 	;RORAIMA;BOA VISTA;TIREOIDE, SOE;C739;CARCINOMA PAPILAR, VARIANTE FOLICULAR;83403;GLANDULA TIREOIDE;C73;;;;;false;HISTOLOGIA DO TUMOR PRIMÁRIO;METÁSTASE;;;;;;;;22/12/2017;;
1696719;RCBP RORAIMA;MASCULINO;06/01/1936;81;PARDA;BRASIL;MARANHÃO;;FUNDAMENTAL I (1ª A 4ª SÉRIE);CASADO;;;RORAIMA;ALTO ALEGRE;PELE DE OUTRAS PARTES DA FACE;C443;CARCINOMA BASOCELULAR NODULAR;80973;PELE DE OUTRAS PARTES DA FACE;C443;;;;;false;HISTOLOGIA DO TUMOR PRIMÁRIO;LOCALIZADO;;;;;;;;03/08/2017;;
1696727;RCBP RORAIMA;FEMININO;10/07/1984;32;INDÍGENA;BRASIL;RORAIMA;BONFIM;FUNDAMENTAL II (5ª A 8ª SÉRIE);CASADO;515;TRABALHADORES DOS SERVIÇOS DE SAÚDE  	;RORAIMA;BONFIM;MAMA , SOE;C509;CARCINOMA, SOE;80103;MAMA , SOE;C509;;;;;false;HISTOLOGIA DO TUMOR PRIMÁRIO;METÁSTASE;;;;;CÂNCER;02/03/2018;;23/05/2017;;
1696728;RCBP RORAIMA;FEMININO;09/08/1946;70;PARDA;BRASIL;AMAZONAS;MANAUS;FUNDAMENTAL I (1ª A 4ª SÉRIE);CASADO;0;SEM INFORMAÇÃO	;RORAIMA;BOA VISTA;MAMA , SOE;C509;CARCINOMA DUCTAL INFILTRANTE;85003;MAMA , SOE;C509;;;;;false;HISTOLOGIA DO TUMOR PRIMÁRIO;SEM INFORMAÇÃO;;;;;CÂNCER;22/02/2018;;23/03/2017;;
1696729;RCBP RORAIMA;MASCULINO;07/06/1948;68;PARDA;BRASIL;CEARÁ;VIÇOSA DO CEARÁ;FUNDAMENTAL I (1ª A 4ª SÉRIE);SOLTEIRO;0;SEM INFORMAÇÃO	;RORAIMA;BOA VISTA;CABECA DO PANCREAS;C250;NEOPLASIA MALIGNA;80003;CABECA DO PANCREAS;C250;;;;;false;HISTOLOGIA DO TUMOR PRIMÁRIO;LOCALIZADO;SEM INFORMAÇÃO;99 - SEM INFORMAÇÃO;999;MORTO;CÂNCER;18/09/2017;18/09/2017;13/02/2017;;
1696741;RCBP RORAIMA;FEMININO;28/06/1979;38;PARDA;BRASIL;Não informado;Não Informado;SEM INFORMAÇÃO;SEM INFORMAÇÃO;;;RORAIMA;BOA VISTA;COLO DO UTERO, SOE;C539;NEOPLASIA GLANDULAR INTRAEPITELIAL, GRAU III;81482;COLO DO UTERO, SOE;D069;;;;;false;HISTOLOGIA DO TUMOR PRIMÁRIO;"IN SITU";;;;;;;;27/10/2017;;
1696734;RCBP RORAIMA;FEMININO;06/08/1954;62;BRANCO;BRASIL;PARÁ;SANTARÉM;FUNDAMENTAL I (1ª A 4ª SÉRIE);SEPARADO JUDICIALMENTE;0;SEM INFORMAÇÃO	;RORAIMA;BOA VISTA;MAMA , SOE;C509;CARCINOMA DUCTAL INFILTRANTE;85003;MAMA , SOE;C509;;;;;false;HISTOLOGIA DO TUMOR PRIMÁRIO;METÁSTASE;;;;;;;;03/04/2017;;
1696735;RCBP RORAIMA;FEMININO;11/05/1931;85;BRANCO;BRASIL;RORAIMA;BOA VISTA;MÉDIO (ANTIGO SEGUNDO GRAU);VIÚVO;0;SEM INFORMAÇÃO	;RORAIMA;BOA VISTA;OVARIO, SOE;C569;NEOPLASIA MALIGNA;80003;OVARIO;C56;;;;;false;HISTOLOGIA DO TUMOR PRIMÁRIO;LOCALIZADO;SEM INFORMAÇÃO;99 - SEM INFORMAÇÃO;999;MORTO;CÂNCER;15/01/2017;15/01/2017;01/01/2017;;
780776;RCBP RORAIMA;MASCULINO;07/07/1945;71;BRANCO;BRASIL;PIAUÍ;IPIRANGA DO PIAUÍ;SEM ESCOLARIDADE;SOLTEIRO;622;TRABALHADORES AGRÍCOLAS   	;RORAIMA;BOA VISTA;ESOFAGO, SOE;C159;NEOPLASIA MALIGNA;80003;ESOFAGO, SOE;C159;;;;;false;HISTOLOGIA DO TUMOR PRIMÁRIO;SEM INFORMAÇÃO;;;;;CÂNCER;17/10/2017;;22/01/2017;;
1696923;RCBP RORAIMA;MASCULINO;09/09/1938;78;PARDA;BRASIL;RORAIMA;BONFIM;MÉDIO (ANTIGO SEGUNDO GRAU);CASADO;0;SEM INFORMAÇÃO	;RORAIMA;BOA VISTA;ESTOMAGO, SOE;C169;NEOPLASIA MALIGNA;80003;ESTOMAGO, SOE;C169;;;;;false;HISTOLOGIA DO TUMOR PRIMÁRIO;METÁSTASE;SEM INFORMAÇÃO;99 - SEM INFORMAÇÃO;999;MORTO;CÂNCER;04/09/2017;04/09/2017;03/02/2017;;
1697018;RCBP RORAIMA;MASCULINO;24/08/1956;61;BRANCO;BRASIL;RORAIMA;;MÉDIO (ANTIGO SEGUNDO GRAU);CASADO;914;MECÂNICOS DE MANUTENÇÃO VEICULAR  	;RORAIMA;BOA VISTA;LOBO SUPERIOR DO PULMAO;C341;ADENOCARCINOMA, SOE;81403;LOBO SUPERIOR, BRONQUIO OU PULMAO;C341;;;;;false;HISTOLOGIA DO TUMOR PRIMÁRIO;SEM INFORMAÇÃO;;;;;CÂNCER;18/04/2018;;04/12/2017;;
1697019;RCBP RORAIMA;FEMININO;29/09/1958;58;BRANCO;BRASIL;MARANHÃO;;FUNDAMENTAL I (1ª A 4ª SÉRIE);UNIÃO CONSENSUAL;612;PRODUTORES AGRÍCOLAS 	;RORAIMA;BOA VISTA;PELE DE OUTRAS PARTES DA FACE;C443;CARCINOMA BASOCELULAR, SOE;80903;PELE DE OUTRAS PARTES DA FACE;C443;;;;;false;HISTOLOGIA DO TUMOR PRIMÁRIO;SEM INFORMAÇÃO;;;;;;;;24/08/2017;;
1697034;RCBP RORAIMA;MASCULINO;21/05/1958;59;BRANCO;BRASIL;Não informado;;MÉDIO (ANTIGO SEGUNDO GRAU);CASADO;517;TRABALHADORES NOS SERVIÇOS DE PROTEÇÃO E SEGURANÇA	;RORAIMA;IRACEMA;ESTOMAGO, SOE;C169;NEOPLASIA MALIGNA;80003;ESTOMAGO, SOE;C169;;;;;false;SDO;SEM INFORMAÇÃO;SEM INFORMAÇÃO;99 - SEM INFORMAÇÃO;999;MORTO;CÂNCER;01/10/2017;01/10/2017;01/10/2017;;
1697035;RCBP RORAIMA;FEMININO;;;SEM INFORMAÇÃO;BRASIL;Não informado;Não Informado;SEM INFORMAÇÃO;SEM INFORMAÇÃO;0;SEM INFORMAÇÃO	;RORAIMA;BOA VISTA;COLO DO UTERO, SOE;C539;NEOPLASIA INTRA-EPITELIAL ESCAMOSA,GRAU IIII;80772;COLO DO UTERO, SOE;D069;;;;;false;CITOLOGIA;"IN SITU";;;;;;;;21/12/2017;;
1697036;RCBP RORAIMA;FEMININO;14/12/1967;49;PARDA;BRASIL;MARANHÃO;;SUPERIOR COMPLETO;UNIÃO CONSENSUAL;239;OUTROS PROFISSIONAIS DO ENSINO NÃO CLASSIFICADOS ANTERIORMENTE	;RORAIMA;BOA VISTA;COLON, SOE;C189;ADENOCARCINOMA, SOE;81403;COLON, SOE;C189;;;;;false;HISTOLOGIA DO TUMOR PRIMÁRIO;SEM INFORMAÇÃO;;;;;;;;30/10/2017;;
1699239;RCBP RORAIMA;FEMININO;11/08/1959;57;BRANCO;BRASIL;PIAUÍ;;MÉDIO (ANTIGO SEGUNDO GRAU);SEPARADO JUDICIALMENTE;411;ESCRITURÁRIOS EM GERAL, AGENTES, ASSISTENTES E AUXILIARES ADMINISTRATIVOS 	;RORAIMA;BOA VISTA;LESAO SOBREPOSTA DA MAMA;C508;CARCINOMA DUCTAL INFILTRANTE;85003;LESAO INVASIVA DA MAMA;C508;;;;;false;HISTOLOGIA DO TUMOR PRIMÁRIO;METÁSTASE;;;;;;;;10/06/2017;C76;
1696787;RCBP RORAIMA;FEMININO;22/07/1938;78;PARDA;BRASIL;SÃO PAULO;;MÉDIO (ANTIGO SEGUNDO GRAU);VIÚVO;0;SEM INFORMAÇÃO	;RORAIMA;BOA VISTA;OVARIO, SOE;C569;CISTADENOCARCINOMA SEROSO, SOE;84413;OVARIO;C56;;;;;false;HISTOLOGIA DO TUMOR PRIMÁRIO;METÁSTASE;;;;;;;;24/02/2017;;
1696834;RCBP RORAIMA;MASCULINO;16/03/1949;68;PARDA;BRASIL;RORAIMA;;MÉDIO (ANTIGO SEGUNDO GRAU);UNIÃO CONSENSUAL;351;TÉCNICOS DAS CIÊNCIAS ADMINISTRATIVAS 	;RORAIMA;BOA VISTA;RETO, SOE;C209;CARCINOMA ESCAMOCELULAR, SOE;80703;RETO;C20;;;;;false;HISTOLOGIA DO TUMOR PRIMÁRIO;SEM INFORMAÇÃO;;;;;;;;22/11/2017;;
1696791;RCBP RORAIMA;MASCULINO;08/07/1936;80;SEM INFORMAÇÃO;BRASIL;RORAIMA;CAROEBE;FUNDAMENTAL I (1ª A 4ª SÉRIE);SEM INFORMAÇÃO;622;TRABALHADORES AGRÍCOLAS   	;RORAIMA;CAROEBE;PROSTATA, SOE;C619;NEOPLASIA MALIGNA;80003;PROSTATA;C61;;;;;false;HISTOLOGIA DO TUMOR PRIMÁRIO;SEM INFORMAÇÃO;SEM INFORMAÇÃO;99 - SEM INFORMAÇÃO;999;MORTO;CÂNCER;06/11/2017;06/11/2017;21/02/2017;;
1696793;RCBP RORAIMA;FEMININO;16/08/1960;56;BRANCO;BRASIL;RORAIMA;BOA VISTA;SEM ESCOLARIDADE;SEPARADO JUDICIALMENTE;0;SEM INFORMAÇÃO	;RORAIMA;BOA VISTA;SISTEMA NERVOSO, SOE;C729;NEOPLASIA MALIGNA;80003;SISTEMA NERVOSO CENTRAL, SOE;C729;;;;;false;HISTOLOGIA DO TUMOR PRIMÁRIO;METÁSTASE;SEM INFORMAÇÃO;99 - SEM INFORMAÇÃO;999;MORTO;CÂNCER;03/10/2017;03/10/2017;16/03/2017;;
1696805;RCBP RORAIMA;FEMININO;13/11/1984;32;BRANCO;BRASIL;RORAIMA;;SUPERIOR INCOMPLETO;CASADO;524;VENDEDORES A DOMICÍLIO, AMBULANTES E EM BANCAS	;RORAIMA;BOA VISTA;MAMA , SOE;C509;CARCINOMA MEDULAR, SOE;85103;MAMA , SOE;C509;;;;;false;HISTOLOGIA DO TUMOR PRIMÁRIO;LOCALIZADO;;;;;;;;10/03/2017;;
1696827;RCBP RORAIMA;FEMININO;23/06/1943;73;BRANCO;BRASIL;RORAIMA;BOA VISTA;FUNDAMENTAL I (1ª A 4ª SÉRIE);VIÚVO;0;SEM INFORMAÇÃO	;RORAIMA;BOA VISTA;INTESTINO DELGADO, SOE;C179;NEOPLASIA MALIGNA;80003;INTESTINO DELGADO, SOE;C179;;;;;false;HISTOLOGIA DO TUMOR PRIMÁRIO;SEM INFORMAÇÃO;SEM INFORMAÇÃO;99 - SEM INFORMAÇÃO;999;MORTO;CÂNCER;30/08/2017;30/08/2017;16/01/2017;;
1696745;RCBP RORAIMA;FEMININO;07/04/1968;48;INDÍGENA;BRASIL;RORAIMA;ALTO ALEGRE;SEM ESCOLARIDADE;SOLTEIRO;;;RORAIMA;ALTO ALEGRE;PERITONIO, SOE;C482;NEOPLASIA MALIGNA;80003;PERITONIO, SOE;C482;;;;;false;HISTOLOGIA DO TUMOR PRIMÁRIO;SEM INFORMAÇÃO;SEM INFORMAÇÃO;99 - SEM INFORMAÇÃO;999;MORTO;CÂNCER;31/07/2017;31/07/2017;10/01/2017;;
1696828;RCBP RORAIMA;FEMININO;03/04/1959;57;INDÍGENA;BRASIL;RORAIMA;ALTO ALEGRE;SEM ESCOLARIDADE;SEM INFORMAÇÃO;;;RORAIMA;ALTO ALEGRE;MAMA , SOE;C509;NEOPLASIA MALIGNA;80003;MAMA , SOE;C509;;;;;false;HISTOLOGIA DO TUMOR PRIMÁRIO;METÁSTASE;SEM INFORMAÇÃO;99 - SEM INFORMAÇÃO;999;MORTO;CÂNCER;18/10/2017;18/10/2017;15/01/2017;;
1696833;RCBP RORAIMA;MASCULINO;15/10/1949;67;PARDA;BRASIL;MARANHÃO;;FUNDAMENTAL I (1ª A 4ª SÉRIE);CASADO;612;PRODUTORES AGRÍCOLAS 	;RORAIMA;RORAINÓPOLIS;PELE DE OUTRAS PARTES DA FACE;C443;CARCINOMA BASOCELULAR, SOE;80903;PELE DE OUTRAS PARTES DA FACE;C443;;;;;false;HISTOLOGIA DO TUMOR PRIMÁRIO;SEM INFORMAÇÃO;;;;;;;;17/08/2017;;
1696837;RCBP RORAIMA;MASCULINO;10/05/1943;73;PARDA;BRASIL;PIAUÍ;PICOS;SEM ESCOLARIDADE;VIÚVO;622;TRABALHADORES AGRÍCOLAS   	;RORAIMA;BOA VISTA;ESOFAGO, SOE;C159;NEOPLASIA MALIGNA;80003;ESOFAGO, SOE;C159;;;;;false;HISTOLOGIA DO TUMOR PRIMÁRIO;SEM INFORMAÇÃO;SEM INFORMAÇÃO;99 - SEM INFORMAÇÃO;999;MORTO;CÂNCER;26/12/2017;26/12/2017;20/02/2017;;
1696842;RCBP RORAIMA;MASCULINO;05/05/1963;54;BRANCO;BRASIL;PARÁ;;FUNDAMENTAL II (5ª A 8ª SÉRIE);CASADO;715;TRABALHADORES DA CONSTRUÇÃO CIVIL E OBRAS PÚBLICAS	;RORAIMA;BOA VISTA;PELE, SOE;C449;CARCINOMA BASOCELULAR, SOE;80903;NEOPLASIA MALIGNA DA PELE;C449;;;;;false;HISTOLOGIA DO TUMOR PRIMÁRIO;LOCALIZADO;;;;;;;;15/05/2017;;
1696843;RCBP RORAIMA;MASCULINO;29/08/1938;78;PARDA;BRASIL;MINAS GERAIS;ÁGUAS FORMOSAS;MÉDIO (ANTIGO SEGUNDO GRAU);CASADO;0;SEM INFORMAÇÃO	;RORAIMA;BOA VISTA;PULMAO, SOE;C349;NEOPLASIA MALIGNA;80003;BRONQUIOS OU PULMOES, SOE;C349;;;;;false;SDO;SEM INFORMAÇÃO;SEM INFORMAÇÃO;99 - SEM INFORMAÇÃO;999;MORTO;CÂNCER;05/01/2017;05/01/2017;01/01/2017;;
1696747;RCBP RORAIMA;MASCULINO;16/01/1958;58;PARDA;BRASIL;RORAIMA;BOA VISTA;MÉDIO (ANTIGO SEGUNDO GRAU);UNIÃO CONSENSUAL;239;OUTROS PROFISSIONAIS DO ENSINO NÃO CLASSIFICADOS ANTERIORMENTE	;RORAIMA;BOA VISTA;PELE DE OUTRAS PARTES DA FACE;C443;CARCINOMA BASOCELULAR NODULAR;80973;PELE DE OUTRAS PARTES DA FACE;C443;;;;;false;HISTOLOGIA DO TUMOR PRIMÁRIO;SEM INFORMAÇÃO;;;;;;;;05/01/2017;;
1696849;RCBP RORAIMA;MASCULINO;10/01/1950;67;PARDA;BRASIL;RORAIMA;;FUNDAMENTAL I (1ª A 4ª SÉRIE);SOLTEIRO;611;PRODUTORES AGROPECUÁRIOS EM GERAL 	;RORAIMA;BOA VISTA;PELE DE OUTRAS PARTES DA FACE;C443;CARCINOMA BASOCELULAR NODULAR;80973;PELE DE OUTRAS PARTES DA FACE;C443;;;;;false;HISTOLOGIA DO TUMOR PRIMÁRIO;LOCALIZADO;;;;;;;;24/04/2017;;
1696852;RCBP RORAIMA;MASCULINO;12/08/1950;66;PARDA;BRASIL;AMAZONAS;MANAUS;MÉDIO (ANTIGO SEGUNDO GRAU);SOLTEIRO;622;TRABALHADORES AGRÍCOLAS   	;RORAIMA;BOA VISTA;MEDULA OSSEA;C421;LEUCEMIA MIELOIDE CRONICA, SOE;98633;LEUCEMIA MIELOIDE CRONICA;C921;;;;;false;HISTOLOGIA DO TUMOR PRIMÁRIO;NÃO SE APLICA;SEM INFORMAÇÃO;99 - SEM INFORMAÇÃO;999;MORTO;CÂNCER;27/05/2017;27/05/2017;18/01/2017;;
1696854;RCBP RORAIMA;MASCULINO;22/12/1955;61;PARDA;BRASIL;CEARÁ;;MÉDIO (ANTIGO SEGUNDO GRAU);CASADO;715;TRABALHADORES DA CONSTRUÇÃO CIVIL E OBRAS PÚBLICAS	;RORAIMA;BOA VISTA;PROSTATA, SOE;C619;ADENOCARCINOMA, SOE;81403;PROSTATA;C61;;;;;false;HISTOLOGIA DO TUMOR PRIMÁRIO;SEM INFORMAÇÃO;;;;;;;;27/05/2017;;
1696870;RCBP RORAIMA;MASCULINO;02/04/1976;40;PARDA;BRASIL;RORAIMA;BOA VISTA;MÉDIO (ANTIGO SEGUNDO GRAU);SOLTEIRO;512;TRABALHADORES DOS SERVIÇOS DOMÉSTICOS EM GERAL	;RORAIMA;BOA VISTA;ESTOMAGO, SOE;C169;NEOPLASIA MALIGNA;80003;ESTOMAGO, SOE;C169;;;;;false;HISTOLOGIA DO TUMOR PRIMÁRIO;SEM INFORMAÇÃO;SEM INFORMAÇÃO;99 - SEM INFORMAÇÃO;999;MORTO;CÂNCER;08/07/2017;08/07/2017;15/02/2017;;
1696881;RCBP RORAIMA;FEMININO;18/08/1981;35;BRANCO;Não informado;Não informado;Não Informado;FUNDAMENTAL I (1ª A 4ª SÉRIE);UNIÃO CONSENSUAL;0;SEM INFORMAÇÃO	;RORAIMA;BOA VISTA;OUVIDO EXTERNO;C442;MELANOMA MALIGNO, SOE;87203;MELANOMA MALIGNO DA ORELHA E CONDUTO AUDITIVO EXT.;C432;;;;;false;HISTOLOGIA DO TUMOR PRIMÁRIO;METÁSTASE;;;;;;;;14/08/2017;;
1696886;RCBP RORAIMA;MASCULINO;01/10/1969;47;PARDA;BRASIL;SÃO PAULO;;SUPERIOR COMPLETO;CASADO;239;OUTROS PROFISSIONAIS DO ENSINO NÃO CLASSIFICADOS ANTERIORMENTE	;RORAIMA;BOA VISTA;LOCALIZACAO PRIMARIA DESCONHECIDA, SOE;C809;NEOPLASIA MALIGNA;80003;LOCALIZACAO PRIMARIA DESCONHECIDA;C80;;;;;false;HISTOLOGIA DO TUMOR PRIMÁRIO;METÁSTASE;;;;;;;;05/06/2017;C76;
1696887;RCBP RORAIMA;MASCULINO;20/10/1997;19;PARDA;BRASIL;RORAIMA;;MÉDIO (ANTIGO SEGUNDO GRAU);SOLTEIRO;0;SEM INFORMAÇÃO	;RORAIMA;BOA VISTA;LOCALIZACAO PRIMARIA DESCONHECIDA, SOE;C809;LINFOMA MALIGNO, TIPO NAO HODGKIN, SOE;95913;LINFOMA NAO-HODGKIN, SOE;C859;Linfoma não-Hodgkin;II-B;LINFOMA NÃO-HODGKIN;2.1;false;HISTOLOGIA DO TUMOR PRIMÁRIO;NÃO SE APLICA;;;;;CÂNCER;13/07/2017;;02/01/2017;;
1696888;RCBP RORAIMA;FEMININO;26/03/1985;32;BRANCO;BRASIL;Não informado;Não Informado;MÉDIO (ANTIGO SEGUNDO GRAU);SEM INFORMAÇÃO;;;RORAIMA;BOA VISTA;COLO DO UTERO, SOE;C539;CARCINOMA ESCAMOCELULAR, SOE;80703;COLO DO UTERO, SOE;C539;;;;;false;HISTOLOGIA DO TUMOR PRIMÁRIO;SEM INFORMAÇÃO;;;;;;;;06/11/2017;;
1696891;RCBP RORAIMA;MASCULINO;27/09/1979;37;PARDA;BRASIL;AMAZONAS;MANAUS;MÉDIO (ANTIGO SEGUNDO GRAU);CASADO;232;PROFESSORES DO ENSINO MÉDIO   	;RORAIMA;BOA VISTA;RIM, SOE;C649;NEOPLASIA MALIGNA;80003;RIM;C64;;;;;false;HISTOLOGIA DO TUMOR PRIMÁRIO;SEM INFORMAÇÃO;SEM INFORMAÇÃO;99 - SEM INFORMAÇÃO;999;MORTO;CÂNCER;21/10/2017;21/10/2017;10/02/2017;;
1696898;RCBP RORAIMA;MASCULINO;18/08/1952;64;PARDA;BRASIL;PIAUÍ;;MÉDIO (ANTIGO SEGUNDO GRAU);CASADO;0;SEM INFORMAÇÃO	;RORAIMA;BOA VISTA;LOCALIZACAO PRIMARIA DESCONHECIDA, SOE;C809;ADENOCARCINOMA, SOE;81403;LOCALIZACAO PRIMARIA DESCONHECIDA;C80;;;;;false;CITOLOGIA;SEM INFORMAÇÃO;;;;;;;;09/06/2017;;
1696744;RCBP RORAIMA;MASCULINO;09/04/1965;52;BRANCO;BRASIL;RORAIMA;BOA VISTA;MÉDIO (ANTIGO SEGUNDO GRAU);CASADO;0;SEM INFORMAÇÃO	;RORAIMA;AMAJARI;PELE DE OUTRAS PARTES DA FACE;C443;CARCINOMA BASOCELULAR, SOE;80903;PELE DE OUTRAS PARTES DA FACE;C443;;;;;false;HISTOLOGIA DO TUMOR PRIMÁRIO;LOCALIZADO;;;;;;;;01/08/2017;;
1696916;RCBP RORAIMA;MASCULINO;07/02/1970;47;INDÍGENA;BRASIL;RORAIMA;;FUNDAMENTAL I (1ª A 4ª SÉRIE);CASADO;631;PESCADORES E CAÇADORES	;RORAIMA;BOA VISTA;OSSOS CRANIO, FACE E ARTICUL. ASSOCIADAS;C410;OSTEOSSARCOMA, SOE;91803;OSSOS CRANIO E DA FACE;C410;;;;;false;HISTOLOGIA DO TUMOR PRIMÁRIO;LOCALIZADO;;;;;;;;27/06/2017;;
1696928;RCBP RORAIMA;MASCULINO;;56;PARDA;BRASIL;RORAIMA;AMAJARI;SEM ESCOLARIDADE;SOLTEIRO;622;TRABALHADORES AGRÍCOLAS   	;RORAIMA;AMAJARI;FIGADO, SOE;C220;CARCINOMA HEPATOCELULAR, SOE;81703;CARCINOMA DE CELULAS HEPATICAS;C220;;;;;false;HISTOLOGIA DO TUMOR PRIMÁRIO;METÁSTASE;SEM INFORMAÇÃO;99 - SEM INFORMAÇÃO;999;MORTO;CÂNCER;02/08/2017;02/08/2017;20/01/2017;;
1696934;RCBP RORAIMA;MASCULINO;29/09/1946;70;BRANCO;BRASIL;RORAIMA;BOA VISTA;FUNDAMENTAL I (1ª A 4ª SÉRIE);CASADO;516;TRABALHADORES NOS SERVIÇOS DE EMBELEZAMENTO E CUIDADOS PESSOAIS   	;RORAIMA;BOA VISTA;PROSTATA, SOE;C619;NEOPLASIA MALIGNA;80003;PROSTATA;C61;;;;;false;HISTOLOGIA DO TUMOR PRIMÁRIO;SEM INFORMAÇÃO;SEM INFORMAÇÃO;99 - SEM INFORMAÇÃO;999;MORTO;CÂNCER;06/12/2017;06/12/2017;10/03/2017;;
1696938;RCBP RORAIMA;MASCULINO;30/07/1928;88;PARDA;BRASIL;RORAIMA;BOA VISTA;SUPERIOR COMPLETO;CASADO;0;SEM INFORMAÇÃO	;RORAIMA;BOA VISTA;PULMAO, SOE;C349;NEOPLASIA MALIGNA;80003;BRONQUIOS OU PULMOES, SOE;C349;;;;;false;HISTOLOGIA DO TUMOR PRIMÁRIO;SEM INFORMAÇÃO;SEM INFORMAÇÃO;99 - SEM INFORMAÇÃO;999;MORTO;CÂNCER;09/01/2017;09/01/2017;02/01/2017;;
1696941;RCBP RORAIMA;MASCULINO;05/08/1971;45;PARDA;BRASIL;PERNAMBUCO;;FUNDAMENTAL I (1ª A 4ª SÉRIE);CASADO;848;TRABALHADORES ARTESANAIS NA  AGROINDÚSTRIA, NA INDÚSTRIA DE ALIMENTOS E DO FUMO   	;RORAIMA;CANTÁ;TECIDOS MOLES DO MEMBRO INFERIOR E QUADRIL;C492;SARCOMA DE CELULAS GIGANTES;88023;TECIDOS MOLES DO MEMBRO INFERIOR E QUADRIL;C492;;;;;false;HISTOLOGIA DO TUMOR PRIMÁRIO;SEM INFORMAÇÃO;;;;;;;;15/03/2017;C76;
1696983;RCBP RORAIMA;FEMININO;19/05/1954;62;PARDA;BRASIL;RORAIMA;;SEM INFORMAÇÃO;SOLTEIRO;521;VENDEDORES E DEMONSTRADORES   	;RORAIMA;BOA VISTA;PULMAO, SOE;C349;CARCINOMA ESCAMOCELULAR, SOE;80703;BRONQUIOS OU PULMOES, SOE;C349;;;;;false;HISTOLOGIA DO TUMOR PRIMÁRIO;METÁSTASE;;;;;NÃO CÂNCER;01/02/2017;;10/01/2017;;
1696984;RCBP RORAIMA;FEMININO;16/07/1942;74;BRANCO;BRASIL;PARAÍBA;;FUNDAMENTAL I (1ª A 4ª SÉRIE);VIÚVO;0;SEM INFORMAÇÃO	;RORAIMA;BOA VISTA;PELE DE OUTRAS PARTES DA FACE;C443;CARCINOMA BASOCELULAR, SOE;80903;PELE DE OUTRAS PARTES DA FACE;C443;;;;;false;HISTOLOGIA DO TUMOR PRIMÁRIO;LOCALIZADO;;;;;;;;02/05/2017;;
1696990;RCBP RORAIMA;FEMININO;04/03/1945;72;BRANCO;BRASIL;RORAIMA;;FUNDAMENTAL II (5ª A 8ª SÉRIE);CASADO;0;SEM INFORMAÇÃO	;RORAIMA;BOA VISTA;PERITONIO, SOE;C482;MESOTELIOMA EPITELIOIDE MALIGNO;90523;MESOTELIOMA DE OUTRAS LOCALIZACOES;C457;;;;;false;HISTOLOGIA DO TUMOR PRIMÁRIO;SEM INFORMAÇÃO;;;;;CÂNCER;15/09/2018;;20/06/2017;;
1696995;RCBP RORAIMA;MASCULINO;24/06/1923;93;INDÍGENA;BRASIL;RORAIMA;CANTÁ;SEM ESCOLARIDADE;SOLTEIRO;;;RORAIMA;CANTÁ;PROSTATA, SOE;C619;NEOPLASIA MALIGNA;80003;PROSTATA;C61;;;;;false;HISTOLOGIA DO TUMOR PRIMÁRIO;SEM INFORMAÇÃO;SEM INFORMAÇÃO;99 - SEM INFORMAÇÃO;999;MORTO;CÂNCER;20/06/2017;20/06/2017;15/01/2017;;
1696996;RCBP RORAIMA;MASCULINO;01/07/1960;56;PARDA;BRASIL;MARANHÃO;PINHEIRO;FUNDAMENTAL I (1ª A 4ª SÉRIE);SOLTEIRO;842;OPERADORES NA PREPARAÇÃO DE FUMO E NA FABRICAÇÃO DE CHARUTOS E CIGARROS   	;RORAIMA;BOA VISTA;CEREBRO;C710;NEOPLASIA MALIGNA;80003;CEREBRO;C710;;;;;false;HISTOLOGIA DO TUMOR PRIMÁRIO;SEM INFORMAÇÃO;SEM INFORMAÇÃO;99 - SEM INFORMAÇÃO;999;MORTO;CÂNCER;19/03/2017;19/03/2017;03/01/2017;;
1697000;RCBP RORAIMA;MASCULINO;26/07/1955;62;PARDA;BRASIL;CEARÁ;;FUNDAMENTAL I (1ª A 4ª SÉRIE);UNIÃO CONSENSUAL;622;TRABALHADORES AGRÍCOLAS   	;RORAIMA;BOA VISTA;COLON SIGMOIDE;C187;ADENOCARCINOMA, SOE;81403;COLON SIGMOIDE;C187;;;;;false;HISTOLOGIA DO TUMOR PRIMÁRIO;SEM INFORMAÇÃO;;;;;;;;20/09/2017;;
1697008;RCBP RORAIMA;MASCULINO;15/10/1946;70;PARDA;BRASIL;Não informado;;SEM ESCOLARIDADE;SOLTEIRO;622;TRABALHADORES AGRÍCOLAS   	;RORAIMA;CANTÁ;FIGADO, SOE;C220;NEOPLASIA MALIGNA;80003;FIGADO E VIAS BILIARES INTRA-HEPATICAS;C22;;;;;false;SDO;SEM INFORMAÇÃO;SEM INFORMAÇÃO;99 - SEM INFORMAÇÃO;999;MORTO;NÃO CÂNCER;19/06/2017;19/06/2017;19/06/2017;;
1697010;RCBP RORAIMA;MASCULINO;21/12/1930;86;PRETA;BRASIL;Não informado;;MÉDIO (ANTIGO SEGUNDO GRAU);SOLTEIRO;711;TRABALHADORES DA EXTRAÇÃO MINERAL 	;RORAIMA;BOA VISTA;PROSTATA, SOE;C619;NEOPLASIA MALIGNA;80003;PROSTATA;C61;;;;;false;SDO;SEM INFORMAÇÃO;SEM INFORMAÇÃO;99 - SEM INFORMAÇÃO;999;MORTO;CÂNCER;19/12/2017;19/12/2017;19/12/2017;;
1697021;RCBP RORAIMA;MASCULINO;05/06/1943;74;PARDA;BRASIL;Não informado;;SEM ESCOLARIDADE;CASADO;622;TRABALHADORES AGRÍCOLAS   	;RORAIMA;BOA VISTA;FIGADO, SOE;C220;NEOPLASIA MALIGNA;80003;FIGADO E VIAS BILIARES INTRA-HEPATICAS;C22;;;;;false;SDO;SEM INFORMAÇÃO;SEM INFORMAÇÃO;99 - SEM INFORMAÇÃO;999;MORTO;CÂNCER;28/07/2017;28/07/2017;28/07/2017;;
1697017;RCBP RORAIMA;MASCULINO;06/06/1950;67;PARDA;BRASIL;Não informado;;FUNDAMENTAL I (1ª A 4ª SÉRIE);SEM INFORMAÇÃO;342;TÉCNICOS EM TRANSPORTES (LOGÍSTICA)   	;RORAIMA;BOA VISTA;PROSTATA, SOE;C619;NEOPLASIA MALIGNA;80003;PROSTATA;C61;;;;;false;SDO;SEM INFORMAÇÃO;SEM INFORMAÇÃO;99 - SEM INFORMAÇÃO;999;MORTO;CÂNCER;14/12/2017;14/12/2017;14/12/2017;;
1697117;RCBP RORAIMA;FEMININO;20/03/1948;69;PARDA;BRASIL;Não informado;;FUNDAMENTAL I (1ª A 4ª SÉRIE);UNIÃO CONSENSUAL;622;TRABALHADORES AGRÍCOLAS   	;RORAIMA;BOA VISTA;COLO DO UTERO, SOE;C539;NEOPLASIA MALIGNA;80003;COLO DO UTERO, SOE;C539;;;;;false;SDO;SEM INFORMAÇÃO;SEM INFORMAÇÃO;99 - SEM INFORMAÇÃO;999;MORTO;CÂNCER;06/12/2017;06/12/2017;06/12/2017;;
1697022;RCBP RORAIMA;MASCULINO;20/06/1983;33;BRANCO;BRASIL;CEARÁ;;MÉDIO (ANTIGO SEGUNDO GRAU);SOLTEIRO;731;MONTADORES E INSTALADORES DE EQUIPAMENTOS ELETROELETRÔNICOS EM GERAL  	;RORAIMA;BOA VISTA;LABIO INFERIOR, SOE;C001;CARCINOMA ESCAMOCELULAR, SOE;80703;LABIO INFERIOR EXTERNO;C001;;;;;false;HISTOLOGIA DO TUMOR PRIMÁRIO;SEM INFORMAÇÃO;;;;;;;;31/05/2017;;
1697023;RCBP RORAIMA;MASCULINO;19/03/1949;67;BRANCO;BRASIL;Não informado;;MÉDIO (ANTIGO SEGUNDO GRAU);SOLTEIRO;232;PROFESSORES DO ENSINO MÉDIO   	;RORAIMA;BOA VISTA;ENCEFALO, SOE;C719;NEOPLASIA MALIGNA;80003;ENCEFALO, SOE;C719;;;;;false;SDO;SEM INFORMAÇÃO;SEM INFORMAÇÃO;99 - SEM INFORMAÇÃO;999;MORTO;CÂNCER;10/02/2017;10/02/2017;10/02/2017;;
1697025;RCBP RORAIMA;MASCULINO;10/05/1955;61;BRANCO;BRASIL;MARANHÃO;;FUNDAMENTAL I (1ª A 4ª SÉRIE);SEPARADO JUDICIALMENTE;517;TRABALHADORES NOS SERVIÇOS DE PROTEÇÃO E SEGURANÇA	;RORAIMA;BOA VISTA;PELE DE OUTRAS PARTES DA FACE;C443;CARCINOMA BASOCELULAR NODULAR;80973;PELE DE OUTRAS PARTES DA FACE;C443;;;;;false;HISTOLOGIA DO TUMOR PRIMÁRIO;LOCALIZADO;;;;;;;;27/04/2017;;
1697039;RCBP RORAIMA;MASCULINO;28/05/2011;5;INDÍGENA;BRASIL;Não informado;;SEM INFORMAÇÃO;SEM INFORMAÇÃO;;;RORAIMA;ALTO ALEGRE;ENCEFALO, SOE;C719;NEOPLASIA MALIGNA;80003;ENCEFALO, SOE;C719;Neoplasias intracranianas e intra-espinhais não especificadas;III-F;;;false;SDO;SEM INFORMAÇÃO;SEM INFORMAÇÃO;99 - SEM INFORMAÇÃO;999;MORTO;CÂNCER;17/01/2017;17/01/2017;17/01/2017;;
1697104;RCBP RORAIMA;MASCULINO;25/09/1969;47;PARDA;BRASIL;MARANHÃO;;FUNDAMENTAL I (1ª A 4ª SÉRIE);UNIÃO CONSENSUAL;516;TRABALHADORES NOS SERVIÇOS DE EMBELEZAMENTO E CUIDADOS PESSOAIS   	;RORAIMA;BOA VISTA;LARINGE, SOE;C329;CARCINOMA ESCAMOCELULAR, SOE;80703;LARINGE, SOE;C329;;;;;false;HISTOLOGIA DO TUMOR PRIMÁRIO;SEM INFORMAÇÃO;;;;;;;;11/04/2017;;
1697105;RCBP RORAIMA;MASCULINO;28/08/1971;45;PARDA;BRASIL;MARANHÃO;;FUNDAMENTAL II (5ª A 8ª SÉRIE);CASADO;953;ELETRICISTAS ELETRÔNICOS DE MANUTENÇÃO VEICULAR  	;RORAIMA;BOA VISTA;PROSTATA, SOE;C619;ADENOCARCINOMA, SOE;81403;PROSTATA;C61;;;;;false;HISTOLOGIA DO TUMOR PRIMÁRIO;SEM INFORMAÇÃO;;;;;;;;05/06/2017;;
1697106;RCBP RORAIMA;MASCULINO;08/11/1950;66;PARDA;BRASIL;Não informado;;MÉDIO (ANTIGO SEGUNDO GRAU);CASADO;622;TRABALHADORES AGRÍCOLAS   	;RORAIMA;CANTÁ;LINFONODO, SOE;C779;LINFOMA DE HODGKIN, SOE;96503;DOENCA DE HODGKIN, SOE;C819;;;;;false;SDO;NÃO SE APLICA;SEM INFORMAÇÃO;99 - SEM INFORMAÇÃO;999;MORTO;CÂNCER;27/09/2017;27/09/2017;27/09/2017;;
1697111;RCBP RORAIMA;FEMININO;11/02/1970;47;PARDA;BRASIL;MARANHÃO;;SUPERIOR COMPLETO;CASADO;239;OUTROS PROFISSIONAIS DO ENSINO NÃO CLASSIFICADOS ANTERIORMENTE	;RORAIMA;BOA VISTA;MAMA , SOE;C509;CARCINOMA DUCTAL INFILTRANTE;85003;MAMA , SOE;C509;;;;;false;HISTOLOGIA DO TUMOR PRIMÁRIO;METÁSTASE;;;;;;;;05/04/2017;;
1697114;RCBP RORAIMA;FEMININO;30/08/1981;36;PARDA;BRASIL;Não informado;;SUPERIOR COMPLETO;SOLTEIRO;411;ESCRITURÁRIOS EM GERAL, AGENTES, ASSISTENTES E AUXILIARES ADMINISTRATIVOS 	;RORAIMA;BOA VISTA;OVARIO, SOE;C569;NEOPLASIA MALIGNA;80003;OVARIO;C56;;;;;false;SDO;SEM INFORMAÇÃO;SEM INFORMAÇÃO;99 - SEM INFORMAÇÃO;999;MORTO;CÂNCER;16/11/2017;16/11/2017;16/11/2017;;
1697118;RCBP RORAIMA;MASCULINO;04/04/1945;72;PARDA;BRASIL;Não informado;;FUNDAMENTAL II (5ª A 8ª SÉRIE);VIÚVO;622;TRABALHADORES AGRÍCOLAS   	;RORAIMA;BOA VISTA;PROSTATA, SOE;C619;NEOPLASIA MALIGNA;80003;PROSTATA;C61;;;;;false;SDO;SEM INFORMAÇÃO;SEM INFORMAÇÃO;99 - SEM INFORMAÇÃO;999;MORTO;CÂNCER;02/07/2017;02/07/2017;02/07/2017;;
1697125;RCBP RORAIMA;MASCULINO;01/01/1935;82;PARDA;BRASIL;Não informado;;MÉDIO (ANTIGO SEGUNDO GRAU);CASADO;914;MECÂNICOS DE MANUTENÇÃO VEICULAR  	;RORAIMA;BOA VISTA;PROSTATA, SOE;C619;NEOPLASIA MALIGNA;80003;PROSTATA;C61;;;;;false;SDO;SEM INFORMAÇÃO;SEM INFORMAÇÃO;99 - SEM INFORMAÇÃO;999;MORTO;CÂNCER;10/05/2017;10/05/2017;10/05/2017;;
558275;RCBP RORAIMA;MASCULINO;03/03/1945;72;BRANCO;BRASIL;RORAIMA;;SUPERIOR COMPLETO;SEPARADO JUDICIALMENTE;223;PROFISSIONAIS DA MEDICINA, SAÚDE E AFINS  	;RORAIMA;BOA VISTA;COLON TRANSVERSO;C184;ADENOCARCINOMA, SOE;81403;COLON TRANSVERSO;C184;;;;;false;HISTOLOGIA DA METÁSTASE;SEM INFORMAÇÃO;;;;;;;;08/06/2017;;
713431;RCBP RORAIMA;MASCULINO;13/10/1945;72;BRANCO;BRASIL;RIO GRANDE DO NORTE;;MÉDIO (ANTIGO SEGUNDO GRAU);CASADO;;;RORAIMA;BOA VISTA;PELE DO TRONCO;C445;CARCINOMA BASOCELULAR, SOE;80903;PELE DO TRONCO;C445;;;;;false;HISTOLOGIA DO TUMOR PRIMÁRIO;SEM INFORMAÇÃO;;;;;;;;01/11/2017;;
1696754;RCBP RORAIMA;MASCULINO;19/08/1942;74;PARDA;BRASIL;MARANHÃO;;SEM ESCOLARIDADE;CASADO;622;TRABALHADORES AGRÍCOLAS   	;RORAIMA;BOA VISTA;PROSTATA, SOE;C619;ADENOCARCINOMA, SOE;81403;PROSTATA;C61;;;;;false;HISTOLOGIA DO TUMOR PRIMÁRIO;SEM INFORMAÇÃO;;;;;;;;13/06/2017;;
1696764;RCBP RORAIMA;MASCULINO;20/05/1954;62;PARDA;BRASIL;RIO GRANDE DO NORTE;;FUNDAMENTAL I (1ª A 4ª SÉRIE);CASADO;848;TRABALHADORES ARTESANAIS NA  AGROINDÚSTRIA, NA INDÚSTRIA DE ALIMENTOS E DO FUMO   	;RORAIMA;BOA VISTA;LOCALIZACAO PRIMARIA DESCONHECIDA, SOE;C809;NEOPLASIA MALIGNA;80003;LOCALIZACAO PRIMARIA DESCONHECIDA;C80;;;;;false;CITOLOGIA;SEM INFORMAÇÃO;;;;;CÂNCER;10/03/2017;;23/01/2017;;
1696774;RCBP RORAIMA;FEMININO;28/09/1940;76;PARDA;BRASIL;MARANHÃO;PRESIDENTE DUTRA;FUNDAMENTAL I (1ª A 4ª SÉRIE);CASADO;612;PRODUTORES AGRÍCOLAS 	;RORAIMA;BOA VISTA;VULVA, SOE;C519;CARCINOMA ESCAMOCELULAR, SOE;80703;VULVA, SOE;C519;;;;;false;HISTOLOGIA DO TUMOR PRIMÁRIO;METÁSTASE;;;;;;;;19/04/2017;;
1696778;RCBP RORAIMA;FEMININO;04/06/1984;33;PARDA;BRASIL;PARÁ;;MÉDIO (ANTIGO SEGUNDO GRAU);SOLTEIRO;0;SEM INFORMAÇÃO	;RORAIMA;BOA VISTA;COLO DO UTERO, SOE;C539;CARCINOMA ESCAMOCELULAR, SOE;80703;COLO DO UTERO, SOE;C539;;;;;false;HISTOLOGIA DO TUMOR PRIMÁRIO;SEM INFORMAÇÃO;;;;;;;;14/07/2017;;
1697796;RCBP RORAIMA;MASCULINO;20/05/1960;56;BRANCO;BRASIL;MINAS GERAIS;SANTA BÁRBARA;SEM ESCOLARIDADE;UNIÃO CONSENSUAL;720;SUPERVISORES DA TRANSFORMAÇÃO DE METAIS E DE COMPÓSITOS   	;RORAIMA;BOA VISTA;ESOFAGO, SOE;C159;NEOPLASIA MALIGNA;80003;ESOFAGO, SOE;C159;;;;;false;HISTOLOGIA DO TUMOR PRIMÁRIO;SEM INFORMAÇÃO;SEM INFORMAÇÃO;99 - SEM INFORMAÇÃO;999;MORTO;CÂNCER;26/07/2017;26/07/2017;07/01/2017;;
1697751;RCBP RORAIMA;FEMININO;09/06/1951;66;BRANCO;BRASIL;Não informado;;FUNDAMENTAL I (1ª A 4ª SÉRIE);SEM INFORMAÇÃO;;;RORAIMA;CAROEBE;COLO DO UTERO, SOE;C539;NEOPLASIA MALIGNA;80003;COLO DO UTERO, SOE;C539;;;;;false;SDO;SEM INFORMAÇÃO;SEM INFORMAÇÃO;99 - SEM INFORMAÇÃO;999;MORTO;CÂNCER;25/10/2017;25/10/2017;25/10/2017;;
1697808;RCBP RORAIMA;FEMININO;21/08/1989;27;PARDA;Não informado;Não informado;Não Informado;MÉDIO (ANTIGO SEGUNDO GRAU);VIÚVO;0;SEM INFORMAÇÃO	;RORAIMA;BOA VISTA;COLO DO UTERO, SOE;C539;CARCINOMA ESCAMOSO MICRO-INVASOR;80763;COLO DO UTERO, SOE;C539;;;CARCINOMA DE ÚTERO E CÉRVIX;8.5.4;false;HISTOLOGIA DO TUMOR PRIMÁRIO;SEM INFORMAÇÃO;;;;;;;;16/08/2017;;
1697809;RCBP RORAIMA;FEMININO;23/08/1962;54;BRANCO;BRASIL;Não informado;;MÉDIO (ANTIGO SEGUNDO GRAU);CASADO;411;ESCRITURÁRIOS EM GERAL, AGENTES, ASSISTENTES E AUXILIARES ADMINISTRATIVOS 	;RORAIMA;BOA VISTA;LOCALIZACAO PRIMARIA DESCONHECIDA, SOE;C809;NEOPLASIA MALIGNA;80003;LOCALIZACAO PRIMARIA DESCONHECIDA;C80;;;;;false;SDO;SEM INFORMAÇÃO;SEM INFORMAÇÃO;99 - SEM INFORMAÇÃO;999;MORTO;CÂNCER;14/05/2017;14/05/2017;14/05/2017;;
1697810;RCBP RORAIMA;FEMININO;11/07/1987;30;PARDA;BRASIL;Não informado;Não Informado;FUNDAMENTAL I (1ª A 4ª SÉRIE);SEM INFORMAÇÃO;0;SEM INFORMAÇÃO	;RORAIMA;BOA VISTA;COLO DO UTERO, SOE;C539;NEOPLASIA GLANDULAR INTRAEPITELIAL, GRAU III;81482;COLO DO UTERO, SOE;D069;;;;;false;HISTOLOGIA DO TUMOR PRIMÁRIO;"IN SITU";;;;;;;;04/10/2017;;
1697812;RCBP RORAIMA;FEMININO;14/01/1989;28;PARDA;Não informado;Não informado;Não Informado;SEM INFORMAÇÃO;CASADO;0;SEM INFORMAÇÃO	;RORAIMA;BOA VISTA;COLO DO UTERO, SOE;C539;ADENOCARCINOMA, SOE;81403;COLO DO UTERO, SOE;C539;;;CARCINOMA DE ÚTERO E CÉRVIX;8.5.4;false;HISTOLOGIA DO TUMOR PRIMÁRIO;SEM INFORMAÇÃO;;;;;;;;27/04/2017;;
1697814;RCBP RORAIMA;FEMININO;01/04/1959;57;PARDA;BRASIL;Não informado;;SUPERIOR COMPLETO;CASADO;111;MEMBROS SUPERIORES DO PODER LEGISLATIVO, EXECUTIVO E JUDICIÁRIO   	;RORAIMA;BOA VISTA;MEDULA OSSEA;C421;LEUCEMIA MIELOIDE AGUDA, SOE;98613;LEUCEMIA MIELOIDE AGUDA;C920;;;;;false;SDO;NÃO SE APLICA;SEM INFORMAÇÃO;99 - SEM INFORMAÇÃO;999;MORTO;CÂNCER;13/03/2017;13/03/2017;13/03/2017;;
1697824;RCBP RORAIMA;MASCULINO;23/11/1950;66;PARDA;BRASIL;PARAÍBA;;SEM INFORMAÇÃO;CASADO;239;OUTROS PROFISSIONAIS DO ENSINO NÃO CLASSIFICADOS ANTERIORMENTE	;RORAIMA;BOA VISTA;COLON SIGMOIDE;C187;ADENOCARCINOMA, SOE;81403;COLON SIGMOIDE;C187;;;;;false;HISTOLOGIA DO TUMOR PRIMÁRIO;SEM INFORMAÇÃO;;;;;;;;15/11/2017;;
1697826;RCBP RORAIMA;FEMININO;28/05/1942;74;PARDA;BRASIL;Não informado;;MÉDIO (ANTIGO SEGUNDO GRAU);CASADO;0;SEM INFORMAÇÃO	;RORAIMA;CARACARAÍ;MEDULA OSSEA;C421;LEUCEMIA, SOE;98003;LEUCEMIA NAO ESPECIFICADA;C959;;;;;false;SDO;NÃO SE APLICA;SEM INFORMAÇÃO;99 - SEM INFORMAÇÃO;999;MORTO;CÂNCER;07/03/2017;07/03/2017;07/03/2017;;
1697834;RCBP RORAIMA;FEMININO;02/07/1955;61;PARDA;Não informado;Não informado;Não Informado;SEM INFORMAÇÃO;SEPARADO JUDICIALMENTE;0;SEM INFORMAÇÃO	;RORAIMA;BOA VISTA;MAMA , SOE;C509;CARCINOMA DUCTAL INFILTRANTE;85003;MAMA , SOE;C509;;;;;false;HISTOLOGIA DO TUMOR PRIMÁRIO;LOCALIZADO;;;;;;;;15/05/2017;;
1697836;RCBP RORAIMA;FEMININO;02/10/1975;41;PARDA;BRASIL;Não informado;;FUNDAMENTAL II (5ª A 8ª SÉRIE);SOLTEIRO;0;SEM INFORMAÇÃO	;RORAIMA;BOA VISTA;COLO DO UTERO, SOE;C539;NEOPLASIA MALIGNA;80003;COLO DO UTERO, SOE;C539;;;;;false;SDO;SEM INFORMAÇÃO;SEM INFORMAÇÃO;99 - SEM INFORMAÇÃO;999;MORTO;CÂNCER;31/05/2017;31/05/2017;31/05/2017;;
1697770;RCBP RORAIMA;FEMININO;11/10/1957;60;SEM INFORMAÇÃO;BRASIL;Não informado;Não Informado;SEM INFORMAÇÃO;SEM INFORMAÇÃO;;;RORAIMA;BOA VISTA;COLO DO UTERO, SOE;C539;NEOPLASIA GLANDULAR INTRAEPITELIAL, GRAU III;81482;COLO DO UTERO, SOE;D069;;;;;false;HISTOLOGIA DO TUMOR PRIMÁRIO;"IN SITU";;;;;;;;12/10/2017;;
1697841;RCBP RORAIMA;MASCULINO;17/04/1961;56;PARDA;BRASIL;Não informado;;MÉDIO (ANTIGO SEGUNDO GRAU);VIÚVO;622;TRABALHADORES AGRÍCOLAS   	;RORAIMA;BOA VISTA;OSSOS LONGOS M. INFERIOR E ARTICUL. ASSOCIADAS;C402;NEOPLASIA MALIGNA;80003;OSSOS LONGOS DOS M. INFERIORES;C402;;;;;false;SDO;SEM INFORMAÇÃO;SEM INFORMAÇÃO;99 - SEM INFORMAÇÃO;999;MORTO;CÂNCER;26/12/2017;26/12/2017;26/12/2017;;
1697843;RCBP RORAIMA;FEMININO;15/12/1975;41;PARDA;Não informado;Não informado;Não Informado;SEM INFORMAÇÃO;SEM INFORMAÇÃO;521;VENDEDORES E DEMONSTRADORES   	;RORAIMA;BOA VISTA;MAMA , SOE;C509;CARCINOMA DUCTAL INFILTRANTE;85003;MAMA , SOE;C509;;;;;false;HISTOLOGIA DO TUMOR PRIMÁRIO;METÁSTASE;;;;;CÂNCER;22/05/2019;;15/07/2017;;
1697854;RCBP RORAIMA;FEMININO;18/08/1972;44;PARDA;BRASIL;PIAUÍ;;SUPERIOR COMPLETO;SEPARADO JUDICIALMENTE;0;SEM INFORMAÇÃO	;RORAIMA;BOA VISTA;LESAO SOBREPOSTA DA MAMA;C508;CARCINOMA DUCTAL INFILTRANTE;85003;LESAO INVASIVA DA MAMA;C508;;;;;false;HISTOLOGIA DO TUMOR PRIMÁRIO;SEM INFORMAÇÃO;;;;;;;;17/01/2017;;
1697861;RCBP RORAIMA;FEMININO;30/06/1936;80;BRANCO;BRASIL;Não informado;;FUNDAMENTAL II (5ª A 8ª SÉRIE);CASADO;622;TRABALHADORES AGRÍCOLAS   	;RORAIMA;BOA VISTA;PANCREAS, SOE;C259;NEOPLASIA MALIGNA;80003;PANCREAS, SOE;C259;;;;;false;SDO;SEM INFORMAÇÃO;SEM INFORMAÇÃO;99 - SEM INFORMAÇÃO;999;MORTO;CÂNCER;15/03/2017;15/03/2017;15/03/2017;;
1697867;RCBP RORAIMA;FEMININO;16/01/1965;52;BRANCO;BRASIL;MARANHÃO;;FUNDAMENTAL I (1ª A 4ª SÉRIE);SEPARADO JUDICIALMENTE;0;SEM INFORMAÇÃO	;RORAIMA;BOA VISTA;MAMA , SOE;C509;ADENOCARCINOMA MUCINOSO;84803;MAMA , SOE;C509;;;;;false;HISTOLOGIA DO TUMOR PRIMÁRIO;SEM INFORMAÇÃO;;;;;;;;24/05/2017;C76;
1697868;RCBP RORAIMA;FEMININO;06/06/1941;76;INDÍGENA;BRASIL;Não informado;;SEM ESCOLARIDADE;SOLTEIRO;622;TRABALHADORES AGRÍCOLAS   	;RORAIMA;BONFIM;COLO DO UTERO, SOE;C539;NEOPLASIA MALIGNA;80003;COLO DO UTERO, SOE;C539;;;;;false;SDO;SEM INFORMAÇÃO;SEM INFORMAÇÃO;99 - SEM INFORMAÇÃO;999;MORTO;CÂNCER;08/10/2017;08/10/2017;08/10/2017;;
1697870;RCBP RORAIMA;FEMININO;07/12/1995;21;PARDA;BRASIL;Não informado;Não Informado;SEM INFORMAÇÃO;SEM INFORMAÇÃO;0;SEM INFORMAÇÃO	;RORAIMA;BOA VISTA;COLO DO UTERO, SOE;C539;NEOPLASIA INTRA-EPITELIAL ESCAMOSA,GRAU IIII;80772;COLO DO UTERO, SOE;D069;;;;;false;CITOLOGIA;"IN SITU";;;;;;;;02/10/2017;;
1697871;RCBP RORAIMA;MASCULINO;11/07/1968;48;PARDA;BRASIL;Não informado;;MÉDIO (ANTIGO SEGUNDO GRAU);SOLTEIRO;711;TRABALHADORES DA EXTRAÇÃO MINERAL 	;RORAIMA;BOA VISTA;RETO, SOE;C209;NEOPLASIA MALIGNA;80003;RETO;C20;;;;;false;SDO;SEM INFORMAÇÃO;SEM INFORMAÇÃO;99 - SEM INFORMAÇÃO;999;MORTO;CÂNCER;24/02/2017;24/02/2017;24/02/2017;;
1698058;RCBP RORAIMA;MASCULINO;04/01/1954;63;PARDA;BRASIL;Não informado;;MÉDIO (ANTIGO SEGUNDO GRAU);UNIÃO CONSENSUAL;711;TRABALHADORES DA EXTRAÇÃO MINERAL 	;RORAIMA;BOA VISTA;LINFONODO, SOE;C779;LINFOMA MALIGNO, TIPO NAO HODGKIN, SOE;95913;LINFOMA NAO-HODGKIN, SOE;C859;;;;;false;SDO;NÃO SE APLICA;SEM INFORMAÇÃO;99 - SEM INFORMAÇÃO;999;MORTO;NÃO CÂNCER;17/07/2017;17/07/2017;17/07/2017;;
1698061;RCBP RORAIMA;MASCULINO;24/10/2005;11;PARDA;BRASIL;Não informado;;FUNDAMENTAL II (5ª A 8ª SÉRIE);SOLTEIRO;;;RORAIMA;BOA VISTA;MEDIASTINO, SOE;C383;NEOPLASIA MALIGNA;80003;MEDIASTINO, PORCAO NAO ESPECIFICADA;C383;Outros tumores malignos não especificados;XII-B;;;false;SDO;SEM INFORMAÇÃO;SEM INFORMAÇÃO;99 - SEM INFORMAÇÃO;999;MORTO;CÂNCER;27/03/2017;27/03/2017;27/03/2017;;
1698063;RCBP RORAIMA;FEMININO;12/12/1955;61;PARDA;BRASIL;AMAZONAS;;FUNDAMENTAL I (1ª A 4ª SÉRIE);SOLTEIRO;0;SEM INFORMAÇÃO	;RORAIMA;BOA VISTA;COLO DO UTERO, SOE;C539;CARCINOMA ESCAMOCELULAR, SOE;80703;COLO DO UTERO, SOE;C539;;;;;false;HISTOLOGIA DO TUMOR PRIMÁRIO;LOCALIZADO;;;;;;;;14/07/2017;;
1698064;RCBP RORAIMA;FEMININO;02/06/1916;101;BRANCO;BRASIL;Não informado;;FUNDAMENTAL I (1ª A 4ª SÉRIE);SOLTEIRO;;;RORAIMA;BOA VISTA;ENCEFALO, SOE;C719;NEOPLASIA MALIGNA;80003;ENCEFALO, SOE;C719;;;;;false;SDO;SEM INFORMAÇÃO;SEM INFORMAÇÃO;99 - SEM INFORMAÇÃO;999;MORTO;CÂNCER;19/11/2017;19/11/2017;19/11/2017;;
1698066;RCBP RORAIMA;FEMININO;13/12/1987;29;PARDA;BRASIL;MATO GROSSO ;;FUNDAMENTAL II (5ª A 8ª SÉRIE);SOLTEIRO;0;SEM INFORMAÇÃO	;RORAIMA;BOA VISTA;TIREOIDE, SOE;C739;CARCINOMA PAPILAR, SOE;80503;GLANDULA TIREOIDE;C73;;;CARCINOMA DE TIREÓIDE;8.1;false;HISTOLOGIA DO TUMOR PRIMÁRIO;SEM INFORMAÇÃO;;;;;;;;13/06/2017;;
1697755;RCBP RORAIMA;MASCULINO;17/10/1923;94;BRANCO;ESTADOS UNIDOS DA AMERICA;Não informado;Não Informado;MÉDIO (ANTIGO SEGUNDO GRAU);CASADO;623;TRABALHADORES NA PECUÁRIA 	;RORAIMA;BOA VISTA;LESAO SOBREPOSTA DE OUTRAS PARTES DA BOCA;C068;NEOPLASIA MALIGNA;80003;LESAO INVASIVA DE OUTRAS PARTES DA BOCA;C068;;;;;false;SDO;METÁSTASE;;;;;CÂNCER;08/11/2017;;08/11/2017;;
1697774;RCBP RORAIMA;FEMININO;19/05/1959;58;PARDA;BRASIL;MARANHÃO;LAGO DO JUNCO;FUNDAMENTAL I (1ª A 4ª SÉRIE);SOLTEIRO;0;SEM INFORMAÇÃO	;RORAIMA;BOA VISTA;ENDOMETRIO;C541;CARCINOMA ENDOMETRIOIDE, SOE;83803;ENDOMETRIO;C541;;;;;false;HISTOLOGIA DO TUMOR PRIMÁRIO;SEM INFORMAÇÃO;;;;;;;;11/09/2017;;
1697777;RCBP RORAIMA;MASCULINO;09/12/1947;69;PARDA;BRASIL;MARANHÃO;;SEM ESCOLARIDADE;CASADO;141;GERENTES DE PRODUÇÃO E OPERAÇÕES  	;RORAIMA;ALTO ALEGRE;LESAO SOBREPOSTA DO PALATO;C058;CARCINOMA ESCAMOSO MICRO-INVASOR;80763;LESAO INVASIVA DO PALATO;C058;;;;;false;HISTOLOGIA DO TUMOR PRIMÁRIO;SEM INFORMAÇÃO;;;;;;;;17/10/2017;;
1697787;RCBP RORAIMA;MASCULINO;09/10/1945;71;PARDA;BRASIL;CEARÁ;;FUNDAMENTAL II (5ª A 8ª SÉRIE);CASADO;0;SEM INFORMAÇÃO	;RORAIMA;BOA VISTA;PALPEBRA;C441;CARCINOMA BASOCELULAR, SOE;80903;PELE DA PALPEBRA E CANTO;C441;;;;;false;HISTOLOGIA DO TUMOR PRIMÁRIO;SEM INFORMAÇÃO;;;;;;;;08/08/2017;;
1697787;RCBP RORAIMA;MASCULINO;09/10/1945;71;PARDA;BRASIL;CEARÁ;;FUNDAMENTAL II (5ª A 8ª SÉRIE);CASADO;0;SEM INFORMAÇÃO	;RORAIMA;BOA VISTA;PELE DO TRONCO;C445;CARCINOMA BASOCELULAR, SOE;80903;PELE DO TRONCO;C445;;;;;false;HISTOLOGIA DO TUMOR PRIMÁRIO;SEM INFORMAÇÃO;;;;;;;;08/08/2017;;
1697794;RCBP RORAIMA;FEMININO;11/02/1964;52;PARDA;BRASIL;MARANHÃO;;MÉDIO (ANTIGO SEGUNDO GRAU);CASADO;0;SEM INFORMAÇÃO	;RORAIMA;BOA VISTA;ESTOMAGO, SOE;C169;ADENOCARCINOMA, TIPO INTESTINAL;81443;ESTOMAGO, SOE;C169;;;;;false;HISTOLOGIA DO TUMOR PRIMÁRIO;SEM INFORMAÇÃO;;;;;CÂNCER;31/03/2017;;25/01/2017;;
787772;RCBP RORAIMA;FEMININO;21/09/1927;90;PARDA;BRASIL;RORAIMA;BOA VISTA;SEM INFORMAÇÃO;VIÚVO;0;SEM INFORMAÇÃO	;RORAIMA;BOA VISTA;PELE DE OUTRAS PARTES DA FACE;C443;CARCINOMA BASOCELULAR, SOE;80903;PELE DE OUTRAS PARTES DA FACE;C443;;;;;false;HISTOLOGIA DO TUMOR PRIMÁRIO;SEM INFORMAÇÃO;;;;;;;;19/10/2017;;
1698279;RCBP RORAIMA;FEMININO;02/11/1957;59;PARDA;BRASIL;MARANHÃO;;FUNDAMENTAL I (1ª A 4ª SÉRIE);CASADO;0;SEM INFORMAÇÃO	;RORAIMA;BOA VISTA;COLO DO UTERO, SOE;C539;CARCINOMA ESCAMOCELULAR, SOE;80703;COLO DO UTERO, SOE;C539;;;;;false;HISTOLOGIA DO TUMOR PRIMÁRIO;SEM INFORMAÇÃO;;;;;;;;18/10/2017;;
1698265;RCBP RORAIMA;FEMININO;12/10/1947;70;PARDA;BRASIL;AMAZONAS;;FUNDAMENTAL I (1ª A 4ª SÉRIE);VIÚVO;0;SEM INFORMAÇÃO	;RORAIMA;BOA VISTA;PELE DO LABIO, SOE;C440;CARCINOMA BASOCELULAR, SOE;80903;PELE DO LABIO;C440;;;;;false;HISTOLOGIA DO TUMOR PRIMÁRIO;SEM INFORMAÇÃO;;;;;;;;23/11/2017;;
1698265;RCBP RORAIMA;FEMININO;12/10/1947;70;PARDA;BRASIL;AMAZONAS;;FUNDAMENTAL I (1ª A 4ª SÉRIE);VIÚVO;0;SEM INFORMAÇÃO	;RORAIMA;BOA VISTA;PELE DE OUTRAS PARTES DA FACE;C443;CARCINOMA BASOCELULAR, SOE;80903;PELE DE OUTRAS PARTES DA FACE;C443;;;;;false;HISTOLOGIA DO TUMOR PRIMÁRIO;SEM INFORMAÇÃO;;;;;;;;23/11/2017;;
786665;RCBP RORAIMA;FEMININO;11/09/1955;62;PARDA;BRASIL;SÃO PAULO;;FUNDAMENTAL I (1ª A 4ª SÉRIE);CASADO;0;SEM INFORMAÇÃO	;RORAIMA;BOA VISTA;PELE DO LABIO, SOE;C440;CARCINOMA BASOCELULAR, SOE;80903;PELE DO LABIO;C440;;;;;false;HISTOLOGIA DO TUMOR PRIMÁRIO;LOCALIZADO;;;;;;;;29/12/2017;;
1698265;RCBP RORAIMA;FEMININO;12/10/1947;70;PARDA;BRASIL;AMAZONAS;;FUNDAMENTAL I (1ª A 4ª SÉRIE);VIÚVO;0;SEM INFORMAÇÃO	;RORAIMA;BOA VISTA;PALPEBRA;C441;CARCINOMA BASOCELULAR, SOE;80903;PELE DA PALPEBRA E CANTO;C441;;;;;false;HISTOLOGIA DO TUMOR PRIMÁRIO;SEM INFORMAÇÃO;;;;;;;;23/11/2017;;
1698266;RCBP RORAIMA;FEMININO;04/10/1957;60;PARDA;BRASIL;Não informado;Não Informado;FUNDAMENTAL I (1ª A 4ª SÉRIE);SEM INFORMAÇÃO;;;RORAIMA;BOA VISTA;COLO DO UTERO, SOE;C539;NEOPLASIA GLANDULAR INTRAEPITELIAL, GRAU III;81482;COLO DO UTERO, SOE;D069;;;;;false;HISTOLOGIA DO TUMOR PRIMÁRIO;"IN SITU";;;;;;;;27/10/2017;;
1698266;RCBP RORAIMA;FEMININO;04/10/1957;60;PARDA;BRASIL;Não informado;Não Informado;FUNDAMENTAL I (1ª A 4ª SÉRIE);SEM INFORMAÇÃO;;;RORAIMA;BOA VISTA;COLO DO UTERO, SOE;C539;NEOPLASIA INTRA-EPITELIAL ESCAMOSA,GRAU IIII;80772;COLO DO UTERO, SOE;D069;;;;;false;CITOLOGIA;"IN SITU";;;;;;;;27/10/2017;;
1698532;RCBP RORAIMA;MASCULINO;02/11/1952;65;PARDA;BRASIL;PIAUÍ;;FUNDAMENTAL I (1ª A 4ª SÉRIE);UNIÃO CONSENSUAL;141;GERENTES DE PRODUÇÃO E OPERAÇÕES  	;RORAIMA;BOA VISTA;TERCO INFERIOR DO ESOFAGO;C155;CARCINOMA ESCAMOSO MICRO-INVASOR;80763;TERCO INFERIOR DO ESOFAGO;C155;;;;;false;HISTOLOGIA DO TUMOR PRIMÁRIO;SEM INFORMAÇÃO;;;;;CÂNCER;23/08/2018;;06/11/2017;;
1698542;RCBP RORAIMA;MASCULINO;28/02/1969;48;PARDA;BRASIL;RIO GRANDE DO NORTE;;FUNDAMENTAL I (1ª A 4ª SÉRIE);UNIÃO CONSENSUAL;771;MARCENEIROS E AFINS  	;RORAIMA;RORAINÓPOLIS;PREPUCIO;C600;CARCINOMA ESCAMOSO, BASALOIDE;80833;PREPUCIO;C600;;;;;false;HISTOLOGIA DO TUMOR PRIMÁRIO;LOCALIZADO;;;;;;;;12/06/2017;;
1698539;RCBP RORAIMA;FEMININO;02/04/1971;46;PARDA;BRASIL;RORAIMA;;SUPERIOR COMPLETO;SOLTEIRO;252;PROFISSIONAIS DE ORGANIZAÇÃO E ADMINISTRAÇÃO DE EMPRESAS E AFINS  	;RORAIMA;CARACARAÍ;MAMA , SOE;C509;CARCINOMA DUCTAL INFILTRANTE;85003;MAMA , SOE;C509;;;;;false;HISTOLOGIA DO TUMOR PRIMÁRIO;METÁSTASE;;;;;;;;16/10/2017;;
1698543;RCBP RORAIMA;MASCULINO;14/06/1999;18;PARDA;BRASIL;RORAIMA;RORAINÓPOLIS;FUNDAMENTAL I (1ª A 4ª SÉRIE);SOLTEIRO;;;RORAIMA;BOA VISTA;OSSOS LONGOS M. INFERIOR E ARTICUL. ASSOCIADAS;C402;OSTEOSSARCOMA, SOE;91803;OSSOS LONGOS DOS M. INFERIORES;C402;Osteossarcoma;VIII-A;OSTEOSSARCOMA;4.1;false;HISTOLOGIA DO TUMOR PRIMÁRIO;SEM INFORMAÇÃO;;;;;CÂNCER;10/10/2018;;10/08/2017;;
1698546;RCBP RORAIMA;FEMININO;22/04/1957;60;BRANCO;BRASIL;RORAIMA;;MÉDIO (ANTIGO SEGUNDO GRAU);UNIÃO CONSENSUAL;141;GERENTES DE PRODUÇÃO E OPERAÇÕES  	;RORAIMA;BOA VISTA;MAMA , SOE;C509;CARCINOMA CRIBRIFORME, SOE;82013;MAMA , SOE;C509;;;;;false;HISTOLOGIA DO TUMOR PRIMÁRIO;LOCALIZADO;;;;;;;;10/11/2017;;
1698548;RCBP RORAIMA;FEMININO;01/01/1956;61;INDÍGENA;BRASIL;Não informado;;SEM ESCOLARIDADE;CASADO;0;SEM INFORMAÇÃO	;RORAIMA;ALTO ALEGRE;COLO DO UTERO, SOE;C539;NEOPLASIA MALIGNA;80003;COLO DO UTERO, SOE;C539;;;;;false;SDO;SEM INFORMAÇÃO;SEM INFORMAÇÃO;99 - SEM INFORMAÇÃO;999;MORTO;CÂNCER;11/06/2017;11/06/2017;11/06/2017;;
1698728;RCBP RORAIMA;FEMININO;01/07/1953;64;PARDA;BRASIL;MARANHÃO;;FUNDAMENTAL II (5ª A 8ª SÉRIE);CASADO;622;TRABALHADORES AGRÍCOLAS   	;RORAIMA;CARACARAÍ;ENCEFALO, SOE;C719;NEOPLASIA MALIGNA;80003;ENCEFALO, SOE;C719;;;;;false;SDO;SEM INFORMAÇÃO;;;;;CÂNCER;13/08/2017;;13/08/2017;;
1694517;RCBP RORAIMA;MASCULINO;10/03/1950;67;SEM INFORMAÇÃO;BRASIL;RORAIMA;BOA VISTA;SEM INFORMAÇÃO;SEM INFORMAÇÃO;;;RORAIMA;BOA VISTA;FIGADO, SOE;C220;CARCINOMA HEPATOCELULAR, SOE;81703;CARCINOMA DE CELULAS HEPATICAS;C220;;;;;false;HISTOLOGIA DO TUMOR PRIMÁRIO;SEM INFORMAÇÃO;;;;;;;;22/03/2017;;
1694518;RCBP RORAIMA;MASCULINO;14/07/1957;59;PRETA;BRASIL;MARANHÃO;;FUNDAMENTAL I (1ª A 4ª SÉRIE);SOLTEIRO;914;MECÂNICOS DE MANUTENÇÃO VEICULAR  	;RORAIMA;BOA VISTA;OROFARINGE, SOE;C109;MELANOMA FUSOCELULAR, SOE;87723;OROFARINGE, SOE;C109;;;;;false;HISTOLOGIA DO TUMOR PRIMÁRIO;SEM INFORMAÇÃO;;;;;;;;09/01/2017;;
1694520;RCBP RORAIMA;FEMININO;05/10/1967;49;PARDA;Não informado;Não informado;Não Informado;MÉDIO (ANTIGO SEGUNDO GRAU);CASADO;0;SEM INFORMAÇÃO	;RORAIMA;BOA VISTA;VULVA, SOE;C519;CARCINOMA VERRUCOSO, SOE;80513;VULVA, SOE;C519;;;;;false;HISTOLOGIA DO TUMOR PRIMÁRIO;SEM INFORMAÇÃO;;;;;;;;08/08/2017;;
1694525;RCBP RORAIMA;MASCULINO;20/12/1941;75;PARDA;BRASIL;PIAUÍ;;FUNDAMENTAL I (1ª A 4ª SÉRIE);VIÚVO;0;SEM INFORMAÇÃO	;RORAIMA;BOA VISTA;OUVIDO EXTERNO;C442;CARCINOMA ESCAMOCELULAR, SOE;80703;PELE DA ORELHA E CONDUTO AUDITIVO EXTERNO;C442;;;;;false;HISTOLOGIA DO TUMOR PRIMÁRIO;SEM INFORMAÇÃO;;;;;;;;08/03/2017;;
1694528;RCBP RORAIMA;MASCULINO;02/04/1943;74;PARDA;BRASIL;Não informado;;FUNDAMENTAL I (1ª A 4ª SÉRIE);SEM INFORMAÇÃO;622;TRABALHADORES AGRÍCOLAS   	;RORAIMA;BOA VISTA;CABECA DO PANCREAS;C250;NEOPLASIA MALIGNA;80003;CABECA DO PANCREAS;C250;;;;;false;HISTOLOGIA DO TUMOR PRIMÁRIO;SEM INFORMAÇÃO;SEM INFORMAÇÃO;99 - SEM INFORMAÇÃO;999;MORTO;CÂNCER;26/11/2017;26/11/2017;27/05/2017;;
1694533;RCBP RORAIMA;MASCULINO;14/09/1998;18;BRANCO;BRASIL;RIO GRANDE DO SUL;;SUPERIOR INCOMPLETO;SOLTEIRO;0;SEM INFORMAÇÃO	;RORAIMA;BOA VISTA;TESTICULO, SOE;C629;TUMOR MISTO DE CELULAS GERMINATIVAS;90853;TESTICULO, SOE;C629;Tumores malignos de células germinativas gonadais;X-C;NEOPLASIAS TROFOBLÁSTICAS E DE CÉLULAS GERMINATIVAS DAS GÔNADAS;6.1;false;HISTOLOGIA DO TUMOR PRIMÁRIO;SEM INFORMAÇÃO;;;;;;;;09/08/2017;;
1698759;RCBP RORAIMA;FEMININO;13/05/1949;67;PARDA;BRASIL;CEARÁ;;SEM ESCOLARIDADE;CASADO;622;TRABALHADORES AGRÍCOLAS   	;RORAIMA;BOA VISTA;ESTOMAGO, SOE;C169;CARCINOMA DE CELULAS EM ANEL DE SINETE;84903;ESTOMAGO, SOE;C169;;;;;false;HISTOLOGIA DO TUMOR PRIMÁRIO;SEM INFORMAÇÃO;;;;;CÂNCER;06/06/2017;;15/03/2017;;
1694618;RCBP RORAIMA;MASCULINO;09/10/1938;78;PARDA;BRASIL;PIAUÍ;TERESINA;FUNDAMENTAL II (5ª A 8ª SÉRIE);SOLTEIRO;0;SEM INFORMAÇÃO	;RORAIMA;RORAINÓPOLIS;PROSTATA, SOE;C619;NEOPLASIA MALIGNA;80003;PROSTATA;C61;;;;;false;HISTOLOGIA DO TUMOR PRIMÁRIO;SEM INFORMAÇÃO;SEM INFORMAÇÃO;99 - SEM INFORMAÇÃO;999;MORTO;CÂNCER;12/03/2017;12/03/2017;12/03/2017;;
1694637;RCBP RORAIMA;FEMININO;23/11/1974;42;INDÍGENA;BRASIL;RORAIMA;;SUPERIOR COMPLETO;SOLTEIRO;376;ARTISTAS DE ARTES POPULARES E MODELOS	;RORAIMA;BOA VISTA;VAGINA, SOE;C529;CARCINOMA ESCAMOCELULAR, SOE;80703;VAGINA;C52;;;;;false;HISTOLOGIA DO TUMOR PRIMÁRIO;SEM INFORMAÇÃO;;;;;;;;09/10/2017;;
1694624;RCBP RORAIMA;MASCULINO;23/07/1975;42;PARDA;Não informado;Não informado;Não Informado;FUNDAMENTAL I (1ª A 4ª SÉRIE);CASADO;0;SEM INFORMAÇÃO	;RORAIMA;BOA VISTA;NASOFARINGE, SOE;C119;CARCINOMA ESCAMOCELULAR, SOE;80703;NASOFARINGE, SOE;C119;;;;;false;HISTOLOGIA DO TUMOR PRIMÁRIO;METÁSTASE;;;;;;;;31/10/2017;;
1694625;RCBP RORAIMA;MASCULINO;;;BRANCO;BRASIL;Não informado;Não Informado;MÉDIO (ANTIGO SEGUNDO GRAU);CASADO;30;OFICIAIS DE BOMBEIRO MILITAR  	;RORAIMA;BOA VISTA;PELE DE OUTRAS PARTES DA FACE;C443;CARCINOMA BASOCELULAR, SOE;80903;PELE DE OUTRAS PARTES DA FACE;C443;;;;;false;HISTOLOGIA DO TUMOR PRIMÁRIO;LOCALIZADO;;;;;;;;18/07/2017;;
1694628;RCBP RORAIMA;MASCULINO;08/01/1961;56;PARDA;BRASIL;MARANHÃO;CHAPADINHA;SEM ESCOLARIDADE;UNIÃO CONSENSUAL;622;TRABALHADORES AGRÍCOLAS   	;RORAIMA;BOA VISTA;LARINGE, SOE;C329;NEOPLASIA MALIGNA;80003;LARINGE, SOE;C329;;;;;false;HISTOLOGIA DO TUMOR PRIMÁRIO;SEM INFORMAÇÃO;SEM INFORMAÇÃO;99 - SEM INFORMAÇÃO;999;MORTO;CÂNCER;08/05/2017;08/05/2017;13/01/2017;;
1694636;RCBP RORAIMA;FEMININO;19/10/1971;46;PARDA;BRASIL;Não informado;Não Informado;MÉDIO (ANTIGO SEGUNDO GRAU);SEM INFORMAÇÃO;0;SEM INFORMAÇÃO	;RORAIMA;BOA VISTA;COLO DO UTERO, SOE;C539;NEOPLASIA INTRA-EPITELIAL ESCAMOSA,GRAU IIII;80772;COLO DO UTERO, SOE;D069;;;;;false;CITOLOGIA;"IN SITU";;;;;;;;29/12/2017;;
1694639;RCBP RORAIMA;FEMININO;25/05/1951;65;PARDA;BRASIL;RORAIMA;CAROEBE;FUNDAMENTAL II (5ª A 8ª SÉRIE);SOLTEIRO;0;SEM INFORMAÇÃO	;RORAIMA;BOA VISTA;ESTOMAGO, SOE;C169;NEOPLASIA MALIGNA;80003;ESTOMAGO, SOE;C169;;;;;false;HISTOLOGIA DO TUMOR PRIMÁRIO;SEM INFORMAÇÃO;SEM INFORMAÇÃO;99 - SEM INFORMAÇÃO;999;MORTO;CÂNCER;04/11/2017;04/11/2017;15/01/2017;;
1694640;RCBP RORAIMA;MASCULINO;18/03/1993;24;INDÍGENA;Não informado;Não informado;Não Informado;SEM INFORMAÇÃO;SOLTEIRO;351;TÉCNICOS DAS CIÊNCIAS ADMINISTRATIVAS 	;RORAIMA;PACARAIMA;TESTICULO, SOE;C629;TUMOR MISTO DE CELULAS GERMINATIVAS;90853;TESTICULO, SOE;C629;;;NEOPLASIAS TROFOBLÁSTICAS E DE CÉLULAS GERMINATIVAS DAS GÔNADAS;6.1;false;HISTOLOGIA DO TUMOR PRIMÁRIO;SEM INFORMAÇÃO;;;;;;;;07/12/2017;C34;
1694646;RCBP RORAIMA;FEMININO;09/01/1930;87;PARDA;BRASIL;PIAUÍ;OLHO D'ÁGUA DO PIAUÍ;FUNDAMENTAL I (1ª A 4ª SÉRIE);CASADO;622;TRABALHADORES AGRÍCOLAS   	;RORAIMA;BOA VISTA;LESAO SOBREPOSTA DO PERITONIO  RETROPERITONIO;C488;NEOPLASIA MALIGNA;80003;LESAO INVASIVA DO PERITONIO E RETROPERITONIO;C488;;;;;false;HISTOLOGIA DO TUMOR PRIMÁRIO;SEM INFORMAÇÃO;SEM INFORMAÇÃO;99 - SEM INFORMAÇÃO;999;MORTO;CÂNCER;19/11/2017;19/11/2017;12/02/2017;;
1694647;RCBP RORAIMA;MASCULINO;25/03/1956;60;PARDA;BRASIL;Não informado;;FUNDAMENTAL I (1ª A 4ª SÉRIE);CASADO;842;OPERADORES NA PREPARAÇÃO DE FUMO E NA FABRICAÇÃO DE CHARUTOS E CIGARROS   	;RORAIMA;BOA VISTA;ESTOMAGO, SOE;C169;NEOPLASIA MALIGNA;80003;ESTOMAGO, SOE;C169;;;;;false;HISTOLOGIA DO TUMOR PRIMÁRIO;SEM INFORMAÇÃO;SEM INFORMAÇÃO;99 - SEM INFORMAÇÃO;999;MORTO;CÂNCER;10/10/2017;10/10/2017;05/03/2017;;
1694651;RCBP RORAIMA;MASCULINO;21/07/1973;44;PARDA;BRASIL;RORAIMA;;FUNDAMENTAL II (5ª A 8ª SÉRIE);CASADO;0;SEM INFORMAÇÃO	;RORAIMA;BOA VISTA;BEXIGA, SOE;C679;CARCINOMA DE CEL. TRANS. PAPILAR, NAO INVASIVO;81302;BEXIGA;D090;;;;;false;HISTOLOGIA DO TUMOR PRIMÁRIO;"IN SITU";;;;;;;;12/12/2017;;
1694652;RCBP RORAIMA;MASCULINO;20/04/1952;64;PARDA;BRASIL;Não informado;;SEM ESCOLARIDADE;UNIÃO CONSENSUAL;622;TRABALHADORES AGRÍCOLAS   	;RORAIMA;BOA VISTA;ESTOMAGO, SOE;C169;NEOPLASIA MALIGNA;80003;ESTOMAGO, SOE;C169;;;;;false;HISTOLOGIA DO TUMOR PRIMÁRIO;SEM INFORMAÇÃO;SEM INFORMAÇÃO;99 - SEM INFORMAÇÃO;999;MORTO;CÂNCER;25/05/2017;25/05/2017;21/02/2017;;
1694653;RCBP RORAIMA;MASCULINO;28/08/1945;71;PARDA;BRASIL;CEARÁ;;FUNDAMENTAL I (1ª A 4ª SÉRIE);SEPARADO JUDICIALMENTE;0;SEM INFORMAÇÃO	;RORAIMA;BOA VISTA;PROSTATA, SOE;C619;ADENOCARCINOMA, SOE;81403;PROSTATA;C61;;;;;false;HISTOLOGIA DO TUMOR PRIMÁRIO;SEM INFORMAÇÃO;;;;;;;;05/07/2017;;
1694654;RCBP RORAIMA;FEMININO;29/03/1977;40;PARDA;BRASIL;RORAIMA;ÁREA DE COBERTURA;MÉDIO (ANTIGO SEGUNDO GRAU);SOLTEIRO;0;SEM INFORMAÇÃO	;RORAIMA;BOA VISTA;COLO DO UTERO, SOE;C539;CARCINOMA ESCAMOCELULAR, SOE;80703;COLO DO UTERO, SOE;C539;;;;;false;HISTOLOGIA DO TUMOR PRIMÁRIO;METÁSTASE;;;;;CÂNCER;10/02/2018;;02/08/2017;;
1694660;RCBP RORAIMA;FEMININO;04/08/1974;43;PARDA;BRASIL;Não informado;Não Informado;FUNDAMENTAL I (1ª A 4ª SÉRIE);SEM INFORMAÇÃO;0;SEM INFORMAÇÃO	;RORAIMA;BOA VISTA;COLO DO UTERO, SOE;C539;NEOPLASIA INTRA-EPITELIAL ESCAMOSA,GRAU IIII;80772;COLO DO UTERO, SOE;D069;;;;;false;CITOLOGIA;"IN SITU";;;;;;;;01/12/2017;;
1694664;RCBP RORAIMA;FEMININO;04/04/1998;19;PARDA;Não informado;Não informado;Não Informado;SUPERIOR INCOMPLETO;SOLTEIRO;0;SEM INFORMAÇÃO	;RORAIMA;PACARAIMA;OVARIO, SOE;C569;DISGERMINOMA;90603;OVARIO;C56;Tumores malignos de células germinativas gonadais;X-C;NEOPLASIAS TROFOBLÁSTICAS E DE CÉLULAS GERMINATIVAS DAS GÔNADAS;6.1;false;CITOLOGIA;SEM INFORMAÇÃO;;;;;;;;06/11/2017;;
1694669;RCBP RORAIMA;MASCULINO;23/07/1968;48;BRANCO;BRASIL;RIO GRANDE DO SUL;;SUPERIOR COMPLETO;SEPARADO JUDICIALMENTE;234;PROFESSORES DO ENSINO SUPERIOR	;RORAIMA;BOA VISTA;RETO, SOE;C209;ADENOCARCINOMA, SOE;81403;RETO;C20;;;;;false;HISTOLOGIA DO TUMOR PRIMÁRIO;METÁSTASE;;;;;;;;14/06/2017;C34;
1694670;RCBP RORAIMA;FEMININO;25/01/1979;38;PARDA;BRASIL;Não informado;Não Informado;MÉDIO (ANTIGO SEGUNDO GRAU);SEM INFORMAÇÃO;;;RORAIMA;BOA VISTA;COLO DO UTERO, SOE;C539;NEOPLASIA INTRA-EPITELIAL ESCAMOSA,GRAU IIII;80772;COLO DO UTERO, SOE;D069;;;;;false;CITOLOGIA;"IN SITU";;;;;;;;31/08/2017;;
1694676;RCBP RORAIMA;FEMININO;11/10/1966;50;PARDA;BRASIL;PARÁ;;FUNDAMENTAL I (1ª A 4ª SÉRIE);SOLTEIRO;611;PRODUTORES AGROPECUÁRIOS EM GERAL 	;RORAIMA;MUCAJAÍ;COLO DO UTERO, SOE;C539;CARCINOMA ESCAMOCELULAR, SOE;80703;COLO DO UTERO, SOE;C539;;;;;false;HISTOLOGIA DO TUMOR PRIMÁRIO;SEM INFORMAÇÃO;;;;;;;;18/07/2017;;
1694680;RCBP RORAIMA;FEMININO;11/08/1946;71;PARDA;BRASIL;PARANÁ;SERTANÓPOLIS;MÉDIO (ANTIGO SEGUNDO GRAU);CASADO;0;SEM INFORMAÇÃO	;RORAIMA;BOA VISTA;OROFARINGE, SOE;C109;CARCINOMA ESCAMOCELULAR, SOE;80703;OROFARINGE, SOE;C109;;;;;false;HISTOLOGIA DO TUMOR PRIMÁRIO;SEM INFORMAÇÃO;;;;;CÂNCER;19/05/2020;;24/08/2017;;
1694684;RCBP RORAIMA;FEMININO;18/04/1959;58;PARDA;BRASIL;MATO GROSSO ;;FUNDAMENTAL I (1ª A 4ª SÉRIE);SOLTEIRO;516;TRABALHADORES NOS SERVIÇOS DE EMBELEZAMENTO E CUIDADOS PESSOAIS   	;RORAIMA;BOA VISTA;OUVIDO EXTERNO;C442;CARCINOMA BASOCELULAR, SOE;80903;PELE DA ORELHA E CONDUTO AUDITIVO EXTERNO;C442;;;;;false;HISTOLOGIA DO TUMOR PRIMÁRIO;SEM INFORMAÇÃO;;;;;;;;15/05/2017;;
1694686;RCBP RORAIMA;FEMININO;10/03/1948;68;BRANCO;BRASIL;PIAUÍ;GILBUÉS;FUNDAMENTAL II (5ª A 8ª SÉRIE);CASADO;0;SEM INFORMAÇÃO	;RORAIMA;ALTO ALEGRE;MEDULA OSSEA;C421;MIELOMA MULTIPLO;97323;MIELOMA MULTIPLO;C900;;;;;false;HISTOLOGIA DO TUMOR PRIMÁRIO;NÃO SE APLICA;SEM INFORMAÇÃO;99 - SEM INFORMAÇÃO;999;MORTO;CÂNCER;16/06/2017;16/06/2017;07/02/2017;;
1694687;RCBP RORAIMA;FEMININO;14/12/1977;39;PARDA;BRASIL;SÃO PAULO;BAURU;MÉDIO (ANTIGO SEGUNDO GRAU);SOLTEIRO;0;SEM INFORMAÇÃO	;RORAIMA;BOA VISTA;ESTOMAGO, SOE;C169;NEOPLASIA MALIGNA;80003;ESTOMAGO, SOE;C169;;;;;false;HISTOLOGIA DO TUMOR PRIMÁRIO;SEM INFORMAÇÃO;SEM INFORMAÇÃO;99 - SEM INFORMAÇÃO;999;MORTO;CÂNCER;07/06/2017;07/06/2017;01/02/2017;;
1694688;RCBP RORAIMA;MASCULINO;08/09/1960;56;BRANCO;BRASIL;RORAIMA;BOA VISTA;FUNDAMENTAL I (1ª A 4ª SÉRIE);CASADO;342;TÉCNICOS EM TRANSPORTES (LOGÍSTICA)   	;RORAIMA;NORMANDIA;PROSTATA, SOE;C619;NEOPLASIA MALIGNA;80003;PROSTATA;C61;;;;;false;HISTOLOGIA DO TUMOR PRIMÁRIO;SEM INFORMAÇÃO;SEM INFORMAÇÃO;99 - SEM INFORMAÇÃO;999;MORTO;CÂNCER;20/09/2017;20/09/2017;14/02/2017;;
1698779;RCBP RORAIMA;FEMININO;30/09/1952;64;PARDA;BRASIL;RIO GRANDE DO NORTE;;SEM INFORMAÇÃO;VIÚVO;513;TRABALHADORES DOS SERVIÇOS DE HOTELARIA E ALIMENTAÇÃO 	;RORAIMA;BOA VISTA;BEXIGA, SOE;C679;CARCINOMA ESCAMOCELULAR, SOE;80703;BEXIGA, SOE;C679;;;;;false;HISTOLOGIA DO TUMOR PRIMÁRIO;SEM INFORMAÇÃO;;;;;CÂNCER;19/07/2017;;08/02/2017;;
1701221;RCBP RORAIMA;FEMININO;17/08/1977;39;BRANCO;BRASIL;PARÁ;;SUPERIOR COMPLETO;UNIÃO CONSENSUAL;239;OUTROS PROFISSIONAIS DO ENSINO NÃO CLASSIFICADOS ANTERIORMENTE	;RORAIMA;BOA VISTA;MAMA , SOE;C509;CARCINOMA DUCTAL INFILTRANTE;85003;MAMA , SOE;C509;;;;;false;HISTOLOGIA DO TUMOR PRIMÁRIO;SEM INFORMAÇÃO;;;;;;;;15/08/2017;;
1701114;RCBP RORAIMA;FEMININO;23/04/1974;43;PARDA;BRASIL;MARANHÃO;;MÉDIO (ANTIGO SEGUNDO GRAU);CASADO;0;SEM INFORMAÇÃO	;RORAIMA;BOA VISTA;MEDULA OSSEA;C421;LEUCEMIA MIELOIDE CRONICA, SOE;98633;LEUCEMIA MIELOIDE CRONICA;C921;;;;;false;CITOLOGIA;NÃO SE APLICA;;;;;;;;16/10/2017;;
1701119;RCBP RORAIMA;FEMININO;15/04/1946;71;PARDA;BRASIL;CEARÁ;;FUNDAMENTAL I (1ª A 4ª SÉRIE);SOLTEIRO;0;SEM INFORMAÇÃO	;RORAIMA;BOA VISTA;MAMA , SOE;C509;CARCINOMA PAPILAR, SOE;80503;MAMA , SOE;C509;;;;;false;HISTOLOGIA DO TUMOR PRIMÁRIO;SEM INFORMAÇÃO;;;;;;;;19/05/2017;;
1701124;RCBP RORAIMA;FEMININO;01/01/1934;83;PARDA;BRASIL;Não informado;;SEM ESCOLARIDADE;CASADO;0;SEM INFORMAÇÃO	;RORAIMA;BOA VISTA;PANCREAS, SOE;C259;NEOPLASIA MALIGNA;80003;PANCREAS, SOE;C259;;;;;false;SDO;SEM INFORMAÇÃO;SEM INFORMAÇÃO;99 - SEM INFORMAÇÃO;999;MORTO;CÂNCER;22/03/2017;22/03/2017;22/03/2017;;
1701125;RCBP RORAIMA;FEMININO;22/01/1953;64;PARDA;BRASIL;CEARÁ;;SEM ESCOLARIDADE;CASADO;0;SEM INFORMAÇÃO	;RORAIMA;BOA VISTA;MAMA , SOE;C509;CARCINOMA DUCTAL INFILTRANTE;85003;MAMA , SOE;C509;;;;;false;HISTOLOGIA DO TUMOR PRIMÁRIO;METÁSTASE;;;;;;;;17/07/2017;;
1701126;RCBP RORAIMA;FEMININO;04/08/1942;74;PARDA;BRASIL;AMAZONAS;;FUNDAMENTAL II (5ª A 8ª SÉRIE);CASADO;0;SEM INFORMAÇÃO	;RORAIMA;BOA VISTA;MAMA , SOE;C509;CARCINOMA DUCTAL INFILTRANTE;85003;MAMA , SOE;C509;;;;;false;HISTOLOGIA DO TUMOR PRIMÁRIO;METÁSTASE;;;;;;;;03/07/2017;;
1701127;RCBP RORAIMA;FEMININO;05/08/1955;61;BRANCO;BRASIL;RORAIMA;;FUNDAMENTAL II (5ª A 8ª SÉRIE);SOLTEIRO;;;RORAIMA;MUCAJAÍ;LIGAMENTO LARGO;C571;CARCINOMA ENDOMETRIOIDE, SOE;83803;LIGAMENTO LARGO;C571;;;;;false;HISTOLOGIA DO TUMOR PRIMÁRIO;LOCALIZADO;;;;;;;;23/03/2017;;
1701145;RCBP RORAIMA;MASCULINO;18/04/1972;45;PARDA;BRASIL;Não informado;;FUNDAMENTAL I (1ª A 4ª SÉRIE);CASADO;231;PROFESSORES DE NÍVEL SUPERIOR NA EDUCAÇÃO INFANTIL E NO ENSINO FUNDAMENTAL	;RORAIMA;BOA VISTA;ENCEFALO, SOE;C719;NEOPLASIA MALIGNA;80003;ENCEFALO, SOE;C719;;;;;false;SDO;SEM INFORMAÇÃO;SEM INFORMAÇÃO;99 - SEM INFORMAÇÃO;999;MORTO;CÂNCER;21/08/2017;21/08/2017;21/08/2017;;
1701135;RCBP RORAIMA;FEMININO;22/07/1949;68;PARDA;BRASIL;CEARÁ;;FUNDAMENTAL I (1ª A 4ª SÉRIE);CASADO;0;SEM INFORMAÇÃO	;RORAIMA;BOA VISTA;PELE DE OUTRAS PARTES DA FACE;C443;CARCINOMA BASOCELULAR, SOE;80903;PELE DE OUTRAS PARTES DA FACE;C443;;;;;false;HISTOLOGIA DO TUMOR PRIMÁRIO;SEM INFORMAÇÃO;;;;;;;;11/12/2017;;
1701139;RCBP RORAIMA;FEMININO;20/08/1952;64;PARDA;BRASIL;Não informado;;MÉDIO (ANTIGO SEGUNDO GRAU);CASADO;0;SEM INFORMAÇÃO	;RORAIMA;BOA VISTA;COLO DO UTERO, SOE;C539;NEOPLASIA MALIGNA;80003;COLO DO UTERO, SOE;C539;;;;;false;SDO;SEM INFORMAÇÃO;SEM INFORMAÇÃO;99 - SEM INFORMAÇÃO;999;MORTO;NÃO CÂNCER;24/04/2017;24/04/2017;24/04/2017;;
1700845;RCBP RORAIMA;MASCULINO;01/07/1966;51;PARDA;BRASIL;Não informado;;FUNDAMENTAL I (1ª A 4ª SÉRIE);SOLTEIRO;;;RORAIMA;BOA VISTA;PANCREAS, SOE;C259;NEOPLASIA MALIGNA;80003;PANCREAS, SOE;C259;;;;;false;SDO;SEM INFORMAÇÃO;SEM INFORMAÇÃO;99 - SEM INFORMAÇÃO;999;MORTO;CÂNCER;23/09/2017;23/09/2017;23/09/2017;;
1701144;RCBP RORAIMA;MASCULINO;11/07/1955;62;PARDA;BRASIL;Não informado;;FUNDAMENTAL II (5ª A 8ª SÉRIE);CASADO;342;TÉCNICOS EM TRANSPORTES (LOGÍSTICA)   	;RORAIMA;BOA VISTA;ESTOMAGO, SOE;C169;NEOPLASIA MALIGNA;80003;ESTOMAGO, SOE;C169;;;;;false;SDO;SEM INFORMAÇÃO;SEM INFORMAÇÃO;99 - SEM INFORMAÇÃO;999;MORTO;CÂNCER;29/09/2017;29/09/2017;29/09/2017;;
1701149;RCBP RORAIMA;MASCULINO;22/01/1958;59;PARDA;BRASIL;MARANHÃO;;FUNDAMENTAL II (5ª A 8ª SÉRIE);CASADO;622;TRABALHADORES AGRÍCOLAS   	;RORAIMA;BOA VISTA;RETROPERITONIO;C480;NEURILEMOMA MALIGNO;95603;RETROPERITONIO;C480;;;;;false;HISTOLOGIA DO TUMOR PRIMÁRIO;SEM INFORMAÇÃO;;;;;;;;15/11/2017;;
1701153;RCBP RORAIMA;MASCULINO;15/01/1940;77;PARDA;BRASIL;RORAIMA;;SEM INFORMAÇÃO;SEM INFORMAÇÃO;0;SEM INFORMAÇÃO	;RORAIMA;BOA VISTA;PELE DO MEMBRO SUPERIOR E DO OMBRO;C446;LIPOSSARCOMA, TIPO BEM DIFERENCIADO;88513;PELE DO MEMBRO SUPERIOR E DO OMBRO;C446;;;;;false;HISTOLOGIA DO TUMOR PRIMÁRIO;SEM INFORMAÇÃO;;;;;;;;26/04/2017;;
749576;RCBP RORAIMA;FEMININO;15/12/1931;85;PARDA;BRASIL;RORAIMA;BOA VISTA;FUNDAMENTAL I (1ª A 4ª SÉRIE);CASADO;0;SEM INFORMAÇÃO	;RORAIMA;BOA VISTA;PANCREAS, SOE;C259;NEOPLASIA MALIGNA;80003;PANCREAS, SOE;C259;;;;;false;SDO;METÁSTASE;;;;;CÂNCER;12/10/2017;;12/10/2017;;
1700865;RCBP RORAIMA;MASCULINO;30/03/1955;61;PARDA;BRASIL;SÃO PAULO;;MÉDIO (ANTIGO SEGUNDO GRAU);CASADO;252;PROFISSIONAIS DE ORGANIZAÇÃO E ADMINISTRAÇÃO DE EMPRESAS E AFINS  	;RORAIMA;BOA VISTA;MEDULA OSSEA;C421;LEUCEMIA MIELOIDE AGUDA, SOE;98613;LEUCEMIA MIELOIDE AGUDA;C920;;;;;false;CITOLOGIA;NÃO SE APLICA;;;;;CÂNCER;26/05/2017;;20/03/2017;;
1700867;RCBP RORAIMA;FEMININO;05/04/1978;38;BRANCO;BRASIL;AMAZONAS;MANAUS;MÉDIO (ANTIGO SEGUNDO GRAU);SEPARADO JUDICIALMENTE;0;SEM INFORMAÇÃO	;RORAIMA;BOA VISTA;MAMA , SOE;C509;CARCINOMA DUCTAL INFILTRANTE;85003;MAMA , SOE;C509;;;;;false;HISTOLOGIA DO TUMOR PRIMÁRIO;METÁSTASE;;;;;;;;14/03/2017;;
1701101;RCBP RORAIMA;FEMININO;15/04/1968;48;PARDA;BRASIL;MARANHÃO;;FUNDAMENTAL I (1ª A 4ª SÉRIE);CASADO;0;SEM INFORMAÇÃO	;RORAIMA;BOA VISTA;COLO DO UTERO, SOE;C539;NEOPLASIA MALIGNA;80003;COLO DO UTERO, SOE;C539;;;;;false;SDO;SEM INFORMAÇÃO;;;;;CÂNCER;04/04/2017;;04/04/2017;;
1701532;RCBP RORAIMA;FEMININO;25/07/2008;8;PARDA;BRASIL;RORAIMA;BOA VISTA;FUNDAMENTAL I (1ª A 4ª SÉRIE);SOLTEIRO;0;SEM INFORMAÇÃO	;RORAIMA;RORAINÓPOLIS;RIM, SOE;C649;NEFROBLASTOMA, SOE;89603;RIM;C64;Tumor de Wilms, tumor rabdóide e sarcoma de células claras;VI-A;;;false;HISTOLOGIA DO TUMOR PRIMÁRIO;SEM INFORMAÇÃO;;;;;CÂNCER;26/10/2017;;27/06/2017;;
1701163;RCBP RORAIMA;MASCULINO;16/12/1940;76;PARDA;BRASIL;MARANHÃO;;SEM ESCOLARIDADE;CASADO;611;PRODUTORES AGROPECUÁRIOS EM GERAL 	;RORAIMA;BOA VISTA;LARINGE, SOE;C329;CARCINOMA ESCAMOSO MICRO-INVASOR;80763;LARINGE, SOE;C329;;;;;false;HISTOLOGIA DO TUMOR PRIMÁRIO;SEM INFORMAÇÃO;;;;;;;;13/11/2017;;
1701179;RCBP RORAIMA;MASCULINO;16/02/1952;65;PARDA;BRASIL;Não informado;;FUNDAMENTAL I (1ª A 4ª SÉRIE);CASADO;622;TRABALHADORES AGRÍCOLAS   	;RORAIMA;BOA VISTA;PELE, SOE;C449;NEOPLASIA MALIGNA;80003;NEOPLASIA MALIGNA DA PELE;C449;;;;;false;SDO;SEM INFORMAÇÃO;SEM INFORMAÇÃO;99 - SEM INFORMAÇÃO;999;MORTO;CÂNCER;19/11/2017;19/11/2017;19/11/2017;;
1701173;RCBP RORAIMA;MASCULINO;18/01/1960;57;PARDA;BRASIL;MARANHÃO;;FUNDAMENTAL II (5ª A 8ª SÉRIE);CASADO;611;PRODUTORES AGROPECUÁRIOS EM GERAL 	;RORAIMA;MUCAJAÍ;PROSTATA, SOE;C619;ADENOCARCINOMA, SOE;81403;PROSTATA;C61;;;;;false;HISTOLOGIA DO TUMOR PRIMÁRIO;SEM INFORMAÇÃO;;;;;SEM INFORMAÇÃO;13/05/2018;;30/01/2017;C40;
1701174;RCBP RORAIMA;MASCULINO;17/11/1946;70;PARDA;BRASIL;MARANHÃO;;SEM ESCOLARIDADE;SOLTEIRO;;;RORAIMA;CANTÁ;PELE DO LABIO, SOE;C440;CARCINOMA BASOCELULAR, SOE;80903;PELE DO LABIO;C440;;;;;false;HISTOLOGIA DO TUMOR PRIMÁRIO;LOCALIZADO;;;;;;;;26/06/2017;;
1701175;RCBP RORAIMA;MASCULINO;28/02/1944;73;SEM INFORMAÇÃO;BRASIL;RORAIMA;;SEM INFORMAÇÃO;SEM INFORMAÇÃO;0;SEM INFORMAÇÃO	;RORAIMA;BOA VISTA;PROSTATA, SOE;C619;ADENOCARCINOMA, SOE;81403;PROSTATA;C61;;;;;false;HISTOLOGIA DO TUMOR PRIMÁRIO;SEM INFORMAÇÃO;;;;;;;;04/08/2017;;
1701178;RCBP RORAIMA;MASCULINO;31/08/1956;61;PARDA;BRASIL;Não informado;;FUNDAMENTAL I (1ª A 4ª SÉRIE);SOLTEIRO;711;TRABALHADORES DA EXTRAÇÃO MINERAL 	;RORAIMA;BOA VISTA;LOBO SUPERIOR DO PULMAO;C341;NEOPLASIA MALIGNA;80003;LOBO SUPERIOR, BRONQUIO OU PULMAO;C341;;;;;false;SDO;SEM INFORMAÇÃO;SEM INFORMAÇÃO;99 - SEM INFORMAÇÃO;999;MORTO;CÂNCER;16/09/2017;16/09/2017;16/09/2017;;
1701194;RCBP RORAIMA;MASCULINO;12/05/1994;23;BRANCO;BRASIL;Não informado;;MÉDIO (ANTIGO SEGUNDO GRAU);CASADO;;;RORAIMA;BOA VISTA;LINFONODO, SOE;C779;LINFOMA MALIGNO, TIPO NAO HODGKIN, SOE;95913;LINFOMA NAO-HODGKIN, SOE;C859;;;LINFOMA NÃO-HODGKIN;2.1;false;SDO;NÃO SE APLICA;SEM INFORMAÇÃO;99 - SEM INFORMAÇÃO;999;MORTO;CÂNCER;24/12/2017;24/12/2017;24/12/2017;;
1701212;RCBP RORAIMA;FEMININO;02/07/1989;28;PARDA;BRASIL;RORAIMA;;MÉDIO (ANTIGO SEGUNDO GRAU);SOLTEIRO;0;SEM INFORMAÇÃO	;RORAIMA;BOA VISTA;MEDIASTINO, SOE;C383;LINFOMA DE CELULAS T, MADURAS, SOE;97023;LINFOMA DE CELULAS T, PERIFERICO;C844;;;LINFOMA NÃO-HODGKIN;2.1;false;HISTOLOGIA DO TUMOR PRIMÁRIO;NÃO SE APLICA;;;;;CÂNCER;31/01/2018;;26/10/2017;;
1701186;RCBP RORAIMA;MASCULINO;20/06/1963;54;PARDA;BRASIL;Não informado;Não Informado;SEM INFORMAÇÃO;VIÚVO;;;RORAIMA;BOA VISTA;PELE DO TRONCO;C445;CARCINOMA BASOCELULAR, SOE;80903;PELE DO TRONCO;C445;;;;;false;HISTOLOGIA DO TUMOR PRIMÁRIO;SEM INFORMAÇÃO;;;;;;;;27/06/2017;;
1701214;RCBP RORAIMA;FEMININO;22/04/1957;59;BRANCO;BRASIL;CEARÁ;;SUPERIOR COMPLETO;CASADO;239;OUTROS PROFISSIONAIS DO ENSINO NÃO CLASSIFICADOS ANTERIORMENTE	;RORAIMA;BOA VISTA;PELE DO MEMBRO SUPERIOR E DO OMBRO;C446;CARCINOMA BASOCELULAR, SOE;80903;PELE DO MEMBRO SUPERIOR E DO OMBRO;C446;;;;;false;HISTOLOGIA DO TUMOR PRIMÁRIO;SEM INFORMAÇÃO;;;;;;;;07/04/2017;;
1701215;RCBP RORAIMA;FEMININO;16/06/1975;42;PARDA;BRASIL;PERNAMBUCO;;SUPERIOR COMPLETO;CASADO;0;SEM INFORMAÇÃO	;RORAIMA;BOA VISTA;BEXIGA, SOE;C679;CARCINOMA DE CELULAS TRANSICIONAIS, SOE;81203;BEXIGA, SOE;C679;;;;;false;HISTOLOGIA DO TUMOR PRIMÁRIO;LOCALIZADO;;;;;;;;22/08/2017;;
1701216;RCBP RORAIMA;FEMININO;01/09/1950;67;PARDA;BRASIL;CEARÁ;;MÉDIO (ANTIGO SEGUNDO GRAU);SOLTEIRO;0;SEM INFORMAÇÃO	;RORAIMA;BOA VISTA;OVARIO, SOE;C569;CISTADENOCARCINOMA PAPILAR SEROSO;84603;OVARIO;C56;;;;;false;HISTOLOGIA DO TUMOR PRIMÁRIO;SEM INFORMAÇÃO;;;;;CÂNCER;27/01/2018;;15/12/2017;;
1701225;RCBP RORAIMA;FEMININO;03/10/1958;58;PARDA;Não informado;Não informado;Não Informado;SEM INFORMAÇÃO;CASADO;0;SEM INFORMAÇÃO	;RORAIMA;BOA VISTA;MAMA , SOE;C509;CARCINOMA DUCTAL INFILTRANTE;85003;MAMA , SOE;C509;;;;;false;HISTOLOGIA DO TUMOR PRIMÁRIO;SEM INFORMAÇÃO;;;;;;;;04/09/2017;;
1701227;RCBP RORAIMA;MASCULINO;08/08/1915;102;INDÍGENA;BRASIL;Não informado;;SEM ESCOLARIDADE;SEM INFORMAÇÃO;622;TRABALHADORES AGRÍCOLAS   	;RORAIMA;AMAJARI;LESAO SOBREPOSTA DO ESTOMAGO;C168;NEOPLASIA MALIGNA;80003;LESAO INVASIVA DO ESTOMAGO;C168;;;;;false;SDO;SEM INFORMAÇÃO;SEM INFORMAÇÃO;99 - SEM INFORMAÇÃO;999;MORTO;CÂNCER;15/10/2017;15/10/2017;15/10/2017;;
1701231;RCBP RORAIMA;FEMININO;16/05/1948;68;PARDA;BRASIL;MARANHÃO;;SEM ESCOLARIDADE;VIÚVO;0;SEM INFORMAÇÃO	;RORAIMA;BOA VISTA;PULMAO, SOE;C349;ADENOCARCINOMA, SOE;81403;BRONQUIOS OU PULMOES, SOE;C349;;;;;false;HISTOLOGIA DO TUMOR PRIMÁRIO;METÁSTASE;;;;;;;;10/04/2017;C76;
1701239;RCBP RORAIMA;MASCULINO;04/11/1939;77;PARDA;BRASIL;RORAIMA;;FUNDAMENTAL II (5ª A 8ª SÉRIE);CASADO;0;SEM INFORMAÇÃO	;RORAIMA;MUCAJAÍ;PELE DE OUTRAS PARTES DA FACE;C443;CARCINOMA BASOCELULAR, SOE;80903;PELE DE OUTRAS PARTES DA FACE;C443;;;;;false;CLÍNICO;SEM INFORMAÇÃO;;;;;;;;08/05/2017;;
1701240;RCBP RORAIMA;MASCULINO;07/11/1969;47;PARDA;BRASIL;AMAZONAS;;SUPERIOR COMPLETO;CASADO;252;PROFISSIONAIS DE ORGANIZAÇÃO E ADMINISTRAÇÃO DE EMPRESAS E AFINS  	;RORAIMA;BOA VISTA;ESTOMAGO, SOE;C169;CARCINOMA DE CELULAS EM ANEL DE SINETE;84903;ESTOMAGO, SOE;C169;;;;;false;HISTOLOGIA DO TUMOR PRIMÁRIO;SEM INFORMAÇÃO;;;;;CÂNCER;22/07/2019;;06/10/2017;C48;
1701243;RCBP RORAIMA;FEMININO;23/08/1962;54;PARDA;BRASIL;AMAZONAS;;MÉDIO (ANTIGO SEGUNDO GRAU);SOLTEIRO;0;SEM INFORMAÇÃO	;RORAIMA;BOA VISTA;COLO DO UTERO, SOE;C539;CARCINOMA ESCAMOCELULAR, SOE;80703;COLO DO UTERO, SOE;C539;;;;;false;HISTOLOGIA DO TUMOR PRIMÁRIO;SEM INFORMAÇÃO;;;;;;;;11/05/2017;;
1701248;RCBP RORAIMA;FEMININO;11/03/1974;43;BRANCO;BRASIL;RORAIMA;;MÉDIO (ANTIGO SEGUNDO GRAU);SOLTEIRO;;;RORAIMA;BOA VISTA;PELE DE OUTRAS PARTES DA FACE;C443;CARCINOMA BASOCELULAR, SOE;80903;PELE DE OUTRAS PARTES DA FACE;C443;;;;;false;HISTOLOGIA DO TUMOR PRIMÁRIO;LOCALIZADO;;;;;;;;17/08/2017;;
1701249;RCBP RORAIMA;FEMININO;23/09/1968;49;PARDA;BRASIL;RORAIMA;;SUPERIOR COMPLETO;SEPARADO JUDICIALMENTE;252;PROFISSIONAIS DE ORGANIZAÇÃO E ADMINISTRAÇÃO DE EMPRESAS E AFINS  	;RORAIMA;PACARAIMA;MAMA , SOE;C509;CARCINOMA DUCTAL INFILTRANTE;85003;MAMA , SOE;C509;;;;;false;HISTOLOGIA DO TUMOR PRIMÁRIO;SEM INFORMAÇÃO;;;;;;;;01/12/2017;;
1701251;RCBP RORAIMA;FEMININO;18/05/1975;42;PARDA;Não informado;Não informado;Não Informado;MÉDIO (ANTIGO SEGUNDO GRAU);SOLTEIRO;0;SEM INFORMAÇÃO	;RORAIMA;BOA VISTA;MAMA , SOE;C509;CARCINOMA DUCTAL INFILTRANTE;85003;MAMA , SOE;C509;;;;;false;HISTOLOGIA DO TUMOR PRIMÁRIO;SEM INFORMAÇÃO;;;;;;;;30/10/2017;;
1701254;RCBP RORAIMA;FEMININO;30/06/1977;39;BRANCO;BRASIL;RIO GRANDE DO SUL;;MÉDIO (ANTIGO SEGUNDO GRAU);CASADO;;;RORAIMA;BOA VISTA;PELE DO TRONCO;C445;CARCINOMA BASOCELULAR, SOE;80903;PELE DO TRONCO;C445;;;;;false;HISTOLOGIA DO TUMOR PRIMÁRIO;LOCALIZADO;;;;;;;;15/03/2017;;
1701255;RCBP RORAIMA;FEMININO;26/10/1976;40;PARDA;BRASIL;Não informado;;SEM INFORMAÇÃO;SEPARADO JUDICIALMENTE;342;TÉCNICOS EM TRANSPORTES (LOGÍSTICA)   	;RORAIMA;MUCAJAÍ;FIGADO, SOE;C220;NEOPLASIA MALIGNA;80003;FIGADO E VIAS BILIARES INTRA-HEPATICAS;C22;;;;;false;SDO;SEM INFORMAÇÃO;SEM INFORMAÇÃO;99 - SEM INFORMAÇÃO;999;MORTO;CÂNCER;22/01/2017;22/01/2017;22/01/2017;;
1701258;RCBP RORAIMA;FEMININO;08/10/1950;66;PARDA;Não informado;Não informado;Não Informado;SEM ESCOLARIDADE;VIÚVO;0;SEM INFORMAÇÃO	;RORAIMA;BOA VISTA;MAMA , SOE;C509;CARCINOMA DUCTAL INFILTRANTE;85003;MAMA , SOE;C509;;;;;false;HISTOLOGIA DO TUMOR PRIMÁRIO;SEM INFORMAÇÃO;;;;;;;;03/07/2017;C34;
1701260;RCBP RORAIMA;FEMININO;02/02/1972;45;BRANCO;BRASIL;RIO GRANDE DO SUL;;MÉDIO (ANTIGO SEGUNDO GRAU);CASADO;;;RORAIMA;BOA VISTA;PELE DE OUTRAS PARTES DA FACE;C443;CARCINOMA BASOCELULAR, SOE;80903;PELE DE OUTRAS PARTES DA FACE;C443;;;;;false;HISTOLOGIA DO TUMOR PRIMÁRIO;LOCALIZADO;;;;;;;;15/09/2017;;
1701262;RCBP RORAIMA;FEMININO;20/12/1980;36;PARDA;BRASIL;PARÁ;;MÉDIO (ANTIGO SEGUNDO GRAU);CASADO;0;SEM INFORMAÇÃO	;RORAIMA;BOA VISTA;ESTOMAGO, SOE;C169;CARCINOMA, TIPO DIFUSO;81453;ESTOMAGO, SOE;C169;;;;;false;HISTOLOGIA DO TUMOR PRIMÁRIO;SEM INFORMAÇÃO;;;;;CÂNCER;27/07/2019;;17/10/2017;;
1701266;RCBP RORAIMA;FEMININO;25/09/1955;61;SEM INFORMAÇÃO;BRASIL;PARAÍBA;;MÉDIO (ANTIGO SEGUNDO GRAU);CASADO;0;SEM INFORMAÇÃO	;RORAIMA;BOA VISTA;MAMA , SOE;C509;CARCINOMA DUCTAL INFILTRANTE E LOBULAR;85223;MAMA , SOE;C509;;;;;false;HISTOLOGIA DO TUMOR PRIMÁRIO;SEM INFORMAÇÃO;;;;;;;;28/06/2017;;
1701268;RCBP RORAIMA;FEMININO;10/01/1940;77;BRANCO;BRASIL;Não informado;;FUNDAMENTAL II (5ª A 8ª SÉRIE);VIÚVO;512;TRABALHADORES DOS SERVIÇOS DOMÉSTICOS EM GERAL	;RORAIMA;BOA VISTA;MEDULA OSSEA;C421;LEUCEMIA LINFOIDE, SOE;98203;LEUCEMIA LINFOIDE, SOE;C919;;;;;false;SDO;NÃO SE APLICA;SEM INFORMAÇÃO;99 - SEM INFORMAÇÃO;999;MORTO;CÂNCER;07/07/2017;07/07/2017;07/07/2017;;
1701269;RCBP RORAIMA;FEMININO;22/12/1954;62;BRANCO;BRASIL;Não informado;;FUNDAMENTAL II (5ª A 8ª SÉRIE);SEPARADO JUDICIALMENTE;0;SEM INFORMAÇÃO	;RORAIMA;BOA VISTA;PANCREAS, SOE;C259;NEOPLASIA MALIGNA;80003;PANCREAS, SOE;C259;;;;;false;SDO;SEM INFORMAÇÃO;SEM INFORMAÇÃO;99 - SEM INFORMAÇÃO;999;MORTO;CÂNCER;14/09/2017;14/09/2017;14/09/2017;;
1701273;RCBP RORAIMA;FEMININO;15/06/1955;61;PARDA;BRASIL;Não informado;;SEM ESCOLARIDADE;CASADO;0;SEM INFORMAÇÃO	;RORAIMA;BOA VISTA;GLANDULA SUBMANDIBULAR;C080;NEOPLASIA MALIGNA;80003;GLANDULA SUBMANDIBULAR;C080;;;;;false;SDO;SEM INFORMAÇÃO;SEM INFORMAÇÃO;99 - SEM INFORMAÇÃO;999;MORTO;CÂNCER;06/05/2017;06/05/2017;06/05/2017;;
1701276;RCBP RORAIMA;MASCULINO;26/09/1962;54;PARDA;BRASIL;RORAIMA;;FUNDAMENTAL I (1ª A 4ª SÉRIE);UNIÃO CONSENSUAL;141;GERENTES DE PRODUÇÃO E OPERAÇÕES  	;RORAIMA;BOA VISTA;LESAO SOBREPOSTA DOS OSSOS ARTICUL. OUTRAS REGIOES;C418;CONDROSSARCOMA MIXOIDE;92313;LESAO INVASIVA DE OSSOS E CARTILAGENS ARTICULARES;C418;;;;;false;HISTOLOGIA DO TUMOR PRIMÁRIO;SEM INFORMAÇÃO;;;;;;;;06/02/2017;C34;
1701554;RCBP RORAIMA;FEMININO;25/11/1955;62;PARDA;BRASIL;RORAIMA;BOA VISTA;MÉDIO (ANTIGO SEGUNDO GRAU);UNIÃO CONSENSUAL;0;SEM INFORMAÇÃO	;RORAIMA;BOA VISTA;ENDOMETRIO;C541;CARCINOMA ENDOMETRIOIDE, SOE;83803;ENDOMETRIO;C541;;;;;false;HISTOLOGIA DO TUMOR PRIMÁRIO;SEM INFORMAÇÃO;;;;;;;;20/12/2017;;
1703582;RCBP RORAIMA;FEMININO;28/06/1938;79;PARDA;BRASIL;PIAUÍ;;FUNDAMENTAL I (1ª A 4ª SÉRIE);VIÚVO;622;TRABALHADORES AGRÍCOLAS   	;RORAIMA;BOA VISTA;PULMAO, SOE;C349;CARCINOMA ESCAMOCELULAR, SOE;80703;BRONQUIOS OU PULMOES, SOE;C349;;;;;false;HISTOLOGIA DO TUMOR PRIMÁRIO;SEM INFORMAÇÃO;;;;;;;;15/09/2017;;
1703584;RCBP RORAIMA;FEMININO;15/10/1961;55;BRANCO;BRASIL;MARANHÃO;;MÉDIO (ANTIGO SEGUNDO GRAU);CASADO;519;OUTROS TRABALHADORES DE SERVIÇOS DIVERSOS 	;RORAIMA;BOA VISTA;OUVIDO EXTERNO;C442;CARCINOMA BASOCELULAR, SOE;80903;PELE DA ORELHA E CONDUTO AUDITIVO EXTERNO;C442;;;;;false;HISTOLOGIA DO TUMOR PRIMÁRIO;LOCALIZADO;;;;;;;;01/08/2017;;
1703586;RCBP RORAIMA;FEMININO;29/10/1969;47;PARDA;BRASIL;RONDONIA;;FUNDAMENTAL I (1ª A 4ª SÉRIE);CASADO;0;SEM INFORMAÇÃO	;RORAIMA;ALTO ALEGRE;ENDOMETRIO;C541;SARCOMA DO ESTROMA ENDOMETRIAL, SOE;89303;ENDOMETRIO;C541;;;;;false;HISTOLOGIA DO TUMOR PRIMÁRIO;SEM INFORMAÇÃO;;;;;;;;23/10/2017;;
1703573;RCBP RORAIMA;MASCULINO;09/09/1952;65;BRANCO;BRASIL;Não informado;;FUNDAMENTAL I (1ª A 4ª SÉRIE);SOLTEIRO;622;TRABALHADORES AGRÍCOLAS   	;RORAIMA;BOA VISTA;ESTOMAGO, SOE;C169;NEOPLASIA MALIGNA;80003;ESTOMAGO, SOE;C169;;;;;false;SDO;SEM INFORMAÇÃO;SEM INFORMAÇÃO;99 - SEM INFORMAÇÃO;999;MORTO;CÂNCER;06/10/2017;06/10/2017;06/10/2017;;
1703600;RCBP RORAIMA;MASCULINO;22/04/1951;66;PARDA;BRASIL;AMAPA;;SEM INFORMAÇÃO;CASADO;715;TRABALHADORES DA CONSTRUÇÃO CIVIL E OBRAS PÚBLICAS	;RORAIMA;BOA VISTA;PULMAO, SOE;C349;CARCINOMA DE CELULAS PEQUENAS, SOE;80413;BRONQUIOS OU PULMOES, SOE;C349;;;;;false;HISTOLOGIA DO TUMOR PRIMÁRIO;SEM INFORMAÇÃO;;;;;SEM INFORMAÇÃO;15/08/2017;;16/05/2017;C76;
1703616;RCBP RORAIMA;MASCULINO;29/07/1929;87;BRANCO;BRASIL;CEARÁ;;SEM ESCOLARIDADE;CASADO;;;RORAIMA;BOA VISTA;PELE DE OUTRAS PARTES DA FACE;C443;CARCINOMA BASOCELULAR, SOE;80903;PELE DE OUTRAS PARTES DA FACE;C443;;;;;false;HISTOLOGIA DO TUMOR PRIMÁRIO;LOCALIZADO;;;;;;;;04/05/2017;;
1703603;RCBP RORAIMA;FEMININO;06/02/1969;48;PARDA;Não informado;Não informado;Não Informado;SEM INFORMAÇÃO;SOLTEIRO;0;SEM INFORMAÇÃO	;RORAIMA;BOA VISTA;MAMA , SOE;C509;CARCINOMA DUCTAL INFILTRANTE;85003;MAMA , SOE;C509;;;;;false;HISTOLOGIA DO TUMOR PRIMÁRIO;SEM INFORMAÇÃO;;;;;;;;12/05/2017;;
1703608;RCBP RORAIMA;FEMININO;15/04/1931;86;BRANCO;BRASIL;Não informado;;SEM ESCOLARIDADE;VIÚVO;0;SEM INFORMAÇÃO	;RORAIMA;BOA VISTA;ESTOMAGO, SOE;C169;NEOPLASIA MALIGNA;80003;ESTOMAGO, SOE;C169;;;;;false;SDO;SEM INFORMAÇÃO;SEM INFORMAÇÃO;99 - SEM INFORMAÇÃO;999;MORTO;CÂNCER;30/04/2017;30/04/2017;30/04/2017;;
1701577;RCBP RORAIMA;MASCULINO;11/02/1955;62;BRANCO;BRASIL;Não informado;;FUNDAMENTAL II (5ª A 8ª SÉRIE);SOLTEIRO;513;TRABALHADORES DOS SERVIÇOS DE HOTELARIA E ALIMENTAÇÃO 	;RORAIMA;BOA VISTA;FIGADO, SOE;C220;NEOPLASIA MALIGNA;80003;FIGADO E VIAS BILIARES INTRA-HEPATICAS;C22;;;;;false;SDO;SEM INFORMAÇÃO;SEM INFORMAÇÃO;99 - SEM INFORMAÇÃO;999;MORTO;CÂNCER;22/08/2017;22/08/2017;22/08/2017;;
1701521;RCBP RORAIMA;FEMININO;08/01/1992;25;PARDA;BRASIL;Não informado;Não Informado;MÉDIO (ANTIGO SEGUNDO GRAU);SEM INFORMAÇÃO;0;SEM INFORMAÇÃO	;RORAIMA;BOA VISTA;COLO DO UTERO, SOE;C539;NEOPLASIA INTRA-EPITELIAL ESCAMOSA,GRAU IIII;80772;COLO DO UTERO, SOE;D069;;;;;false;CITOLOGIA;"IN SITU";;;;;;;;06/07/2017;;
1701523;RCBP RORAIMA;FEMININO;22/01/1992;25;PARDA;Não informado;Não informado;Não Informado;SUPERIOR COMPLETO;SOLTEIRO;316;TÉCNICOS EM MINERALOGIA E GEOLOGIA	;RORAIMA;PACARAIMA;TECIDOS MOLES, SOE;C499;LIPOSSARCOMA MIXOIDE;88523;NEOPLASIA MALIGNA DE TECIDOS MOLES;C499;;;ESPECÍFICOS (EXCETO SARCOMA DE KAPOSI);5.3.1.1;false;HISTOLOGIA DO TUMOR PRIMÁRIO;SEM INFORMAÇÃO;;;;;;;;28/10/2017;;
1701561;RCBP RORAIMA;MASCULINO;12/01/1950;67;INDÍGENA;BRASIL;Não informado;;SEM ESCOLARIDADE;SOLTEIRO;622;TRABALHADORES AGRÍCOLAS   	;RORAIMA;NORMANDIA;COLUNA VERTEBRAL;C412;NEOPLASIA MALIGNA;80003;COLUNA VERTEBRAL;C412;;;;;false;SDO;SEM INFORMAÇÃO;SEM INFORMAÇÃO;99 - SEM INFORMAÇÃO;999;MORTO;CÂNCER;09/12/2017;09/12/2017;09/12/2017;;
1701562;RCBP RORAIMA;MASCULINO;22/07/1938;78;PARDA;BRASIL;Não informado;;FUNDAMENTAL II (5ª A 8ª SÉRIE);SEPARADO JUDICIALMENTE;262;PROFISSIONAIS DE ESPETÁCULOS E DAS ARTES  	;RORAIMA;BOA VISTA;MEDULA OSSEA;C421;LEUCEMIA, SOE;98003;LEUCEMIA NAO ESPECIFICADA;C959;;;;;false;SDO;NÃO SE APLICA;SEM INFORMAÇÃO;99 - SEM INFORMAÇÃO;999;MORTO;CÂNCER;11/01/2017;11/01/2017;11/01/2017;;
1701565;RCBP RORAIMA;MASCULINO;21/10/1976;40;SEM INFORMAÇÃO;BRASIL;MARANHÃO;;MÉDIO (ANTIGO SEGUNDO GRAU);SEM INFORMAÇÃO;0;SEM INFORMAÇÃO	;RORAIMA;ALTO ALEGRE;MEDULA OSSEA;C421;LEUCEMIA MIELOIDE AGUDA, COM DIFERENCIACAO MINIMA;98723;LEUCEMIA MIELOIDE;C92;;;;;false;HISTOLOGIA DO TUMOR PRIMÁRIO;NÃO SE APLICA;;;;;;;;16/05/2017;;
1701571;RCBP RORAIMA;FEMININO;31/05/1977;40;PARDA;Não informado;Não informado;Não Informado;FUNDAMENTAL I (1ª A 4ª SÉRIE);CASADO;0;SEM INFORMAÇÃO	;RORAIMA;BOA VISTA;MAMA , SOE;C509;CARCINOMA DUCTAL INFILTRANTE;85003;MAMA , SOE;C509;;;;;false;HISTOLOGIA DO TUMOR PRIMÁRIO;SEM INFORMAÇÃO;;;;;CÂNCER;12/09/2018;;09/06/2017;C76;
1701574;RCBP RORAIMA;FEMININO;26/07/1967;49;PARDA;BRASIL;Não informado;;MÉDIO (ANTIGO SEGUNDO GRAU);SOLTEIRO;0;SEM INFORMAÇÃO	;RORAIMA;BOA VISTA;MAMA , SOE;C509;NEOPLASIA MALIGNA;80003;MAMA , SOE;C509;;;;;false;SDO;SEM INFORMAÇÃO;SEM INFORMAÇÃO;99 - SEM INFORMAÇÃO;999;MORTO;CÂNCER;24/01/2017;24/01/2017;24/01/2017;;
1701585;RCBP RORAIMA;FEMININO;29/06/1977;40;PARDA;BRASIL;MARANHÃO;;FUNDAMENTAL I (1ª A 4ª SÉRIE);UNIÃO CONSENSUAL;0;SEM INFORMAÇÃO	;RORAIMA;BOA VISTA;COLO DO UTERO, SOE;C539;CARCINOMA ESCAMOCELULAR, SOE;80703;COLO DO UTERO, SOE;C539;;;;;false;HISTOLOGIA DO TUMOR PRIMÁRIO;SEM INFORMAÇÃO;;;;;;;;20/09/2017;;
1701581;RCBP RORAIMA;FEMININO;15/07/1994;23;PARDA;BRASIL;Não informado;Não Informado;SEM ESCOLARIDADE;SEM INFORMAÇÃO;;;RORAIMA;BOA VISTA;COLO DO UTERO, SOE;C539;NEOPLASIA GLANDULAR INTRAEPITELIAL, GRAU III;81482;COLO DO UTERO, SOE;D069;;;;;false;HISTOLOGIA DO TUMOR PRIMÁRIO;"IN SITU";;;;;;;;02/08/2017;;
1701587;RCBP RORAIMA;MASCULINO;10/11/1989;28;PARDA;VENEZUELA;Não informado;Não Informado;MÉDIO (ANTIGO SEGUNDO GRAU);CASADO;141;GERENTES DE PRODUÇÃO E OPERAÇÕES  	;RORAIMA;BOA VISTA;LINFONODOS DA CABECA, FACE E PESCOCO;C770;LINFOMA DE HODGKIN, SOE;96503;DOENCA DE HODGKIN, SOE;C819;;;LINFOMA DE HODGKIN;2.2;false;HISTOLOGIA DO TUMOR PRIMÁRIO;SEM INFORMAÇÃO;;;;;;;;16/11/2017;;
1701590;RCBP RORAIMA;FEMININO;04/12/1937;80;BRANCO;BRASIL;Não informado;;SEM ESCOLARIDADE;CASADO;622;TRABALHADORES AGRÍCOLAS   	;RORAIMA;BOA VISTA;FIGADO, SOE;C220;NEOPLASIA MALIGNA;80003;FIGADO E VIAS BILIARES INTRA-HEPATICAS;C22;;;;;false;SDO;SEM INFORMAÇÃO;SEM INFORMAÇÃO;99 - SEM INFORMAÇÃO;999;MORTO;CÂNCER;18/12/2017;18/12/2017;18/12/2017;;
1701618;RCBP RORAIMA;MASCULINO;18/01/1945;72;PARDA;BRASIL;Não informado;;SEM ESCOLARIDADE;SOLTEIRO;622;TRABALHADORES AGRÍCOLAS   	;RORAIMA;CAROEBE;PULMAO, SOE;C349;NEOPLASIA MALIGNA;80003;BRONQUIOS OU PULMOES, SOE;C349;;;;;false;SDO;METÁSTASE;SEM INFORMAÇÃO;99 - SEM INFORMAÇÃO;999;MORTO;CÂNCER;01/02/2017;01/02/2017;01/02/2017;;
1701597;RCBP RORAIMA;MASCULINO;10/04/1959;57;PARDA;BRASIL;RORAIMA;;FUNDAMENTAL I (1ª A 4ª SÉRIE);SEPARADO JUDICIALMENTE;0;SEM INFORMAÇÃO	;RORAIMA;BOA VISTA;PROSTATA, SOE;C619;ADENOCARCINOMA, SOE;81403;PROSTATA;C61;;;;;false;HISTOLOGIA DO TUMOR PRIMÁRIO;SEM INFORMAÇÃO;;;;;;;;26/01/2017;;
1701600;RCBP RORAIMA;MASCULINO;08/01/1965;52;BRANCO;BRASIL;Não informado;;FUNDAMENTAL II (5ª A 8ª SÉRIE);SOLTEIRO;111;MEMBROS SUPERIORES DO PODER LEGISLATIVO, EXECUTIVO E JUDICIÁRIO   	;RORAIMA;BOA VISTA;FIGADO, SOE;C220;NEOPLASIA MALIGNA;80003;FIGADO E VIAS BILIARES INTRA-HEPATICAS;C22;;;;;false;SDO;SEM INFORMAÇÃO;SEM INFORMAÇÃO;99 - SEM INFORMAÇÃO;999;MORTO;NÃO CÂNCER;06/08/2017;06/08/2017;06/08/2017;;
1701602;RCBP RORAIMA;MASCULINO;02/07/1924;93;AMARELA;BRASIL;Não informado;;SEM INFORMAÇÃO;SOLTEIRO;;;RORAIMA;MUCAJAÍ;CARDIA, SOE;C160;NEOPLASIA MALIGNA;80003;CARDIA;C160;;;;;false;SDO;METÁSTASE;SEM INFORMAÇÃO;99 - SEM INFORMAÇÃO;999;MORTO;CÂNCER;29/08/2017;29/08/2017;29/08/2017;;
1701608;RCBP RORAIMA;MASCULINO;15/02/1936;81;PARDA;BRASIL;CEARÁ;;FUNDAMENTAL I (1ª A 4ª SÉRIE);CASADO;715;TRABALHADORES DA CONSTRUÇÃO CIVIL E OBRAS PÚBLICAS	;RORAIMA;BOA VISTA;PELE DE OUTRAS PARTES DA FACE;C443;CARCINOMA BASOCELULAR NODULAR;80973;PELE DE OUTRAS PARTES DA FACE;C443;;;;;false;HISTOLOGIA DO TUMOR PRIMÁRIO;LOCALIZADO;;;;;;;;28/05/2017;;
1701609;RCBP RORAIMA;MASCULINO;10/10/1960;57;PARDA;BRASIL;PIAUÍ;;FUNDAMENTAL II (5ª A 8ª SÉRIE);CASADO;611;PRODUTORES AGROPECUÁRIOS EM GERAL 	;RORAIMA;UIRAMUTÃ;PALPEBRA;C441;CARCINOMA BASOCELULAR, SOE;80903;PELE DA PALPEBRA E CANTO;C441;;;;;false;HISTOLOGIA DO TUMOR PRIMÁRIO;SEM INFORMAÇÃO;;;;;;;;20/12/2017;;
1701611;RCBP RORAIMA;MASCULINO;29/05/1939;77;PARDA;BRASIL;RIO GRANDE DO SUL;;FUNDAMENTAL I (1ª A 4ª SÉRIE);CASADO;721;TRABALHADORES DE USINAGEM DE METAIS E DE COMPÓSITOS   	;RORAIMA;BOA VISTA;PULMAO, SOE;C349;NEOPLASIA MALIGNA;80003;BRONQUIOS OU PULMOES, SOE;C349;;;;;false;HISTOLOGIA DO TUMOR PRIMÁRIO;METÁSTASE;;;;;;;;23/02/2017;;
1701626;RCBP RORAIMA;MASCULINO;09/09/1989;27;PARDA;BRASIL;PARÁ;;FUNDAMENTAL II (5ª A 8ª SÉRIE);SEM INFORMAÇÃO;141;GERENTES DE PRODUÇÃO E OPERAÇÕES  	;RORAIMA;BOA VISTA;PELE DO LABIO, SOE;C440;CARCINOMA BASOCELULAR, SOE;80903;PELE DO LABIO;C440;;;CARCINOMA DE PELE;7.2;false;HISTOLOGIA DO TUMOR PRIMÁRIO;SEM INFORMAÇÃO;;;;;;;;14/02/2017;;
1701636;RCBP RORAIMA;FEMININO;30/10/1957;59;PARDA;BRASIL;Não informado;;MÉDIO (ANTIGO SEGUNDO GRAU);CASADO;0;SEM INFORMAÇÃO	;RORAIMA;BOA VISTA;PANCREAS, SOE;C259;NEOPLASIA MALIGNA;80003;PANCREAS, SOE;C259;;;;;false;SDO;SEM INFORMAÇÃO;SEM INFORMAÇÃO;99 - SEM INFORMAÇÃO;999;MORTO;CÂNCER;21/10/2017;21/10/2017;21/10/2017;;
1701637;RCBP RORAIMA;MASCULINO;23/03/1942;75;PARDA;BRASIL;RORAIMA;;FUNDAMENTAL II (5ª A 8ª SÉRIE);CASADO;0;SEM INFORMAÇÃO	;RORAIMA;BOA VISTA;FIGADO, SOE;C220;CARCINOMA HEPATOCELULAR, SOE;81703;CARCINOMA DE CELULAS HEPATICAS;C220;;;;;false;PESQUISA;SEM INFORMAÇÃO;;;;;;;;09/08/2017;;
1701638;RCBP RORAIMA;FEMININO;26/12/1974;42;PARDA;BRASIL;PARÁ;;FUNDAMENTAL I (1ª A 4ª SÉRIE);SOLTEIRO;0;SEM INFORMAÇÃO	;RORAIMA;BOA VISTA;COLO DO UTERO, SOE;C539;ADENOCARCINOMA, SOE;81403;COLO DO UTERO, SOE;C539;;;;;false;HISTOLOGIA DO TUMOR PRIMÁRIO;METÁSTASE;;;;;;;;01/06/2017;;
1701642;RCBP RORAIMA;FEMININO;07/11/1972;44;BRANCO;BRASIL;AMAZONAS;;MÉDIO (ANTIGO SEGUNDO GRAU);CASADO;;;RORAIMA;MUCAJAÍ;PELE DE OUTRAS PARTES DA FACE;C443;CARCINOMA BASOCELULAR, SOE;80903;PELE DE OUTRAS PARTES DA FACE;C443;;;;;false;HISTOLOGIA DO TUMOR PRIMÁRIO;LOCALIZADO;;;;;;;;31/08/2017;;
1701647;RCBP RORAIMA;FEMININO;03/07/1993;23;PARDA;BRASIL;Não informado;Não Informado;FUNDAMENTAL II (5ª A 8ª SÉRIE);SEM INFORMAÇÃO;0;SEM INFORMAÇÃO	;RORAIMA;BOA VISTA;COLO DO UTERO, SOE;C539;NEOPLASIA INTRA-EPITELIAL ESCAMOSA,GRAU IIII;80772;COLO DO UTERO, SOE;D069;;;;;false;CITOLOGIA;"IN SITU";;;;;;;;22/03/2017;;
1701654;RCBP RORAIMA;FEMININO;12/10/1947;69;PARDA;BRASIL;AMAZONAS;;MÉDIO (ANTIGO SEGUNDO GRAU);CASADO;763;TRABALHADORES DA CONFECÇÃO DE ROUPAS 	;RORAIMA;BOA VISTA;MAMA , SOE;C509;CARCINOMA LOBULAR, SOE;85203;MAMA , SOE;C509;;;;;false;HISTOLOGIA DO TUMOR PRIMÁRIO;SEM INFORMAÇÃO;;;;;CÂNCER;23/11/2019;;04/04/2017;C41;
1703866;RCBP RORAIMA;FEMININO;03/10/1982;35;BRANCO;BRASIL;RORAIMA;BOA VISTA;MÉDIO (ANTIGO SEGUNDO GRAU);CASADO;;;RORAIMA;CAROEBE;MAMA , SOE;C509;CARCINOMA DUCTAL INFILTRANTE;85003;MAMA , SOE;C509;;;;;false;HISTOLOGIA DO TUMOR PRIMÁRIO;SEM INFORMAÇÃO;;;;;;;;31/10/2017;;
1703867;RCBP RORAIMA;FEMININO;05/07/1934;82;BRANCO;BRASIL;Não informado;;FUNDAMENTAL II (5ª A 8ª SÉRIE);VIÚVO;0;SEM INFORMAÇÃO	;RORAIMA;BOA VISTA;JUNCAO RETOSSIGMOIDIANA, SOE;C199;NEOPLASIA MALIGNA;80003;JUNCAO RETOSSIGMOIDE;C19;;;;;false;SDO;SEM INFORMAÇÃO;SEM INFORMAÇÃO;99 - SEM INFORMAÇÃO;999;MORTO;CÂNCER;28/01/2017;28/01/2017;28/01/2017;;
1703858;RCBP RORAIMA;FEMININO;21/07/1942;75;PARDA;BRASIL;CEARÁ;;FUNDAMENTAL I (1ª A 4ª SÉRIE);VIÚVO;0;SEM INFORMAÇÃO	;RORAIMA;BOA VISTA;COLO DO UTERO, SOE;C539;CARCINOMA ESCAMOCELULAR, SOE;80703;COLO DO UTERO, SOE;C539;;;;;false;HISTOLOGIA DO TUMOR PRIMÁRIO;SEM INFORMAÇÃO;;;;;;;;06/09/2017;;
1703859;RCBP RORAIMA;MASCULINO;10/06/1956;60;PARDA;BRASIL;PARANÁ;;FUNDAMENTAL II (5ª A 8ª SÉRIE);SEPARADO JUDICIALMENTE;810;SUPERVISORES DE PRODUÇÃO, EM INDÚSTRIAS QUÍMICAS, PETROQUÍMICAS E AFINS   	;RORAIMA;BOA VISTA;MEDULA OSSEA;C421;POLICITEMIA VERA;99503;POLICITEMIA VERA;D45;;;;;false;CITOLOGIA;NÃO SE APLICA;;;;;;;;24/03/2017;;
1703860;RCBP RORAIMA;MASCULINO;23/06/1953;63;PARDA;BRASIL;PIAUÍ;;SEM ESCOLARIDADE;SOLTEIRO;141;GERENTES DE PRODUÇÃO E OPERAÇÕES  	;RORAIMA;BOA VISTA;PELE DE OUTRAS PARTES DA FACE;C443;CARCINOMA BASOCELULAR, SOE;80903;PELE DE OUTRAS PARTES DA FACE;C443;;;;;false;HISTOLOGIA DO TUMOR PRIMÁRIO;LOCALIZADO;;;;;;;;14/06/2017;;
1703861;RCBP RORAIMA;MASCULINO;13/04/2001;16;PARDA;BRASIL;Não informado;;MÉDIO (ANTIGO SEGUNDO GRAU);SOLTEIRO;0;SEM INFORMAÇÃO	;RORAIMA;BOA VISTA;LINFONODO, SOE;C779;LINFOMA MALIGNO MISTO, CELS. PEQ. E GDES., DIFUSO;96753;MISTO, PEQUENAS E GRANDES CELULAS (DIFUSO);C832;Linfoma não-Hodgkin;II-B;LINFOMA NÃO-HODGKIN;2.1;false;SDO;NÃO SE APLICA;SEM INFORMAÇÃO;99 - SEM INFORMAÇÃO;999;MORTO;CÂNCER;26/06/2017;26/06/2017;26/06/2017;;
1703868;RCBP RORAIMA;MASCULINO;12/04/1932;85;BRANCO;BRASIL;PIAUÍ;;FUNDAMENTAL I (1ª A 4ª SÉRIE);SEM INFORMAÇÃO;622;TRABALHADORES AGRÍCOLAS   	;RORAIMA;BOA VISTA;PELE DE OUTRAS PARTES DA FACE;C443;CARCINOMA ESCAMOCELULAR, SOE;80703;PELE DE OUTRAS PARTES DA FACE;C443;;;;;false;HISTOLOGIA DO TUMOR PRIMÁRIO;SEM INFORMAÇÃO;;;;;;;;27/09/2017;;
1703865;RCBP RORAIMA;FEMININO;04/09/1965;51;PARDA;BRASIL;Não informado;;SEM ESCOLARIDADE;CASADO;622;TRABALHADORES AGRÍCOLAS   	;RORAIMA;SÃO LUIZ;ESTOMAGO, SOE;C169;NEOPLASIA MALIGNA;80003;ESTOMAGO, SOE;C169;;;;;false;SDO;SEM INFORMAÇÃO;SEM INFORMAÇÃO;99 - SEM INFORMAÇÃO;999;MORTO;CÂNCER;18/06/2017;18/06/2017;18/06/2017;;
1703869;RCBP RORAIMA;MASCULINO;18/09/1961;55;PARDA;BRASIL;Não informado;;SUPERIOR COMPLETO;CASADO;201;PROFISSIONAIS DA BIOTECNOLOGIA E METROLOGIA   	;RORAIMA;BOA VISTA;PULMAO, SOE;C349;NEOPLASIA MALIGNA;80003;BRONQUIOS OU PULMOES, SOE;C349;;;;;false;SDO;SEM INFORMAÇÃO;SEM INFORMAÇÃO;99 - SEM INFORMAÇÃO;999;MORTO;NÃO CÂNCER;08/07/2017;08/07/2017;08/07/2017;;
1703825;RCBP RORAIMA;MASCULINO;09/01/1961;56;PARDA;BRASIL;AMAZONAS;;FUNDAMENTAL I (1ª A 4ª SÉRIE);UNIÃO CONSENSUAL;715;TRABALHADORES DA CONSTRUÇÃO CIVIL E OBRAS PÚBLICAS	;RORAIMA;CARACARAÍ;PULMAO, SOE;C349;CARCINOMA DE CELULAS PEQUENAS, SOE;80413;BRONQUIOS OU PULMOES, SOE;C349;;;;;false;HISTOLOGIA DO TUMOR PRIMÁRIO;METÁSTASE;;;;;;;;14/03/2017;;
1703874;RCBP RORAIMA;FEMININO;17/03/1995;22;PARDA;BRASIL;Não informado;Não Informado;FUNDAMENTAL II (5ª A 8ª SÉRIE);SEM INFORMAÇÃO;0;SEM INFORMAÇÃO	;RORAIMA;BOA VISTA;COLO DO UTERO, SOE;C539;NEOPLASIA INTRA-EPITELIAL ESCAMOSA,GRAU IIII;80772;COLO DO UTERO, SOE;D069;;;;;false;CITOLOGIA;"IN SITU";;;;;;;;21/12/2017;;
1469909;RCBP RORAIMA;FEMININO;11/11/1998;18;PARDA;BRASIL;Não informado;Não Informado;FUNDAMENTAL II (5ª A 8ª SÉRIE);SEM INFORMAÇÃO;0;SEM INFORMAÇÃO	;RORAIMA;BOA VISTA;COLO DO UTERO, SOE;C539;NEOPLASIA GLANDULAR INTRAEPITELIAL, GRAU III;81482;COLO DO UTERO, SOE;D069;Outros carcinomas malignos não especificados;XI-F;;;true;HISTOLOGIA DO TUMOR PRIMÁRIO;"IN SITU";;;;;;;;14/07/2017;;
1703932;RCBP RORAIMA;MASCULINO;02/11/1997;19;PARDA;BRASIL;PARÁ;;SUPERIOR INCOMPLETO;SOLTEIRO;0;SEM INFORMAÇÃO	;RORAIMA;BOA VISTA;MEDULA OSSEA;C421;LEUCEMIA MIELOIDE CRONICA, SOE;98633;LEUCEMIA MIELOIDE CRONICA;C921;Doenças crônicas mieloproliferativas;I-C;LEUCEMIA MIELÓIDE CRÔNICA;1.3;false;CITOLOGIA;NÃO SE APLICA;;;;;;;;01/11/2017;;
1703933;RCBP RORAIMA;MASCULINO;17/12/1956;60;PARDA;BRASIL;PIAUÍ;;FUNDAMENTAL I (1ª A 4ª SÉRIE);SOLTEIRO;611;PRODUTORES AGROPECUÁRIOS EM GERAL 	;RORAIMA;BOA VISTA;PELE DO MEMBRO SUPERIOR E DO OMBRO;C446;CARCINOMA BASOCELULAR, SOE;80903;PELE DO MEMBRO SUPERIOR E DO OMBRO;C446;;;;;false;HISTOLOGIA DO TUMOR PRIMÁRIO;SEM INFORMAÇÃO;;;;;;;;19/10/2017;;
1703930;RCBP RORAIMA;MASCULINO;09/11/1963;53;PARDA;BRASIL;Não informado;;FUNDAMENTAL I (1ª A 4ª SÉRIE);CASADO;622;TRABALHADORES AGRÍCOLAS   	;RORAIMA;BOA VISTA;SEIO DA FACE, SOE;C319;NEOPLASIA MALIGNA;80003;SEIO DA FACE, SOE;C319;;;;;false;SDO;SEM INFORMAÇÃO;SEM INFORMAÇÃO;99 - SEM INFORMAÇÃO;999;MORTO;CÂNCER;03/11/2017;03/11/2017;03/11/2017;;
1698400;RCBP RORAIMA;MASCULINO;12/08/1946;70;PARDA;BRASIL;Não informado;;FUNDAMENTAL II (5ª A 8ª SÉRIE);VIÚVO;0;SEM INFORMAÇÃO	;RORAIMA;BOA VISTA;PULMAO, SOE;C349;NEOPLASIA MALIGNA;80003;BRONQUIOS OU PULMOES, SOE;C349;;;;;false;SDO;SEM INFORMAÇÃO;;;;;CÂNCER;27/01/2017;;27/01/2017;;
1699495;RCBP RORAIMA;FEMININO;27/03/1963;54;BRANCO;BRASIL;Não informado;;MÉDIO (ANTIGO SEGUNDO GRAU);CASADO;763;TRABALHADORES DA CONFECÇÃO DE ROUPAS 	;RORAIMA;BOA VISTA;OVARIO, SOE;C569;NEOPLASIA MALIGNA;80003;OVARIO;C56;;;;;false;SDO;SEM INFORMAÇÃO;SEM INFORMAÇÃO;99 - SEM INFORMAÇÃO;999;MORTO;CÂNCER;02/04/2017;02/04/2017;02/04/2017;;
1699858;RCBP RORAIMA;MASCULINO;13/05/1949;68;BRANCO;Não informado;Não informado;Não Informado;SUPERIOR COMPLETO;CASADO;214;ENGENHEIROS, ARQUITETOS E AFINS   	;RORAIMA;BOA VISTA;ESTOMAGO, SOE;C169;ADENOCARCINOMA, SOE;81403;ESTOMAGO, SOE;C169;;;;;false;HISTOLOGIA DO TUMOR PRIMÁRIO;SEM INFORMAÇÃO;;;;;;;;21/08/2017;C22;
1698251;RCBP RORAIMA;MASCULINO;19/08/1954;62;PARDA;BRASIL;PARÁ;;FUNDAMENTAL II (5ª A 8ª SÉRIE);SOLTEIRO;611;PRODUTORES AGROPECUÁRIOS EM GERAL 	;RORAIMA;BOA VISTA;LESAO SOBREPOSTA DO ESTOMAGO;C168;ADENOCARCINOMA, TIPO INTESTINAL;81443;LESAO INVASIVA DO ESTOMAGO;C168;;;;;false;HISTOLOGIA DO TUMOR PRIMÁRIO;METÁSTASE;;;;;CÂNCER;06/06/2017;;14/02/2017;;
786665;RCBP RORAIMA;FEMININO;11/09/1955;61;PARDA;BRASIL;SÃO PAULO;;FUNDAMENTAL I (1ª A 4ª SÉRIE);CASADO;0;SEM INFORMAÇÃO	;RORAIMA;BOA VISTA;PELE DE OUTRAS PARTES DA FACE;C443;CARCINOMA BASOCELULAR, SOE;80903;PELE DE OUTRAS PARTES DA FACE;C443;;;;;false;HISTOLOGIA DO TUMOR PRIMÁRIO;LOCALIZADO;;;;;;;;09/06/2017;;
786665;RCBP RORAIMA;FEMININO;11/09/1955;61;PARDA;BRASIL;SÃO PAULO;;FUNDAMENTAL I (1ª A 4ª SÉRIE);CASADO;0;SEM INFORMAÇÃO	;RORAIMA;BOA VISTA;PALPEBRA;C441;CARCINOMA BASOCELULAR, SOE;80903;PELE DA PALPEBRA E CANTO;C441;;;;;false;HISTOLOGIA DO TUMOR PRIMÁRIO;SEM INFORMAÇÃO;;;;;;;;15/07/2017;;
693301;RCBP RORAIMA;FEMININO;31/05/1939;78;PARDA;BRASIL;PIAUÍ;LUZILÂNDIA;FUNDAMENTAL I (1ª A 4ª SÉRIE);VIÚVO;0;SEM INFORMAÇÃO	;RORAIMA;BOA VISTA;OUVIDO EXTERNO;C442;CARCINOMA BASOCELULAR, SOE;80903;PELE DA ORELHA E CONDUTO AUDITIVO EXTERNO;C442;;;;;false;HISTOLOGIA DO TUMOR PRIMÁRIO;SEM INFORMAÇÃO;;;;;;;;17/10/2017;;
1698276;RCBP RORAIMA;FEMININO;07/04/1949;68;PARDA;BRASIL;AMAZONAS;;MÉDIO (ANTIGO SEGUNDO GRAU);SOLTEIRO;111;MEMBROS SUPERIORES DO PODER LEGISLATIVO, EXECUTIVO E JUDICIÁRIO   	;RORAIMA;BOA VISTA;MEDULA DA GLANDULA SUPRA-RENAL;C741;NEOPLASIA MALIGNA;80003;MEDULA DA SUPRA-RENAL;C741;;;;;false;SDO;METÁSTASE;;;;;CÂNCER;28/11/2017;;28/11/2017;;
1698777;RCBP RORAIMA;FEMININO;13/12/1942;74;BRANCO;BRASIL;MINAS GERAIS;;FUNDAMENTAL I (1ª A 4ª SÉRIE);VIÚVO;0;SEM INFORMAÇÃO	;RORAIMA;BOA VISTA;PELE DE OUTRAS PARTES DA FACE;C443;CARCINOMA BASOCELULAR, SOE;80903;PELE DE OUTRAS PARTES DA FACE;C443;;;;;false;HISTOLOGIA DO TUMOR PRIMÁRIO;SEM INFORMAÇÃO;;;;;;;;25/04/2017;;
1698754;RCBP RORAIMA;FEMININO;21/03/1954;63;BRANCO;BRASIL;MARANHÃO;;MÉDIO (ANTIGO SEGUNDO GRAU);CASADO;0;SEM INFORMAÇÃO	;RORAIMA;BOA VISTA;PELE DE OUTRAS PARTES DA FACE;C443;CARCINOMA BASOCELULAR, SOE;80903;PELE DE OUTRAS PARTES DA FACE;C443;;;;;false;HISTOLOGIA DO TUMOR PRIMÁRIO;LOCALIZADO;;;;;;;;19/05/2017;;
1699845;RCBP RORAIMA;FEMININO;07/09/1952;64;PARDA;BRASIL;RORAIMA;BOA VISTA;MÉDIO (ANTIGO SEGUNDO GRAU);SEPARADO JUDICIALMENTE;141;GERENTES DE PRODUÇÃO E OPERAÇÕES  	;RORAIMA;BOA VISTA;MAMA , SOE;C509;CARCINOMA DUCTAL INFILTRANTE;85003;MAMA , SOE;C509;;;;;false;HISTOLOGIA DO TUMOR PRIMÁRIO;METÁSTASE;;;;;;;;19/05/2017;;
1700153;RCBP RORAIMA;FEMININO;13/12/1956;60;PARDA;BRASIL;RORAIMA;;SUPERIOR COMPLETO;UNIÃO CONSENSUAL;391;TÉCNICOS DE NIVEL MÉDIO EM OPERAÇÕES INDUSTRIAIS 	;RORAIMA;BOA VISTA;ESTOMAGO, SOE;C169;ADENOCARCINOMA, TIPO INTESTINAL;81443;ESTOMAGO, SOE;C169;;;;;false;HISTOLOGIA DO TUMOR PRIMÁRIO;SEM INFORMAÇÃO;;;;;CÂNCER;16/03/2018;;06/10/2017;;
1700165;RCBP RORAIMA;FEMININO;13/07/1977;39;PARDA;BRASIL;Não informado;;SUPERIOR COMPLETO;CASADO;251;CIENTISTAS SOCIAIS, PSICÓLOGOS E AFINS	;RORAIMA;BOA VISTA;MAMA , SOE;C509;NEOPLASIA MALIGNA;80003;MAMA , SOE;C509;;;;;false;SDO;SEM INFORMAÇÃO;SEM INFORMAÇÃO;99 - SEM INFORMAÇÃO;999;MORTO;CÂNCER;11/03/2017;11/03/2017;11/03/2017;;
1700169;RCBP RORAIMA;MASCULINO;08/01/1959;58;PRETA;BRASIL;Não informado;;SUPERIOR COMPLETO;SOLTEIRO;111;MEMBROS SUPERIORES DO PODER LEGISLATIVO, EXECUTIVO E JUDICIÁRIO   	;RORAIMA;BOA VISTA;FIGADO, SOE;C220;NEOPLASIA MALIGNA;80003;FIGADO E VIAS BILIARES INTRA-HEPATICAS;C22;;;;;false;SDO;SEM INFORMAÇÃO;SEM INFORMAÇÃO;99 - SEM INFORMAÇÃO;999;MORTO;NÃO CÂNCER;15/11/2017;15/11/2017;15/11/2017;;
1700137;RCBP RORAIMA;FEMININO;16/08/1966;50;PARDA;BRASIL;PARÁ;;MÉDIO (ANTIGO SEGUNDO GRAU);CASADO;512;TRABALHADORES DOS SERVIÇOS DOMÉSTICOS EM GERAL	;RORAIMA;BOA VISTA;VESICULA BILIAR, SOE;C239;ADENOCARCINOMA, SOE;81403;VESICULA BILIAR;C23;;;;;false;HISTOLOGIA DO TUMOR PRIMÁRIO;METÁSTASE;;;;;CÂNCER;20/04/2017;;29/03/2017;;
1700198;RCBP RORAIMA;MASCULINO;30/10/1970;46;PARDA;BRASIL;PARÁ;ALTAMIRA;FUNDAMENTAL I (1ª A 4ª SÉRIE);SOLTEIRO;914;MECÂNICOS DE MANUTENÇÃO VEICULAR  	;RORAIMA;BOA VISTA;HIPOFARINGE, SOE;C139;CARCINOMA ESCAMOCELULAR, SOE;80703;HIPOFARINGE, SOE;C139;;;;;false;HISTOLOGIA DO TUMOR PRIMÁRIO;SEM INFORMAÇÃO;;;;;;;;11/05/2017;;
1700199;RCBP RORAIMA;MASCULINO;13/02/1952;65;BRANCO;BRASIL;RIO GRANDE DO SUL;;MÉDIO (ANTIGO SEGUNDO GRAU);SEPARADO JUDICIALMENTE;622;TRABALHADORES AGRÍCOLAS   	;RORAIMA;BOA VISTA;PELE DO COURO CABELUDO E DO PESCOCO;C444;CARCINOMA BASOCELULAR, SOE;80903;PELE DO COURO CABELUDO E DO PESCOCO;C444;;;;;false;HISTOLOGIA DO TUMOR PRIMÁRIO;LOCALIZADO;;;;;CÂNCER;28/09/2019;;15/08/2017;;
1700200;RCBP RORAIMA;FEMININO;03/01/1966;51;BRANCO;BRASIL;PARANÁ;;SUPERIOR COMPLETO;CASADO;0;SEM INFORMAÇÃO	;RORAIMA;BOA VISTA;PELE DE OUTRAS PARTES DA FACE;C443;CARCINOMA BASOCELULAR NODULAR;80973;PELE DE OUTRAS PARTES DA FACE;C443;;;;;false;HISTOLOGIA DO TUMOR PRIMÁRIO;LOCALIZADO;;;;;;;;31/03/2017;;
1698506;RCBP RORAIMA;MASCULINO;07/04/1956;60;PARDA;BRASIL;Não informado;;SEM INFORMAÇÃO;SEM INFORMAÇÃO;342;TÉCNICOS EM TRANSPORTES (LOGÍSTICA)   	;RORAIMA;BOA VISTA;ESOFAGO, SOE;C159;NEOPLASIA MALIGNA;80003;ESOFAGO, SOE;C159;;;;;false;SDO;SEM INFORMAÇÃO;SEM INFORMAÇÃO;99 - SEM INFORMAÇÃO;999;MORTO;CÂNCER;31/01/2017;31/01/2017;31/01/2017;;
1698507;RCBP RORAIMA;MASCULINO;28/07/1930;86;PARDA;BRASIL;Não informado;;FUNDAMENTAL I (1ª A 4ª SÉRIE);CASADO;0;SEM INFORMAÇÃO	;RORAIMA;CARACARAÍ;COLO DA BEXIGA;C675;NEOPLASIA MALIGNA;80003;COLO DA BEXIGA;C675;;;;;false;SDO;SEM INFORMAÇÃO;SEM INFORMAÇÃO;99 - SEM INFORMAÇÃO;999;MORTO;CÂNCER;13/03/2017;13/03/2017;13/03/2017;;
1698514;RCBP RORAIMA;MASCULINO;13/08/1967;50;BRANCO;BRASIL;ALAGOAS;;SEM ESCOLARIDADE;CASADO;;;RORAIMA;BOA VISTA;PELE DE OUTRAS PARTES DA FACE;C443;CARCINOMA BASOCELULAR, SOE;80903;PELE DE OUTRAS PARTES DA FACE;C443;;;;;false;HISTOLOGIA DO TUMOR PRIMÁRIO;LOCALIZADO;;;;;;;;02/10/2017;;
1698517;RCBP RORAIMA;MASCULINO;25/11/1945;71;PRETA;BRASIL;Não informado;;FUNDAMENTAL II (5ª A 8ª SÉRIE);CASADO;762;TRABALHADORES DO TRATAMENTO DE COUROS E PELES 	;RORAIMA;AMAJARI;LARINGE, SOE;C329;NEOPLASIA MALIGNA;80003;LARINGE, SOE;C329;;;;;false;SDO;SEM INFORMAÇÃO;SEM INFORMAÇÃO;99 - SEM INFORMAÇÃO;999;MORTO;CÂNCER;08/01/2017;08/01/2017;08/01/2017;;
1698521;RCBP RORAIMA;MASCULINO;27/07/1922;95;SEM INFORMAÇÃO;BRASIL;Não informado;;FUNDAMENTAL I (1ª A 4ª SÉRIE);CASADO;622;TRABALHADORES AGRÍCOLAS   	;RORAIMA;BOA VISTA;PROSTATA, SOE;C619;NEOPLASIA MALIGNA;80003;PROSTATA;C61;;;;;false;SDO;METÁSTASE;SEM INFORMAÇÃO;99 - SEM INFORMAÇÃO;999;MORTO;CÂNCER;05/09/2017;05/09/2017;05/09/2017;;
1698523;RCBP RORAIMA;MASCULINO;01/10/1944;72;PARDA;BRASIL;Não informado;;FUNDAMENTAL II (5ª A 8ª SÉRIE);CASADO;711;TRABALHADORES DA EXTRAÇÃO MINERAL 	;RORAIMA;BOA VISTA;ESTOMAGO, SOE;C169;NEOPLASIA MALIGNA;80003;ESTOMAGO, SOE;C169;;;;;false;SDO;SEM INFORMAÇÃO;SEM INFORMAÇÃO;99 - SEM INFORMAÇÃO;999;MORTO;CÂNCER;23/03/2017;23/03/2017;23/03/2017;;
1698527;RCBP RORAIMA;MASCULINO;19/07/1934;82;PARDA;BRASIL;MARANHÃO;;FUNDAMENTAL I (1ª A 4ª SÉRIE);CASADO;611;PRODUTORES AGROPECUÁRIOS EM GERAL 	;RORAIMA;ALTO ALEGRE;PELE DE OUTRAS PARTES DA FACE;C443;CARCINOMA BASOCELULAR, SOE;80903;PELE DE OUTRAS PARTES DA FACE;C443;;;;;false;HISTOLOGIA DO TUMOR PRIMÁRIO;SEM INFORMAÇÃO;;;;;;;;06/06/2017;;
1698529;RCBP RORAIMA;MASCULINO;;;PARDA;BRASIL;PIAUÍ;;FUNDAMENTAL I (1ª A 4ª SÉRIE);CASADO;;;RORAIMA;BOA VISTA;PELE DE OUTRAS PARTES DA FACE;C443;CARCINOMA BASOCELULAR, SOE;80903;PELE DE OUTRAS PARTES DA FACE;C443;;;;;false;HISTOLOGIA DO TUMOR PRIMÁRIO;LOCALIZADO;;;;;;;;23/06/2017;;
1698534;RCBP RORAIMA;FEMININO;10/10/1933;83;PARDA;BRASIL;Não informado;;SEM ESCOLARIDADE;SOLTEIRO;0;SEM INFORMAÇÃO	;RORAIMA;BOA VISTA;PANCREAS, SOE;C259;NEOPLASIA MALIGNA;80003;PANCREAS, SOE;C259;;;;;false;SDO;SEM INFORMAÇÃO;SEM INFORMAÇÃO;99 - SEM INFORMAÇÃO;999;MORTO;CÂNCER;13/09/2017;13/09/2017;13/09/2017;;
1698541;RCBP RORAIMA;FEMININO;16/08/1948;68;PARDA;BRASIL;CEARÁ;;FUNDAMENTAL II (5ª A 8ª SÉRIE);SEPARADO JUDICIALMENTE;0;SEM INFORMAÇÃO	;RORAIMA;BOA VISTA;COLON, SOE;C189;ADENOCARCINOMA, SOE;81403;COLON, SOE;C189;;;;;false;HISTOLOGIA DO TUMOR PRIMÁRIO;SEM INFORMAÇÃO;;;;;;;;24/07/2017;;
1698893;RCBP RORAIMA;FEMININO;16/12/1967;49;BRANCO;BRASIL;RORAIMA;;SUPERIOR INCOMPLETO;SEPARADO JUDICIALMENTE;;;RORAIMA;BOA VISTA;PELE DO MEMBRO INFERIOR E DO QUADRIL;C447;DOENCA DE BOWEN;80812;PELE DOS MEMBROS INFERIORES, INCLUINDO QUADRIL;D047;;;;;false;HISTOLOGIA DO TUMOR PRIMÁRIO;"IN SITU";;;;;;;;11/08/2017;;
1698897;RCBP RORAIMA;FEMININO;25/01/1958;58;BRANCO;BRASIL;AMAZONAS;MANAUS;MÉDIO (ANTIGO SEGUNDO GRAU);UNIÃO CONSENSUAL;411;ESCRITURÁRIOS EM GERAL, AGENTES, ASSISTENTES E AUXILIARES ADMINISTRATIVOS 	;RORAIMA;BOA VISTA;RETO, SOE;C209;NEOPLASIA MALIGNA;80003;RETO;C20;;;;;false;HISTOLOGIA DO TUMOR PRIMÁRIO;SEM INFORMAÇÃO;SEM INFORMAÇÃO;99 - SEM INFORMAÇÃO;999;MORTO;CÂNCER;23/03/2017;23/03/2017;19/01/2017;;
1698898;RCBP RORAIMA;FEMININO;04/01/1950;67;BRANCO;BRASIL;MARANHÃO;TUNTUM;FUNDAMENTAL II (5ª A 8ª SÉRIE);VIÚVO;0;SEM INFORMAÇÃO	;RORAIMA;BOA VISTA;MEDULA OSSEA;C421;MIELOMA MULTIPLO;97323;MIELOMA MULTIPLO;C900;;;;;false;HISTOLOGIA DO TUMOR PRIMÁRIO;NÃO SE APLICA;SEM INFORMAÇÃO;99 - SEM INFORMAÇÃO;999;MORTO;CÂNCER;03/06/2017;03/06/2017;10/01/2017;;
1698903;RCBP RORAIMA;FEMININO;23/11/1972;44;PARDA;BRASIL;CEARÁ;;MÉDIO (ANTIGO SEGUNDO GRAU);CASADO;141;GERENTES DE PRODUÇÃO E OPERAÇÕES  	;RORAIMA;BOA VISTA;TIREOIDE, SOE;C739;CARCINOMA PAPILAR, SOE;80503;GLANDULA TIREOIDE;C73;;;;;false;HISTOLOGIA DO TUMOR PRIMÁRIO;SEM INFORMAÇÃO;;;;;;;;21/07/2017;;
1698907;RCBP RORAIMA;FEMININO;06/10/1958;58;BRANCO;BRASIL;AMAZONAS;;MÉDIO (ANTIGO SEGUNDO GRAU);CASADO;763;TRABALHADORES DA CONFECÇÃO DE ROUPAS 	;RORAIMA;BOA VISTA;COLO DO UTERO, SOE;C539;ADENOCARCINOMA, SOE;81403;COLO DO UTERO, SOE;C539;;;;;false;HISTOLOGIA DO TUMOR PRIMÁRIO;SEM INFORMAÇÃO;;;;;;;;31/03/2017;;
1698908;RCBP RORAIMA;FEMININO;30/10/1960;56;PARDA;BRASIL;AMAZONAS;;MÉDIO (ANTIGO SEGUNDO GRAU);SOLTEIRO;322;TÉCNICOS DA CIÊNCIA DA SAÚDE HUMANA 	;RORAIMA;BOA VISTA;COLO DO UTERO, SOE;C539;CARCINOMA ESCAMOSO MICRO-INVASOR;80763;COLO DO UTERO, SOE;C539;;;;;false;HISTOLOGIA DO TUMOR PRIMÁRIO;SEM INFORMAÇÃO;;;;;CÂNCER;31/07/2018;;02/08/2017;C76;
1698911;RCBP RORAIMA;FEMININO;28/07/1968;49;BRANCO;BRASIL;PARAÍBA;;SUPERIOR COMPLETO;SEM INFORMAÇÃO;251;CIENTISTAS SOCIAIS, PSICÓLOGOS E AFINS	;RORAIMA;BOA VISTA;PELE DE OUTRAS PARTES DA FACE;C443;CARCINOMA BASOCELULAR, SOE;80903;PELE DE OUTRAS PARTES DA FACE;C443;;;;;false;HISTOLOGIA DO TUMOR PRIMÁRIO;LOCALIZADO;;;;;;;;12/12/2017;;
1698913;RCBP RORAIMA;FEMININO;15/04/1948;68;SEM INFORMAÇÃO;BRASIL;CEARÁ;JUAZEIRO DO NORTE;SEM ESCOLARIDADE;CASADO;342;TÉCNICOS EM TRANSPORTES (LOGÍSTICA)   	;RORAIMA;MUCAJAÍ;COLO DO UTERO, SOE;C539;NEOPLASIA MALIGNA;80003;COLO DO UTERO, SOE;C539;;;;;false;HISTOLOGIA DO TUMOR PRIMÁRIO;METÁSTASE;SEM INFORMAÇÃO;99 - SEM INFORMAÇÃO;999;MORTO;CÂNCER;12/09/2017;12/09/2017;01/03/2017;;
1698920;RCBP RORAIMA;FEMININO;08/12/1933;83;BRANCO;BRASIL;CEARÁ;;SEM ESCOLARIDADE;SOLTEIRO;515;TRABALHADORES DOS SERVIÇOS DE SAÚDE  	;RORAIMA;BOA VISTA;COLON, SOE;C189;ADENOCARCINOMA, SOE;81403;COLON, SOE;C189;;;;;false;HISTOLOGIA DO TUMOR PRIMÁRIO;SEM INFORMAÇÃO;;;;;;;;07/02/2017;;
1698926;RCBP RORAIMA;FEMININO;11/04/1953;64;PARDA;BRASIL;MARANHÃO;;FUNDAMENTAL II (5ª A 8ª SÉRIE);CASADO;0;SEM INFORMAÇÃO	;RORAIMA;BOA VISTA;MAMA , SOE;C509;CARCINOMA DUCTAL INFILTRANTE;85003;MAMA , SOE;C509;;;;;false;HISTOLOGIA DO TUMOR PRIMÁRIO;METÁSTASE;;;;;;;;01/06/2017;;
1698928;RCBP RORAIMA;FEMININO;17/09/1973;43;PARDA;BRASIL;RORAIMA;BOA VISTA;SUPERIOR COMPLETO;SOLTEIRO;342;TÉCNICOS EM TRANSPORTES (LOGÍSTICA)   	;RORAIMA;BOA VISTA;OVARIO, SOE;C569;NEOPLASIA MALIGNA;80003;OVARIO;C56;;;;;false;HISTOLOGIA DO TUMOR PRIMÁRIO;SEM INFORMAÇÃO;SEM INFORMAÇÃO;99 - SEM INFORMAÇÃO;999;MORTO;CÂNCER;20/11/2017;20/11/2017;15/03/2017;;
1698942;RCBP RORAIMA;FEMININO;02/05/1960;57;PARDA;BRASIL;RORAIMA;BOA VISTA;FUNDAMENTAL II (5ª A 8ª SÉRIE);CASADO;622;TRABALHADORES AGRÍCOLAS   	;RORAIMA;ALTO ALEGRE;TIREOIDE, SOE;C739;ADENOCARCINOMA PAPILAR, SOE;82603;GLANDULA TIREOIDE;C73;;;;;false;HISTOLOGIA DO TUMOR PRIMÁRIO;SEM INFORMAÇÃO;;;;;;;;14/07/2017;;
1698944;RCBP RORAIMA;FEMININO;16/01/1935;82;PARDA;BRASIL;PIAUÍ;;SEM ESCOLARIDADE;CASADO;0;SEM INFORMAÇÃO	;RORAIMA;MUCAJAÍ;PELE DE OUTRAS PARTES DA FACE;C443;CARCINOMA BASOCELULAR, SOE;80903;PELE DE OUTRAS PARTES DA FACE;C443;;;;;false;HISTOLOGIA DO TUMOR PRIMÁRIO;SEM INFORMAÇÃO;;;;;;;;19/09/2017;;
1698946;RCBP RORAIMA;FEMININO;02/07/1965;51;BRANCO;BRASIL;MARANHÃO;;MÉDIO (ANTIGO SEGUNDO GRAU);CASADO;0;SEM INFORMAÇÃO	;RORAIMA;BOA VISTA;VIAS BILIARES INTRA-HEPATICAS;C221;ADENOCARCINOMA, SOE;81403;FIGADO E VIAS BILIARES INTRA-HEPATICAS;C22;;;;;false;HISTOLOGIA DO TUMOR PRIMÁRIO;SEM INFORMAÇÃO;;;;;CÂNCER;25/06/2018;;07/06/2017;C76;
1698947;RCBP RORAIMA;FEMININO;09/12/1938;78;BRANCO;BRASIL;RORAIMA;BOA VISTA;MÉDIO (ANTIGO SEGUNDO GRAU);CASADO;622;TRABALHADORES AGRÍCOLAS   	;RORAIMA;BOA VISTA;COLO DO UTERO, SOE;C539;NEOPLASIA MALIGNA;80003;COLO DO UTERO, SOE;C539;;;;;false;HISTOLOGIA DO TUMOR PRIMÁRIO;METÁSTASE;SEM INFORMAÇÃO;99 - SEM INFORMAÇÃO;999;MORTO;CÂNCER;16/02/2017;16/02/2017;03/01/2017;;
1698959;RCBP RORAIMA;FEMININO;04/09/1950;66;PARDA;BRASIL;MARANHÃO;;FUNDAMENTAL I (1ª A 4ª SÉRIE);SOLTEIRO;0;SEM INFORMAÇÃO	;RORAIMA;SÃO JOÃO DA BALIZA;TIREOIDE, SOE;C739;CARCINOMA FUSOCELULAR, SOE;80323;GLANDULA TIREOIDE;C73;;;;;false;HISTOLOGIA DO TUMOR PRIMÁRIO;METÁSTASE;;;;;;;;02/05/2017;;
1698960;RCBP RORAIMA;FEMININO;12/02/1956;60;PARDA;BRASIL;RORAIMA;BOA VISTA;MÉDIO (ANTIGO SEGUNDO GRAU);CASADO;111;MEMBROS SUPERIORES DO PODER LEGISLATIVO, EXECUTIVO E JUDICIÁRIO   	;RORAIMA;BOA VISTA;PULMAO, SOE;C349;NEOPLASIA MALIGNA;80003;BRONQUIOS OU PULMOES, SOE;C349;;;;;false;HISTOLOGIA DO TUMOR PRIMÁRIO;SEM INFORMAÇÃO;SEM INFORMAÇÃO;99 - SEM INFORMAÇÃO;999;MORTO;CÂNCER;10/08/2017;10/08/2017;13/01/2017;;
1698968;RCBP RORAIMA;FEMININO;02/04/1953;63;BRANCO;BRASIL;RORAIMA;BOA VISTA;MÉDIO (ANTIGO SEGUNDO GRAU);CASADO;0;SEM INFORMAÇÃO	;RORAIMA;BOA VISTA;MEDULA OSSEA;C421;LEUCEMIA DE CELULAS T DO ADULTO/ LINFOMA HTL V-1+;98273;LEUCEMIA DE CELULAS T DO ADULTO;C915;;;;;false;HISTOLOGIA DO TUMOR PRIMÁRIO;NÃO SE APLICA;SEM INFORMAÇÃO;99 - SEM INFORMAÇÃO;999;MORTO;CÂNCER;27/05/2017;27/05/2017;01/02/2017;;
1698971;RCBP RORAIMA;FEMININO;09/09/1958;58;PARDA;BRASIL;AMAZONAS;BARCELOS;SEM INFORMAÇÃO;CASADO;612;PRODUTORES AGRÍCOLAS 	;RORAIMA;CARACARAÍ;RIM, SOE;C649;ADENOCARCINOMA DE CELULAS CLARAS, SOE;83103;RIM;C64;;;;;false;HISTOLOGIA DO TUMOR PRIMÁRIO;SEM INFORMAÇÃO;;;;;;;;11/01/2017;;
1698972;RCBP RORAIMA;FEMININO;15/03/1954;63;PARDA;BRASIL;CEARÁ;CRATO;FUNDAMENTAL II (5ª A 8ª SÉRIE);VIÚVO;;;RORAIMA;BOA VISTA;CANAL ANAL;C211;CARCINOMA ESCAMOCELULAR, SOE;80703;CANAL ANAL;C211;;;;;false;HISTOLOGIA DO TUMOR PRIMÁRIO;SEM INFORMAÇÃO;;;;;;;;31/07/2017;;
1698979;RCBP RORAIMA;FEMININO;05/01/1946;71;PARDA;BRASIL;RORAIMA;BOA VISTA;SEM ESCOLARIDADE;CASADO;0;SEM INFORMAÇÃO	;RORAIMA;BOA VISTA;COLO DO UTERO, SOE;C539;NEOPLASIA MALIGNA;80003;COLO DO UTERO, SOE;C539;;;;;false;HISTOLOGIA DO TUMOR PRIMÁRIO;SEM INFORMAÇÃO;SEM INFORMAÇÃO;99 - SEM INFORMAÇÃO;999;MORTO;CÂNCER;06/03/2017;06/03/2017;05/01/2017;;
1698985;RCBP RORAIMA;FEMININO;22/12/1952;64;PARDA;BRASIL;MARANHÃO;;FUNDAMENTAL II (5ª A 8ª SÉRIE);CASADO;;;RORAIMA;CANTÁ;PELE DE OUTRAS PARTES DA FACE;C443;CARCINOMA BASOCELULAR, SOE;80903;PELE DE OUTRAS PARTES DA FACE;C443;;;;;false;HISTOLOGIA DO TUMOR PRIMÁRIO;LOCALIZADO;;;;;;;;26/10/2017;;
1698988;RCBP RORAIMA;FEMININO;23/12/1960;56;PARDA;BRASIL;MARANHÃO;SANTA LUZIA;FUNDAMENTAL II (5ª A 8ª SÉRIE);CASADO;622;TRABALHADORES AGRÍCOLAS   	;RORAIMA;BOA VISTA;FIGADO, SOE;C220;NEOPLASIA MALIGNA;80003;FIGADO E VIAS BILIARES INTRA-HEPATICAS;C22;;;;;false;HISTOLOGIA DO TUMOR PRIMÁRIO;SEM INFORMAÇÃO;SEM INFORMAÇÃO;99 - SEM INFORMAÇÃO;999;MORTO;CÂNCER;03/07/2017;03/07/2017;13/01/2017;;
1699009;RCBP RORAIMA;FEMININO;27/02/1935;82;BRANCO;BRASIL;BAHIA;;SEM ESCOLARIDADE;VIÚVO;;;RORAIMA;BOA VISTA;PELE DO MEMBRO SUPERIOR E DO OMBRO;C446;CARCINOMA BASOCELULAR, SOE;80903;PELE DO MEMBRO SUPERIOR E DO OMBRO;C446;;;;;false;HISTOLOGIA DO TUMOR PRIMÁRIO;SEM INFORMAÇÃO;;;;;;;;08/11/2017;;
1699011;RCBP RORAIMA;FEMININO;30/04/1952;64;PARDA;BRASIL;MARANHÃO;;FUNDAMENTAL I (1ª A 4ª SÉRIE);CASADO;0;SEM INFORMAÇÃO	;RORAIMA;BOA VISTA;TECIDOS MOLES DA CABECA, FACE E PESCOCO;C490;TUMOR MALIGNO DE CELULAS FUSIFORMES;80043;TECIDOS MOLES DA CABECA, FACE E PESCOCO;C490;;;;;false;HISTOLOGIA DO TUMOR PRIMÁRIO;SEM INFORMAÇÃO;;;;;;;;21/03/2017;;
1699014;RCBP RORAIMA;FEMININO;22/08/1932;84;BRANCO;BRASIL;RORAIMA;;MÉDIO (ANTIGO SEGUNDO GRAU);CASADO;;;RORAIMA;BOA VISTA;PELE DE OUTRAS PARTES DA FACE;C443;CARCINOMA BASOCELULAR, SOE;80903;PELE DE OUTRAS PARTES DA FACE;C443;;;;;false;HISTOLOGIA DO TUMOR PRIMÁRIO;SEM INFORMAÇÃO;;;;;;;;07/07/2017;;
1699015;RCBP RORAIMA;FEMININO;15/06/1944;72;PRETA;BRASIL;RORAIMA;BOA VISTA;SEM ESCOLARIDADE;CASADO;622;TRABALHADORES AGRÍCOLAS   	;RORAIMA;BOA VISTA;PULMAO, SOE;C349;NEOPLASIA MALIGNA;80003;BRONQUIOS OU PULMOES, SOE;C349;;;;;false;HISTOLOGIA DO TUMOR PRIMÁRIO;SEM INFORMAÇÃO;SEM INFORMAÇÃO;99 - SEM INFORMAÇÃO;999;MORTO;CÂNCER;09/03/2017;09/03/2017;02/01/2017;;
1699016;RCBP RORAIMA;FEMININO;06/07/1920;97;PARDA;BRASIL;RORAIMA;;FUNDAMENTAL I (1ª A 4ª SÉRIE);VIÚVO;0;SEM INFORMAÇÃO	;RORAIMA;BOA VISTA;PELE DE OUTRAS PARTES DA FACE;C443;CARCINOMA BASOCELULAR, SOE;80903;PELE DE OUTRAS PARTES DA FACE;C443;;;;;false;HISTOLOGIA DO TUMOR PRIMÁRIO;LOCALIZADO;;;;;;;;23/11/2017;;
1699017;RCBP RORAIMA;FEMININO;06/10/1969;48;PARDA;BRASIL;RORAIMA;;MÉDIO (ANTIGO SEGUNDO GRAU);UNIÃO CONSENSUAL;0;SEM INFORMAÇÃO	;RORAIMA;BOA VISTA;COLO DO UTERO, SOE;C539;ADENOCARCINOMA, SOE;81403;COLO DO UTERO, SOE;C539;;;;;false;HISTOLOGIA DO TUMOR PRIMÁRIO;SEM INFORMAÇÃO;;;;;;;;23/11/2017;;
1699018;RCBP RORAIMA;FEMININO;17/07/1950;66;PARDA;BRASIL;CEARÁ;;SEM INFORMAÇÃO;SOLTEIRO;0;SEM INFORMAÇÃO	;RORAIMA;BOA VISTA;PELE DE OUTRAS PARTES DA FACE;C443;CARCINOMA BASOCELULAR, SOE;80903;PELE DE OUTRAS PARTES DA FACE;C443;;;;;false;HISTOLOGIA DO TUMOR PRIMÁRIO;SEM INFORMAÇÃO;;;;;;;;15/03/2017;;
1699024;RCBP RORAIMA;FEMININO;25/06/1970;46;PARDA;BRASIL;Não informado;;MÉDIO (ANTIGO SEGUNDO GRAU);VIÚVO;342;TÉCNICOS EM TRANSPORTES (LOGÍSTICA)   	;RORAIMA;BOA VISTA;COLO DO UTERO, SOE;C539;NEOPLASIA MALIGNA;80003;COLO DO UTERO, SOE;C539;;;;;false;SDO;METÁSTASE;SEM INFORMAÇÃO;99 - SEM INFORMAÇÃO;999;MORTO;CÂNCER;08/03/2017;08/03/2017;08/03/2017;;
1699032;RCBP RORAIMA;FEMININO;29/09/1949;67;BRANCO;BRASIL;MARANHÃO;;FUNDAMENTAL I (1ª A 4ª SÉRIE);CASADO;0;SEM INFORMAÇÃO	;RORAIMA;BOA VISTA;PELE DE OUTRAS PARTES DA FACE;C443;CARCINOMA BASOCELULAR, SOE;80903;PELE DE OUTRAS PARTES DA FACE;C443;;;;;false;HISTOLOGIA DO TUMOR PRIMÁRIO;SEM INFORMAÇÃO;;;;;;;;16/01/2017;;
1699033;RCBP RORAIMA;FEMININO;27/12/1973;43;PARDA;BRASIL;Não informado;Não Informado;FUNDAMENTAL II (5ª A 8ª SÉRIE);SEM INFORMAÇÃO;0;SEM INFORMAÇÃO	;RORAIMA;BOA VISTA;COLO DO UTERO, SOE;C539;NEOPLASIA INTRA-EPITELIAL ESCAMOSA,GRAU IIII;80772;COLO DO UTERO, SOE;D069;;;;;false;CITOLOGIA;"IN SITU";;;;;;;;26/05/2017;;
1699035;RCBP RORAIMA;FEMININO;26/07/1954;62;PARDA;BRASIL;MARANHÃO;;FUNDAMENTAL II (5ª A 8ª SÉRIE);SOLTEIRO;763;TRABALHADORES DA CONFECÇÃO DE ROUPAS 	;RORAIMA;BOA VISTA;COLON, SOE;C189;NEOPLASIA MALIGNA;80003;COLON, SOE;C189;;;;;false;PESQUISA;SEM INFORMAÇÃO;;;;;CÂNCER;22/06/2017;;10/03/2017;;
1699041;RCBP RORAIMA;FEMININO;04/03/1984;33;PARDA;BRASIL;Não informado;Não Informado;FUNDAMENTAL II (5ª A 8ª SÉRIE);SEM INFORMAÇÃO;0;SEM INFORMAÇÃO	;RORAIMA;BOA VISTA;COLO DO UTERO, SOE;C539;NEOPLASIA INTRA-EPITELIAL ESCAMOSA,GRAU IIII;80772;COLO DO UTERO, SOE;D069;;;;;false;CITOLOGIA;"IN SITU";;;;;;;;03/10/2017;;
1699046;RCBP RORAIMA;FEMININO;19/07/1946;71;PARDA;BRASIL;Não informado;;SUPERIOR COMPLETO;CASADO;413;ESCRITURÁRIOS CONTÁBEIS E DE FINANÇAS	;RORAIMA;IRACEMA;VESICULA BILIAR, SOE;C239;NEOPLASIA MALIGNA;80003;VESICULA BILIAR;C23;;;;;false;SDO;SEM INFORMAÇÃO;SEM INFORMAÇÃO;99 - SEM INFORMAÇÃO;999;MORTO;CÂNCER;18/12/2017;18/12/2017;18/12/2017;;
1699237;RCBP RORAIMA;FEMININO;01/07/1934;82;INDÍGENA;BRASIL;RORAIMA;ALTO ALEGRE;SEM ESCOLARIDADE;VIÚVO;622;TRABALHADORES AGRÍCOLAS   	;RORAIMA;MUCAJAÍ;CABECA, FACE E PESCOCO, SOE;C760;NEOPLASIA MALIGNA;80003;CABECA, FACE E PESCOCO;C760;;;;;false;HISTOLOGIA DO TUMOR PRIMÁRIO;METÁSTASE;SEM INFORMAÇÃO;99 - SEM INFORMAÇÃO;999;MORTO;CÂNCER;30/12/2017;30/12/2017;04/02/2017;;
1699238;RCBP RORAIMA;FEMININO;17/01/1958;59;PARDA;BRASIL;GOIAS;;MÉDIO (ANTIGO SEGUNDO GRAU);CASADO;763;TRABALHADORES DA CONFECÇÃO DE ROUPAS 	;RORAIMA;BOA VISTA;MAMA , SOE;C509;CARCINOMA DUCTAL INFILTRANTE;85003;MAMA , SOE;C509;;;;;false;HISTOLOGIA DO TUMOR PRIMÁRIO;LOCALIZADO;;;;;;;;14/07/2017;;
1699242;RCBP RORAIMA;FEMININO;22/05/1949;68;PARDA;BRASIL;MARANHÃO;;FUNDAMENTAL I (1ª A 4ª SÉRIE);CASADO;0;SEM INFORMAÇÃO	;RORAIMA;BOA VISTA;PULMAO, SOE;C349;CARCINOMA, SOE;80103;BRONQUIOS OU PULMOES, SOE;C349;;;;;false;HISTOLOGIA DO TUMOR PRIMÁRIO;METÁSTASE;;;;;;;;29/05/2017;;
1699243;RCBP RORAIMA;FEMININO;29/12/1953;63;PARDA;BRASIL;RORAIMA;;SEM INFORMAÇÃO;SEM INFORMAÇÃO;0;SEM INFORMAÇÃO	;RORAIMA;MUCAJAÍ;MEDULA OSSEA;C421;LEUCEMIA MIELOIDE AGUDA, COM DIFERENCIACAO MINIMA;98723;LEUCEMIA MIELOIDE;C92;;;;;false;HISTOLOGIA DO TUMOR PRIMÁRIO;NÃO SE APLICA;;;;;;;;13/11/2017;;
1699247;RCBP RORAIMA;FEMININO;21/02/1947;70;PARDA;BRASIL;CEARÁ;;FUNDAMENTAL II (5ª A 8ª SÉRIE);SEM INFORMAÇÃO;0;SEM INFORMAÇÃO	;RORAIMA;BOA VISTA;ESOFAGO, SOE;C159;CARCINOMA ESCAMOCELULAR, SOE;80703;ESOFAGO, SOE;C159;;;;;false;HISTOLOGIA DO TUMOR PRIMÁRIO;SEM INFORMAÇÃO;;;;;;;;12/09/2017;;
1699249;RCBP RORAIMA;FEMININO;01/01/1943;74;PARDA;BRASIL;RORAIMA;CANTÁ;SEM ESCOLARIDADE;SOLTEIRO;0;SEM INFORMAÇÃO	;RORAIMA;BOA VISTA;PULMAO, SOE;C349;NEOPLASIA MALIGNA;80003;BRONQUIOS OU PULMOES, SOE;C349;;;;;false;HISTOLOGIA DO TUMOR PRIMÁRIO;SEM INFORMAÇÃO;SEM INFORMAÇÃO;99 - SEM INFORMAÇÃO;999;MORTO;CÂNCER;19/08/2017;19/08/2017;04/02/2017;;
1699307;RCBP RORAIMA;FEMININO;15/04/1951;66;BRANCO;BRASIL;PIAUÍ;;FUNDAMENTAL I (1ª A 4ª SÉRIE);CASADO;0;SEM INFORMAÇÃO	;RORAIMA;BOA VISTA;OVARIO, SOE;C569;ADENOCARCINOMA, SOE;81403;OVARIO;C56;;;;;false;HISTOLOGIA DO TUMOR PRIMÁRIO;SEM INFORMAÇÃO;;;;;;;;14/12/2017;;
1699310;RCBP RORAIMA;FEMININO;28/06/1956;60;SEM INFORMAÇÃO;Não informado;Não informado;Não Informado;SEM INFORMAÇÃO;SEM INFORMAÇÃO;0;SEM INFORMAÇÃO	;RORAIMA;BOA VISTA;PELE DE OUTRAS PARTES DA FACE;C443;CARCINOMA BASOCELULAR, SOE;80903;PELE DE OUTRAS PARTES DA FACE;C443;;;;;false;HISTOLOGIA DO TUMOR PRIMÁRIO;SEM INFORMAÇÃO;;;;;;;;12/06/2017;;
1699463;RCBP RORAIMA;FEMININO;16/04/1941;76;PARDA;BRASIL;CEARÁ;;SEM INFORMAÇÃO;CASADO;0;SEM INFORMAÇÃO	;RORAIMA;BOA VISTA;VESICULA BILIAR, SOE;C239;ADENOCARCINOMA, SOE;81403;VESICULA BILIAR;C23;;;;;false;HISTOLOGIA DO TUMOR PRIMÁRIO;SEM INFORMAÇÃO;;;;;;;;15/12/2017;;
1699335;RCBP RORAIMA;MASCULINO;29/06/1952;64;PARDA;BRASIL;MARANHÃO;PEDREIRAS;SEM ESCOLARIDADE;SEPARADO JUDICIALMENTE;512;TRABALHADORES DOS SERVIÇOS DOMÉSTICOS EM GERAL	;RORAIMA;BOA VISTA;LESAO SOBREPOSTA DO ENCEFALO E S.N.C.;C728;NEOPLASIA MALIGNA;80003;LESAO INVASIVA DO ENCEFALO E S.N.C.;C728;;;;;false;HISTOLOGIA DO TUMOR PRIMÁRIO;SEM INFORMAÇÃO;SEM INFORMAÇÃO;99 - SEM INFORMAÇÃO;999;MORTO;CÂNCER;18/11/2017;18/11/2017;10/03/2017;;
1699467;RCBP RORAIMA;FEMININO;25/07/1938;78;BRANCO;BRASIL;MARANHÃO;SÃO DOMINGOS DO MARANHÃO;SEM ESCOLARIDADE;VIÚVO;;;RORAIMA;ALTO ALEGRE;CEREBRO;C710;NEOPLASIA MALIGNA;80003;CEREBRO;C710;;;;;false;HISTOLOGIA DO TUMOR PRIMÁRIO;METÁSTASE;SEM INFORMAÇÃO;99 - SEM INFORMAÇÃO;999;MORTO;CÂNCER;25/10/2017;25/10/2017;15/02/2017;;
1699475;RCBP RORAIMA;FEMININO;15/10/1957;59;BRANCO;BRASIL;MARANHÃO;;MÉDIO (ANTIGO SEGUNDO GRAU);CASADO;515;TRABALHADORES DOS SERVIÇOS DE SAÚDE  	;RORAIMA;ALTO ALEGRE;COLON, SOE;C189;ADENOCARCINOMA TUBULAR;82113;COLON, SOE;C189;;;;;false;HISTOLOGIA DO TUMOR PRIMÁRIO;SEM INFORMAÇÃO;;;;;;;;19/09/2017;C76;
1699483;RCBP RORAIMA;FEMININO;25/04/1969;47;BRANCO;BRASIL;CEARÁ;VÁRZEA ALEGRE;SUPERIOR COMPLETO;CASADO;111;MEMBROS SUPERIORES DO PODER LEGISLATIVO, EXECUTIVO E JUDICIÁRIO   	;RORAIMA;BOA VISTA;MAMA , SOE;C509;NEOPLASIA MALIGNA;80003;MAMA , SOE;C509;;;;;false;HISTOLOGIA DO TUMOR PRIMÁRIO;SEM INFORMAÇÃO;SEM INFORMAÇÃO;99 - SEM INFORMAÇÃO;999;MORTO;CÂNCER;08/09/2017;08/09/2017;10/02/2017;;
1699493;RCBP RORAIMA;FEMININO;03/03/1957;60;PARDA;BRASIL;MARANHÃO;;FUNDAMENTAL II (5ª A 8ª SÉRIE);CASADO;0;SEM INFORMAÇÃO	;RORAIMA;BOA VISTA;CORPO DO UTERO, SOE;C549;ADENOSSARCOMA;89333;CORPO DO UTERO, SOE;C549;;;;;false;HISTOLOGIA DO TUMOR PRIMÁRIO;SEM INFORMAÇÃO;;;;;;;;30/03/2017;;
1699501;RCBP RORAIMA;FEMININO;06/03/1937;79;BRANCO;BRASIL;Não informado;;FUNDAMENTAL II (5ª A 8ª SÉRIE);SOLTEIRO;0;SEM INFORMAÇÃO	;RORAIMA;CAROEBE;CECO;C180;NEOPLASIA MALIGNA;80003;CECO;C180;;;;;false;SDO;SEM INFORMAÇÃO;SEM INFORMAÇÃO;99 - SEM INFORMAÇÃO;999;MORTO;CÂNCER;10/02/2017;10/02/2017;10/02/2017;;
1699502;RCBP RORAIMA;FEMININO;23/04/2014;3;PARDA;BRASIL;Não informado;;SEM INFORMAÇÃO;SEM INFORMAÇÃO;;;RORAIMA;BOA VISTA;CEREBELO, SOE;C716;NEOPLASIA MALIGNA;80003;CEREBELO;C716;Neoplasias intracranianas e intra-espinhais não especificadas;III-F;;;false;SDO;SEM INFORMAÇÃO;SEM INFORMAÇÃO;99 - SEM INFORMAÇÃO;999;MORTO;CÂNCER;20/05/2017;20/05/2017;20/05/2017;;
1699503;RCBP RORAIMA;FEMININO;11/04/1959;58;PARDA;BRASIL;CEARÁ;;FUNDAMENTAL II (5ª A 8ª SÉRIE);CASADO;0;SEM INFORMAÇÃO	;RORAIMA;BOA VISTA;TECIDOS MOLES, SOE;C499;MESENQUIMOMA MALIGNO;89903;NEOPLASIA MALIGNA DE TECIDOS MOLES;C499;;;;;false;CITOLOGIA;METÁSTASE;;;;;;;;02/12/2017;C76;
1699795;RCBP RORAIMA;FEMININO;24/09/1969;47;PARDA;BRASIL;MARANHÃO;;MÉDIO (ANTIGO SEGUNDO GRAU);SOLTEIRO;422;TRABALHADORES DE INFORMAÇÕES AO PÚBLICO   	;RORAIMA;BOA VISTA;MAMA , SOE;C509;CARCINOMA DUCTAL INFILTRANTE;85003;MAMA , SOE;C509;;;;;false;HISTOLOGIA DO TUMOR PRIMÁRIO;SEM INFORMAÇÃO;;;;;CÂNCER;23/04/2017;;09/03/2017;C76;
1699801;RCBP RORAIMA;FEMININO;05/12/1996;20;PARDA;BRASIL;Não informado;Não Informado;SEM INFORMAÇÃO;SEM INFORMAÇÃO;;;RORAIMA;BOA VISTA;COLO DO UTERO, SOE;C539;NEOPLASIA GLANDULAR INTRAEPITELIAL, GRAU III;81482;COLO DO UTERO, SOE;D069;;;;;false;HISTOLOGIA DO TUMOR PRIMÁRIO;"IN SITU";;;;;;;;24/11/2017;;
1699802;RCBP RORAIMA;FEMININO;25/10/1957;59;PARDA;BRASIL;Não informado;;FUNDAMENTAL II (5ª A 8ª SÉRIE);CASADO;0;SEM INFORMAÇÃO	;RORAIMA;BOA VISTA;ESTOMAGO, SOE;C169;NEOPLASIA MALIGNA;80003;ESTOMAGO, SOE;C169;;;;;false;SDO;SEM INFORMAÇÃO;SEM INFORMAÇÃO;99 - SEM INFORMAÇÃO;999;MORTO;CÂNCER;08/01/2017;08/01/2017;08/01/2017;;
1699809;RCBP RORAIMA;FEMININO;28/11/1948;68;BRANCO;BRASIL;Não informado;;FUNDAMENTAL II (5ª A 8ª SÉRIE);CASADO;0;SEM INFORMAÇÃO	;RORAIMA;BOA VISTA;MAMA , SOE;C509;NEOPLASIA MALIGNA;80003;MAMA , SOE;C509;;;;;false;SDO;SEM INFORMAÇÃO;SEM INFORMAÇÃO;99 - SEM INFORMAÇÃO;999;MORTO;CÂNCER;28/05/2017;28/05/2017;28/05/2017;;
1699810;RCBP RORAIMA;MASCULINO;31/12/1952;64;BRANCO;BRASIL;Não informado;;FUNDAMENTAL II (5ª A 8ª SÉRIE);CASADO;622;TRABALHADORES AGRÍCOLAS   	;RORAIMA;BOA VISTA;PROSTATA, SOE;C619;NEOPLASIA MALIGNA;80003;PROSTATA;C61;;;;;false;SDO;SEM INFORMAÇÃO;SEM INFORMAÇÃO;99 - SEM INFORMAÇÃO;999;MORTO;CÂNCER;25/09/2017;25/09/2017;25/09/2017;;
1699813;RCBP RORAIMA;MASCULINO;18/06/1947;70;BRANCO;BRASIL;PARAÍBA;;SUPERIOR COMPLETO;CASADO;239;OUTROS PROFISSIONAIS DO ENSINO NÃO CLASSIFICADOS ANTERIORMENTE	;RORAIMA;BOA VISTA;PROSTATA, SOE;C619;ADENOCARCINOMA, SOE;81403;PROSTATA;C61;;;;;false;HISTOLOGIA DO TUMOR PRIMÁRIO;SEM INFORMAÇÃO;;;;;CÂNCER;02/11/2018;;17/08/2017;C76;
1699814;RCBP RORAIMA;MASCULINO;10/12/1947;69;BRANCO;BRASIL;Não informado;;FUNDAMENTAL II (5ª A 8ª SÉRIE);UNIÃO CONSENSUAL;711;TRABALHADORES DA EXTRAÇÃO MINERAL 	;RORAIMA;BOA VISTA;ESOFAGO, SOE;C159;NEOPLASIA MALIGNA;80003;ESOFAGO, SOE;C159;;;;;false;SDO;SEM INFORMAÇÃO;SEM INFORMAÇÃO;99 - SEM INFORMAÇÃO;999;MORTO;CÂNCER;12/03/2017;12/03/2017;12/03/2017;;
1699821;RCBP RORAIMA;FEMININO;27/12/1977;39;PARDA;Não informado;Não informado;Não Informado;FUNDAMENTAL II (5ª A 8ª SÉRIE);UNIÃO CONSENSUAL;0;SEM INFORMAÇÃO	;RORAIMA;BOA VISTA;COLO DO UTERO, SOE;C539;CARCINOMA ESCAMOCELULAR, SOE;80703;COLO DO UTERO, SOE;C539;;;;;false;HISTOLOGIA DO TUMOR PRIMÁRIO;SEM INFORMAÇÃO;;;;;;;;28/07/2017;;
1699825;RCBP RORAIMA;FEMININO;09/12/1959;57;AMARELA;BRASIL;RORAIMA;;FUNDAMENTAL I (1ª A 4ª SÉRIE);SOLTEIRO;0;SEM INFORMAÇÃO	;RORAIMA;BOA VISTA;TIREOIDE, SOE;C739;ADENOCARCINOMA PAPILAR, SOE;82603;GLANDULA TIREOIDE;C73;;;;;false;HISTOLOGIA DO TUMOR PRIMÁRIO;SEM INFORMAÇÃO;;;;;;;;13/11/2017;C34;
1699828;RCBP RORAIMA;FEMININO;28/09/1979;37;PARDA;Não informado;Não informado;Não Informado;SUPERIOR COMPLETO;CASADO;141;GERENTES DE PRODUÇÃO E OPERAÇÕES  	;RORAIMA;BOA VISTA;MAMA , SOE;C509;CARCINOMA DUCTAL INFILTRANTE;85003;MAMA , SOE;C509;;;;;false;HISTOLOGIA DO TUMOR PRIMÁRIO;SEM INFORMAÇÃO;;;;;;;;22/06/2017;C76;
1699830;RCBP RORAIMA;FEMININO;05/11/1969;47;PARDA;BRASIL;RORAIMA;BOA VISTA;MÉDIO (ANTIGO SEGUNDO GRAU);CASADO;612;PRODUTORES AGRÍCOLAS 	;RORAIMA;BOA VISTA;MAMA , SOE;C509;CARCINOMA DUCTAL INFILTRANTE;85003;MAMA , SOE;C509;;;;;false;HISTOLOGIA DO TUMOR PRIMÁRIO;SEM INFORMAÇÃO;;;;;;;;17/06/2017;;
1699834;RCBP RORAIMA;FEMININO;05/10/1983;33;PARDA;BRASIL;Não informado;;MÉDIO (ANTIGO SEGUNDO GRAU);SEPARADO JUDICIALMENTE;0;SEM INFORMAÇÃO	;RORAIMA;BOA VISTA;ESTOMAGO, SOE;C169;NEOPLASIA MALIGNA;80003;ESTOMAGO, SOE;C169;;;;;false;SDO;METÁSTASE;SEM INFORMAÇÃO;99 - SEM INFORMAÇÃO;999;MORTO;CÂNCER;22/06/2017;22/06/2017;22/06/2017;;
1699836;RCBP RORAIMA;FEMININO;25/08/1992;25;PARDA;VENEZUELA;Não informado;Não Informado;MÉDIO (ANTIGO SEGUNDO GRAU);SOLTEIRO;;;RORAIMA;BOA VISTA;COLO DO UTERO, SOE;C539;CARCINOMA ESCAMOCELULAR, SOE;80703;COLO DO UTERO, SOE;C539;;;CARCINOMA DE ÚTERO E CÉRVIX;8.5.4;false;HISTOLOGIA DO TUMOR PRIMÁRIO;SEM INFORMAÇÃO;;;;;CÂNCER;23/05/2019;;22/12/2017;;
1699842;RCBP RORAIMA;MASCULINO;17/05/1985;31;PARDA;BRASIL;MARANHÃO;;MÉDIO (ANTIGO SEGUNDO GRAU);CASADO;862;OPERADORES DE UTILIDADES  	;RORAIMA;BOA VISTA;PELE DO TRONCO;C445;CARCINOMA BASOCELULAR NODULAR;80973;PELE DO TRONCO;C445;;;;;false;HISTOLOGIA DO TUMOR PRIMÁRIO;SEM INFORMAÇÃO;;;;;;;;09/05/2017;;
1699852;RCBP RORAIMA;FEMININO;08/09/1956;61;PARDA;Não informado;Não informado;Não Informado;SEM ESCOLARIDADE;CASADO;0;SEM INFORMAÇÃO	;RORAIMA;BOA VISTA;MAMA , SOE;C509;CARCINOMA DUCTAL INFILTRANTE;85003;MAMA , SOE;C509;;;;;false;HISTOLOGIA DO TUMOR PRIMÁRIO;SEM INFORMAÇÃO;;;;;;;;05/12/2017;;
1699853;RCBP RORAIMA;FEMININO;06/05/1977;39;PARDA;BRASIL;Não informado;Não Informado;FUNDAMENTAL II (5ª A 8ª SÉRIE);SEM INFORMAÇÃO;0;SEM INFORMAÇÃO	;RORAIMA;BOA VISTA;COLO DO UTERO, SOE;C539;NEOPLASIA INTRA-EPITELIAL ESCAMOSA,GRAU IIII;80772;COLO DO UTERO, SOE;D069;;;;;false;CITOLOGIA;"IN SITU";;;;;;;;25/01/2017;;
1699854;RCBP RORAIMA;FEMININO;09/12/1956;60;PARDA;BRASIL;PARANÁ;;MÉDIO (ANTIGO SEGUNDO GRAU);VIÚVO;411;ESCRITURÁRIOS EM GERAL, AGENTES, ASSISTENTES E AUXILIARES ADMINISTRATIVOS 	;RORAIMA;BOA VISTA;MAMA , SOE;C509;CARCINOMA DUCTAL INFILTRANTE;85003;MAMA , SOE;C509;;;;;false;HISTOLOGIA DO TUMOR PRIMÁRIO;SEM INFORMAÇÃO;;;;;;;;28/08/2017;;
1699863;RCBP RORAIMA;FEMININO;31/01/1971;46;PARDA;Não informado;Não informado;Não Informado;SEM INFORMAÇÃO;SEM INFORMAÇÃO;0;SEM INFORMAÇÃO	;RORAIMA;BOA VISTA;PULMAO, SOE;C349;ADENOCARCINOMA, SOE;81403;BRONQUIOS OU PULMOES, SOE;C349;;;;;false;HISTOLOGIA DO TUMOR PRIMÁRIO;SEM INFORMAÇÃO;;;;;;;;15/12/2017;;
1699867;RCBP RORAIMA;MASCULINO;23/02/1961;56;SEM INFORMAÇÃO;BRASIL;Não informado;;FUNDAMENTAL II (5ª A 8ª SÉRIE);CASADO;914;MECÂNICOS DE MANUTENÇÃO VEICULAR  	;RORAIMA;BOA VISTA;FIGADO, SOE;C220;NEOPLASIA MALIGNA;80003;FIGADO E VIAS BILIARES INTRA-HEPATICAS;C22;;;;;false;SDO;SEM INFORMAÇÃO;SEM INFORMAÇÃO;99 - SEM INFORMAÇÃO;999;MORTO;CÂNCER;16/08/2017;16/08/2017;16/08/2017;;
1699871;RCBP RORAIMA;FEMININO;12/12/1945;72;AMARELA;BRASIL;SÃO PAULO;;FUNDAMENTAL II (5ª A 8ª SÉRIE);SEPARADO JUDICIALMENTE;239;OUTROS PROFISSIONAIS DO ENSINO NÃO CLASSIFICADOS ANTERIORMENTE	;RORAIMA;BOA VISTA;MAMA , SOE;C509;CARCINOMA DUCTAL INFILTRANTE;85003;MAMA , SOE;C509;;;;;false;HISTOLOGIA DO TUMOR PRIMÁRIO;SEM INFORMAÇÃO;;;;;;;;27/12/2017;;
1700155;RCBP RORAIMA;FEMININO;03/01/1935;82;PARDA;BRASIL;MARANHÃO;;SEM INFORMAÇÃO;VIÚVO;0;SEM INFORMAÇÃO	;RORAIMA;BOA VISTA;PELE DE OUTRAS PARTES DA FACE;C443;CARCINOMA BASOCELULAR, SOE;80903;PELE DE OUTRAS PARTES DA FACE;C443;;;;;false;HISTOLOGIA DO TUMOR PRIMÁRIO;LOCALIZADO;;;;;;;;14/11/2017;;
1700158;RCBP RORAIMA;FEMININO;30/01/1928;89;PARDA;BRASIL;RORAIMA;;FUNDAMENTAL I (1ª A 4ª SÉRIE);VIÚVO;0;SEM INFORMAÇÃO	;RORAIMA;BOA VISTA;ESTOMAGO, SOE;C169;ADENOCARCINOMA, SOE;81403;ESTOMAGO, SOE;C169;;;;;false;HISTOLOGIA DO TUMOR PRIMÁRIO;SEM INFORMAÇÃO;;;;;;;;16/03/2017;;
1700162;RCBP RORAIMA;MASCULINO;16/06/1974;42;BRANCO;BRASIL;AMAZONAS;MANAUS;FUNDAMENTAL I (1ª A 4ª SÉRIE);SOLTEIRO;914;MECÂNICOS DE MANUTENÇÃO VEICULAR  	;RORAIMA;BOA VISTA;RETO, SOE;C209;ADENOCARCINOMA, SOE;81403;RETO;C20;;;;;false;HISTOLOGIA DO TUMOR PRIMÁRIO;SEM INFORMAÇÃO;;;;;;;;31/01/2017;;
1700164;RCBP RORAIMA;FEMININO;29/11/1959;57;BRANCO;BRASIL;MARANHÃO;;SUPERIOR COMPLETO;CASADO;239;OUTROS PROFISSIONAIS DO ENSINO NÃO CLASSIFICADOS ANTERIORMENTE	;RORAIMA;BOA VISTA;OVARIO, SOE;C569;CARCINOMA, SOE;80103;OVARIO;C56;;;;;false;MARCADORES TUMORAIS;SEM INFORMAÇÃO;;;;;;;;09/08/2017;;
1700281;RCBP RORAIMA;MASCULINO;20/12/1941;75;PARDA;VENEZUELA;Não informado;Não Informado;SEM INFORMAÇÃO;SOLTEIRO;342;TÉCNICOS EM TRANSPORTES (LOGÍSTICA)   	;RORAIMA;BOA VISTA;PROSTATA, SOE;C619;ADENOCARCINOMA, SOE;81403;PROSTATA;C61;;;;;false;HISTOLOGIA DO TUMOR PRIMÁRIO;METÁSTASE;;;;;CÂNCER;05/08/2017;;11/07/2017;;
1700191;RCBP RORAIMA;FEMININO;13/10/1971;46;PARDA;BRASIL;Não informado;;FUNDAMENTAL II (5ª A 8ª SÉRIE);CASADO;622;TRABALHADORES AGRÍCOLAS   	;RORAIMA;RORAINÓPOLIS;PANCREAS, SOE;C259;NEOPLASIA MALIGNA;80003;PANCREAS, SOE;C259;;;;;false;SDO;SEM INFORMAÇÃO;SEM INFORMAÇÃO;99 - SEM INFORMAÇÃO;999;MORTO;CÂNCER;21/11/2017;21/11/2017;21/11/2017;;
1700192;RCBP RORAIMA;MASCULINO;19/01/1932;85;BRANCO;BRASIL;Não informado;;FUNDAMENTAL II (5ª A 8ª SÉRIE);SEM INFORMAÇÃO;;;RORAIMA;ALTO ALEGRE;PROSTATA, SOE;C619;NEOPLASIA MALIGNA;80003;PROSTATA;C61;;;;;false;SDO;SEM INFORMAÇÃO;SEM INFORMAÇÃO;99 - SEM INFORMAÇÃO;999;MORTO;CÂNCER;19/01/2017;19/01/2017;19/01/2017;;
1700201;RCBP RORAIMA;FEMININO;07/03/1960;56;PARDA;BRASIL;AMAZONAS;;MÉDIO (ANTIGO SEGUNDO GRAU);SOLTEIRO;351;TÉCNICOS DAS CIÊNCIAS ADMINISTRATIVAS 	;RORAIMA;BOA VISTA;PELE DE OUTRAS PARTES DA FACE;C443;CARCINOMA BASOCELULAR, SOE;80903;PELE DE OUTRAS PARTES DA FACE;C443;;;;;false;HISTOLOGIA DO TUMOR PRIMÁRIO;SEM INFORMAÇÃO;;;;;;;;30/01/2017;;
1700293;RCBP RORAIMA;FEMININO;08/08/1968;48;PARDA;BRASIL;RORAIMA;;MÉDIO (ANTIGO SEGUNDO GRAU);SOLTEIRO;513;TRABALHADORES DOS SERVIÇOS DE HOTELARIA E ALIMENTAÇÃO 	;RORAIMA;BOA VISTA;PELE DE OUTRAS PARTES DA FACE;C443;NEOPLASIA MALIGNA;80003;PELE DE OUTRAS PARTES DA FACE;C443;;;;;false;SDO;METÁSTASE;;;;;CÂNCER;10/01/2017;;10/01/2017;;
1700305;RCBP RORAIMA;MASCULINO;25/07/1947;69;BRANCO;BRASIL;Não informado;;SEM INFORMAÇÃO;SOLTEIRO;711;TRABALHADORES DA EXTRAÇÃO MINERAL 	;RORAIMA;BOA VISTA;PULMAO, SOE;C349;NEOPLASIA MALIGNA;80003;BRONQUIOS OU PULMOES, SOE;C349;;;;;false;SDO;SEM INFORMAÇÃO;SEM INFORMAÇÃO;99 - SEM INFORMAÇÃO;999;MORTO;CÂNCER;10/06/2017;10/06/2017;10/06/2017;;
1700307;RCBP RORAIMA;FEMININO;03/10/1931;85;PARDA;BRASIL;RORAIMA;;SEM INFORMAÇÃO;SEM INFORMAÇÃO;0;SEM INFORMAÇÃO	;RORAIMA;BOA VISTA;PELE DO LABIO, SOE;C440;CARCINOMA BASOCELULAR, SOE;80903;PELE DO LABIO;C440;;;;;false;HISTOLOGIA DO TUMOR PRIMÁRIO;SEM INFORMAÇÃO;;;;;;;;13/03/2017;;
1700312;RCBP RORAIMA;FEMININO;23/06/1946;70;PARDA;BRASIL;GOIAS;;MÉDIO (ANTIGO SEGUNDO GRAU);SOLTEIRO;0;SEM INFORMAÇÃO	;RORAIMA;BOA VISTA;PELE DO TRONCO;C445;CARCINOMA BASOCELULAR, SOE;80903;PELE DO TRONCO;C445;;;;;false;HISTOLOGIA DO TUMOR PRIMÁRIO;SEM INFORMAÇÃO;;;;;;;;20/02/2017;;
1700313;RCBP RORAIMA;FEMININO;10/03/1969;48;PARDA;BRASIL;RORAIMA;BOA VISTA;FUNDAMENTAL II (5ª A 8ª SÉRIE);UNIÃO CONSENSUAL;612;PRODUTORES AGRÍCOLAS 	;RORAIMA;BOA VISTA;TIREOIDE, SOE;C739;ADENOCARCINOMA PAPILAR, SOE;82603;GLANDULA TIREOIDE;C73;;;;;false;HISTOLOGIA DO TUMOR PRIMÁRIO;SEM INFORMAÇÃO;;;;;;;;21/04/2017;;
1700316;RCBP RORAIMA;FEMININO;01/04/1985;32;PARDA;Não informado;Não informado;Não Informado;FUNDAMENTAL I (1ª A 4ª SÉRIE);SOLTEIRO;0;SEM INFORMAÇÃO	;RORAIMA;PACARAIMA;MAMA , SOE;C509;CARCINOMA DUCTAL INFILTRANTE;85003;MAMA , SOE;C509;;;;;false;HISTOLOGIA DO TUMOR PRIMÁRIO;SEM INFORMAÇÃO;;;;;;;;04/12/2017;;
1700319;RCBP RORAIMA;FEMININO;17/03/1954;63;PARDA;BRASIL;Não informado;Não Informado;SEM ESCOLARIDADE;SEM INFORMAÇÃO;;;RORAIMA;BOA VISTA;COLO DO UTERO, SOE;C539;NEOPLASIA GLANDULAR INTRAEPITELIAL, GRAU III;81482;COLO DO UTERO, SOE;D069;;;;;false;HISTOLOGIA DO TUMOR PRIMÁRIO;"IN SITU";;;;;;;;28/08/2017;;
1700322;RCBP RORAIMA;MASCULINO;22/11/1948;68;BRANCO;BRASIL;SANTA CATARINA;;FUNDAMENTAL I (1ª A 4ª SÉRIE);CASADO;;;RORAIMA;SÃO LUIZ;PELE DE OUTRAS PARTES DA FACE;C443;CARCINOMA BASOCELULAR, SOE;80903;PELE DE OUTRAS PARTES DA FACE;C443;;;;;false;HISTOLOGIA DO TUMOR PRIMÁRIO;LOCALIZADO;;;;;;;;06/07/2017;;
1700323;RCBP RORAIMA;MASCULINO;20/10/1966;50;PARDA;Não informado;Não informado;Não Informado;SUPERIOR COMPLETO;CASADO;141;GERENTES DE PRODUÇÃO E OPERAÇÕES  	;RORAIMA;PACARAIMA;OSSO, SOE;C419;PLASMOCITOMA, SOE;97313;PLASMOCITOMA EXTRAMEDULAR;C902;;;;;false;HISTOLOGIA DO TUMOR PRIMÁRIO;SEM INFORMAÇÃO;;;;;;;;28/04/2017;;
1700324;RCBP RORAIMA;MASCULINO;17/04/1950;67;INDÍGENA;BRASIL;Não informado;;SEM ESCOLARIDADE;SEM INFORMAÇÃO;622;TRABALHADORES AGRÍCOLAS   	;RORAIMA;CANTÁ;ESOFAGO, SOE;C159;NEOPLASIA MALIGNA;80003;ESOFAGO, SOE;C159;;;;;false;SDO;SEM INFORMAÇÃO;SEM INFORMAÇÃO;99 - SEM INFORMAÇÃO;999;MORTO;CÂNCER;11/12/2017;11/12/2017;11/12/2017;;
1700331;RCBP RORAIMA;MASCULINO;10/07/1950;66;BRANCO;BRASIL;Não informado;;FUNDAMENTAL II (5ª A 8ª SÉRIE);SEPARADO JUDICIALMENTE;0;SEM INFORMAÇÃO	;RORAIMA;BOA VISTA;ESTOMAGO, SOE;C169;NEOPLASIA MALIGNA;80003;ESTOMAGO, SOE;C169;;;;;false;SDO;SEM INFORMAÇÃO;SEM INFORMAÇÃO;99 - SEM INFORMAÇÃO;999;MORTO;CÂNCER;10/04/2017;10/04/2017;10/04/2017;;
1700353;RCBP RORAIMA;MASCULINO;07/07/1945;71;PARDA;BRASIL;Não informado;;SEM ESCOLARIDADE;SOLTEIRO;0;SEM INFORMAÇÃO	;RORAIMA;BONFIM;LESAO SOBREPOSTA DO ASSOALHO DA BOCA;C048;NEOPLASIA MALIGNA;80003;LESAO INVASIVA DO ASSOALHO DA BOCA;C048;;;;;false;SDO;METÁSTASE;SEM INFORMAÇÃO;99 - SEM INFORMAÇÃO;999;MORTO;CÂNCER;24/06/2017;24/06/2017;24/06/2017;;
1700366;RCBP RORAIMA;MASCULINO;26/07/1956;60;PARDA;BRASIL;RORAIMA;;FUNDAMENTAL I (1ª A 4ª SÉRIE);UNIÃO CONSENSUAL;611;PRODUTORES AGROPECUÁRIOS EM GERAL 	;RORAIMA;BOA VISTA;LINFONODOS DE REGIOES MULTIPLAS;C778;LINFOMA MALIGNO, TIPO NAO HODGKIN, SOE;95913;LINFOMA NAO-HODGKIN, SOE;C859;;;;;false;CITOLOGIA;NÃO SE APLICA;;;;;CÂNCER;11/05/2017;;17/04/2017;;
1700342;RCBP RORAIMA;MASCULINO;04/06/1930;86;PRETA;BRASIL;CEARÁ;;FUNDAMENTAL I (1ª A 4ª SÉRIE);SOLTEIRO;622;TRABALHADORES AGRÍCOLAS   	;RORAIMA;BOA VISTA;ESOFAGO, SOE;C159;CARCINOMA ESCAMOCELULAR, SOE;80703;ESOFAGO, SOE;C159;;;;;false;HISTOLOGIA DO TUMOR PRIMÁRIO;SEM INFORMAÇÃO;;;;;CÂNCER;13/12/2017;;28/03/2017;;
1700362;RCBP RORAIMA;MASCULINO;30/03/1951;66;PARDA;BRASIL;SÃO PAULO;;FUNDAMENTAL I (1ª A 4ª SÉRIE);UNIÃO CONSENSUAL;0;SEM INFORMAÇÃO	;RORAIMA;PACARAIMA;FIGADO, SOE;C220;CARCINOMA HEPATOCELULAR, SOE;81703;CARCINOMA DE CELULAS HEPATICAS;C220;;;;;false;HISTOLOGIA DO TUMOR PRIMÁRIO;SEM INFORMAÇÃO;;;;;CÂNCER;25/05/2017;;25/05/2017;;
1700376;RCBP RORAIMA;MASCULINO;06/04/1922;95;PARDA;BRASIL;Não informado;;SEM ESCOLARIDADE;CASADO;111;MEMBROS SUPERIORES DO PODER LEGISLATIVO, EXECUTIVO E JUDICIÁRIO   	;RORAIMA;BOA VISTA;MEDULA OSSEA;C421;LEUCEMIA LINFOIDE, SOE;98203;LEUCEMIA LINFOIDE, SOE;C919;;;;;false;SDO;NÃO SE APLICA;SEM INFORMAÇÃO;99 - SEM INFORMAÇÃO;999;MORTO;CÂNCER;17/09/2017;17/09/2017;17/09/2017;;
1700379;RCBP RORAIMA;MASCULINO;16/12/1922;94;PARDA;BRASIL;Não informado;;MÉDIO (ANTIGO SEGUNDO GRAU);VIÚVO;620;SUPERVISORES NA EXPLORAÇÃO AGROPECUÁRIA   	;RORAIMA;BOA VISTA;PROSTATA, SOE;C619;NEOPLASIA MALIGNA;80003;PROSTATA;C61;;;;;false;SDO;METÁSTASE;SEM INFORMAÇÃO;99 - SEM INFORMAÇÃO;999;MORTO;CÂNCER;21/02/2017;21/02/2017;21/02/2017;;
1700380;RCBP RORAIMA;MASCULINO;27/09/1945;71;BRANCO;BRASIL;Não informado;;SEM ESCOLARIDADE;CASADO;0;SEM INFORMAÇÃO	;RORAIMA;BOA VISTA;BEXIGA, SOE;C679;NEOPLASIA MALIGNA;80003;BEXIGA, SOE;C679;;;;;false;SDO;SEM INFORMAÇÃO;SEM INFORMAÇÃO;99 - SEM INFORMAÇÃO;999;MORTO;CÂNCER;27/01/2017;27/01/2017;27/01/2017;;
1700311;RCBP RORAIMA;FEMININO;31/07/1974;42;PARDA;Não informado;Não informado;Não Informado;FUNDAMENTAL I (1ª A 4ª SÉRIE);CASADO;513;TRABALHADORES DOS SERVIÇOS DE HOTELARIA E ALIMENTAÇÃO 	;RORAIMA;BOA VISTA;MAMA , SOE;C509;CARCINOMA DUCTAL INFILTRANTE;85003;MAMA , SOE;C509;;;;;false;HISTOLOGIA DO TUMOR PRIMÁRIO;SEM INFORMAÇÃO;;;;;;;;20/04/2017;C76;
1700314;RCBP RORAIMA;FEMININO;28/04/1947;70;BRANCO;BRASIL;PARANÁ;;SUPERIOR COMPLETO;SEPARADO JUDICIALMENTE;231;PROFESSORES DE NÍVEL SUPERIOR NA EDUCAÇÃO INFANTIL E NO ENSINO FUNDAMENTAL	;RORAIMA;RORAINÓPOLIS;OVARIO, SOE;C569;ADENOCARCINOMA, SOE;81403;OVARIO;C56;;;;;false;HISTOLOGIA DO TUMOR PRIMÁRIO;SEM INFORMAÇÃO;;;;;;;;07/12/2017;;
1700328;RCBP RORAIMA;FEMININO;18/11/1928;88;PARDA;BRASIL;Não informado;;SEM ESCOLARIDADE;CASADO;0;SEM INFORMAÇÃO	;RORAIMA;BOA VISTA;COLON, SOE;C189;NEOPLASIA MALIGNA;80003;COLON, SOE;C189;;;;;false;SDO;SEM INFORMAÇÃO;SEM INFORMAÇÃO;99 - SEM INFORMAÇÃO;999;MORTO;CÂNCER;07/10/2017;07/10/2017;07/10/2017;;
1700329;RCBP RORAIMA;MASCULINO;06/09/1945;71;PARDA;BRASIL;RIO GRANDE DO SUL;;MÉDIO (ANTIGO SEGUNDO GRAU);VIÚVO;354;TÉCNICOS DE NIVEL MÉDIO EM OPERAÇÕES COMERCIAIS   	;RORAIMA;BOA VISTA;COLON, SOE;C189;ADENOCARCINOMA, SOE;81403;COLON, SOE;C189;;;;;false;HISTOLOGIA DO TUMOR PRIMÁRIO;SEM INFORMAÇÃO;;;;;;;;16/08/2017;;
1700330;RCBP RORAIMA;MASCULINO;16/12/1950;66;BRANCO;BRASIL;MARANHÃO;;FUNDAMENTAL I (1ª A 4ª SÉRIE);CASADO;;;RORAIMA;BOA VISTA;PELE DO LABIO, SOE;C440;CARCINOMA BASOCELULAR, SOE;80903;PELE DO LABIO;C440;;;;;false;HISTOLOGIA DO TUMOR PRIMÁRIO;LOCALIZADO;;;;;;;;29/08/2017;;
1700351;RCBP RORAIMA;MASCULINO;18/03/1949;68;PARDA;Não informado;Não informado;Não Informado;MÉDIO (ANTIGO SEGUNDO GRAU);SEPARADO JUDICIALMENTE;0;SEM INFORMAÇÃO	;RORAIMA;BOA VISTA;PULMAO, SOE;C349;CARCINOMA INDIFERENCIADO, SOE;80203;BRONQUIOS OU PULMOES, SOE;C349;;;;;false;HISTOLOGIA DO TUMOR PRIMÁRIO;SEM INFORMAÇÃO;;;;;CÂNCER;18/06/2018;;14/12/2017;;
1700361;RCBP RORAIMA;MASCULINO;03/11/1947;69;PRETA;BRASIL;Não informado;;SEM ESCOLARIDADE;CASADO;622;TRABALHADORES AGRÍCOLAS   	;RORAIMA;CANTÁ;PROSTATA, SOE;C619;NEOPLASIA MALIGNA;80003;PROSTATA;C61;;;;;false;SDO;SEM INFORMAÇÃO;SEM INFORMAÇÃO;99 - SEM INFORMAÇÃO;999;MORTO;CÂNCER;28/02/2017;28/02/2017;28/02/2017;;
1700370;RCBP RORAIMA;MASCULINO;10/04/1959;57;PARDA;BRASIL;Não informado;;FUNDAMENTAL II (5ª A 8ª SÉRIE);SOLTEIRO;711;TRABALHADORES DA EXTRAÇÃO MINERAL 	;RORAIMA;BOA VISTA;ESOFAGO, SOE;C159;NEOPLASIA MALIGNA;80003;ESOFAGO, SOE;C159;;;;;false;SDO;SEM INFORMAÇÃO;SEM INFORMAÇÃO;99 - SEM INFORMAÇÃO;999;MORTO;CÂNCER;16/01/2017;16/01/2017;16/01/2017;;
1700371;RCBP RORAIMA;MASCULINO;30/06/1943;74;PARDA;BRASIL;Não informado;;FUNDAMENTAL I (1ª A 4ª SÉRIE);VIÚVO;722;TRABALHADORES DE CONFORMAÇÃO DE METAIS E DE COMPÓSITOS	;RORAIMA;BOA VISTA;LESAO SOBREPOSTA DO ASSOALHO DA BOCA;C048;NEOPLASIA MALIGNA;80003;LESAO INVASIVA DO ASSOALHO DA BOCA;C048;;;;;false;SDO;METÁSTASE;SEM INFORMAÇÃO;99 - SEM INFORMAÇÃO;999;MORTO;CÂNCER;06/11/2017;06/11/2017;06/11/2017;;
1700373;RCBP RORAIMA;FEMININO;13/04/1956;61;PARDA;BRASIL;MARANHÃO;;MÉDIO (ANTIGO SEGUNDO GRAU);CASADO;611;PRODUTORES AGROPECUÁRIOS EM GERAL 	;RORAIMA;BOA VISTA;ESTOMAGO, SOE;C169;ADENOCARCINOMA, SOE;81403;ESTOMAGO, SOE;C169;;;;;false;HISTOLOGIA DO TUMOR PRIMÁRIO;SEM INFORMAÇÃO;;;;;CÂNCER;02/12/2017;;17/04/2017;;
1700381;RCBP RORAIMA;MASCULINO;11/11/1942;74;BRANCO;BRASIL;Não informado;;FUNDAMENTAL I (1ª A 4ª SÉRIE);CASADO;622;TRABALHADORES AGRÍCOLAS   	;RORAIMA;IRACEMA;LESAO SOBREPOSTA DO PULMAO;C348;NEOPLASIA MALIGNA;80003;LESAO INVASIVA DOS BRONQUIOS E DOS PULMOES;C348;;;;;false;SDO;SEM INFORMAÇÃO;SEM INFORMAÇÃO;99 - SEM INFORMAÇÃO;999;MORTO;CÂNCER;04/02/2017;04/02/2017;04/02/2017;;
1700382;RCBP RORAIMA;MASCULINO;27/04/1952;64;PARDA;BRASIL;Não informado;;FUNDAMENTAL II (5ª A 8ª SÉRIE);SOLTEIRO;622;TRABALHADORES AGRÍCOLAS   	;RORAIMA;CANTÁ;ANTRO GASTRICO;C163;NEOPLASIA MALIGNA;80003;ANTRO PILORICO;C163;;;;;false;SDO;SEM INFORMAÇÃO;SEM INFORMAÇÃO;99 - SEM INFORMAÇÃO;999;MORTO;CÂNCER;15/03/2017;15/03/2017;15/03/2017;;
1700383;RCBP RORAIMA;MASCULINO;04/09/1938;78;PARDA;BRASIL;RIO GRANDE DO NORTE;;SEM ESCOLARIDADE;VIÚVO;0;SEM INFORMAÇÃO	;RORAIMA;BOA VISTA;PILORO;C164;ADENOCARCINOMA TUBULAR;82113;PILORO;C164;;;;;false;HISTOLOGIA DO TUMOR PRIMÁRIO;SEM INFORMAÇÃO;;;;;;;;13/06/2017;;
1700388;RCBP RORAIMA;MASCULINO;02/08/1968;49;PARDA;BRASIL;PIAUÍ;;FUNDAMENTAL I (1ª A 4ª SÉRIE);CASADO;914;MECÂNICOS DE MANUTENÇÃO VEICULAR  	;RORAIMA;BOA VISTA;PELE DO MEMBRO SUPERIOR E DO OMBRO;C446;CARCINOMA ESCAMOCELULAR CERATINIZADO, SOE;80713;PELE DO MEMBRO SUPERIOR E DO OMBRO;C446;;;;;false;HISTOLOGIA DO TUMOR PRIMÁRIO;METÁSTASE;;;;;;;;22/12/2017;;
1700389;RCBP RORAIMA;MASCULINO;24/07/1952;64;PARDA;BRASIL;Não informado;;MÉDIO (ANTIGO SEGUNDO GRAU);CASADO;122;DIRETORES DE PRODUÇÃO E OPERAÇÕES 	;RORAIMA;BOA VISTA;RIM, SOE;C649;NEOPLASIA MALIGNA;80003;RIM;C64;;;;;false;SDO;SEM INFORMAÇÃO;SEM INFORMAÇÃO;99 - SEM INFORMAÇÃO;999;MORTO;CÂNCER;07/03/2017;07/03/2017;07/03/2017;;
1700348;RCBP RORAIMA;FEMININO;21/07/1967;50;PARDA;VENEZUELA;Não informado;Não Informado;MÉDIO (ANTIGO SEGUNDO GRAU);SOLTEIRO;0;SEM INFORMAÇÃO	;RORAIMA;BOA VISTA;MAMA , SOE;C509;CARCINOMA DUCTAL INFILTRANTE;85003;MAMA , SOE;C509;;;;;false;HISTOLOGIA DO TUMOR PRIMÁRIO;SEM INFORMAÇÃO;;;;;CÂNCER;26/12/2017;;27/10/2017;;
558173;RCBP RORAIMA;MASCULINO;04/01/1957;60;BRANCO;BRASIL;SANTA CATARINA;;SEM INFORMAÇÃO;CASADO;622;TRABALHADORES AGRÍCOLAS   	;RORAIMA;BOA VISTA;OUVIDO EXTERNO;C442;CARCINOMA ESCAMOCELULAR, SOE;80703;PELE DA ORELHA E CONDUTO AUDITIVO EXTERNO;C442;;;;;false;HISTOLOGIA DO TUMOR PRIMÁRIO;SEM INFORMAÇÃO;;;;;;;;31/07/2017;;
558173;RCBP RORAIMA;MASCULINO;04/01/1957;60;BRANCO;BRASIL;SANTA CATARINA;;SEM INFORMAÇÃO;CASADO;622;TRABALHADORES AGRÍCOLAS   	;RORAIMA;BOA VISTA;PELE DE OUTRAS PARTES DA FACE;C443;CARCINOMA BASOCELULAR, SOE;80903;PELE DE OUTRAS PARTES DA FACE;C443;;;;;false;HISTOLOGIA DO TUMOR PRIMÁRIO;SEM INFORMAÇÃO;;;;;;;;22/05/2017;;
1159922;RCBP RORAIMA;MASCULINO;08/04/1932;84;BRANCO;BRASIL;RIO GRANDE DO SUL;ERECHIM;FUNDAMENTAL II (5ª A 8ª SÉRIE);CASADO;715;TRABALHADORES DA CONSTRUÇÃO CIVIL E OBRAS PÚBLICAS	;RORAIMA;BOA VISTA;LESAO SOBREPOSTA DA PELE;C448;CARCINOMA "IN SITU", SOE;80102;PELE DE OUTRAS LOCALIZACOES;D048;;;;;false;HISTOLOGIA DO TUMOR PRIMÁRIO;"IN SITU";;;;;CÂNCER;12/05/2017;;17/02/2017;;
713460;RCBP RORAIMA;FEMININO;12/12/1974;42;PARDA;BRASIL;MARANHÃO;;MÉDIO (ANTIGO SEGUNDO GRAU);CASADO;0;SEM INFORMAÇÃO	;RORAIMA;BOA VISTA;COLO DO UTERO, SOE;C539;ADENOCARCINOMA, SOE;81403;COLO DO UTERO, SOE;C539;;;;;false;HISTOLOGIA DO TUMOR PRIMÁRIO;SEM INFORMAÇÃO;;;;;;;;05/05/2017;;
713470;RCBP RORAIMA;MASCULINO;16/11/1939;77;PARDA;BRASIL;MARANHÃO;;FUNDAMENTAL I (1ª A 4ª SÉRIE);SEM INFORMAÇÃO;0;SEM INFORMAÇÃO	;RORAIMA;BOA VISTA;PELE DE OUTRAS PARTES DA FACE;C443;CARCINOMA BASOCELULAR, SOE;80903;PELE DE OUTRAS PARTES DA FACE;C443;;;;;false;HISTOLOGIA DO TUMOR PRIMÁRIO;LOCALIZADO;;;;;;;;12/09/2017;;
1694157;RCBP RORAIMA;MASCULINO;08/08/1966;51;BRANCO;BRASIL;PARÁ;MONTE ALEGRE;FUNDAMENTAL II (5ª A 8ª SÉRIE);CASADO;;;RORAIMA;BOA VISTA;PELE DE OUTRAS PARTES DA FACE;C443;CARCINOMA BASOCELULAR, SOE;80903;PELE DE OUTRAS PARTES DA FACE;C443;;;;;false;HISTOLOGIA DO TUMOR PRIMÁRIO;LOCALIZADO;;;;;;;;01/11/2017;;
1694160;RCBP RORAIMA;MASCULINO;14/09/1951;65;PARDA;BRASIL;Não informado;;SUPERIOR COMPLETO;CASADO;111;MEMBROS SUPERIORES DO PODER LEGISLATIVO, EXECUTIVO E JUDICIÁRIO   	;RORAIMA;BOA VISTA;FUNDO DO ESTOMAGO;C161;NEOPLASIA MALIGNA;80003;FUNDO DO ESTOMAGO;C161;;;;;false;HISTOLOGIA DA METÁSTASE;SEM INFORMAÇÃO;SEM INFORMAÇÃO;99 - SEM INFORMAÇÃO;999;MORTO;CÂNCER;28/08/2017;28/08/2017;21/02/2017;;
1694161;RCBP RORAIMA;FEMININO;08/07/1976;40;INDÍGENA;BRASIL;RORAIMA;BONFIM;MÉDIO (ANTIGO SEGUNDO GRAU);CASADO;413;ESCRITURÁRIOS CONTÁBEIS E DE FINANÇAS	;RORAIMA;PACARAIMA;FIGADO, SOE;C220;NEOPLASIA MALIGNA;80003;FIGADO E VIAS BILIARES INTRA-HEPATICAS;C22;;;;;false;HISTOLOGIA DO TUMOR PRIMÁRIO;SEM INFORMAÇÃO;SEM INFORMAÇÃO;99 - SEM INFORMAÇÃO;999;MORTO;CÂNCER;23/11/2017;23/11/2017;14/02/2017;;
1694162;RCBP RORAIMA;MASCULINO;28/08/1940;77;PARDA;BRASIL;CEARÁ;;SEM ESCOLARIDADE;CASADO;0;SEM INFORMAÇÃO	;RORAIMA;BOA VISTA;LOCALIZACAO PRIMARIA DESCONHECIDA, SOE;C809;CARCINOMA, SOE;80103;LOCALIZACAO PRIMARIA DESCONHECIDA;C80;;;;;false;HISTOLOGIA DO TUMOR PRIMÁRIO;SEM INFORMAÇÃO;;;;;;;;30/08/2017;;
1694163;RCBP RORAIMA;FEMININO;02/12/1974;42;PARDA;BRASIL;Não informado;;FUNDAMENTAL II (5ª A 8ª SÉRIE);SOLTEIRO;0;SEM INFORMAÇÃO	;RORAIMA;BOA VISTA;COLO DO UTERO, SOE;C539;NEOPLASIA MALIGNA;80003;COLO DO UTERO, SOE;C539;;;;;false;HISTOLOGIA DO TUMOR PRIMÁRIO;SEM INFORMAÇÃO;SEM INFORMAÇÃO;99 - SEM INFORMAÇÃO;999;MORTO;CÂNCER;09/05/2017;09/05/2017;01/03/2017;;
1694164;RCBP RORAIMA;FEMININO;01/04/1979;38;PARDA;BRASIL;MARANHÃO;IGARAPÉ GRANDE;MÉDIO (ANTIGO SEGUNDO GRAU);SEPARADO JUDICIALMENTE;612;PRODUTORES AGRÍCOLAS 	;RORAIMA;RORAINÓPOLIS;ENCEFALO, SOE;C719;GLIOBLASTOMA, SOE;94403;ENCEFALO, SOE;C719;;;;;false;HISTOLOGIA DO TUMOR PRIMÁRIO;LOCALIZADO;;;;;CÂNCER;10/02/2019;;10/08/2017;;
1694168;RCBP RORAIMA;MASCULINO;04/03/1928;88;BRANCO;ITALIA;Não informado;Não Informado;SUPERIOR COMPLETO;CASADO;111;MEMBROS SUPERIORES DO PODER LEGISLATIVO, EXECUTIVO E JUDICIÁRIO   	;RORAIMA;BOA VISTA;PROSTATA, SOE;C619;NEOPLASIA MALIGNA;80003;PROSTATA;C61;;;;;false;HISTOLOGIA DO TUMOR PRIMÁRIO;METÁSTASE;SEM INFORMAÇÃO;99 - SEM INFORMAÇÃO;999;MORTO;CÂNCER;15/08/2017;15/08/2017;05/02/2017;;
1694171;RCBP RORAIMA;MASCULINO;29/01/1941;76;PARDA;BRASIL;CEARÁ;REDENÇÃO;MÉDIO (ANTIGO SEGUNDO GRAU);CASADO;232;PROFESSORES DO ENSINO MÉDIO   	;RORAIMA;BOA VISTA;FIGADO, SOE;C220;NEOPLASIA MALIGNA;80003;FIGADO E VIAS BILIARES INTRA-HEPATICAS;C22;;;;;false;HISTOLOGIA DO TUMOR PRIMÁRIO;SEM INFORMAÇÃO;SEM INFORMAÇÃO;99 - SEM INFORMAÇÃO;999;MORTO;CÂNCER;24/12/2017;24/12/2017;17/03/2017;;
1694174;RCBP RORAIMA;FEMININO;11/11/1957;59;PARDA;BRASIL;RORAIMA;BOA VISTA;MÉDIO (ANTIGO SEGUNDO GRAU);SOLTEIRO;0;SEM INFORMAÇÃO	;RORAIMA;BOA VISTA;PANCREAS, SOE;C259;NEOPLASIA MALIGNA;80003;PANCREAS, SOE;C259;;;;;false;HISTOLOGIA DO TUMOR PRIMÁRIO;SEM INFORMAÇÃO;SEM INFORMAÇÃO;99 - SEM INFORMAÇÃO;999;MORTO;CÂNCER;19/04/2017;19/04/2017;05/02/2017;;
1694175;RCBP RORAIMA;MASCULINO;27/02/1939;78;PARDA;BRASIL;MARANHÃO;;SEM ESCOLARIDADE;CASADO;611;PRODUTORES AGROPECUÁRIOS EM GERAL 	;RORAIMA;BOA VISTA;RIM, SOE;C649;CARCINOMA DE CELULAS RENAIS, SOE;83123;RIM;C64;;;;;false;HISTOLOGIA DO TUMOR PRIMÁRIO;SEM INFORMAÇÃO;;;;;CÂNCER;07/01/2019;;27/11/2017;C41;
1694179;RCBP RORAIMA;FEMININO;02/01/1971;46;BRANCO;BRASIL;RORAIMA;;MÉDIO (ANTIGO SEGUNDO GRAU);SOLTEIRO;239;OUTROS PROFISSIONAIS DO ENSINO NÃO CLASSIFICADOS ANTERIORMENTE	;RORAIMA;BOA VISTA;PELE DE OUTRAS PARTES DA FACE;C443;CARCINOMA BASOCELULAR, SOE;80903;PELE DE OUTRAS PARTES DA FACE;C443;;;;;false;HISTOLOGIA DO TUMOR PRIMÁRIO;LOCALIZADO;;;;;;;;23/05/2017;;
1694180;RCBP RORAIMA;FEMININO;12/03/1935;82;BRANCO;BRASIL;Não informado;;FUNDAMENTAL II (5ª A 8ª SÉRIE);VIÚVO;111;MEMBROS SUPERIORES DO PODER LEGISLATIVO, EXECUTIVO E JUDICIÁRIO   	;RORAIMA;BOA VISTA;LOCALIZACAO PRIMARIA DESCONHECIDA, SOE;C809;NEOPLASIA MALIGNA;80003;LOCALIZACAO PRIMARIA DESCONHECIDA;C80;;;;;false;HISTOLOGIA DO TUMOR PRIMÁRIO;LOCALIZADO;SEM INFORMAÇÃO;99 - SEM INFORMAÇÃO;999;MORTO;CÂNCER;08/09/2017;08/09/2017;03/04/2017;;
1694181;RCBP RORAIMA;FEMININO;04/10/1955;61;PARDA;BRASIL;MARANHÃO;;SEM ESCOLARIDADE;VIÚVO;0;SEM INFORMAÇÃO	;RORAIMA;BOA VISTA;PALPEBRA;C441;CARCINOMA BASOCELULAR, SOE;80903;PELE DA PALPEBRA E CANTO;C441;;;;;false;HISTOLOGIA DO TUMOR PRIMÁRIO;SEM INFORMAÇÃO;;;;;;;;26/05/2017;;
1694185;RCBP RORAIMA;FEMININO;09/06/1983;33;PARDA;Não informado;Não informado;Não Informado;SEM INFORMAÇÃO;SOLTEIRO;0;SEM INFORMAÇÃO	;RORAIMA;BOA VISTA;MAMA , SOE;C509;CARCINOMA MEDULAR, SOE;85103;MAMA , SOE;C509;;;;;false;HISTOLOGIA DO TUMOR PRIMÁRIO;SEM INFORMAÇÃO;;;;;CÂNCER;27/12/2018;;30/05/2017;C22;
1694191;RCBP RORAIMA;FEMININO;27/11/1981;35;PARDA;BRASIL;RORAIMA;;MÉDIO (ANTIGO SEGUNDO GRAU);SOLTEIRO;411;ESCRITURÁRIOS EM GERAL, AGENTES, ASSISTENTES E AUXILIARES ADMINISTRATIVOS 	;RORAIMA;NORMANDIA;MAMA , SOE;C509;CARCINOMA DUCTAL INFILTRANTE;85003;MAMA , SOE;C509;;;;;false;HISTOLOGIA DO TUMOR PRIMÁRIO;SEM INFORMAÇÃO;;;;;;;;22/02/2017;;
1694193;RCBP RORAIMA;FEMININO;06/09/1976;40;PARDA;BRASIL;PARAÍBA;;MÉDIO (ANTIGO SEGUNDO GRAU);SEM INFORMAÇÃO;0;SEM INFORMAÇÃO	;RORAIMA;BOA VISTA;COLO DO UTERO, SOE;C539;CARCINOMA ESCAMOCELULAR, SOE;80703;COLO DO UTERO, SOE;C539;;;;;false;PESQUISA;SEM INFORMAÇÃO;;;;;;;;07/03/2017;;
1694194;RCBP RORAIMA;MASCULINO;23/07/1950;67;PARDA;BRASIL;AMAZONAS;;SEM ESCOLARIDADE;UNIÃO CONSENSUAL;0;SEM INFORMAÇÃO	;RORAIMA;CARACARAÍ;PROSTATA, SOE;C619;ADENOCARCINOMA, SOE;81403;PROSTATA;C61;;;;;false;HISTOLOGIA DO TUMOR PRIMÁRIO;SEM INFORMAÇÃO;;;;;;;;11/12/2017;;
1694195;RCBP RORAIMA;MASCULINO;20/10/1943;73;PARDA;BRASIL;Não informado;;FUNDAMENTAL II (5ª A 8ª SÉRIE);CASADO;0;SEM INFORMAÇÃO	;RORAIMA;BOA VISTA;COLON, SOE;C189;NEOPLASIA MALIGNA;80003;COLON, SOE;C189;;;;;false;HISTOLOGIA DO TUMOR PRIMÁRIO;LOCALIZADO;SEM INFORMAÇÃO;99 - SEM INFORMAÇÃO;999;MORTO;CÂNCER;06/05/2017;06/05/2017;01/02/2017;;
1694197;RCBP RORAIMA;MASCULINO;30/12/1938;78;BRANCO;BRASIL;Não informado;;FUNDAMENTAL II (5ª A 8ª SÉRIE);CASADO;711;TRABALHADORES DA EXTRAÇÃO MINERAL 	;RORAIMA;BOA VISTA;PANCREAS, SOE;C259;NEOPLASIA MALIGNA;80003;PANCREAS, SOE;C259;;;;;false;HISTOLOGIA DO TUMOR PRIMÁRIO;SEM INFORMAÇÃO;SEM INFORMAÇÃO;99 - SEM INFORMAÇÃO;999;MORTO;CÂNCER;28/04/2017;28/04/2017;15/01/2017;;
1694200;RCBP RORAIMA;FEMININO;13/04/1956;61;PARDA;BRASIL;RORAIMA;;FUNDAMENTAL II (5ª A 8ª SÉRIE);SOLTEIRO;611;PRODUTORES AGROPECUÁRIOS EM GERAL 	;RORAIMA;BOA VISTA;PELE DO LABIO, SOE;C440;CARCINOMA BASOCELULAR, SOE;80903;PELE DO LABIO;C440;;;;;false;HISTOLOGIA DO TUMOR PRIMÁRIO;SEM INFORMAÇÃO;;;;;;;;18/04/2017;;
1694202;RCBP RORAIMA;MASCULINO;14/09/1936;80;BRANCO;BRASIL;MARANHÃO;;FUNDAMENTAL I (1ª A 4ª SÉRIE);CASADO;0;SEM INFORMAÇÃO	;RORAIMA;BOA VISTA;PELE DE OUTRAS PARTES DA FACE;C443;CARCINOMA BASOCELULAR, SOE;80903;PELE DE OUTRAS PARTES DA FACE;C443;;;;;false;HISTOLOGIA DO TUMOR PRIMÁRIO;LOCALIZADO;;;;;;;;21/07/2017;;
1694205;RCBP RORAIMA;MASCULINO;24/03/1970;46;PARDA;BRASIL;Não informado;;SUPERIOR COMPLETO;CASADO;;;RORAIMA;BOA VISTA;PELVE, SOE;C763;NEOPLASIA MALIGNA;80003;PELVE;C763;;;;;false;HISTOLOGIA DO TUMOR PRIMÁRIO;SEM INFORMAÇÃO;SEM INFORMAÇÃO;99 - SEM INFORMAÇÃO;999;MORTO;CÂNCER;14/07/2017;14/07/2017;01/02/2017;;
1694208;RCBP RORAIMA;FEMININO;01/11/1953;63;PARDA;BRASIL;Não informado;;FUNDAMENTAL I (1ª A 4ª SÉRIE);CASADO;622;TRABALHADORES AGRÍCOLAS   	;RORAIMA;BOA VISTA;COLO DO UTERO, SOE;C539;NEOPLASIA MALIGNA;80003;COLO DO UTERO, SOE;C539;;;;;false;HISTOLOGIA DO TUMOR PRIMÁRIO;SEM INFORMAÇÃO;SEM INFORMAÇÃO;99 - SEM INFORMAÇÃO;999;MORTO;CÂNCER;04/01/2017;04/01/2017;01/01/2017;;
1694212;RCBP RORAIMA;FEMININO;05/06/1956;60;PARDA;BRASIL;RORAIMA;;MÉDIO (ANTIGO SEGUNDO GRAU);SEPARADO JUDICIALMENTE;252;PROFISSIONAIS DE ORGANIZAÇÃO E ADMINISTRAÇÃO DE EMPRESAS E AFINS  	;RORAIMA;BOA VISTA;ENDOMETRIO;C541;CARCINOMA ESCAMOCELULAR, SOE;80703;ENDOMETRIO;C541;;;;;false;HISTOLOGIA DO TUMOR PRIMÁRIO;SEM INFORMAÇÃO;;;;;;;;21/02/2017;;
1694214;RCBP RORAIMA;FEMININO;27/07/1978;38;BRANCO;BRASIL;RORAIMA;;MÉDIO (ANTIGO SEGUNDO GRAU);CASADO;524;VENDEDORES A DOMICÍLIO, AMBULANTES E EM BANCAS	;RORAIMA;BOA VISTA;COLO DO UTERO, SOE;C539;CARCINOMA ESCAMOCELULAR, SOE;80703;COLO DO UTERO, SOE;C539;;;;;false;HISTOLOGIA DO TUMOR PRIMÁRIO;SEM INFORMAÇÃO;;;;;;;;23/06/2017;;
1694217;RCBP RORAIMA;FEMININO;31/08/1940;76;PARDA;BRASIL;Não informado;;FUNDAMENTAL I (1ª A 4ª SÉRIE);CASADO;342;TÉCNICOS EM TRANSPORTES (LOGÍSTICA)   	;RORAIMA;BOA VISTA;PANCREAS, SOE;C259;NEOPLASIA MALIGNA;80003;PANCREAS, SOE;C259;;;;;false;HISTOLOGIA DO TUMOR PRIMÁRIO;SEM INFORMAÇÃO;SEM INFORMAÇÃO;99 - SEM INFORMAÇÃO;999;MORTO;CÂNCER;27/01/2017;27/01/2017;02/01/2017;;
1694218;RCBP RORAIMA;FEMININO;23/03/1962;55;PARDA;BRASIL;MARANHÃO;;MÉDIO (ANTIGO SEGUNDO GRAU);CASADO;622;TRABALHADORES AGRÍCOLAS   	;RORAIMA;BOA VISTA;COLO DO UTERO, SOE;C539;CARCINOMA ESCAMOCELULAR, SOE;80703;COLO DO UTERO, SOE;C539;;;;;false;HISTOLOGIA DO TUMOR PRIMÁRIO;SEM INFORMAÇÃO;;;;;;;;28/03/2017;;
1694221;RCBP RORAIMA;FEMININO;25/02/1965;52;SEM INFORMAÇÃO;BRASIL;SÃO PAULO;SÃO PAULO;SEM ESCOLARIDADE;SEM INFORMAÇÃO;;;RORAIMA;BOA VISTA;COLO DO UTERO, SOE;C539;NEOPLASIA GLANDULAR INTRAEPITELIAL, GRAU III;81482;COLO DO UTERO, SOE;D069;;;;;false;HISTOLOGIA DO TUMOR PRIMÁRIO;"IN SITU";;;;;CÂNCER;20/06/2022;;17/10/2017;;
1694224;RCBP RORAIMA;FEMININO;19/11/1988;28;PARDA;BRASIL;Não informado;Não Informado;SEM ESCOLARIDADE;SEM INFORMAÇÃO;;;RORAIMA;BOA VISTA;COLO DO UTERO, SOE;C539;NEOPLASIA GLANDULAR INTRAEPITELIAL, GRAU III;81482;COLO DO UTERO, SOE;D069;;;;;false;HISTOLOGIA DO TUMOR PRIMÁRIO;"IN SITU";;;;;;;;18/10/2017;;
1694225;RCBP RORAIMA;FEMININO;20/05/1974;42;PARDA;BRASIL;Não informado;Não Informado;MÉDIO (ANTIGO SEGUNDO GRAU);SEM INFORMAÇÃO;0;SEM INFORMAÇÃO	;RORAIMA;BOA VISTA;COLO DO UTERO, SOE;C539;NEOPLASIA INTRA-EPITELIAL ESCAMOSA,GRAU IIII;80772;COLO DO UTERO, SOE;D069;;;;;false;CITOLOGIA;"IN SITU";;;;;;;;28/03/2017;;
1694226;RCBP RORAIMA;FEMININO;07/05/1993;24;SEM INFORMAÇÃO;BRASIL;Não informado;Não Informado;MÉDIO (ANTIGO SEGUNDO GRAU);SEM INFORMAÇÃO;;;RORAIMA;BOA VISTA;COLO DO UTERO, SOE;C539;NEOPLASIA GLANDULAR INTRAEPITELIAL, GRAU III;81482;COLO DO UTERO, SOE;D069;;;;;false;HISTOLOGIA DO TUMOR PRIMÁRIO;"IN SITU";;;;;;;;02/10/2017;;
1694228;RCBP RORAIMA;FEMININO;02/10/1942;74;PRETA;BRASIL;MARANHÃO;;FUNDAMENTAL II (5ª A 8ª SÉRIE);VIÚVO;0;SEM INFORMAÇÃO	;RORAIMA;BOA VISTA;PULMAO, SOE;C349;CARCINOMA "OAT CELL";80423;BRONQUIOS OU PULMOES, SOE;C349;;;;;false;HISTOLOGIA DO TUMOR PRIMÁRIO;SEM INFORMAÇÃO;;;;;CÂNCER;24/08/2017;;05/04/2017;;
1694229;RCBP RORAIMA;FEMININO;09/09/1978;38;PARDA;BRASIL;RORAIMA;BONFIM;MÉDIO (ANTIGO SEGUNDO GRAU);SOLTEIRO;512;TRABALHADORES DOS SERVIÇOS DOMÉSTICOS EM GERAL	;RORAIMA;BOA VISTA;COLO DO UTERO, SOE;C539;CARCINOMA ESCAMOCELULAR, SOE;80703;COLO DO UTERO, SOE;C539;;;;;false;HISTOLOGIA DO TUMOR PRIMÁRIO;SEM INFORMAÇÃO;;;;;CÂNCER;16/09/2018;;25/08/2017;;
1694230;RCBP RORAIMA;MASCULINO;14/07/1961;55;PARDA;VENEZUELA;Não informado;Não Informado;MÉDIO (ANTIGO SEGUNDO GRAU);CASADO;263;MEMBROS DE CULTOS RELIGIOSOS E AFINS  	;RORAIMA;BOA VISTA;OROFARINGE, SOE;C109;CARCINOMA ESCAMOCELULAR, SOE;80703;OROFARINGE, SOE;C109;;;;;false;HISTOLOGIA DO TUMOR PRIMÁRIO;SEM INFORMAÇÃO;;;;;CÂNCER;03/11/2019;;06/06/2017;C40;
1694231;RCBP RORAIMA;MASCULINO;08/01/1943;74;BRANCO;BRASIL;PARÁ;BELÉM;MÉDIO (ANTIGO SEGUNDO GRAU);VIÚVO;111;MEMBROS SUPERIORES DO PODER LEGISLATIVO, EXECUTIVO E JUDICIÁRIO   	;RORAIMA;BOA VISTA;ESTOMAGO, SOE;C169;NEOPLASIA MALIGNA;80003;ESTOMAGO, SOE;C169;;;;;false;HISTOLOGIA DO TUMOR PRIMÁRIO;SEM INFORMAÇÃO;SEM INFORMAÇÃO;99 - SEM INFORMAÇÃO;999;MORTO;CÂNCER;14/11/2017;14/11/2017;10/05/2017;;
1694233;RCBP RORAIMA;FEMININO;17/06/1980;36;PARDA;BRASIL;AMAZONAS;;MÉDIO (ANTIGO SEGUNDO GRAU);CASADO;;;RORAIMA;BOA VISTA;COLO DO UTERO, SOE;C539;CARCINOMA ESCAMOCELULAR, SOE;80703;COLO DO UTERO, SOE;C539;;;;;false;HISTOLOGIA DO TUMOR PRIMÁRIO;SEM INFORMAÇÃO;;;;;;;;23/03/2017;;
1694235;RCBP RORAIMA;FEMININO;20/04/1956;61;BRANCO;BRASIL;Não informado;Não Informado;SEM INFORMAÇÃO;SEM INFORMAÇÃO;0;SEM INFORMAÇÃO	;RORAIMA;BOA VISTA;PELE DO MEMBRO SUPERIOR E DO OMBRO;C446;CARCINOMA BASOCELULAR, SOE;80903;PELE DO MEMBRO SUPERIOR E DO OMBRO;C446;;;;;false;HISTOLOGIA DO TUMOR PRIMÁRIO;LOCALIZADO;;;;;;;;02/12/2017;;
1694236;RCBP RORAIMA;FEMININO;09/04/1943;74;PARDA;BRASIL;CEARÁ;;FUNDAMENTAL I (1ª A 4ª SÉRIE);VIÚVO;611;PRODUTORES AGROPECUÁRIOS EM GERAL 	;RORAIMA;BOA VISTA;CORPO DO UTERO, SOE;C549;CARCINOMA ENDOMETRIOIDE, SOE;83803;CORPO DO UTERO, SOE;C549;;;;;false;HISTOLOGIA DO TUMOR PRIMÁRIO;SEM INFORMAÇÃO;;;;;;;;25/07/2017;;
1694238;RCBP RORAIMA;FEMININO;13/06/1929;87;PARDA;BRASIL;Não informado;;SEM ESCOLARIDADE;CASADO;622;TRABALHADORES AGRÍCOLAS   	;RORAIMA;BOA VISTA;PULMAO, SOE;C349;NEOPLASIA MALIGNA;80003;BRONQUIOS OU PULMOES, SOE;C349;;;;;false;HISTOLOGIA DO TUMOR PRIMÁRIO;LOCALIZADO;SEM INFORMAÇÃO;99 - SEM INFORMAÇÃO;999;MORTO;CÂNCER;31/01/2017;31/01/2017;03/01/2017;;
1694239;RCBP RORAIMA;FEMININO;06/03/1971;46;PARDA;BRASIL;CEARÁ;;SUPERIOR COMPLETO;CASADO;239;OUTROS PROFISSIONAIS DO ENSINO NÃO CLASSIFICADOS ANTERIORMENTE	;RORAIMA;BOA VISTA;MAMA , SOE;C509;CARCINOMA LOBULAR, SOE;85203;MAMA , SOE;C509;;;;;false;HISTOLOGIA DO TUMOR PRIMÁRIO;METÁSTASE;;;;;;;;12/05/2017;;
1694240;RCBP RORAIMA;FEMININO;05/03/1953;64;BRANCO;BRASIL;Não informado;Não Informado;FUNDAMENTAL I (1ª A 4ª SÉRIE);CASADO;;;RORAIMA;BOA VISTA;PELE DE OUTRAS PARTES DA FACE;C443;CARCINOMA BASOCELULAR, SOE;80903;PELE DE OUTRAS PARTES DA FACE;C443;;;;;false;HISTOLOGIA DO TUMOR PRIMÁRIO;LOCALIZADO;;;;;;;;26/06/2017;;
1694243;RCBP RORAIMA;MASCULINO;09/08/1989;28;PARDA;Não informado;Não informado;Não Informado;SUPERIOR COMPLETO;SOLTEIRO;516;TRABALHADORES NOS SERVIÇOS DE EMBELEZAMENTO E CUIDADOS PESSOAIS   	;RORAIMA;BOA VISTA;ANUS, SOE;C210;CARCINOMA ESCAMOCELULAR CERATINIZADO, SOE;80713;ANUS, SOE;C210;;;CARCINOMA DE CÓLON E RETO;8.6.1;false;HISTOLOGIA DO TUMOR PRIMÁRIO;SEM INFORMAÇÃO;;;;;;;;24/11/2017;;
1694244;RCBP RORAIMA;FEMININO;16/11/1942;74;PARDA;BRASIL;Não informado;;FUNDAMENTAL I (1ª A 4ª SÉRIE);VIÚVO;0;SEM INFORMAÇÃO	;RORAIMA;MUCAJAÍ;MENINGES CEREBRAIS;C700;NEOPLASIA MALIGNA;80003;MENINGES CEREBRAIS;C700;;;;;false;HISTOLOGIA DO TUMOR PRIMÁRIO;SEM INFORMAÇÃO;SEM INFORMAÇÃO;99 - SEM INFORMAÇÃO;999;MORTO;CÂNCER;13/07/2017;13/07/2017;22/01/2017;;
1694246;RCBP RORAIMA;FEMININO;08/04/1943;73;PARDA;BRASIL;Não informado;;SEM INFORMAÇÃO;UNIÃO CONSENSUAL;0;SEM INFORMAÇÃO	;RORAIMA;MUCAJAÍ;PANCREAS, SOE;C259;NEOPLASIA MALIGNA;80003;PANCREAS, SOE;C259;;;;;false;HISTOLOGIA DO TUMOR PRIMÁRIO;SEM INFORMAÇÃO;SEM INFORMAÇÃO;99 - SEM INFORMAÇÃO;999;MORTO;CÂNCER;23/09/2017;23/09/2017;01/03/2017;;
1694248;RCBP RORAIMA;FEMININO;02/11/1941;75;PARDA;BRASIL;Não informado;;SEM ESCOLARIDADE;VIÚVO;0;SEM INFORMAÇÃO	;RORAIMA;MUCAJAÍ;CABECA DO PANCREAS;C250;NEOPLASIA MALIGNA;80003;CABECA DO PANCREAS;C250;;;;;false;HISTOLOGIA DO TUMOR PRIMÁRIO;SEM INFORMAÇÃO;SEM INFORMAÇÃO;99 - SEM INFORMAÇÃO;999;MORTO;CÂNCER;25/02/2017;25/02/2017;22/01/2017;;
1694249;RCBP RORAIMA;FEMININO;15/02/1934;83;BRANCO;BRASIL;MARANHÃO;;FUNDAMENTAL I (1ª A 4ª SÉRIE);VIÚVO;612;PRODUTORES AGRÍCOLAS 	;RORAIMA;CARACARAÍ;OROFARINGE, SOE;C109;CARCINOMA ESCAMOCELULAR, SOE;80703;OROFARINGE, SOE;C109;;;;;false;HISTOLOGIA DO TUMOR PRIMÁRIO;SEM INFORMAÇÃO;;;;;;;;22/08/2017;;
1694250;RCBP RORAIMA;FEMININO;27/05/1952;64;PARDA;BRASIL;Não informado;;SEM ESCOLARIDADE;SOLTEIRO;0;SEM INFORMAÇÃO	;RORAIMA;BOA VISTA;MAMA , SOE;C509;NEOPLASIA MALIGNA;80003;MAMA , SOE;C509;;;;;false;HISTOLOGIA DO TUMOR PRIMÁRIO;SEM INFORMAÇÃO;SEM INFORMAÇÃO;99 - SEM INFORMAÇÃO;999;MORTO;CÂNCER;02/06/2017;02/06/2017;15/03/2017;;
1694252;RCBP RORAIMA;FEMININO;13/06/1934;82;PARDA;BRASIL;Não informado;;SEM ESCOLARIDADE;VIÚVO;763;TRABALHADORES DA CONFECÇÃO DE ROUPAS 	;RORAIMA;BOA VISTA;RETO, SOE;C209;NEOPLASIA MALIGNA;80003;RETO;C20;;;;;false;HISTOLOGIA DO TUMOR PRIMÁRIO;SEM INFORMAÇÃO;SEM INFORMAÇÃO;99 - SEM INFORMAÇÃO;999;MORTO;CÂNCER;25/07/2017;25/07/2017;03/04/2017;;
1694254;RCBP RORAIMA;MASCULINO;12/07/1957;60;PARDA;BRASIL;RORAIMA;;FUNDAMENTAL I (1ª A 4ª SÉRIE);UNIÃO CONSENSUAL;631;PESCADORES E CAÇADORES	;RORAIMA;BOA VISTA;PROSTATA, SOE;C619;ADENOCARCINOMA, SOE;81403;PROSTATA;C61;;;;;false;HISTOLOGIA DO TUMOR PRIMÁRIO;SEM INFORMAÇÃO;;;;;;;;17/08/2017;;
1694259;RCBP RORAIMA;FEMININO;25/02/1964;53;PARDA;BRASIL;Não informado;Não Informado;SUPERIOR COMPLETO;SEM INFORMAÇÃO;214;ENGENHEIROS, ARQUITETOS E AFINS   	;RORAIMA;BOA VISTA;PELE DO MEMBRO INFERIOR E DO QUADRIL;C447;CARCINOMA BASOCELULAR, SOE;80903;PELE DO MEMBRO INFERIOR E DO QUADRIL;C447;;;;;false;HISTOLOGIA DO TUMOR PRIMÁRIO;SEM INFORMAÇÃO;;;;;;;;10/10/2017;;
1694260;RCBP RORAIMA;MASCULINO;17/08/1977;39;PARDA;BRASIL;MARANHÃO;VITORINO FREIRE;FUNDAMENTAL I (1ª A 4ª SÉRIE);CASADO;611;PRODUTORES AGROPECUÁRIOS EM GERAL 	;RORAIMA;BOA VISTA;ENCEFALO, SOE;C719;GLIOBLASTOMA, SOE;94403;ENCEFALO, SOE;C719;;;;;false;HISTOLOGIA DO TUMOR PRIMÁRIO;SEM INFORMAÇÃO;;;;;CÂNCER;25/03/2019;;10/02/2017;;
1694263;RCBP RORAIMA;MASCULINO;04/08/1948;69;PARDA;BRASIL;PERNAMBUCO;;MÉDIO (ANTIGO SEGUNDO GRAU);SEPARADO JUDICIALMENTE;862;OPERADORES DE UTILIDADES  	;RORAIMA;BOA VISTA;VESICULA BILIAR, SOE;C239;ADENOCARCINOMA, SOE;81403;VESICULA BILIAR;C23;;;;;false;HISTOLOGIA DO TUMOR PRIMÁRIO;SEM INFORMAÇÃO;;;;;;;;25/11/2017;;
1694267;RCBP RORAIMA;MASCULINO;09/07/1951;65;PARDA;BRASIL;Não informado;;FUNDAMENTAL II (5ª A 8ª SÉRIE);SOLTEIRO;622;TRABALHADORES AGRÍCOLAS   	;RORAIMA;CARACARAÍ;BEXIGA, SOE;C679;NEOPLASIA MALIGNA;80003;BEXIGA, SOE;C679;;;;;false;HISTOLOGIA DO TUMOR PRIMÁRIO;SEM INFORMAÇÃO;SEM INFORMAÇÃO;99 - SEM INFORMAÇÃO;999;MORTO;CÂNCER;03/08/2017;03/08/2017;02/02/2017;;
1694271;RCBP RORAIMA;MASCULINO;31/01/1958;59;SEM INFORMAÇÃO;BRASIL;Não informado;;SEM INFORMAÇÃO;SEM INFORMAÇÃO;622;TRABALHADORES AGRÍCOLAS   	;RORAIMA;BOA VISTA;TIREOIDE, SOE;C739;NEOPLASIA MALIGNA;80003;GLANDULA TIREOIDE;C73;;;;;false;HISTOLOGIA DO TUMOR PRIMÁRIO;METÁSTASE;SEM INFORMAÇÃO;99 - SEM INFORMAÇÃO;999;MORTO;CÂNCER;31/10/2017;31/10/2017;15/02/2017;;
1694272;RCBP RORAIMA;MASCULINO;13/06/1935;81;PARDA;BRASIL;Não informado;;SEM ESCOLARIDADE;VIÚVO;0;SEM INFORMAÇÃO	;RORAIMA;BOA VISTA;PENIS, SOE;C609;NEOPLASIA MALIGNA;80003;PENIS, SOE;C609;;;;;false;HISTOLOGIA DO TUMOR PRIMÁRIO;SEM INFORMAÇÃO;SEM INFORMAÇÃO;99 - SEM INFORMAÇÃO;999;MORTO;CÂNCER;20/06/2017;20/06/2017;01/02/2017;;
1694279;RCBP RORAIMA;MASCULINO;21/04/1973;44;PRETA;BRASIL;MARANHÃO;;FUNDAMENTAL II (5ª A 8ª SÉRIE);SOLTEIRO;516;TRABALHADORES NOS SERVIÇOS DE EMBELEZAMENTO E CUIDADOS PESSOAIS   	;RORAIMA;RORAINÓPOLIS;COLON, SOE;C189;SARCOMA ESTROMAL GASTROINTESTINAL;89363;COLON, SOE;C189;;;;;false;HISTOLOGIA DO TUMOR PRIMÁRIO;SEM INFORMAÇÃO;;;;;;;;18/05/2017;;
1694280;RCBP RORAIMA;MASCULINO;10/11/1939;77;PARDA;BRASIL;MARANHÃO;LAGO DO JUNCO;FUNDAMENTAL I (1ª A 4ª SÉRIE);CASADO;611;PRODUTORES AGROPECUÁRIOS EM GERAL 	;RORAIMA;RORAINÓPOLIS;PULMAO, SOE;C349;NEOPLASIA MALIGNA;80003;BRONQUIOS OU PULMOES, SOE;C349;;;;;false;PESQUISA;SEM INFORMAÇÃO;;;;;CÂNCER;04/01/2018;;03/02/2017;C76;
1694281;RCBP RORAIMA;MASCULINO;16/10/1944;72;PARDA;BRASIL;PARÁ;;FUNDAMENTAL I (1ª A 4ª SÉRIE);CASADO;0;SEM INFORMAÇÃO	;RORAIMA;BOA VISTA;TRATO INTESTINAL, SOE;C260;ADENOCARCINOMA, SOE;81403;TRATO INTESTINAL, SOE;C260;;;;;false;HISTOLOGIA DO TUMOR PRIMÁRIO;SEM INFORMAÇÃO;;;;;;;;09/02/2017;;
1694283;RCBP RORAIMA;MASCULINO;07/03/1937;80;PARDA;BRASIL;RORAIMA;BOA VISTA;SEM ESCOLARIDADE;SOLTEIRO;0;SEM INFORMAÇÃO	;RORAIMA;BOA VISTA;PELE DE OUTRAS PARTES DA FACE;C443;CARCINOMA BASOCELULAR, SOE;80903;PELE DE OUTRAS PARTES DA FACE;C443;;;;;false;HISTOLOGIA DO TUMOR PRIMÁRIO;SEM INFORMAÇÃO;;;;;;;;19/12/2017;;
1694286;RCBP RORAIMA;FEMININO;28/08/1981;36;PARDA;BRASIL;AMAZONAS;;SUPERIOR COMPLETO;UNIÃO CONSENSUAL;239;OUTROS PROFISSIONAIS DO ENSINO NÃO CLASSIFICADOS ANTERIORMENTE	;RORAIMA;CARACARAÍ;MAMA , SOE;C509;CARCINOMA LOBULAR, SOE;85203;MAMA , SOE;C509;;;;;false;HISTOLOGIA DO TUMOR PRIMÁRIO;METÁSTASE;;;;;;;;08/09/2017;;
1694287;RCBP RORAIMA;MASCULINO;11/06/1934;82;PARDA;BRASIL;Não informado;;FUNDAMENTAL I (1ª A 4ª SÉRIE);VIÚVO;711;TRABALHADORES DA EXTRAÇÃO MINERAL 	;RORAIMA;CARACARAÍ;APENDICE CECAL (VERMIFORME);C181;NEOPLASIA MALIGNA;80003;APENDICE (VERMIFORME);C181;;;;;false;HISTOLOGIA DA METÁSTASE;METÁSTASE;SEM INFORMAÇÃO;99 - SEM INFORMAÇÃO;999;MORTO;CÂNCER;30/11/2017;30/11/2017;01/03/2017;;
1694289;RCBP RORAIMA;MASCULINO;04/02/1969;48;INDÍGENA;BRASIL;RORAIMA;;MÉDIO (ANTIGO SEGUNDO GRAU);SOLTEIRO;622;TRABALHADORES AGRÍCOLAS   	;RORAIMA;BONFIM;ESTOMAGO, SOE;C169;NEOPLASIA MALIGNA;80003;ESTOMAGO, SOE;C169;;;;;false;HISTOLOGIA DO TUMOR PRIMÁRIO;SEM INFORMAÇÃO;SEM INFORMAÇÃO;99 - SEM INFORMAÇÃO;999;MORTO;CÂNCER;30/06/2017;30/06/2017;08/03/2017;;
1694296;RCBP RORAIMA;FEMININO;07/03/1961;56;INDÍGENA;BRASIL;RORAIMA;;SEM INFORMAÇÃO;SOLTEIRO;0;SEM INFORMAÇÃO	;RORAIMA;BOA VISTA;PILORO;C164;NEOPLASIA MALIGNA;80003;PILORO;C164;;;;;false;HISTOLOGIA DO TUMOR PRIMÁRIO;SEM INFORMAÇÃO;;;;;SEM INFORMAÇÃO;16/03/2018;;05/04/2017;;
1694297;RCBP RORAIMA;FEMININO;09/11/1972;44;PARDA;BRASIL;Não informado;Não Informado;SEM INFORMAÇÃO;SEM INFORMAÇÃO;;;RORAIMA;BOA VISTA;COLO DO UTERO, SOE;C539;NEOPLASIA INTRA-EPITELIAL ESCAMOSA,GRAU IIII;80772;COLO DO UTERO, SOE;D069;;;;;false;CITOLOGIA;"IN SITU";;;;;;;;20/09/2017;;
1469890;RCBP RORAIMA;FEMININO;29/11/1968;48;PARDA;BRASIL;Não informado;Não Informado;MÉDIO (ANTIGO SEGUNDO GRAU);SEM INFORMAÇÃO;0;SEM INFORMAÇÃO	;RORAIMA;BOA VISTA;COLO DO UTERO, SOE;C539;NEOPLASIA INTRA-EPITELIAL ESCAMOSA,GRAU IIII;80772;COLO DO UTERO, SOE;D069;;;;;false;CITOLOGIA;"IN SITU";;;;;;;;03/02/2017;;
1469894;RCBP RORAIMA;FEMININO;16/08/1989;27;PARDA;BRASIL;PARÁ;;MÉDIO (ANTIGO SEGUNDO GRAU);SOLTEIRO;0;SEM INFORMAÇÃO	;RORAIMA;BOA VISTA;RETO, SOE;C209;ADENOCARCINOMA, SOE;81403;RETO;C20;;;CARCINOMA DE CÓLON E RETO;8.6.1;false;HISTOLOGIA DO TUMOR PRIMÁRIO;SEM INFORMAÇÃO;;;;;;;;26/05/2017;;
1069272;RCBP RORAIMA;MASCULINO;25/08/1955;62;BRANCO;BRASIL;RIO GRANDE DO SUL;;MÉDIO (ANTIGO SEGUNDO GRAU);SEM INFORMAÇÃO;914;MECÂNICOS DE MANUTENÇÃO VEICULAR  	;RORAIMA;BOA VISTA;PELE DO MEMBRO INFERIOR E DO QUADRIL;C447;CARCINOMA BASOCELULAR, SOE;80903;PELE DO MEMBRO INFERIOR E DO QUADRIL;C447;;;;;false;HISTOLOGIA DO TUMOR PRIMÁRIO;SEM INFORMAÇÃO;;;;;;;;23/11/2017;;
