Código do Paciente;Nome do RCBP;Sexo;Data de Nascimento;Idade;Raca/Cor;Nacionalidade;Naturalidade Estado;Naturalidade;Grau de Instrução;Estado Civil;Código Profissão;Nome Profissão;Estado Endereço;Cidade Endereço;Descrição da Topografia;Código da Topografia;Descrição da Morfologia;Código da Morfologia;Descrição da Doenca;Código da Doenca;Descrição da Doenca Infantil;Código da Doenca Infantil;Descrição da Doenca Adulto Jovem;Código da Doenca Adulto Jovem;Indicador de Caso Raro;Meio de Diagnostico;Extensão;Lateralidade;Estadiamento;TNM;Status Vital;Tipo do Obito;Data do Óbito;Data de Último Contato;Data de Diagnostico;Metástase à distância;
1666894;RCBP ANGRA DOS REIS;FEMININO;17/03/1962;51;PARDA;BRASIL;RIO DE JANEIRO;ANGRA DOS REIS;FUNDAMENTAL I (1ª A 4ª SÉRIE);VIÚVO;514;TRABALHADORES NOS SERVIÇOS DE ADMINISTRAÇÃO, CONSERVAÇÃO E MANUTENÇÃO DE EDIFÍCIOS E LOGRADOUROS  	;RIO DE JANEIRO;ANGRA DOS REIS;COLO DO UTERO, SOE;C539;ADENOCARCINOMA "IN SITU", SOE;81402;COLO DO UTERO, SOE;D069;;;;;false;HISTOLOGIA DO TUMOR PRIMÁRIO;"IN SITU";;;;;;;;23/07/2013;;
1666894;RCBP ANGRA DOS REIS;FEMININO;17/03/1962;51;PARDA;BRASIL;RIO DE JANEIRO;ANGRA DOS REIS;FUNDAMENTAL I (1ª A 4ª SÉRIE);VIÚVO;514;TRABALHADORES NOS SERVIÇOS DE ADMINISTRAÇÃO, CONSERVAÇÃO E MANUTENÇÃO DE EDIFÍCIOS E LOGRADOUROS  	;RIO DE JANEIRO;ANGRA DOS REIS;ECTOCERVIX;C531;CARCINOMA ESCAMOCELULAR, SOE;80703;ECTOCERVIX;C531;;;;;false;HISTOLOGIA DO TUMOR PRIMÁRIO;SEM INFORMAÇÃO;;;;;;;;26/08/2013;;
1116129;RCBP ANGRA DOS REIS;FEMININO;30/03/1957;56;AMARELA;BRASIL;RIO DE JANEIRO;RIO DE JANEIRO;SUPERIOR COMPLETO;CASADO;0;SEM INFORMAÇÃO	;RIO DE JANEIRO;ANGRA DOS REIS;FIGADO, SOE;C220;HISTIOCITOMA FIBROSO MALIGNO;88303;FIGADO E VIAS BILIARES INTRA-HEPATICAS;C22;;;;;false;HISTOLOGIA DO TUMOR PRIMÁRIO;SEM INFORMAÇÃO;;;;;CÂNCER;24/12/2013;;17/04/2013;;
1140459;RCBP ANGRA DOS REIS;MASCULINO;13/02/1943;70;BRANCO;BRASIL;MINAS GERAIS;;MÉDIO (ANTIGO SEGUNDO GRAU);CASADO;516;TRABALHADORES NOS SERVIÇOS DE EMBELEZAMENTO E CUIDADOS PESSOAIS   	;RIO DE JANEIRO;ANGRA DOS REIS;AMPOLA DE VATER;C241;ADENOCARCINOMA, SOE;81403;AMPOLA DE VATER;C241;;;;;false;HISTOLOGIA DO TUMOR PRIMÁRIO;SEM INFORMAÇÃO;;;;;CÂNCER;06/10/2013;;13/08/2013;;
1140460;RCBP ANGRA DOS REIS;FEMININO;31/03/1939;73;BRANCO;BRASIL;RIO DE JANEIRO;ANGRA DOS REIS;FUNDAMENTAL I (1ª A 4ª SÉRIE);SOLTEIRO;0;SEM INFORMAÇÃO	;RIO DE JANEIRO;ANGRA DOS REIS;BRONQUIO PRINCIPAL;C340;CARCINOMA ESCAMOCELULAR, SOE;80703;BRONQUIO PRINCIPAL;C340;;;;;false;HISTOLOGIA DO TUMOR PRIMÁRIO;METÁSTASE;;;;;CÂNCER;09/07/2013;;18/01/2013;;
1228979;RCBP ANGRA DOS REIS;MASCULINO;15/01/1954;59;PARDA;BRASIL;RIO DE JANEIRO;ANGRA DOS REIS;FUNDAMENTAL I (1ª A 4ª SÉRIE);SEPARADO JUDICIALMENTE;711;TRABALHADORES DA EXTRAÇÃO MINERAL 	;RIO DE JANEIRO;ANGRA DOS REIS;ESTOMAGO, SOE;C169;ADENOCARCINOMA, SOE;81403;ESTOMAGO, SOE;C169;;;;;false;HISTOLOGIA DO TUMOR PRIMÁRIO;SEM INFORMAÇÃO;;;;;CÂNCER;30/05/2016;;15/04/2013;;
1140456;RCBP ANGRA DOS REIS;FEMININO;04/07/1953;60;PARDA;BRASIL;RIO DE JANEIRO;;FUNDAMENTAL I (1ª A 4ª SÉRIE);UNIÃO CONSENSUAL;513;TRABALHADORES DOS SERVIÇOS DE HOTELARIA E ALIMENTAÇÃO 	;RIO DE JANEIRO;ANGRA DOS REIS;ENDOMETRIO;C541;CARCINOMA ENDOMETRIOIDE, SOE;83803;ENDOMETRIO;C541;;;;;false;HISTOLOGIA DO TUMOR PRIMÁRIO;LOCALIZADO;;;;;;;;23/07/2013;;
1141673;RCBP ANGRA DOS REIS;FEMININO;03/07/1954;58;BRANCO;BRASIL;RIO DE JANEIRO;ANGRA DOS REIS;SEM INFORMAÇÃO;SEM INFORMAÇÃO;0;SEM INFORMAÇÃO	;RIO DE JANEIRO;ANGRA DOS REIS;MAMA , SOE;C509;CARCINOMA, SOE;80103;MAMA , SOE;C509;;;;;false;HISTOLOGIA DO TUMOR PRIMÁRIO;SEM INFORMAÇÃO;;;;;;;;15/06/2013;;
1142041;RCBP ANGRA DOS REIS;FEMININO;14/01/1936;77;PRETA;BRASIL;MINAS GERAIS;PALMA;SEM INFORMAÇÃO;VIÚVO;621;TRABALHADORES NA EXPLORAÇÃO AGROPECUÁRIA EM GERAL	;RIO DE JANEIRO;ANGRA DOS REIS;ENDOMETRIO;C541;TUMOR MISTO MULLERIANO;89503;ENDOMETRIO;C541;;;;;false;HISTOLOGIA DO TUMOR PRIMÁRIO;SEM INFORMAÇÃO;;;;;CÂNCER;23/03/2014;;24/06/2013;;
1141462;RCBP ANGRA DOS REIS;MASCULINO;13/09/1921;91;BRANCO;BRASIL;RIO DE JANEIRO;RIO DE JANEIRO;SEM INFORMAÇÃO;CASADO;;;RIO DE JANEIRO;ANGRA DOS REIS;PELE DO MEMBRO SUPERIOR E DO OMBRO;C446;CARCINOMA BASOCELULAR, SOE;80903;PELE DO MEMBRO SUPERIOR E DO OMBRO;C446;;;;;false;HISTOLOGIA DO TUMOR PRIMÁRIO;LOCALIZADO;;;;;CÂNCER;23/02/2014;;18/07/2013;;
1141911;RCBP ANGRA DOS REIS;MASCULINO;06/11/1939;73;BRANCO;ESPANHA;Não informado;Não Informado;SEM INFORMAÇÃO;CASADO;711;TRABALHADORES DA EXTRAÇÃO MINERAL 	;RIO DE JANEIRO;ANGRA DOS REIS;RETO, SOE;C209;ADENOCARCINOMA, SOE;81403;RETO;C20;;;;;false;HISTOLOGIA DO TUMOR PRIMÁRIO;SEM INFORMAÇÃO;;;;;CÂNCER;27/07/2014;;23/09/2013;;
1116131;RCBP ANGRA DOS REIS;FEMININO;27/09/1954;58;PRETA;BRASIL;SÃO PAULO;;SEM ESCOLARIDADE;VIÚVO;0;SEM INFORMAÇÃO	;RIO DE JANEIRO;ANGRA DOS REIS;CARTILAGEM LARINGEA;C323;NEOPLASIA MALIGNA;80003;CARTILAGENS DA LARINGE;C323;;;;;false;HISTOLOGIA DO TUMOR PRIMÁRIO;SEM INFORMAÇÃO;;;;;CÂNCER;22/08/2013;;22/02/2013;;
1007463;RCBP ANGRA DOS REIS;FEMININO;07/03/1956;57;SEM INFORMAÇÃO;BRASIL;MINAS GERAIS;AIMORÉS;SEM INFORMAÇÃO;SEM INFORMAÇÃO;;;RIO DE JANEIRO;ANGRA DOS REIS;PELE DE OUTRAS PARTES DA FACE;C443;CARCINOMA BASOCELULAR, SOE;80903;PELE DE OUTRAS PARTES DA FACE;C443;;;;;false;HISTOLOGIA DO TUMOR PRIMÁRIO;LOCALIZADO;;;;;;;;05/07/2013;;
1139107;RCBP ANGRA DOS REIS;FEMININO;15/12/1925;87;BRANCO;BRASIL;RIO DE JANEIRO;ANGRA DOS REIS;SEM INFORMAÇÃO;CASADO;0;SEM INFORMAÇÃO	;RIO DE JANEIRO;ANGRA DOS REIS;MAMA , SOE;C509;NEOPLASIA MALIGNA;80003;MAMA , SOE;C509;;;;;false;HISTOLOGIA DO TUMOR PRIMÁRIO;SEM INFORMAÇÃO;SEM INFORMAÇÃO;99 - SEM INFORMAÇÃO;999;MORTO;CÂNCER;01/06/2013;01/06/2013;01/06/2013;;
1140470;RCBP ANGRA DOS REIS;MASCULINO;15/06/1928;84;BRANCO;BRASIL;RIO DE JANEIRO;;FUNDAMENTAL I (1ª A 4ª SÉRIE);CASADO;0;SEM INFORMAÇÃO	;RIO DE JANEIRO;ANGRA DOS REIS;BEXIGA, SOE;C679;NEOPLASIA MALIGNA;80003;BEXIGA, SOE;C679;;;;;false;SDO;SEM INFORMAÇÃO;SEM INFORMAÇÃO;99 - SEM INFORMAÇÃO;999;MORTO;CÂNCER;11/01/2013;11/01/2013;11/01/2013;;
1140456;RCBP ANGRA DOS REIS;FEMININO;04/07/1953;60;PARDA;BRASIL;RIO DE JANEIRO;;FUNDAMENTAL I (1ª A 4ª SÉRIE);UNIÃO CONSENSUAL;513;TRABALHADORES DOS SERVIÇOS DE HOTELARIA E ALIMENTAÇÃO 	;RIO DE JANEIRO;ANGRA DOS REIS;ECTOCERVIX;C531;CARCINOMA ESCAMOCELULAR, SOE;80703;ECTOCERVIX;C531;;;;;false;HISTOLOGIA DO TUMOR PRIMÁRIO;SEM INFORMAÇÃO;;;;;;;;23/07/2013;;
1140457;RCBP ANGRA DOS REIS;MASCULINO;28/02/1942;70;BRANCO;BRASIL;RIO DE JANEIRO;RIO CLARO;FUNDAMENTAL II (5ª A 8ª SÉRIE);CASADO;848;TRABALHADORES ARTESANAIS NA  AGROINDÚSTRIA, NA INDÚSTRIA DE ALIMENTOS E DO FUMO   	;RIO DE JANEIRO;ANGRA DOS REIS;VIA BILIAR, SOE;C249;NEOPLASIA MALIGNA;80003;VIA BILIAR, SOE;C249;;;;;false;PESQUISA;SEM INFORMAÇÃO;;;;;CÂNCER;17/03/2013;;15/01/2013;;
1140458;RCBP ANGRA DOS REIS;FEMININO;09/03/1981;32;PRETA;BRASIL;BAHIA;PAU BRASIL;SEM INFORMAÇÃO;CASADO;0;SEM INFORMAÇÃO	;RIO DE JANEIRO;ANGRA DOS REIS;COLO DO UTERO, SOE;C539;NEOPLASIA INTRA-EPITELIAL ESCAMOSA,GRAU IIII;80772;COLO DO UTERO, SOE;D069;;;;;false;HISTOLOGIA DO TUMOR PRIMÁRIO;"IN SITU";;;;;;;;15/04/2013;;
1140461;RCBP ANGRA DOS REIS;FEMININO;25/07/1940;72;BRANCO;BRASIL;RIO DE JANEIRO;;FUNDAMENTAL I (1ª A 4ª SÉRIE);UNIÃO CONSENSUAL;514;TRABALHADORES NOS SERVIÇOS DE ADMINISTRAÇÃO, CONSERVAÇÃO E MANUTENÇÃO DE EDIFÍCIOS E LOGRADOUROS  	;RIO DE JANEIRO;ANGRA DOS REIS;OVARIO, SOE;C569;ADENOCARCINOMA, SOE;81403;OVARIO;C56;;;;;false;CITOLOGIA;SEM INFORMAÇÃO;;;;;CÂNCER;13/07/2013;;08/07/2013;;
1140462;RCBP ANGRA DOS REIS;MASCULINO;31/08/1953;59;BRANCO;BRASIL;MINAS GERAIS;;FUNDAMENTAL II (5ª A 8ª SÉRIE);CASADO;;;RIO DE JANEIRO;ANGRA DOS REIS;PROSTATA, SOE;C619;ADENOCARCINOMA, SOE;81403;PROSTATA;C61;;;;;false;HISTOLOGIA DO TUMOR PRIMÁRIO;LOCALIZADO;;;;;;;;15/06/2013;;
1140463;RCBP ANGRA DOS REIS;FEMININO;15/10/1974;38;BRANCO;BRASIL;RIO DE JANEIRO;ANGRA DOS REIS;FUNDAMENTAL I (1ª A 4ª SÉRIE);CASADO;0;SEM INFORMAÇÃO	;RIO DE JANEIRO;ANGRA DOS REIS;COLO DO UTERO, SOE;C539;CARCINOMA ESCAMOCELULAR, SOE;80703;COLO DO UTERO, SOE;C539;;;;;false;HISTOLOGIA DO TUMOR PRIMÁRIO;SEM INFORMAÇÃO;;;;;CÂNCER;21/04/2015;;31/05/2013;;
1140464;RCBP ANGRA DOS REIS;MASCULINO;08/08/1965;48;BRANCO;BRASIL;RIO DE JANEIRO;;FUNDAMENTAL II (5ª A 8ª SÉRIE);UNIÃO CONSENSUAL;;;RIO DE JANEIRO;ANGRA DOS REIS;PALATO MOLE, SOE;C051;CARCINOMA ESCAMOCELULAR, SOE;80703;PALATO MOLE;C051;;;;;false;HISTOLOGIA DO TUMOR PRIMÁRIO;METÁSTASE;;;;;;;;30/10/2013;;
1140465;RCBP ANGRA DOS REIS;FEMININO;05/10/1972;40;BRANCO;BRASIL;RIO DE JANEIRO;;FUNDAMENTAL I (1ª A 4ª SÉRIE);CASADO;514;TRABALHADORES NOS SERVIÇOS DE ADMINISTRAÇÃO, CONSERVAÇÃO E MANUTENÇÃO DE EDIFÍCIOS E LOGRADOUROS  	;RIO DE JANEIRO;ANGRA DOS REIS;LOBO PARIETAL;C713;GLIOBLASTOMA, SOE;94403;LOBO PARIETAL;C713;;;;;false;HISTOLOGIA DO TUMOR PRIMÁRIO;SEM INFORMAÇÃO;;;;;CÂNCER;20/02/2014;;14/03/2013;;
1140466;RCBP ANGRA DOS REIS;FEMININO;03/05/1958;54;PRETA;BRASIL;RIO DE JANEIRO;ANGRA DOS REIS;FUNDAMENTAL II (5ª A 8ª SÉRIE);CASADO;513;TRABALHADORES DOS SERVIÇOS DE HOTELARIA E ALIMENTAÇÃO 	;RIO DE JANEIRO;ANGRA DOS REIS;NASOFARINGE, SOE;C119;CARCINOMA, SOE;80103;NASOFARINGE, SOE;C119;;;;;false;HISTOLOGIA DO TUMOR PRIMÁRIO;SEM INFORMAÇÃO;;;;;CÂNCER;12/04/2014;;25/01/2013;;
1140467;RCBP ANGRA DOS REIS;FEMININO;07/04/1948;65;BRANCO;BRASIL;RIO DE JANEIRO;ANGRA DOS REIS;MÉDIO (ANTIGO SEGUNDO GRAU);SOLTEIRO;376;ARTISTAS DE ARTES POPULARES E MODELOS	;RIO DE JANEIRO;ANGRA DOS REIS;MEDULA OSSEA;C421;LINFOMA DE CELULAS DA ZONA DO MANTO;96733;OUTROS TIPOS DE LINFOMA NAO-HODKIN DIFUSO;C838;;;;;false;HISTOLOGIA DO TUMOR PRIMÁRIO;NÃO SE APLICA;;;;;CÂNCER;04/08/2013;;03/07/2013;;
1140468;RCBP ANGRA DOS REIS;MASCULINO;10/05/1934;79;PRETA;BRASIL;RIO DE JANEIRO;ANGRA DOS REIS;FUNDAMENTAL I (1ª A 4ª SÉRIE);VIÚVO;711;TRABALHADORES DA EXTRAÇÃO MINERAL 	;RIO DE JANEIRO;ANGRA DOS REIS;PROSTATA, SOE;C619;ADENOCARCINOMA, SOE;81403;PROSTATA;C61;;;;;false;HISTOLOGIA DO TUMOR PRIMÁRIO;SEM INFORMAÇÃO;SEM INFORMAÇÃO;99 - SEM INFORMAÇÃO;999;MORTO;NÃO CÂNCER;15/12/2013;15/12/2013;15/06/2013;;
1141463;RCBP ANGRA DOS REIS;MASCULINO;29/05/1939;73;PARDA;BRASIL;RIO DE JANEIRO;ANGRA DOS REIS;SEM INFORMAÇÃO;SEM INFORMAÇÃO;722;TRABALHADORES DE CONFORMAÇÃO DE METAIS E DE COMPÓSITOS	;RIO DE JANEIRO;ANGRA DOS REIS;PROSTATA, SOE;C619;ADENOCARCINOMA, SOE;81403;PROSTATA;C61;;;;;false;HISTOLOGIA DO TUMOR PRIMÁRIO;SEM INFORMAÇÃO;SEM INFORMAÇÃO;99 - SEM INFORMAÇÃO;999;MORTO;NÃO CÂNCER;04/04/2014;04/04/2014;15/03/2013;;
1141464;RCBP ANGRA DOS REIS;FEMININO;23/09/1972;41;SEM INFORMAÇÃO;BRASIL;RIO DE JANEIRO;RIO CLARO;SEM INFORMAÇÃO;SEM INFORMAÇÃO;0;SEM INFORMAÇÃO	;RIO DE JANEIRO;ANGRA DOS REIS;COLO DO UTERO, SOE;C539;NEOPLASIA INTRA-EPITELIAL ESCAMOSA,GRAU IIII;80772;COLO DO UTERO, SOE;D069;;;;;false;HISTOLOGIA DO TUMOR PRIMÁRIO;"IN SITU";;;;;;;;15/12/2013;;
1141511;RCBP ANGRA DOS REIS;FEMININO;05/04/1965;48;PRETA;BRASIL;RIO DE JANEIRO;RIO DE JANEIRO;FUNDAMENTAL II (5ª A 8ª SÉRIE);CASADO;0;SEM INFORMAÇÃO	;RIO DE JANEIRO;ANGRA DOS REIS;COLO DO UTERO, SOE;C539;ADENOCARCINOMA "IN SITU", SOE;81402;COLO DO UTERO, SOE;D069;;;;;false;HISTOLOGIA DO TUMOR PRIMÁRIO;"IN SITU";;;;;;;;08/06/2013;;
1141670;RCBP ANGRA DOS REIS;FEMININO;01/09/1975;37;PRETA;BRASIL;RIO DE JANEIRO;ANGRA DOS REIS;FUNDAMENTAL I (1ª A 4ª SÉRIE);SOLTEIRO;0;SEM INFORMAÇÃO	;RIO DE JANEIRO;ANGRA DOS REIS;LINGUA, SOE;C029;NEOPLASIA MALIGNA;80003;LINGUA, SOE;C029;;;;;false;HISTOLOGIA DO TUMOR PRIMÁRIO;SEM INFORMAÇÃO;SEM INFORMAÇÃO;99 - SEM INFORMAÇÃO;999;MORTO;CÂNCER;25/07/2013;25/07/2013;18/02/2013;;
1141671;RCBP ANGRA DOS REIS;MASCULINO;13/12/1956;56;PARDA;BRASIL;RIO DE JANEIRO;;FUNDAMENTAL I (1ª A 4ª SÉRIE);SOLTEIRO;842;OPERADORES NA PREPARAÇÃO DE FUMO E NA FABRICAÇÃO DE CHARUTOS E CIGARROS   	;RIO DE JANEIRO;ANGRA DOS REIS;MANDIBULA;C411;TUMOR ODONTOGENICO MALIGNO;92703;MANDIBULA;C411;;;;;false;HISTOLOGIA DO TUMOR PRIMÁRIO;SEM INFORMAÇÃO;SEM INFORMAÇÃO;99 - SEM INFORMAÇÃO;999;MORTO;CÂNCER;02/11/2013;02/11/2013;14/03/2013;;
1141664;RCBP ANGRA DOS REIS;MASCULINO;11/07/1931;81;PARDA;BRASIL;RIO DE JANEIRO;VARRE-SAI;FUNDAMENTAL II (5ª A 8ª SÉRIE);VIÚVO;0;SEM INFORMAÇÃO	;RIO DE JANEIRO;ANGRA DOS REIS;PELE DE OUTRAS PARTES DA FACE;C443;CARCINOMA BASAL ADENOIDE;80983;PELE DE OUTRAS PARTES DA FACE;C443;;;;;false;HISTOLOGIA DO TUMOR PRIMÁRIO;SEM INFORMAÇÃO;;;;;;;;15/06/2013;;
1141666;RCBP ANGRA DOS REIS;MASCULINO;13/09/1950;62;BRANCO;BRASIL;RIO DE JANEIRO;VOLTA REDONDA;FUNDAMENTAL I (1ª A 4ª SÉRIE);CASADO;914;MECÂNICOS DE MANUTENÇÃO VEICULAR  	;RIO DE JANEIRO;ANGRA DOS REIS;FARINGE, SOE;C140;NEOPLASIA MALIGNA;80003;FARINGE, SOE;C140;;;;;false;HISTOLOGIA DO TUMOR PRIMÁRIO;METÁSTASE;SEM INFORMAÇÃO;99 - SEM INFORMAÇÃO;999;MORTO;CÂNCER;02/12/2013;02/12/2013;15/06/2013;;
1141667;RCBP ANGRA DOS REIS;MASCULINO;19/10/1961;51;PARDA;BRASIL;RIO DE JANEIRO;BARRA MANSA;SEM INFORMAÇÃO;CASADO;514;TRABALHADORES NOS SERVIÇOS DE ADMINISTRAÇÃO, CONSERVAÇÃO E MANUTENÇÃO DE EDIFÍCIOS E LOGRADOUROS  	;RIO DE JANEIRO;ANGRA DOS REIS;ASSOALHO DA BOCA, SOE;C049;CARCINOMA ESCAMOCELULAR, SOE;80703;ASSOALHO DA BOCA, SOE;C049;;;;;false;HISTOLOGIA DO TUMOR PRIMÁRIO;SEM INFORMAÇÃO;;;;;CÂNCER;20/06/2014;;03/09/2013;;
1141668;RCBP ANGRA DOS REIS;MASCULINO;14/04/1981;32;PARDA;BRASIL;RIO DE JANEIRO;ANGRA DOS REIS;SEM INFORMAÇÃO;UNIÃO CONSENSUAL;511;TRABALHADORES DOS SERVIÇOS DE TRANSPORTE E TURISMO	;RIO DE JANEIRO;ANGRA DOS REIS;GENGIVA SUPERIOR;C030;CARCINOMA ESCAMOCELULAR, SOE;80703;GENGIVA SUPERIOR;C030;;;;;false;HISTOLOGIA DO TUMOR PRIMÁRIO;LOCALIZADO;;;;;SEM INFORMAÇÃO;05/12/2014;;16/04/2013;;
1141669;RCBP ANGRA DOS REIS;FEMININO;11/04/1954;59;PRETA;BRASIL;RIO DE JANEIRO;NOVA IGUAÇU;SEM INFORMAÇÃO;SEM INFORMAÇÃO;0;SEM INFORMAÇÃO	;RIO DE JANEIRO;ANGRA DOS REIS;ASSOALHO DA BOCA, SOE;C049;CARCINOMA ESCAMOCELULAR, SOE;80703;ASSOALHO DA BOCA, SOE;C049;;;;;false;HISTOLOGIA DO TUMOR PRIMÁRIO;SEM INFORMAÇÃO;;;;;;;;24/09/2013;;
1141683;RCBP ANGRA DOS REIS;FEMININO;10/09/1962;50;BRANCO;BRASIL;RIO DE JANEIRO;BARRA DO PIRAÍ;SEM INFORMAÇÃO;CASADO;0;SEM INFORMAÇÃO	;RIO DE JANEIRO;ANGRA DOS REIS;MAMA , SOE;C509;CARCINOMA DUCTAL INFILTRANTE;85003;MAMA , SOE;C509;;;;;false;HISTOLOGIA DO TUMOR PRIMÁRIO;SEM INFORMAÇÃO;;;;;;;;15/06/2013;;
1141684;RCBP ANGRA DOS REIS;FEMININO;04/01/1939;74;BRANCO;BRASIL;RIO DE JANEIRO;ANGRA DOS REIS;FUNDAMENTAL II (5ª A 8ª SÉRIE);CASADO;0;SEM INFORMAÇÃO	;RIO DE JANEIRO;ANGRA DOS REIS;MAMA , SOE;C509;CARCINOMA DUCTAL INFILTRANTE;85003;MAMA , SOE;C509;;;;;false;HISTOLOGIA DO TUMOR PRIMÁRIO;SEM INFORMAÇÃO;;;;;;;;15/06/2013;;
1141685;RCBP ANGRA DOS REIS;FEMININO;05/06/1953;60;SEM INFORMAÇÃO;BRASIL;RIO DE JANEIRO;ANGRA DOS REIS;SEM INFORMAÇÃO;SEM INFORMAÇÃO;0;SEM INFORMAÇÃO	;RIO DE JANEIRO;ANGRA DOS REIS;MAMA , SOE;C509;NEOPLASIA MALIGNA;80003;MAMA , SOE;C509;;;;;false;HISTOLOGIA DO TUMOR PRIMÁRIO;LOCALIZADO;;;;;;;;15/06/2013;;
1141689;RCBP ANGRA DOS REIS;FEMININO;30/12/1952;60;AMARELA;BRASIL;RIO DE JANEIRO;ANGRA DOS REIS;SEM INFORMAÇÃO;SEM INFORMAÇÃO;0;SEM INFORMAÇÃO	;RIO DE JANEIRO;ANGRA DOS REIS;MAMA , SOE;C509;CARCINOMA DUCTAL INFILTRANTE;85003;MAMA , SOE;C509;;;;;false;HISTOLOGIA DO TUMOR PRIMÁRIO;SEM INFORMAÇÃO;;;;;;;;15/06/2013;;
1141691;RCBP ANGRA DOS REIS;FEMININO;13/08/1959;53;SEM INFORMAÇÃO;BRASIL;RIO DE JANEIRO;ANGRA DOS REIS;MÉDIO (ANTIGO SEGUNDO GRAU);CASADO;0;SEM INFORMAÇÃO	;RIO DE JANEIRO;ANGRA DOS REIS;MAMA , SOE;C509;CARCINOMA DUCTAL INFILTRANTE;85003;MAMA , SOE;C509;;;;;false;HISTOLOGIA DO TUMOR PRIMÁRIO;SEM INFORMAÇÃO;;;;;;;;15/06/2013;;
1141692;RCBP ANGRA DOS REIS;FEMININO;10/06/1949;64;SEM INFORMAÇÃO;BRASIL;MINAS GERAIS;PATROCÍNIO DO MURIAÉ;SEM INFORMAÇÃO;SEM INFORMAÇÃO;0;SEM INFORMAÇÃO	;RIO DE JANEIRO;ANGRA DOS REIS;MAMA , SOE;C509;NEOPLASIA MALIGNA;80003;MAMA , SOE;C509;;;;;false;HISTOLOGIA DO TUMOR PRIMÁRIO;SEM INFORMAÇÃO;;;;;;;;15/06/2013;;
1141693;RCBP ANGRA DOS REIS;FEMININO;;;PARDA;BRASIL;RIO DE JANEIRO;RIO DE JANEIRO;SEM INFORMAÇÃO;SEM INFORMAÇÃO;0;SEM INFORMAÇÃO	;RIO DE JANEIRO;ANGRA DOS REIS;MAMA , SOE;C509;CARCINOMA DUCTAL INFILTRANTE;85003;MAMA , SOE;C509;;;;;false;HISTOLOGIA DO TUMOR PRIMÁRIO;SEM INFORMAÇÃO;;;;;;;;15/06/2013;;
1141694;RCBP ANGRA DOS REIS;FEMININO;15/10/1951;61;PRETA;BRASIL;RIO DE JANEIRO;ITAGUAÍ;FUNDAMENTAL I (1ª A 4ª SÉRIE);SOLTEIRO;0;SEM INFORMAÇÃO	;RIO DE JANEIRO;ANGRA DOS REIS;MAMA , SOE;C509;CARCINOMA DUCTAL INFILTRANTE;85003;MAMA , SOE;C509;;;;;false;HISTOLOGIA DO TUMOR PRIMÁRIO;METÁSTASE;SEM INFORMAÇÃO;99 - SEM INFORMAÇÃO;999;MORTO;CÂNCER;06/12/2013;06/12/2013;15/06/2013;;
1141697;RCBP ANGRA DOS REIS;FEMININO;14/06/1962;51;SEM INFORMAÇÃO;BRASIL;RIO DE JANEIRO;ANGRA DOS REIS;FUNDAMENTAL II (5ª A 8ª SÉRIE);CASADO;0;SEM INFORMAÇÃO	;RIO DE JANEIRO;ANGRA DOS REIS;MAMA , SOE;C509;CARCINOMA DUCTAL INFILTRANTE;85003;MAMA , SOE;C509;;;;;false;HISTOLOGIA DO TUMOR PRIMÁRIO;LOCALIZADO;;;;;;;;15/06/2013;;
1141699;RCBP ANGRA DOS REIS;FEMININO;07/05/1946;67;BRANCO;BRASIL;MINAS GERAIS;GOVERNADOR VALADARES;SEM INFORMAÇÃO;CASADO;0;SEM INFORMAÇÃO	;RIO DE JANEIRO;ANGRA DOS REIS;MAMA , SOE;C509;CARCINOMA DUCTAL INFILTRANTE;85003;MAMA , SOE;C509;;;;;false;HISTOLOGIA DO TUMOR PRIMÁRIO;SEM INFORMAÇÃO;;;;;;;;15/06/2013;;
1141708;RCBP ANGRA DOS REIS;FEMININO;27/06/1986;26;PARDA;BRASIL;RIO DE JANEIRO;ANGRA DOS REIS;MÉDIO (ANTIGO SEGUNDO GRAU);CASADO;0;SEM INFORMAÇÃO	;RIO DE JANEIRO;ANGRA DOS REIS;COLO DO UTERO, SOE;C539;CARCINOMA, SOE;80103;COLO DO UTERO, SOE;C539;;;CARCINOMA DE ÚTERO E CÉRVIX;8.5.4;false;HISTOLOGIA DO TUMOR PRIMÁRIO;SEM INFORMAÇÃO;;;;;;;;15/06/2013;;
1141681;RCBP ANGRA DOS REIS;FEMININO;04/02/1964;49;PARDA;BRASIL;RIO DE JANEIRO;PARACAMBI;FUNDAMENTAL I (1ª A 4ª SÉRIE);VIÚVO;0;SEM INFORMAÇÃO	;RIO DE JANEIRO;ANGRA DOS REIS;MAMA , SOE;C509;NEOPLASIA MALIGNA;80003;MAMA , SOE;C509;;;;;false;HISTOLOGIA DO TUMOR PRIMÁRIO;SEM INFORMAÇÃO;;;;;CÂNCER;29/11/2018;;15/06/2013;;
1141915;RCBP ANGRA DOS REIS;MASCULINO;15/05/1978;35;PARDA;BRASIL;RIO DE JANEIRO;;SEM INFORMAÇÃO;CASADO;0;SEM INFORMAÇÃO	;RIO DE JANEIRO;ANGRA DOS REIS;RIM, SOE;C649;ADENOCARCINOMA, SOE;81403;RIM;C64;;;;;false;HISTOLOGIA DO TUMOR PRIMÁRIO;SEM INFORMAÇÃO;;;;;;;;19/09/2013;;
1141918;RCBP ANGRA DOS REIS;MASCULINO;13/06/1948;64;BRANCO;BRASIL;SERGIPE;SÃO DOMINGOS;MÉDIO (ANTIGO SEGUNDO GRAU);VIÚVO;0;SEM INFORMAÇÃO	;RIO DE JANEIRO;ANGRA DOS REIS;TRATO INTESTINAL, SOE;C260;CARCINOMA ESCAMOCELULAR, SOE;80703;TRATO INTESTINAL, SOE;C260;;;;;false;HISTOLOGIA DO TUMOR PRIMÁRIO;SEM INFORMAÇÃO;SEM INFORMAÇÃO;99 - SEM INFORMAÇÃO;999;MORTO;CÂNCER;26/03/2014;26/03/2014;15/01/2013;;
1141952;RCBP ANGRA DOS REIS;MASCULINO;01/04/1939;74;BRANCO;ISRAEL;Não informado;Não Informado;SEM INFORMAÇÃO;VIÚVO;0;SEM INFORMAÇÃO	;RIO DE JANEIRO;ANGRA DOS REIS;MEDULA OSSEA;C421;LEUCEMIA LINFOIDE, SOE;98203;LEUCEMIA LINFOIDE, SOE;C919;;;;;false;HISTOLOGIA DO TUMOR PRIMÁRIO;NÃO SE APLICA;SEM INFORMAÇÃO;99 - SEM INFORMAÇÃO;999;MORTO;CÂNCER;02/06/2014;02/06/2014;02/06/2013;;
1141953;RCBP ANGRA DOS REIS;MASCULINO;20/12/1940;72;BRANCO;BRASIL;RIO DE JANEIRO;ANGRA DOS REIS;SEM INFORMAÇÃO;SEM INFORMAÇÃO;0;SEM INFORMAÇÃO	;RIO DE JANEIRO;ANGRA DOS REIS;MEDULA OSSEA;C421;MIELOMA MULTIPLO;97323;MIELOMA MULTIPLO;C900;;;;;false;HISTOLOGIA DO TUMOR PRIMÁRIO;NÃO SE APLICA;SEM INFORMAÇÃO;99 - SEM INFORMAÇÃO;999;MORTO;CÂNCER;03/05/2014;03/05/2014;05/07/2013;;
1141954;RCBP ANGRA DOS REIS;FEMININO;08/07/1936;77;BRANCO;BRASIL;RIO DE JANEIRO;;FUNDAMENTAL I (1ª A 4ª SÉRIE);VIÚVO;0;SEM INFORMAÇÃO	;RIO DE JANEIRO;ANGRA DOS REIS;MEDULA OSSEA;C421;LEUCEMIA AGUDA, SOE;98013;LEUCEMIA AGUDA DE TIPO CELULAR, SOE;C950;;;;;false;HISTOLOGIA DO TUMOR PRIMÁRIO;NÃO SE APLICA;;;;;SEM INFORMAÇÃO;02/08/2013;;27/07/2013;;
1141955;RCBP ANGRA DOS REIS;FEMININO;04/02/1953;60;BRANCO;BRASIL;RIO DE JANEIRO;ANGRA DOS REIS;FUNDAMENTAL II (5ª A 8ª SÉRIE);SOLTEIRO;0;SEM INFORMAÇÃO	;RIO DE JANEIRO;ANGRA DOS REIS;MEDULA OSSEA;C421;LEUCEMIA, SOE;98003;LEUCEMIA NAO ESPECIFICADA;C959;;;;;false;CITOLOGIA;NÃO SE APLICA;SEM INFORMAÇÃO;99 - SEM INFORMAÇÃO;999;MORTO;CÂNCER;15/11/2013;15/11/2013;15/02/2013;;
1141500;RCBP ANGRA DOS REIS;FEMININO;08/01/1972;41;SEM INFORMAÇÃO;BRASIL;RIO DE JANEIRO;ANGRA DOS REIS;SEM INFORMAÇÃO;CASADO;0;SEM INFORMAÇÃO	;RIO DE JANEIRO;ANGRA DOS REIS;COLO DO UTERO, SOE;C539;CARCINOMA ESCAMOCELULAR "IN SITU", SOE;80702;COLO DO UTERO, SOE;D069;;;;;false;HISTOLOGIA DO TUMOR PRIMÁRIO;"IN SITU";;;;;;;;15/10/2013;;
1141501;RCBP ANGRA DOS REIS;FEMININO;07/09/1983;30;BRANCO;BRASIL;RIO DE JANEIRO;ANGRA DOS REIS;SEM INFORMAÇÃO;SEM INFORMAÇÃO;0;SEM INFORMAÇÃO	;RIO DE JANEIRO;ANGRA DOS REIS;COLO DO UTERO, SOE;C539;CARCINOMA ESCAMOCELULAR "IN SITU", SOE;80702;COLO DO UTERO, SOE;D069;;;;;false;HISTOLOGIA DO TUMOR PRIMÁRIO;"IN SITU";;;;;;;;15/12/2013;;
1142065;RCBP ANGRA DOS REIS;FEMININO;26/05/1924;89;BRANCO;BRASIL;RIO DE JANEIRO;;FUNDAMENTAL II (5ª A 8ª SÉRIE);VIÚVO;0;SEM INFORMAÇÃO	;RIO DE JANEIRO;ANGRA DOS REIS;QUADRANTE INFERIOR EXTERNO DA MAMA;C505;CARCINOMA DUCTAL INFILTRANTE;85003;QUADRANTE INFERIOR EXTERNO DA MAMA;C505;;;;;false;HISTOLOGIA DO TUMOR PRIMÁRIO;SEM INFORMAÇÃO;;;;;;;;11/06/2013;;
1141502;RCBP ANGRA DOS REIS;FEMININO;01/09/1958;54;SEM INFORMAÇÃO;BRASIL;RIO DE JANEIRO;ANGRA DOS REIS;SEM INFORMAÇÃO;CASADO;0;SEM INFORMAÇÃO	;RIO DE JANEIRO;ANGRA DOS REIS;COLO DO UTERO, SOE;C539;ADENOCARCINOMA "IN SITU", SOE;81402;COLO DO UTERO, SOE;D069;;;;;false;HISTOLOGIA DO TUMOR PRIMÁRIO;"IN SITU";;;;;;;;29/08/2013;;
1140604;RCBP ANGRA DOS REIS;MASCULINO;28/07/1958;55;PRETA;BRASIL;RIO DE JANEIRO;ANGRA DOS REIS;SEM INFORMAÇÃO;SOLTEIRO;715;TRABALHADORES DA CONSTRUÇÃO CIVIL E OBRAS PÚBLICAS	;RIO DE JANEIRO;ANGRA DOS REIS;GLOTE;C320;CARCINOMA ESCAMOCELULAR, SOE;80703;GLOTE;C320;;;;;false;HISTOLOGIA DO TUMOR PRIMÁRIO;SEM INFORMAÇÃO;;;;;;;;27/08/2013;;
1140449;RCBP ANGRA DOS REIS;MASCULINO;22/06/1948;64;BRANCO;BRASIL;RIO DE JANEIRO;;FUNDAMENTAL II (5ª A 8ª SÉRIE);CASADO;0;SEM INFORMAÇÃO	;RIO DE JANEIRO;ANGRA DOS REIS;ASSOALHO ANTERIOR DA BOCA;C040;CARCINOMA ESCAMOCELULAR, SOE;80703;ASSOALHO ANTERIOR DA BOCA;C040;;;;;false;HISTOLOGIA DO TUMOR PRIMÁRIO;METÁSTASE;;;;;CÂNCER;07/06/2014;;17/04/2013;;
1141494;RCBP ANGRA DOS REIS;MASCULINO;22/11/1959;53;PARDA;BRASIL;RIO DE JANEIRO;RIO DE JANEIRO;FUNDAMENTAL I (1ª A 4ª SÉRIE);SEM INFORMAÇÃO;842;OPERADORES NA PREPARAÇÃO DE FUMO E NA FABRICAÇÃO DE CHARUTOS E CIGARROS   	;RIO DE JANEIRO;ANGRA DOS REIS;PANCREAS, SOE;C259;NEOPLASIA MALIGNA;80003;PANCREAS, SOE;C259;;;;;false;PESQUISA;SEM INFORMAÇÃO;SEM INFORMAÇÃO;99 - SEM INFORMAÇÃO;999;MORTO;CÂNCER;27/09/2013;27/09/2013;09/03/2013;;
1141716;RCBP ANGRA DOS REIS;FEMININO;20/10/1950;62;BRANCO;BRASIL;PARAÍBA;;FUNDAMENTAL I (1ª A 4ª SÉRIE);CASADO;524;VENDEDORES A DOMICÍLIO, AMBULANTES E EM BANCAS	;RIO DE JANEIRO;ANGRA DOS REIS;PULMAO, SOE;C349;NEOPLASIA MALIGNA;80003;BRONQUIOS OU PULMOES, SOE;C349;;;;;false;CLÍNICO;METÁSTASE;SEM INFORMAÇÃO;99 - SEM INFORMAÇÃO;999;MORTO;CÂNCER;23/04/2013;23/04/2013;10/04/2013;;
1142086;RCBP ANGRA DOS REIS;MASCULINO;26/09/1942;70;PARDA;BRASIL;RIO DE JANEIRO;ANGRA DOS REIS;FUNDAMENTAL I (1ª A 4ª SÉRIE);VIÚVO;717;AJUDANTES DE OBRAS	;RIO DE JANEIRO;ANGRA DOS REIS;ESOFAGO, SOE;C159;NEOPLASIA MALIGNA;80003;ESOFAGO, SOE;C159;;;;;false;SDO;SEM INFORMAÇÃO;SEM INFORMAÇÃO;99 - SEM INFORMAÇÃO;999;MORTO;CÂNCER;14/04/2013;14/04/2013;14/04/2013;;
1141711;RCBP ANGRA DOS REIS;MASCULINO;05/11/1952;60;SEM INFORMAÇÃO;BRASIL;Não informado;Não Informado;SEM INFORMAÇÃO;SEM INFORMAÇÃO;;;RIO DE JANEIRO;ANGRA DOS REIS;SISTEMA HEMATOPOETICO, SOE;C424;NEOPLASIA MALIGNA;80003;OUTRAS NEOPLASIAS DE TECIDO LINFATICO E CORRELATOS;C967;;;;;false;HISTOLOGIA DO TUMOR PRIMÁRIO;SEM INFORMAÇÃO;;;;;;;;28/01/2013;;
1141720;RCBP ANGRA DOS REIS;FEMININO;13/05/1944;68;PARDA;BRASIL;RIO DE JANEIRO;VOLTA REDONDA;SEM INFORMAÇÃO;SOLTEIRO;0;SEM INFORMAÇÃO	;RIO DE JANEIRO;ANGRA DOS REIS;PULMAO, SOE;C349;NEOPLASIA MALIGNA;80003;BRONQUIOS OU PULMOES, SOE;C349;;;;;false;CLÍNICO;SEM INFORMAÇÃO;SEM INFORMAÇÃO;99 - SEM INFORMAÇÃO;999;MORTO;CÂNCER;11/01/2013;11/01/2013;07/01/2013;;
1142087;RCBP ANGRA DOS REIS;MASCULINO;05/01/1944;69;BRANCO;BRASIL;Não informado;;FUNDAMENTAL I (1ª A 4ª SÉRIE);UNIÃO CONSENSUAL;621;TRABALHADORES NA EXPLORAÇÃO AGROPECUÁRIA EM GERAL	;RIO DE JANEIRO;ANGRA DOS REIS;PENIS, SOE;C609;NEOPLASIA MALIGNA;80003;PENIS, SOE;C609;;;;;false;SDO;SEM INFORMAÇÃO;SEM INFORMAÇÃO;99 - SEM INFORMAÇÃO;999;MORTO;CÂNCER;27/01/2013;27/01/2013;27/01/2013;;
1142040;RCBP ANGRA DOS REIS;FEMININO;05/01/1963;50;PRETA;BRASIL;RIO DE JANEIRO;;FUNDAMENTAL I (1ª A 4ª SÉRIE);CASADO;0;SEM INFORMAÇÃO	;RIO DE JANEIRO;ANGRA DOS REIS;OVARIO, SOE;C569;TUMOR DE CELULAS DA GRANULOSA, TIPO ADULTO;86201;OVARIO;C56;;;;;false;HISTOLOGIA DO TUMOR PRIMÁRIO;LOCALIZADO;;;;;;;;29/10/2013;;
1142008;RCBP ANGRA DOS REIS;FEMININO;07/09/1930;82;PARDA;BRASIL;BAHIA;;FUNDAMENTAL II (5ª A 8ª SÉRIE);VIÚVO;0;SEM INFORMAÇÃO	;RIO DE JANEIRO;ANGRA DOS REIS;RIM, SOE;C649;CARCINOMA DE CELULAS RENAIS, SOE;83123;RIM;C64;;;;;false;HISTOLOGIA DO TUMOR PRIMÁRIO;SEM INFORMAÇÃO;;;;;;;;06/05/2013;;
1141656;RCBP ANGRA DOS REIS;FEMININO;01/12/1938;74;BRANCO;BRASIL;RIO DE JANEIRO;;MÉDIO (ANTIGO SEGUNDO GRAU);VIÚVO;0;SEM INFORMAÇÃO	;RIO DE JANEIRO;ANGRA DOS REIS;PELE, SOE;C449;MELANOMA MALIGNO, SOE;87203;MELANOMA MALIGNO DA PELE, SOE;C439;;;;;false;HISTOLOGIA DO TUMOR PRIMÁRIO;METÁSTASE;SEM INFORMAÇÃO;99 - SEM INFORMAÇÃO;999;MORTO;CÂNCER;17/02/2013;17/02/2013;15/01/2013;;
1141455;RCBP ANGRA DOS REIS;MASCULINO;15/03/1940;73;BRANCO;BRASIL;RIO DE JANEIRO;;FUNDAMENTAL II (5ª A 8ª SÉRIE);UNIÃO CONSENSUAL;0;SEM INFORMAÇÃO	;RIO DE JANEIRO;ANGRA DOS REIS;PROSTATA, SOE;C619;ADENOCARCINOMA, SOE;81403;PROSTATA;C61;;;;;false;HISTOLOGIA DO TUMOR PRIMÁRIO;SEM INFORMAÇÃO;SEM INFORMAÇÃO;99 - SEM INFORMAÇÃO;999;MORTO;CÂNCER;29/09/2013;29/09/2013;15/06/2013;;
1141674;RCBP ANGRA DOS REIS;FEMININO;29/08/1951;61;SEM INFORMAÇÃO;BRASIL;RIO DE JANEIRO;ANGRA DOS REIS;SEM INFORMAÇÃO;SEM INFORMAÇÃO;0;SEM INFORMAÇÃO	;RIO DE JANEIRO;ANGRA DOS REIS;MAMA , SOE;C509;CARCINOMA DUCTAL INFILTRANTE;85003;MAMA , SOE;C509;;;;;false;HISTOLOGIA DO TUMOR PRIMÁRIO;SEM INFORMAÇÃO;;;;;;;;15/06/2013;;
1141456;RCBP ANGRA DOS REIS;FEMININO;11/05/1956;57;BRANCO;BRASIL;RIO DE JANEIRO;RIO DE JANEIRO;SEM INFORMAÇÃO;UNIÃO CONSENSUAL;0;SEM INFORMAÇÃO	;RIO DE JANEIRO;ANGRA DOS REIS;TIREOIDE, SOE;C739;ADENOCARCINOMA PAPILAR, SOE;82603;GLANDULA TIREOIDE;C73;;;;;false;HISTOLOGIA DO TUMOR PRIMÁRIO;LOCALIZADO;;;;;;;;16/05/2013;;
1141675;RCBP ANGRA DOS REIS;FEMININO;20/01/1948;65;BRANCO;BRASIL;RIO DE JANEIRO;ANGRA DOS REIS;SEM INFORMAÇÃO;SEM INFORMAÇÃO;0;SEM INFORMAÇÃO	;RIO DE JANEIRO;ANGRA DOS REIS;MAMA , SOE;C509;NEOPLASIA MALIGNA;80003;MAMA , SOE;C509;;;;;false;HISTOLOGIA DO TUMOR PRIMÁRIO;SEM INFORMAÇÃO;;;;;;;;15/06/2013;;
1141482;RCBP ANGRA DOS REIS;FEMININO;23/06/1963;50;BRANCO;BRASIL;RIO DE JANEIRO;ANGRA DOS REIS;SEM INFORMAÇÃO;SEM INFORMAÇÃO;0;SEM INFORMAÇÃO	;RIO DE JANEIRO;ANGRA DOS REIS;COLO DO UTERO, SOE;C539;NEOPLASIA INTRA-EPITELIAL ESCAMOSA,GRAU IIII;80772;COLO DO UTERO, SOE;D069;;;;;false;HISTOLOGIA DO TUMOR PRIMÁRIO;"IN SITU";;;;;;;;15/10/2013;;
1141852;RCBP ANGRA DOS REIS;MASCULINO;11/03/1960;53;PARDA;BRASIL;RIO DE JANEIRO;ANGRA DOS REIS;SEM INFORMAÇÃO;CASADO;414;ESCRITURÁRIOS DE CONTROLE DE MATERIAIS E DE APOIO À PRODUÇÃO 	;RIO DE JANEIRO;ANGRA DOS REIS;TIREOIDE, SOE;C739;NEOPLASIA MALIGNA;80003;GLANDULA TIREOIDE;C73;;;;;false;HISTOLOGIA DO TUMOR PRIMÁRIO;SEM INFORMAÇÃO;SEM INFORMAÇÃO;99 - SEM INFORMAÇÃO;999;MORTO;CÂNCER;24/03/2014;24/03/2014;04/08/2013;;
1141497;RCBP ANGRA DOS REIS;MASCULINO;31/07/1951;61;BRANCO;BRASIL;RIO DE JANEIRO;ANGRA DOS REIS;FUNDAMENTAL II (5ª A 8ª SÉRIE);CASADO;711;TRABALHADORES DA EXTRAÇÃO MINERAL 	;RIO DE JANEIRO;ANGRA DOS REIS;PULMAO, SOE;C349;CARCINOMA ESCAMOCELULAR, SOE;80703;BRONQUIOS OU PULMOES, SOE;C349;;;;;false;HISTOLOGIA DO TUMOR PRIMÁRIO;SEM INFORMAÇÃO;SEM INFORMAÇÃO;99 - SEM INFORMAÇÃO;999;MORTO;CÂNCER;14/11/2013;14/11/2013;19/01/2013;;
1141483;RCBP ANGRA DOS REIS;FEMININO;12/02/1977;36;SEM INFORMAÇÃO;BRASIL;RIO DE JANEIRO;ANGRA DOS REIS;SEM INFORMAÇÃO;SEM INFORMAÇÃO;0;SEM INFORMAÇÃO	;RIO DE JANEIRO;ANGRA DOS REIS;COLO DO UTERO, SOE;C539;NEOPLASIA INTRA-EPITELIAL ESCAMOSA,GRAU IIII;80772;COLO DO UTERO, SOE;D069;;;;;false;HISTOLOGIA DO TUMOR PRIMÁRIO;"IN SITU";;;;;;;;15/05/2013;;
1142022;RCBP ANGRA DOS REIS;FEMININO;09/05/1959;53;BRANCO;BRASIL;SÃO PAULO;;FUNDAMENTAL I (1ª A 4ª SÉRIE);SEPARADO JUDICIALMENTE;514;TRABALHADORES NOS SERVIÇOS DE ADMINISTRAÇÃO, CONSERVAÇÃO E MANUTENÇÃO DE EDIFÍCIOS E LOGRADOUROS  	;RIO DE JANEIRO;ANGRA DOS REIS;BRONQUIO PRINCIPAL;C340;CARCINOMA "OAT CELL";80423;BRONQUIO PRINCIPAL;C340;;;;;false;HISTOLOGIA DA METÁSTASE;SEM INFORMAÇÃO;;;;;CÂNCER;16/09/2015;;06/05/2013;;
1140450;RCBP ANGRA DOS REIS;FEMININO;10/06/1944;68;BRANCO;ESPANHA;Não informado;Não Informado;MÉDIO (ANTIGO SEGUNDO GRAU);VIÚVO;763;TRABALHADORES DA CONFECÇÃO DE ROUPAS 	;RIO DE JANEIRO;ANGRA DOS REIS;LOBO SUPERIOR DO PULMAO;C341;ADENOCARCINOMA, SOE;81403;LOBO SUPERIOR, BRONQUIO OU PULMAO;C341;;;;;false;HISTOLOGIA DO TUMOR PRIMÁRIO;METÁSTASE;;;;;CÂNCER;20/08/2014;;21/03/2013;;
1141905;RCBP ANGRA DOS REIS;MASCULINO;24/12/1950;62;PRETA;BRASIL;RIO DE JANEIRO;;SEM INFORMAÇÃO;SEPARADO JUDICIALMENTE;0;SEM INFORMAÇÃO	;RIO DE JANEIRO;ANGRA DOS REIS;PROSTATA, SOE;C619;ADENOCARCINOMA, SOE;81403;PROSTATA;C61;;;;;false;HISTOLOGIA DO TUMOR PRIMÁRIO;SEM INFORMAÇÃO;;;;;;;;07/01/2013;;
1140451;RCBP ANGRA DOS REIS;FEMININO;12/12/1957;55;PARDA;BRASIL;RIO DE JANEIRO;ANGRA DOS REIS;MÉDIO (ANTIGO SEGUNDO GRAU);SOLTEIRO;0;SEM INFORMAÇÃO	;RIO DE JANEIRO;ANGRA DOS REIS;ECTOCERVIX;C531;CARCINOMA ESCAMOCELULAR, SOE;80703;ECTOCERVIX;C531;;;;;false;HISTOLOGIA DO TUMOR PRIMÁRIO;SEM INFORMAÇÃO;;;;;CÂNCER;23/11/2014;;11/03/2013;;
1142085;RCBP ANGRA DOS REIS;FEMININO;18/09/1968;44;BRANCO;BRASIL;RIO DE JANEIRO;;SEM INFORMAÇÃO;CASADO;0;SEM INFORMAÇÃO	;RIO DE JANEIRO;ANGRA DOS REIS;ESTOMAGO, SOE;C169;NEOPLASIA MALIGNA;80003;ESTOMAGO, SOE;C169;;;;;false;SDO;SEM INFORMAÇÃO;SEM INFORMAÇÃO;99 - SEM INFORMAÇÃO;999;MORTO;CÂNCER;23/07/2013;23/07/2013;23/07/2013;;
1141503;RCBP ANGRA DOS REIS;FEMININO;15/09/1972;40;BRANCO;BRASIL;RIO DE JANEIRO;ANGRA DOS REIS;SEM INFORMAÇÃO;UNIÃO CONSENSUAL;0;SEM INFORMAÇÃO	;RIO DE JANEIRO;ANGRA DOS REIS;COLO DO UTERO, SOE;C539;CARCINOMA ESCAMOCELULAR "IN SITU", SOE;80702;COLO DO UTERO, SOE;D069;;;;;false;HISTOLOGIA DO TUMOR PRIMÁRIO;"IN SITU";;;;;;;;01/04/2013;;
1142007;RCBP ANGRA DOS REIS;MASCULINO;01/06/1967;45;BRANCO;BRASIL;SÃO PAULO;;MÉDIO (ANTIGO SEGUNDO GRAU);CASADO;354;TÉCNICOS DE NIVEL MÉDIO EM OPERAÇÕES COMERCIAIS   	;RIO DE JANEIRO;ANGRA DOS REIS;RIM, SOE;C649;CARCINOMA DE CELULAS RENAIS, SOE;83123;RIM;C64;;;;;false;HISTOLOGIA DO TUMOR PRIMÁRIO;SEM INFORMAÇÃO;;;;;CÂNCER;06/08/2014;;31/01/2013;;
1141504;RCBP ANGRA DOS REIS;FEMININO;25/06/1976;37;BRANCO;BRASIL;RIO DE JANEIRO;ANGRA DOS REIS;SEM INFORMAÇÃO;SEM INFORMAÇÃO;0;SEM INFORMAÇÃO	;RIO DE JANEIRO;ANGRA DOS REIS;COLO DO UTERO, SOE;C539;ADENOCARCINOMA "IN SITU", SOE;81402;COLO DO UTERO, SOE;D069;;;;;false;HISTOLOGIA DO TUMOR PRIMÁRIO;"IN SITU";;;;;;;;15/11/2013;;
1140567;RCBP ANGRA DOS REIS;FEMININO;03/04/1979;34;BRANCO;BRASIL;RIO DE JANEIRO;ANGRA DOS REIS;SUPERIOR COMPLETO;SOLTEIRO;0;SEM INFORMAÇÃO	;RIO DE JANEIRO;ANGRA DOS REIS;QUADRANTE SUPERIOR EXTERNO DA MAMA;C504;CARCINOMA DUCTAL INFILTRANTE;85003;QUADRANTE SUPERIOR EXTERNO DA MAMA;C504;;;;;false;HISTOLOGIA DO TUMOR PRIMÁRIO;SEM INFORMAÇÃO;;;;;;;;20/06/2013;;
1141505;RCBP ANGRA DOS REIS;FEMININO;04/07/1977;35;SEM INFORMAÇÃO;BRASIL;RIO DE JANEIRO;ANGRA DOS REIS;SEM INFORMAÇÃO;SEM INFORMAÇÃO;0;SEM INFORMAÇÃO	;RIO DE JANEIRO;ANGRA DOS REIS;COLO DO UTERO, SOE;C539;ADENOCARCINOMA "IN SITU", SOE;81402;COLO DO UTERO, SOE;D069;;;;;false;HISTOLOGIA DO TUMOR PRIMÁRIO;"IN SITU";;;;;;;;15/05/2013;;
1141506;RCBP ANGRA DOS REIS;FEMININO;01/07/1971;42;PRETA;BRASIL;RIO DE JANEIRO;BARRA MANSA;SEM INFORMAÇÃO;SEM INFORMAÇÃO;0;SEM INFORMAÇÃO	;RIO DE JANEIRO;ANGRA DOS REIS;COLO DO UTERO, SOE;C539;ADENOCARCINOMA "IN SITU", SOE;81402;COLO DO UTERO, SOE;D069;;;;;false;HISTOLOGIA DO TUMOR PRIMÁRIO;"IN SITU";;;;;;;;15/09/2013;;
1141847;RCBP ANGRA DOS REIS;FEMININO;05/07/1942;70;BRANCO;BRASIL;PERNAMBUCO;PEDRA;SEM ESCOLARIDADE;CASADO;622;TRABALHADORES AGRÍCOLAS   	;RIO DE JANEIRO;ANGRA DOS REIS;RETROPERITONIO;C480;NEOPLASIA MALIGNA;80003;RETROPERITONIO;C480;;;;;false;HISTOLOGIA DO TUMOR PRIMÁRIO;SEM INFORMAÇÃO;SEM INFORMAÇÃO;99 - SEM INFORMAÇÃO;999;MORTO;CÂNCER;30/09/2013;30/09/2013;15/06/2013;;
1141672;RCBP ANGRA DOS REIS;FEMININO;15/06/1962;51;BRANCO;BRASIL;CEARÁ;CRATEÚS;SEM INFORMAÇÃO;SEM INFORMAÇÃO;0;SEM INFORMAÇÃO	;RIO DE JANEIRO;ANGRA DOS REIS;MAMA , SOE;C509;NEOPLASIA MALIGNA;80003;MAMA , SOE;C509;;;;;false;HISTOLOGIA DO TUMOR PRIMÁRIO;SEM INFORMAÇÃO;;;;;;;;15/06/2013;;
1141848;RCBP ANGRA DOS REIS;MASCULINO;28/08/1936;76;BRANCO;BRASIL;RIO DE JANEIRO;ANGRA DOS REIS;FUNDAMENTAL I (1ª A 4ª SÉRIE);CASADO;517;TRABALHADORES NOS SERVIÇOS DE PROTEÇÃO E SEGURANÇA	;RIO DE JANEIRO;ANGRA DOS REIS;PULMAO, SOE;C349;NEOPLASIA MALIGNA;80003;BRONQUIOS OU PULMOES, SOE;C349;;;;;false;HISTOLOGIA DO TUMOR PRIMÁRIO;SEM INFORMAÇÃO;SEM INFORMAÇÃO;99 - SEM INFORMAÇÃO;999;MORTO;SEM INFORMAÇÃO;26/11/2013;26/11/2013;06/01/2013;;
1141849;RCBP ANGRA DOS REIS;MASCULINO;27/09/1946;66;PRETA;BRASIL;RIO DE JANEIRO;ANGRA DOS REIS;FUNDAMENTAL I (1ª A 4ª SÉRIE);CASADO;622;TRABALHADORES AGRÍCOLAS   	;RIO DE JANEIRO;ANGRA DOS REIS;ESTOMAGO, SOE;C169;NEOPLASIA MALIGNA;80003;ESTOMAGO, SOE;C169;;;;;false;HISTOLOGIA DO TUMOR PRIMÁRIO;SEM INFORMAÇÃO;SEM INFORMAÇÃO;99 - SEM INFORMAÇÃO;999;MORTO;CÂNCER;01/10/2013;01/10/2013;15/06/2013;;
1141906;RCBP ANGRA DOS REIS;MASCULINO;06/09/1953;59;PARDA;BRASIL;MINAS GERAIS;;FUNDAMENTAL I (1ª A 4ª SÉRIE);CASADO;723;TRABALHADORES DE TRATAMENTO TÉRMICO E DE SUPERFÍCIES DE METAIS E DE COMPÓSITOS	;RIO DE JANEIRO;ANGRA DOS REIS;ESTOMAGO, SOE;C169;CARCINOMA, SOE;80103;ESTOMAGO, SOE;C169;;;;;false;HISTOLOGIA DO TUMOR PRIMÁRIO;SEM INFORMAÇÃO;;;;;;;;05/04/2013;;
1141535;RCBP ANGRA DOS REIS;MASCULINO;24/06/1936;76;BRANCO;BRASIL;ESPIRITO SANTO;;MÉDIO (ANTIGO SEGUNDO GRAU);CASADO;611;PRODUTORES AGROPECUÁRIOS EM GERAL 	;RIO DE JANEIRO;ANGRA DOS REIS;PROSTATA, SOE;C619;NEOPLASIA MALIGNA;80003;PROSTATA;C61;;;;;false;HISTOLOGIA DO TUMOR PRIMÁRIO;SEM INFORMAÇÃO;SEM INFORMAÇÃO;99 - SEM INFORMAÇÃO;999;MORTO;CÂNCER;01/04/2013;01/04/2013;01/02/2013;;
1141907;RCBP ANGRA DOS REIS;MASCULINO;25/06/1940;72;PRETA;BRASIL;RIO DE JANEIRO;;FUNDAMENTAL II (5ª A 8ª SÉRIE);CASADO;0;SEM INFORMAÇÃO	;RIO DE JANEIRO;ANGRA DOS REIS;PROSTATA, SOE;C619;ADENOCARCINOMA, SOE;81403;PROSTATA;C61;;;;;false;HISTOLOGIA DO TUMOR PRIMÁRIO;SEM INFORMAÇÃO;;;;;;;;16/05/2013;;
1141495;RCBP ANGRA DOS REIS;FEMININO;26/11/1936;76;BRANCO;BRASIL;MINAS GERAIS;BELO HORIZONTE;FUNDAMENTAL I (1ª A 4ª SÉRIE);CASADO;0;SEM INFORMAÇÃO	;RIO DE JANEIRO;ANGRA DOS REIS;ESTOMAGO, SOE;C169;NEOPLASIA MALIGNA;80003;ESTOMAGO, SOE;C169;;;;;false;HISTOLOGIA DO TUMOR PRIMÁRIO;SEM INFORMAÇÃO;SEM INFORMAÇÃO;99 - SEM INFORMAÇÃO;999;MORTO;CÂNCER;14/07/2013;14/07/2013;17/03/2013;;
1141450;RCBP ANGRA DOS REIS;MASCULINO;26/11/1948;64;BRANCO;BRASIL;RIO DE JANEIRO;ANGRA DOS REIS;FUNDAMENTAL I (1ª A 4ª SÉRIE);VIÚVO;512;TRABALHADORES DOS SERVIÇOS DOMÉSTICOS EM GERAL	;RIO DE JANEIRO;ANGRA DOS REIS;ESTOMAGO, SOE;C169;ADENOCARCINOMA, SOE;81403;ESTOMAGO, SOE;C169;;;;;false;HISTOLOGIA DO TUMOR PRIMÁRIO;LOCALIZADO;;;;;CÂNCER;22/05/2013;;05/05/2013;;
1141536;RCBP ANGRA DOS REIS;FEMININO;08/05/1921;91;BRANCO;BRASIL;RIO DE JANEIRO;RIO DE JANEIRO;SEM ESCOLARIDADE;VIÚVO;0;SEM INFORMAÇÃO	;RIO DE JANEIRO;ANGRA DOS REIS;COLON, SOE;C189;NEOPLASIA MALIGNA;80003;COLON, SOE;C189;;;;;false;HISTOLOGIA DO TUMOR PRIMÁRIO;SEM INFORMAÇÃO;SEM INFORMAÇÃO;99 - SEM INFORMAÇÃO;999;MORTO;CÂNCER;14/02/2013;14/02/2013;20/01/2013;;
1141496;RCBP ANGRA DOS REIS;FEMININO;13/01/1957;56;PRETA;BRASIL;RIO DE JANEIRO;;SEM ESCOLARIDADE;SOLTEIRO;;;RIO DE JANEIRO;ANGRA DOS REIS;PULMAO, SOE;C349;NEOPLASIA MALIGNA;80003;BRONQUIOS OU PULMOES, SOE;C349;;;;;false;HISTOLOGIA DO TUMOR PRIMÁRIO;SEM INFORMAÇÃO;SEM INFORMAÇÃO;99 - SEM INFORMAÇÃO;999;MORTO;CÂNCER;23/07/2013;23/07/2013;13/02/2013;;
1141507;RCBP ANGRA DOS REIS;FEMININO;16/04/1965;48;SEM INFORMAÇÃO;BRASIL;RIO DE JANEIRO;RIO DE JANEIRO;SEM INFORMAÇÃO;SEM INFORMAÇÃO;0;SEM INFORMAÇÃO	;RIO DE JANEIRO;ANGRA DOS REIS;COLO DO UTERO, SOE;C539;CARCINOMA ESCAMOCELULAR "IN SITU", SOE;80702;COLO DO UTERO, SOE;D069;;;;;false;HISTOLOGIA DO TUMOR PRIMÁRIO;"IN SITU";;;;;;;;15/09/2013;;
1141717;RCBP ANGRA DOS REIS;FEMININO;13/06/1937;75;PARDA;BRASIL;RIO DE JANEIRO;ANGRA DOS REIS;SEM INFORMAÇÃO;VIÚVO;0;SEM INFORMAÇÃO	;RIO DE JANEIRO;ANGRA DOS REIS;CEREBRO;C710;NEOPLASIA MALIGNA;80003;CEREBRO;C710;;;;;false;PESQUISA;SEM INFORMAÇÃO;SEM INFORMAÇÃO;99 - SEM INFORMAÇÃO;999;MORTO;CÂNCER;26/01/2013;26/01/2013;15/01/2013;;
1141718;RCBP ANGRA DOS REIS;FEMININO;24/08/1946;66;PARDA;BRASIL;RIO DE JANEIRO;ANGRA DOS REIS;SEM ESCOLARIDADE;CASADO;0;SEM INFORMAÇÃO	;RIO DE JANEIRO;ANGRA DOS REIS;CEREBRO;C710;NEOPLASIA MALIGNA;80003;CEREBRO;C710;;;;;false;PESQUISA;SEM INFORMAÇÃO;SEM INFORMAÇÃO;99 - SEM INFORMAÇÃO;999;MORTO;CÂNCER;13/07/2013;13/07/2013;08/07/2013;;
1142066;RCBP ANGRA DOS REIS;FEMININO;18/02/1951;61;PARDA;BRASIL;RIO DE JANEIRO;;FUNDAMENTAL I (1ª A 4ª SÉRIE);SEM INFORMAÇÃO;0;SEM INFORMAÇÃO	;RIO DE JANEIRO;ANGRA DOS REIS;MAMA , SOE;C509;CARCINOMA LOBULAR, SOE;85203;MAMA , SOE;C509;;;;;false;HISTOLOGIA DO TUMOR PRIMÁRIO;METÁSTASE;;;;;;;;29/01/2013;;
1141719;RCBP ANGRA DOS REIS;MASCULINO;10/05/1955;57;BRANCO;BRASIL;RIO DE JANEIRO;ANGRA DOS REIS;FUNDAMENTAL II (5ª A 8ª SÉRIE);CASADO;0;SEM INFORMAÇÃO	;RIO DE JANEIRO;ANGRA DOS REIS;COLON, SOE;C189;NEOPLASIA MALIGNA;80003;COLON, SOE;C189;;;;;false;HISTOLOGIA DO TUMOR PRIMÁRIO;METÁSTASE;SEM INFORMAÇÃO;99 - SEM INFORMAÇÃO;999;MORTO;CÂNCER;24/02/2013;24/02/2013;08/02/2013;;
1141451;RCBP ANGRA DOS REIS;MASCULINO;25/02/1942;71;BRANCO;BRASIL;SÃO PAULO;INDAIATUBA;SEM INFORMAÇÃO;SEM INFORMAÇÃO;0;SEM INFORMAÇÃO	;RIO DE JANEIRO;ANGRA DOS REIS;PELE DE OUTRAS PARTES DA FACE;C443;CARCINOMA BASOCELULAR, SOE;80903;PELE DE OUTRAS PARTES DA FACE;C443;;;;;false;HISTOLOGIA DO TUMOR PRIMÁRIO;LOCALIZADO;;;;;;;;05/08/2013;;
1141709;RCBP ANGRA DOS REIS;MASCULINO;07/11/1933;79;BRANCO;BRASIL;RIO DE JANEIRO;ANGRA DOS REIS;SUPERIOR COMPLETO;CASADO;232;PROFESSORES DO ENSINO MÉDIO   	;RIO DE JANEIRO;ANGRA DOS REIS;PROSTATA, SOE;C619;NEOPLASIA MALIGNA;80003;PROSTATA;C61;;;;;false;HISTOLOGIA DO TUMOR PRIMÁRIO;SEM INFORMAÇÃO;SEM INFORMAÇÃO;99 - SEM INFORMAÇÃO;999;MORTO;NÃO CÂNCER;18/11/2013;18/11/2013;18/01/2013;;
1141452;RCBP ANGRA DOS REIS;FEMININO;21/03/1965;47;AMARELA;BRASIL;BAHIA;DIAS D'ÁVILA;MÉDIO (ANTIGO SEGUNDO GRAU);CASADO;0;SEM INFORMAÇÃO	;RIO DE JANEIRO;ANGRA DOS REIS;COLO DO UTERO, SOE;C539;ADENOCARCINOMA "IN SITU", SOE;81402;COLO DO UTERO, SOE;D069;;;;;false;HISTOLOGIA DO TUMOR PRIMÁRIO;"IN SITU";;;;;;;;15/01/2013;;
1140452;RCBP ANGRA DOS REIS;MASCULINO;12/03/2001;12;BRANCO;BRASIL;RIO DE JANEIRO;ANGRA DOS REIS;FUNDAMENTAL I (1ª A 4ª SÉRIE);SOLTEIRO;0;SEM INFORMAÇÃO	;RIO DE JANEIRO;ANGRA DOS REIS;TECIDOS MOLES DA CABECA, FACE E PESCOCO;C490;RABDOMIOSSARCOMA EMBRIONARIO, SOE;89103;TECIDOS MOLES DA CABECA, FACE E PESCOCO;C490;Rabdomiossarcoma e sarcoma embrionário;IX-A;;;false;HISTOLOGIA DO TUMOR PRIMÁRIO;SEM INFORMAÇÃO;;;;;CÂNCER;25/03/2014;;23/05/2013;;
1141706;RCBP ANGRA DOS REIS;FEMININO;07/10/1985;27;SEM INFORMAÇÃO;BRASIL;RIO DE JANEIRO;ANGRA DOS REIS;SEM INFORMAÇÃO;SEM INFORMAÇÃO;0;SEM INFORMAÇÃO	;RIO DE JANEIRO;ANGRA DOS REIS;COLO DO UTERO, SOE;C539;CARCINOMA, SOE;80103;COLO DO UTERO, SOE;C539;;;CARCINOMA DE ÚTERO E CÉRVIX;8.5.4;false;HISTOLOGIA DO TUMOR PRIMÁRIO;SEM INFORMAÇÃO;;;;;;;;15/06/2013;;
1142020;RCBP ANGRA DOS REIS;MASCULINO;07/12/1955;57;BRANCO;BRASIL;RIO DE JANEIRO;;FUNDAMENTAL I (1ª A 4ª SÉRIE);CASADO;141;GERENTES DE PRODUÇÃO E OPERAÇÕES  	;RIO DE JANEIRO;ANGRA DOS REIS;PULMAO, SOE;C349;ADENOCARCINOMA, SOE;81403;BRONQUIOS OU PULMOES, SOE;C349;;;;;false;HISTOLOGIA DA METÁSTASE;SEM INFORMAÇÃO;;;;;SEM INFORMAÇÃO;08/06/2014;;20/06/2013;;
1141710;RCBP ANGRA DOS REIS;MASCULINO;10/05/1964;48;BRANCO;BRASIL;RIO DE JANEIRO;NOVA IGUAÇU;FUNDAMENTAL II (5ª A 8ª SÉRIE);SOLTEIRO;711;TRABALHADORES DA EXTRAÇÃO MINERAL 	;RIO DE JANEIRO;ANGRA DOS REIS;CEREBRO;C710;NEOPLASIA MALIGNA;80003;CEREBRO;C710;;;;;false;PESQUISA;SEM INFORMAÇÃO;SEM INFORMAÇÃO;99 - SEM INFORMAÇÃO;999;MORTO;CÂNCER;26/09/2013;26/09/2013;26/02/2013;;
1141453;RCBP ANGRA DOS REIS;FEMININO;12/12/1983;30;SEM INFORMAÇÃO;BRASIL;RIO DE JANEIRO;ANGRA DOS REIS;MÉDIO (ANTIGO SEGUNDO GRAU);UNIÃO CONSENSUAL;0;SEM INFORMAÇÃO	;RIO DE JANEIRO;ANGRA DOS REIS;COLO DO UTERO, SOE;C539;ADENOCARCINOMA "IN SITU", SOE;81402;COLO DO UTERO, SOE;D069;;;;;false;HISTOLOGIA DO TUMOR PRIMÁRIO;"IN SITU";;;;;;;;15/12/2013;;
1141851;RCBP ANGRA DOS REIS;FEMININO;20/08/1966;46;BRANCO;BRASIL;SANTA CATARINA;FLORIANÓPOLIS;FUNDAMENTAL I (1ª A 4ª SÉRIE);SOLTEIRO;0;SEM INFORMAÇÃO	;RIO DE JANEIRO;ANGRA DOS REIS;CEREBRO;C710;NEOPLASIA MALIGNA;80003;CEREBRO;C710;;;;;false;CLÍNICO;SEM INFORMAÇÃO;SEM INFORMAÇÃO;99 - SEM INFORMAÇÃO;999;MORTO;CÂNCER;14/10/2013;14/10/2013;15/03/2013;;
1140453;RCBP ANGRA DOS REIS;MASCULINO;20/09/1939;73;BRANCO;BRASIL;RIO DE JANEIRO;RIO DE JANEIRO;FUNDAMENTAL I (1ª A 4ª SÉRIE);CASADO;622;TRABALHADORES AGRÍCOLAS   	;RIO DE JANEIRO;ANGRA DOS REIS;ESTOMAGO, SOE;C169;ADENOCARCINOMA, SOE;81403;ESTOMAGO, SOE;C169;;;;;false;HISTOLOGIA DO TUMOR PRIMÁRIO;LOCALIZADO;;;;;CÂNCER;02/05/2013;;22/04/2013;;
1142039;RCBP ANGRA DOS REIS;FEMININO;03/06/1949;63;BRANCO;BRASIL;RIO DE JANEIRO;;MÉDIO (ANTIGO SEGUNDO GRAU);SEPARADO JUDICIALMENTE;0;SEM INFORMAÇÃO	;RIO DE JANEIRO;ANGRA DOS REIS;PELE DO MEMBRO INFERIOR E DO QUADRIL;C447;MELANOMA MALIGNO, SOE;87203;MELANOMA MALIGNO DO MEMBRO INFERIOR E QUADRIL;C437;;;;;false;HISTOLOGIA DO TUMOR PRIMÁRIO;SEM INFORMAÇÃO;;;;;;;;16/04/2013;;
1141485;RCBP ANGRA DOS REIS;FEMININO;22/10/1976;36;PARDA;BRASIL;RIO DE JANEIRO;RIO DE JANEIRO;SEM INFORMAÇÃO;SEM INFORMAÇÃO;0;SEM INFORMAÇÃO	;RIO DE JANEIRO;ANGRA DOS REIS;COLO DO UTERO, SOE;C539;NEOPLASIA INTRA-EPITELIAL ESCAMOSA,GRAU IIII;80772;COLO DO UTERO, SOE;D069;;;;;false;HISTOLOGIA DO TUMOR PRIMÁRIO;"IN SITU";;;;;;;;15/10/2013;;
1141721;RCBP ANGRA DOS REIS;MASCULINO;18/02/1936;77;BRANCO;BRASIL;RIO DE JANEIRO;ANGRA DOS REIS;MÉDIO (ANTIGO SEGUNDO GRAU);CASADO;720;SUPERVISORES DA TRANSFORMAÇÃO DE METAIS E DE COMPÓSITOS   	;RIO DE JANEIRO;ANGRA DOS REIS;LOCALIZACAO PRIMARIA DESCONHECIDA, SOE;C809;NEOPLASIA MALIGNA;80003;LOCALIZACAO PRIMARIA DESCONHECIDA;C80;;;;;false;SDO;METÁSTASE;SEM INFORMAÇÃO;99 - SEM INFORMAÇÃO;999;MORTO;CÂNCER;30/11/2013;30/11/2013;30/11/2013;;
1141454;RCBP ANGRA DOS REIS;FEMININO;17/08/1965;47;SEM INFORMAÇÃO;BRASIL;MINAS GERAIS;MARILAC;SUPERIOR COMPLETO;CASADO;331;PROFESSORES DE NÍVEL MÉDIO NA EDUCAÇÃO INFANTIL, NO ENSINO FUNDAMENTAL E NO PROFISSIONALIZANTE	;RIO DE JANEIRO;ANGRA DOS REIS;COLO DO UTERO, SOE;C539;NEOPLASIA INTRA-EPITELIAL ESCAMOSA,GRAU IIII;80772;COLO DO UTERO, SOE;D069;;;;;false;HISTOLOGIA DO TUMOR PRIMÁRIO;"IN SITU";;;;;;;;09/07/2013;;
1140605;RCBP ANGRA DOS REIS;MASCULINO;30/12/1961;51;PARDA;BRASIL;RIO DE JANEIRO;ANGRA DOS REIS;FUNDAMENTAL I (1ª A 4ª SÉRIE);SOLTEIRO;514;TRABALHADORES NOS SERVIÇOS DE ADMINISTRAÇÃO, CONSERVAÇÃO E MANUTENÇÃO DE EDIFÍCIOS E LOGRADOUROS  	;RIO DE JANEIRO;ANGRA DOS REIS;RETO, SOE;C209;ADENOCARCINOMA PRODUTOR DE MUCINA;84813;RETO;C20;;;;;false;HISTOLOGIA DO TUMOR PRIMÁRIO;SEM INFORMAÇÃO;;;;;CÂNCER;02/11/2014;;29/01/2013;;
1141722;RCBP ANGRA DOS REIS;MASCULINO;10/05/1936;76;BRANCO;BRASIL;CEARÁ;JUCÁS;FUNDAMENTAL I (1ª A 4ª SÉRIE);VIÚVO;514;TRABALHADORES NOS SERVIÇOS DE ADMINISTRAÇÃO, CONSERVAÇÃO E MANUTENÇÃO DE EDIFÍCIOS E LOGRADOUROS  	;RIO DE JANEIRO;ANGRA DOS REIS;ESTOMAGO, SOE;C169;NEOPLASIA MALIGNA;80003;ESTOMAGO, SOE;C169;;;;;false;HISTOLOGIA DO TUMOR PRIMÁRIO;SEM INFORMAÇÃO;SEM INFORMAÇÃO;99 - SEM INFORMAÇÃO;999;MORTO;CÂNCER;14/12/2013;14/12/2013;18/02/2013;;
1141676;RCBP ANGRA DOS REIS;FEMININO;15/11/1958;54;PARDA;BRASIL;RIO DE JANEIRO;ANGRA DOS REIS;SEM INFORMAÇÃO;SEM INFORMAÇÃO;0;SEM INFORMAÇÃO	;RIO DE JANEIRO;ANGRA DOS REIS;MAMA , SOE;C509;CARCINOMA DUCTAL INFILTRANTE;85003;MAMA , SOE;C509;;;;;false;HISTOLOGIA DO TUMOR PRIMÁRIO;SEM INFORMAÇÃO;;;;;;;;15/06/2013;;
1141712;RCBP ANGRA DOS REIS;FEMININO;02/01/1975;38;AMARELA;BRASIL;RIO DE JANEIRO;ANGRA DOS REIS;SEM INFORMAÇÃO;SEM INFORMAÇÃO;;;RIO DE JANEIRO;ANGRA DOS REIS;PROLONGAMENTO AXILAR DA MAMA;C506;NEOPLASIA MALIGNA;80003;PROLONGAMENTO AXILAR DA MAMA;C506;;;;;false;HISTOLOGIA DO TUMOR PRIMÁRIO;SEM INFORMAÇÃO;;;;;;;;11/03/2013;;
1141713;RCBP ANGRA DOS REIS;FEMININO;31/03/1963;49;BRANCO;BRASIL;RIO DE JANEIRO;RIO DE JANEIRO;MÉDIO (ANTIGO SEGUNDO GRAU);SOLTEIRO;0;SEM INFORMAÇÃO	;RIO DE JANEIRO;ANGRA DOS REIS;COLON, SOE;C189;NEOPLASIA MALIGNA;80003;COLON, SOE;C189;;;;;false;HISTOLOGIA DO TUMOR PRIMÁRIO;SEM INFORMAÇÃO;SEM INFORMAÇÃO;99 - SEM INFORMAÇÃO;999;MORTO;CÂNCER;17/10/2013;17/10/2013;08/02/2013;;
1141484;RCBP ANGRA DOS REIS;FEMININO;07/06/1989;23;SEM INFORMAÇÃO;BRASIL;RIO DE JANEIRO;ANGRA DOS REIS;SEM INFORMAÇÃO;SEM INFORMAÇÃO;0;SEM INFORMAÇÃO	;RIO DE JANEIRO;ANGRA DOS REIS;COLO DO UTERO, SOE;C539;ADENOCARCINOMA "IN SITU", SOE;81402;COLO DO UTERO, SOE;D069;;;;;false;HISTOLOGIA DO TUMOR PRIMÁRIO;"IN SITU";;;;;;;;15/05/2013;;
1142158;RCBP ANGRA DOS REIS;FEMININO;26/07/1935;77;PRETA;BRASIL;RIO DE JANEIRO;;SEM INFORMAÇÃO;SEM INFORMAÇÃO;0;SEM INFORMAÇÃO	;RIO DE JANEIRO;ANGRA DOS REIS;VIAS BILIARES EXTRA-HEPATICAS;C240;COLANGIOCARCINOMA;81603;VIAS BILIARES EXTRA-HEPATICAS;C240;;;;;false;HISTOLOGIA DO TUMOR PRIMÁRIO;SEM INFORMAÇÃO;SEM INFORMAÇÃO;99 - SEM INFORMAÇÃO;999;MORTO;CÂNCER;28/04/2014;28/04/2014;15/06/2013;;
1141457;RCBP ANGRA DOS REIS;FEMININO;06/06/1985;27;SEM INFORMAÇÃO;BRASIL;RIO DE JANEIRO;ANGRA DOS REIS;SEM INFORMAÇÃO;SEM INFORMAÇÃO;0;SEM INFORMAÇÃO	;RIO DE JANEIRO;ANGRA DOS REIS;COLO DO UTERO, SOE;C539;ADENOCARCINOMA "IN SITU", SOE;81402;COLO DO UTERO, SOE;D069;;;;;false;HISTOLOGIA DO TUMOR PRIMÁRIO;"IN SITU";;;;;;;;15/04/2013;;
1142023;RCBP ANGRA DOS REIS;MASCULINO;17/10/2009;3;PARDA;BRASIL;RIO DE JANEIRO;;SEM ESCOLARIDADE;SOLTEIRO;0;SEM INFORMAÇÃO	;RIO DE JANEIRO;ANGRA DOS REIS;RIM, SOE;C649;NEFROBLASTOMA, SOE;89603;RIM;C64;Tumor de Wilms, tumor rabdóide e sarcoma de células claras;VI-A;;;false;HISTOLOGIA DO TUMOR PRIMÁRIO;SEM INFORMAÇÃO;;;;;;;;16/04/2013;;
1141498;RCBP ANGRA DOS REIS;MASCULINO;22/08/1959;53;BRANCO;BRASIL;RIO DE JANEIRO;RIO DE JANEIRO;FUNDAMENTAL I (1ª A 4ª SÉRIE);CASADO;622;TRABALHADORES AGRÍCOLAS   	;RIO DE JANEIRO;ANGRA DOS REIS;CEREBRO;C710;NEOPLASIA MALIGNA;80003;CEREBRO;C710;;;;;false;PESQUISA;SEM INFORMAÇÃO;SEM INFORMAÇÃO;99 - SEM INFORMAÇÃO;999;MORTO;CÂNCER;19/07/2013;19/07/2013;19/07/2013;;
1141508;RCBP ANGRA DOS REIS;FEMININO;04/11/1967;45;PRETA;BRASIL;MARANHÃO;SÃO LUÍS;SEM INFORMAÇÃO;CASADO;0;SEM INFORMAÇÃO	;RIO DE JANEIRO;ANGRA DOS REIS;COLO DO UTERO, SOE;C539;ADENOCARCINOMA "IN SITU", SOE;81402;COLO DO UTERO, SOE;D069;;;;;false;HISTOLOGIA DO TUMOR PRIMÁRIO;"IN SITU";;;;;;;;15/10/2013;;
1141665;RCBP ANGRA DOS REIS;FEMININO;05/05/1956;56;BRANCO;BRASIL;CEARÁ;;FUNDAMENTAL I (1ª A 4ª SÉRIE);SEPARADO JUDICIALMENTE;0;SEM INFORMAÇÃO	;RIO DE JANEIRO;ANGRA DOS REIS;OROFARINGE, SOE;C109;NEOPLASIA MALIGNA;80003;OROFARINGE, SOE;C109;;;;;false;HISTOLOGIA DO TUMOR PRIMÁRIO;SEM INFORMAÇÃO;SEM INFORMAÇÃO;99 - SEM INFORMAÇÃO;999;MORTO;CÂNCER;01/04/2013;01/04/2013;15/01/2013;;
1141657;RCBP ANGRA DOS REIS;FEMININO;13/04/1936;76;BRANCO;BRASIL;Não informado;;SEM ESCOLARIDADE;SEPARADO JUDICIALMENTE;514;TRABALHADORES NOS SERVIÇOS DE ADMINISTRAÇÃO, CONSERVAÇÃO E MANUTENÇÃO DE EDIFÍCIOS E LOGRADOUROS  	;RIO DE JANEIRO;ANGRA DOS REIS;MAMA , SOE;C509;CARCINOMA DUCTAL INFILTRANTE;85003;MAMA , SOE;C509;;;;;false;HISTOLOGIA DO TUMOR PRIMÁRIO;SEM INFORMAÇÃO;SEM INFORMAÇÃO;99 - SEM INFORMAÇÃO;999;MORTO;CÂNCER;21/06/2013;21/06/2013;06/02/2013;;
1142088;RCBP ANGRA DOS REIS;FEMININO;05/01/1959;54;PARDA;BRASIL;CEARÁ;;SEM INFORMAÇÃO;CASADO;0;SEM INFORMAÇÃO	;RIO DE JANEIRO;ANGRA DOS REIS;PULMAO, SOE;C349;NEOPLASIA MALIGNA;80003;BRONQUIOS OU PULMOES, SOE;C349;;;;;false;SDO;SEM INFORMAÇÃO;SEM INFORMAÇÃO;99 - SEM INFORMAÇÃO;999;MORTO;CÂNCER;05/02/2013;05/02/2013;05/02/2013;;
1142089;RCBP ANGRA DOS REIS;MASCULINO;15/01/1942;71;BRANCO;BRASIL;Não informado;;FUNDAMENTAL I (1ª A 4ª SÉRIE);UNIÃO CONSENSUAL;517;TRABALHADORES NOS SERVIÇOS DE PROTEÇÃO E SEGURANÇA	;RIO DE JANEIRO;ANGRA DOS REIS;LARINGE, SOE;C329;NEOPLASIA MALIGNA;80003;LARINGE, SOE;C329;;;;;false;SDO;SEM INFORMAÇÃO;SEM INFORMAÇÃO;99 - SEM INFORMAÇÃO;999;MORTO;CÂNCER;18/01/2013;18/01/2013;18/01/2013;;
1141855;RCBP ANGRA DOS REIS;MASCULINO;25/11/1942;70;PARDA;BRASIL;RIO GRANDE DO NORTE;BOM JESUS;FUNDAMENTAL II (5ª A 8ª SÉRIE);CASADO;711;TRABALHADORES DA EXTRAÇÃO MINERAL 	;RIO DE JANEIRO;ANGRA DOS REIS;CEREBRO;C710;NEOPLASIA MALIGNA;80003;CEREBRO;C710;;;;;false;PESQUISA;SEM INFORMAÇÃO;SEM INFORMAÇÃO;99 - SEM INFORMAÇÃO;999;MORTO;CÂNCER;01/09/2013;01/09/2013;23/08/2013;;
1141509;RCBP ANGRA DOS REIS;FEMININO;08/08/1942;70;BRANCO;BRASIL;MINAS GERAIS;BELO HORIZONTE;SEM INFORMAÇÃO;SEM INFORMAÇÃO;0;SEM INFORMAÇÃO	;RIO DE JANEIRO;ANGRA DOS REIS;COLO DO UTERO, SOE;C539;NEOPLASIA INTRA-EPITELIAL ESCAMOSA,GRAU IIII;80772;COLO DO UTERO, SOE;D069;;;;;false;HISTOLOGIA DO TUMOR PRIMÁRIO;"IN SITU";;;;;CÂNCER;20/09/2014;;15/06/2013;;
1141723;RCBP ANGRA DOS REIS;MASCULINO;24/12/1938;75;BRANCO;BRASIL;RIO DE JANEIRO;ANGRA DOS REIS;SEM INFORMAÇÃO;CASADO;622;TRABALHADORES AGRÍCOLAS   	;RIO DE JANEIRO;ANGRA DOS REIS;CABECA DO PANCREAS;C250;NEOPLASIA MALIGNA;80003;CABECA DO PANCREAS;C250;;;;;false;HISTOLOGIA DO TUMOR PRIMÁRIO;SEM INFORMAÇÃO;SEM INFORMAÇÃO;99 - SEM INFORMAÇÃO;999;MORTO;CÂNCER;27/01/2014;27/01/2014;30/12/2013;;
1141724;RCBP ANGRA DOS REIS;FEMININO;25/03/1964;49;BRANCO;BRASIL;CEARÁ;CANINDÉ;MÉDIO (ANTIGO SEGUNDO GRAU);SOLTEIRO;0;SEM INFORMAÇÃO	;RIO DE JANEIRO;ANGRA DOS REIS;TRATO INTESTINAL, SOE;C260;NEOPLASIA MALIGNA;80003;TRATO INTESTINAL, SOE;C260;;;;;false;PESQUISA;SEM INFORMAÇÃO;SEM INFORMAÇÃO;99 - SEM INFORMAÇÃO;999;MORTO;CÂNCER;30/12/2013;30/12/2013;30/12/2013;;
1141510;RCBP ANGRA DOS REIS;FEMININO;25/10/1969;43;PARDA;BRASIL;ESPIRITO SANTO;VITÓRIA;SEM INFORMAÇÃO;SEM INFORMAÇÃO;0;SEM INFORMAÇÃO	;RIO DE JANEIRO;ANGRA DOS REIS;COLO DO UTERO, SOE;C539;ADENOCARCINOMA "IN SITU", SOE;81402;COLO DO UTERO, SOE;D069;;;;;false;HISTOLOGIA DO TUMOR PRIMÁRIO;"IN SITU";;;;;;;;15/09/2013;;
1141658;RCBP ANGRA DOS REIS;MASCULINO;10/10/1933;79;BRANCO;BRASIL;BAHIA;GUARATINGA;SEM ESCOLARIDADE;SOLTEIRO;0;SEM INFORMAÇÃO	;RIO DE JANEIRO;ANGRA DOS REIS;PROSTATA, SOE;C619;NEOPLASIA MALIGNA;80003;PROSTATA;C61;;;;;false;HISTOLOGIA DA METÁSTASE;SEM INFORMAÇÃO;SEM INFORMAÇÃO;99 - SEM INFORMAÇÃO;999;MORTO;CÂNCER;28/08/2013;28/08/2013;28/08/2013;;
1141486;RCBP ANGRA DOS REIS;MASCULINO;31/05/1980;32;BRANCO;BRASIL;RIO DE JANEIRO;ANGRA DOS REIS;SEM ESCOLARIDADE;SOLTEIRO;711;TRABALHADORES DA EXTRAÇÃO MINERAL 	;RIO DE JANEIRO;ANGRA DOS REIS;LOCALIZACAO PRIMARIA DESCONHECIDA, SOE;C809;LINFOMA DE CELULAS T, MADURAS, SOE;97023;LINFOMA DE CELULAS T, PERIFERICO;C844;;;;;false;PESQUISA;NÃO SE APLICA;SEM INFORMAÇÃO;99 - SEM INFORMAÇÃO;999;MORTO;CÂNCER;13/09/2013;13/09/2013;15/01/2013;;
1141487;RCBP ANGRA DOS REIS;FEMININO;05/12/1983;29;SEM INFORMAÇÃO;BRASIL;RIO DE JANEIRO;ANGRA DOS REIS;MÉDIO (ANTIGO SEGUNDO GRAU);UNIÃO CONSENSUAL;0;SEM INFORMAÇÃO	;RIO DE JANEIRO;ANGRA DOS REIS;COLO DO UTERO, SOE;C539;NEOPLASIA INTRA-EPITELIAL ESCAMOSA,GRAU IIII;80772;COLO DO UTERO, SOE;D069;;;;;false;HISTOLOGIA DO TUMOR PRIMÁRIO;"IN SITU";;;;;;;;15/06/2013;;
1141538;RCBP ANGRA DOS REIS;MASCULINO;20/12/1961;51;BRANCO;BRASIL;RIO DE JANEIRO;ANGRA DOS REIS;MÉDIO (ANTIGO SEGUNDO GRAU);CASADO;0;SEM INFORMAÇÃO	;RIO DE JANEIRO;ANGRA DOS REIS;COLON, SOE;C189;NEOPLASIA MALIGNA;80003;COLON, SOE;C189;;;;;false;HISTOLOGIA DO TUMOR PRIMÁRIO;SEM INFORMAÇÃO;SEM INFORMAÇÃO;99 - SEM INFORMAÇÃO;999;MORTO;CÂNCER;30/12/2013;30/12/2013;15/02/2013;;
1141488;RCBP ANGRA DOS REIS;MASCULINO;26/12/1946;66;PARDA;BRASIL;PARAÍBA;;MÉDIO (ANTIGO SEGUNDO GRAU);SEPARADO JUDICIALMENTE;342;TÉCNICOS EM TRANSPORTES (LOGÍSTICA)   	;RIO DE JANEIRO;ANGRA DOS REIS;PROSTATA, SOE;C619;ADENOCARCINOMA, SOE;81403;PROSTATA;C61;;;;;false;HISTOLOGIA DO TUMOR PRIMÁRIO;SEM INFORMAÇÃO;SEM INFORMAÇÃO;99 - SEM INFORMAÇÃO;999;MORTO;CÂNCER;07/03/2013;07/03/2013;15/01/2013;;
1141725;RCBP ANGRA DOS REIS;MASCULINO;08/09/1940;72;BRANCO;BRASIL;RIO DE JANEIRO;ANGRA DOS REIS;FUNDAMENTAL I (1ª A 4ª SÉRIE);CASADO;0;SEM INFORMAÇÃO	;RIO DE JANEIRO;ANGRA DOS REIS;CEREBRO;C710;NEOPLASIA MALIGNA;80003;CEREBRO;C710;;;;;false;PESQUISA;SEM INFORMAÇÃO;SEM INFORMAÇÃO;99 - SEM INFORMAÇÃO;999;MORTO;CÂNCER;08/09/2013;08/09/2013;15/08/2013;;
1141726;RCBP ANGRA DOS REIS;MASCULINO;20/03/1951;62;BRANCO;BRASIL;RIO DE JANEIRO;RIO DE JANEIRO;MÉDIO (ANTIGO SEGUNDO GRAU);CASADO;411;ESCRITURÁRIOS EM GERAL, AGENTES, ASSISTENTES E AUXILIARES ADMINISTRATIVOS 	;RIO DE JANEIRO;ANGRA DOS REIS;FIGADO, SOE;C220;NEOPLASIA MALIGNA;80003;FIGADO E VIAS BILIARES INTRA-HEPATICAS;C22;;;;;false;HISTOLOGIA DO TUMOR PRIMÁRIO;SEM INFORMAÇÃO;SEM INFORMAÇÃO;99 - SEM INFORMAÇÃO;999;MORTO;CÂNCER;10/08/2013;10/08/2013;15/06/2013;;
1142024;RCBP ANGRA DOS REIS;MASCULINO;10/12/1924;88;BRANCO;BRASIL;RIO DE JANEIRO;;FUNDAMENTAL II (5ª A 8ª SÉRIE);CASADO;0;SEM INFORMAÇÃO	;RIO DE JANEIRO;ANGRA DOS REIS;PELE DE OUTRAS PARTES DA FACE;C443;CARCINOMA BASOCELULAR, SOE;80903;PELE DE OUTRAS PARTES DA FACE;C443;;;;;false;HISTOLOGIA DO TUMOR PRIMÁRIO;SEM INFORMAÇÃO;;;;;;;;28/05/2013;;
1141499;RCBP ANGRA DOS REIS;MASCULINO;10/11/1934;78;BRANCO;BRASIL;RIO DE JANEIRO;;FUNDAMENTAL II (5ª A 8ª SÉRIE);CASADO;711;TRABALHADORES DA EXTRAÇÃO MINERAL 	;RIO DE JANEIRO;ANGRA DOS REIS;CEREBRO;C710;NEOPLASIA MALIGNA;80003;CEREBRO;C710;;;;;false;PESQUISA;SEM INFORMAÇÃO;SEM INFORMAÇÃO;99 - SEM INFORMAÇÃO;999;MORTO;CÂNCER;22/04/2013;22/04/2013;15/02/2013;;
1141678;RCBP ANGRA DOS REIS;FEMININO;25/03/1957;56;BRANCO;BRASIL;RIO DE JANEIRO;ANGRA DOS REIS;FUNDAMENTAL I (1ª A 4ª SÉRIE);CASADO;512;TRABALHADORES DOS SERVIÇOS DOMÉSTICOS EM GERAL	;RIO DE JANEIRO;ANGRA DOS REIS;MAMA , SOE;C509;CARCINOMA DUCTAL INFILTRANTE;85003;MAMA , SOE;C509;;;;;false;HISTOLOGIA DO TUMOR PRIMÁRIO;SEM INFORMAÇÃO;SEM INFORMAÇÃO;99 - SEM INFORMAÇÃO;999;MORTO;CÂNCER;01/12/2013;01/12/2013;15/06/2013;;
1141679;RCBP ANGRA DOS REIS;FEMININO;04/07/1953;59;PARDA;BRASIL;RIO DE JANEIRO;ANGRA DOS REIS;FUNDAMENTAL I (1ª A 4ª SÉRIE);CASADO;0;SEM INFORMAÇÃO	;RIO DE JANEIRO;ANGRA DOS REIS;MAMA , SOE;C509;CARCINOMA DUCTAL INFILTRANTE;85003;MAMA , SOE;C509;;;;;false;HISTOLOGIA DO TUMOR PRIMÁRIO;SEM INFORMAÇÃO;;;;;CÂNCER;12/11/2013;;15/06/2013;;
1140454;RCBP ANGRA DOS REIS;MASCULINO;10/06/1935;77;SEM INFORMAÇÃO;BRASIL;Não informado;Não Informado;SEM INFORMAÇÃO;SEM INFORMAÇÃO;;;RIO DE JANEIRO;ANGRA DOS REIS;PELE DO MEMBRO INFERIOR E DO QUADRIL;C447;CARCINOMA BASOCELULAR, SOE;80903;PELE DO MEMBRO INFERIOR E DO QUADRIL;C447;;;;;false;HISTOLOGIA DO TUMOR PRIMÁRIO;LOCALIZADO;;;;;;;;31/05/2013;;
1140455;RCBP ANGRA DOS REIS;MASCULINO;10/06/1935;77;SEM INFORMAÇÃO;BRASIL;Não informado;Não Informado;SEM INFORMAÇÃO;SEM INFORMAÇÃO;;;RIO DE JANEIRO;ANGRA DOS REIS;PELE DO TRONCO;C445;CARCINOMA BASOCELULAR, SOE;80903;PELE DO TRONCO;C445;;;;;false;HISTOLOGIA DO TUMOR PRIMÁRIO;LOCALIZADO;;;;;;;;31/05/2013;;
1141727;RCBP ANGRA DOS REIS;MASCULINO;18/05/1936;76;BRANCO;BRASIL;RIO DE JANEIRO;;SUPERIOR COMPLETO;CASADO;141;GERENTES DE PRODUÇÃO E OPERAÇÕES  	;RIO DE JANEIRO;ANGRA DOS REIS;PANCREAS, SOE;C259;NEOPLASIA MALIGNA;80003;PANCREAS, SOE;C259;;;;;false;CLÍNICO;SEM INFORMAÇÃO;SEM INFORMAÇÃO;99 - SEM INFORMAÇÃO;999;MORTO;CÂNCER;26/05/2013;26/05/2013;15/05/2013;;
1142090;RCBP ANGRA DOS REIS;MASCULINO;22/04/1963;49;BRANCO;BRASIL;RIO DE JANEIRO;ANGRA DOS REIS;FUNDAMENTAL II (5ª A 8ª SÉRIE);CASADO;842;OPERADORES NA PREPARAÇÃO DE FUMO E NA FABRICAÇÃO DE CHARUTOS E CIGARROS   	;RIO DE JANEIRO;ANGRA DOS REIS;CEREBRO;C710;NEOPLASIA MALIGNA;80003;CEREBRO;C710;;;;;false;SDO;SEM INFORMAÇÃO;SEM INFORMAÇÃO;99 - SEM INFORMAÇÃO;999;MORTO;CÂNCER;18/02/2013;18/02/2013;18/02/2013;;
1142159;RCBP ANGRA DOS REIS;FEMININO;18/07/1918;95;BRANCO;BRASIL;PARAÍBA;;SEM ESCOLARIDADE;VIÚVO;0;SEM INFORMAÇÃO	;RIO DE JANEIRO;ANGRA DOS REIS;ESOFAGO, SOE;C159;NEOPLASIA MALIGNA;80003;ESOFAGO, SOE;C159;;;;;false;HISTOLOGIA DO TUMOR PRIMÁRIO;SEM INFORMAÇÃO;SEM INFORMAÇÃO;99 - SEM INFORMAÇÃO;999;MORTO;NÃO CÂNCER;08/09/2013;08/09/2013;08/09/2013;;
1141714;RCBP ANGRA DOS REIS;MASCULINO;22/09/1962;50;BRANCO;BRASIL;RIO DE JANEIRO;RIO DE JANEIRO;MÉDIO (ANTIGO SEGUNDO GRAU);CASADO;204;PROFISSIONAIS DE INVESTIGAÇÃO CRIMINAL	;RIO DE JANEIRO;ANGRA DOS REIS;LOCALIZACAO PRIMARIA DESCONHECIDA, SOE;C809;NEOPLASIA MALIGNA;80003;LOCALIZACAO PRIMARIA DESCONHECIDA;C80;;;;;false;CLÍNICO;SEM INFORMAÇÃO;SEM INFORMAÇÃO;99 - SEM INFORMAÇÃO;999;MORTO;CÂNCER;21/01/2013;21/01/2013;21/01/2013;;
1141459;RCBP ANGRA DOS REIS;FEMININO;20/06/1972;40;SEM INFORMAÇÃO;BRASIL;RIO DE JANEIRO;BELFORD ROXO;SEM INFORMAÇÃO;SEM INFORMAÇÃO;0;SEM INFORMAÇÃO	;RIO DE JANEIRO;ANGRA DOS REIS;COLO DO UTERO, SOE;C539;NEOPLASIA INTRA-EPITELIAL ESCAMOSA,GRAU IIII;80772;COLO DO UTERO, SOE;D069;;;;;false;HISTOLOGIA DO TUMOR PRIMÁRIO;"IN SITU";;;;;;;;10/05/2013;;
1141728;RCBP ANGRA DOS REIS;MASCULINO;28/10/1953;59;BRANCO;BRASIL;RIO DE JANEIRO;ANGRA DOS REIS;FUNDAMENTAL I (1ª A 4ª SÉRIE);CASADO;911;MECÂNICOS DE MANUTENÇÃO DE MÁQUINAS E EQUIPAMENTOS INDUSTRIAIS, COMERCIAIS E RESIDENCIAIS	;RIO DE JANEIRO;ANGRA DOS REIS;PULMAO, SOE;C349;NEOPLASIA MALIGNA;80003;BRONQUIOS OU PULMOES, SOE;C349;;;;;false;CLÍNICO;SEM INFORMAÇÃO;SEM INFORMAÇÃO;99 - SEM INFORMAÇÃO;999;MORTO;CÂNCER;19/09/2013;19/09/2013;19/09/2013;;
1141460;RCBP ANGRA DOS REIS;MASCULINO;23/06/1960;53;SEM INFORMAÇÃO;BRASIL;RIO DE JANEIRO;RIO DE JANEIRO;SUPERIOR COMPLETO;CASADO;222;AGRÔNOMOS E AFINS 	;RIO DE JANEIRO;ANGRA DOS REIS;PELE DO COURO CABELUDO E DO PESCOCO;C444;CARCINOMA BASOCELULAR, SOE;80903;PELE DO COURO CABELUDO E DO PESCOCO;C444;;;;;false;HISTOLOGIA DO TUMOR PRIMÁRIO;LOCALIZADO;;;;;;;;05/07/2013;;
1142025;RCBP ANGRA DOS REIS;MASCULINO;20/11/1944;68;PARDA;BRASIL;RIO DE JANEIRO;;FUNDAMENTAL I (1ª A 4ª SÉRIE);VIÚVO;0;SEM INFORMAÇÃO	;RIO DE JANEIRO;ANGRA DOS REIS;RETO, SOE;C209;ADENOCARCINOMA, SOE;81403;RETO;C20;;;;;false;HISTOLOGIA DO TUMOR PRIMÁRIO;METÁSTASE;;;;;SEM INFORMAÇÃO;07/08/2013;;08/07/2013;;
1141729;RCBP ANGRA DOS REIS;MASCULINO;15/11/1939;73;PARDA;BRASIL;RIO DE JANEIRO;ANGRA DOS REIS;FUNDAMENTAL I (1ª A 4ª SÉRIE);CASADO;622;TRABALHADORES AGRÍCOLAS   	;RIO DE JANEIRO;ANGRA DOS REIS;PANCREAS, SOE;C259;NEOPLASIA MALIGNA;80003;PANCREAS, SOE;C259;;;;;false;CLÍNICO;SEM INFORMAÇÃO;SEM INFORMAÇÃO;99 - SEM INFORMAÇÃO;999;MORTO;CÂNCER;20/05/2013;20/05/2013;20/05/2013;;
1141908;RCBP ANGRA DOS REIS;MASCULINO;22/11/1931;81;PRETA;BRASIL;MINAS GERAIS;;FUNDAMENTAL I (1ª A 4ª SÉRIE);CASADO;0;SEM INFORMAÇÃO	;RIO DE JANEIRO;ANGRA DOS REIS;PROSTATA, SOE;C619;ADENOCARCINOMA, SOE;81403;PROSTATA;C61;;;;;false;HISTOLOGIA DO TUMOR PRIMÁRIO;SEM INFORMAÇÃO;;;;;;;;14/01/2013;;
1141909;RCBP ANGRA DOS REIS;MASCULINO;18/03/1947;66;BRANCO;BRASIL;RIO DE JANEIRO;;SEM ESCOLARIDADE;CASADO;622;TRABALHADORES AGRÍCOLAS   	;RIO DE JANEIRO;ANGRA DOS REIS;PROSTATA, SOE;C619;ADENOCARCINOMA, SOE;81403;PROSTATA;C61;;;;;false;HISTOLOGIA DO TUMOR PRIMÁRIO;SEM INFORMAÇÃO;;;;;CÂNCER;30/07/2015;;18/11/2013;;
1141736;RCBP ANGRA DOS REIS;MASCULINO;24/06/1940;73;PRETA;BRASIL;RIO DE JANEIRO;ANGRA DOS REIS;SEM INFORMAÇÃO;CASADO;514;TRABALHADORES NOS SERVIÇOS DE ADMINISTRAÇÃO, CONSERVAÇÃO E MANUTENÇÃO DE EDIFÍCIOS E LOGRADOUROS  	;RIO DE JANEIRO;ANGRA DOS REIS;CABECA, FACE E PESCOCO, SOE;C760;NEOPLASIA MALIGNA;80003;CABECA, FACE E PESCOCO;C760;;;;;false;CLÍNICO;SEM INFORMAÇÃO;SEM INFORMAÇÃO;99 - SEM INFORMAÇÃO;999;MORTO;CÂNCER;18/07/2013;18/07/2013;18/07/2013;;
1141730;RCBP ANGRA DOS REIS;MASCULINO;09/10/1941;71;BRANCO;BRASIL;RIO DE JANEIRO;ANGRA DOS REIS;FUNDAMENTAL I (1ª A 4ª SÉRIE);CASADO;0;SEM INFORMAÇÃO	;RIO DE JANEIRO;ANGRA DOS REIS;PULMAO, SOE;C349;NEOPLASIA MALIGNA;80003;BRONQUIOS OU PULMOES, SOE;C349;;;;;false;CLÍNICO;SEM INFORMAÇÃO;SEM INFORMAÇÃO;99 - SEM INFORMAÇÃO;999;MORTO;CÂNCER;15/03/2013;15/03/2013;15/03/2013;;
1141856;RCBP ANGRA DOS REIS;MASCULINO;23/03/1956;57;PARDA;BRASIL;RIO DE JANEIRO;ANGRA DOS REIS;FUNDAMENTAL I (1ª A 4ª SÉRIE);CASADO;0;SEM INFORMAÇÃO	;RIO DE JANEIRO;ANGRA DOS REIS;LOCALIZACAO PRIMARIA DESCONHECIDA, SOE;C809;NEOPLASIA MALIGNA;80003;LOCALIZACAO PRIMARIA DESCONHECIDA;C80;;;;;false;CLÍNICO;METÁSTASE;SEM INFORMAÇÃO;99 - SEM INFORMAÇÃO;999;MORTO;CÂNCER;04/10/2013;04/10/2013;28/09/2013;;
1141461;RCBP ANGRA DOS REIS;MASCULINO;05/09/1947;65;SEM INFORMAÇÃO;BRASIL;Não informado;Não Informado;SEM INFORMAÇÃO;SEM INFORMAÇÃO;;;RIO DE JANEIRO;ANGRA DOS REIS;PROSTATA, SOE;C619;ADENOCARCINOMA, SOE;81403;PROSTATA;C61;;;;;false;HISTOLOGIA DO TUMOR PRIMÁRIO;LOCALIZADO;;;;;;;;23/07/2013;;
1141715;RCBP ANGRA DOS REIS;MASCULINO;25/04/1949;63;BRANCO;BRASIL;RIO DE JANEIRO;;FUNDAMENTAL I (1ª A 4ª SÉRIE);SOLTEIRO;513;TRABALHADORES DOS SERVIÇOS DE HOTELARIA E ALIMENTAÇÃO 	;RIO DE JANEIRO;ANGRA DOS REIS;ESTOMAGO, SOE;C169;NEOPLASIA MALIGNA;80003;ESTOMAGO, SOE;C169;;;;;false;HISTOLOGIA DO TUMOR PRIMÁRIO;SEM INFORMAÇÃO;SEM INFORMAÇÃO;99 - SEM INFORMAÇÃO;999;MORTO;CÂNCER;30/08/2013;30/08/2013;15/03/2013;;
1141539;RCBP ANGRA DOS REIS;MASCULINO;23/03/1945;68;PRETA;BRASIL;MINAS GERAIS;NOVA ERA;SEM INFORMAÇÃO;CASADO;0;SEM INFORMAÇÃO	;RIO DE JANEIRO;ANGRA DOS REIS;ESTOMAGO, SOE;C169;NEOPLASIA MALIGNA;80003;ESTOMAGO, SOE;C169;;;;;false;HISTOLOGIA DO TUMOR PRIMÁRIO;METÁSTASE;SEM INFORMAÇÃO;99 - SEM INFORMAÇÃO;999;MORTO;CÂNCER;13/09/2013;13/09/2013;15/06/2013;;
1142026;RCBP ANGRA DOS REIS;MASCULINO;25/12/1953;59;BRANCO;BRASIL;RIO DE JANEIRO;;FUNDAMENTAL II (5ª A 8ª SÉRIE);CASADO;0;SEM INFORMAÇÃO	;RIO DE JANEIRO;ANGRA DOS REIS;PROSTATA, SOE;C619;ADENOCARCINOMA, SOE;81403;PROSTATA;C61;;;;;false;HISTOLOGIA DO TUMOR PRIMÁRIO;SEM INFORMAÇÃO;;;;;;;;27/09/2013;;
1141465;RCBP ANGRA DOS REIS;MASCULINO;29/04/1955;58;BRANCO;BRASIL;RIO DE JANEIRO;ANGRA DOS REIS;FUNDAMENTAL I (1ª A 4ª SÉRIE);SEPARADO JUDICIALMENTE;711;TRABALHADORES DA EXTRAÇÃO MINERAL 	;RIO DE JANEIRO;ANGRA DOS REIS;BEXIGA, SOE;C679;ADENOCARCINOMA, SOE;81403;BEXIGA, SOE;C679;;;;;false;HISTOLOGIA DO TUMOR PRIMÁRIO;SEM INFORMAÇÃO;;;;;CÂNCER;30/11/2019;;05/07/2013;;
1141910;RCBP ANGRA DOS REIS;MASCULINO;08/01/1939;74;PARDA;BRASIL;RIO DE JANEIRO;;FUNDAMENTAL I (1ª A 4ª SÉRIE);SEPARADO JUDICIALMENTE;0;SEM INFORMAÇÃO	;RIO DE JANEIRO;ANGRA DOS REIS;PROSTATA, SOE;C619;ADENOCARCINOMA, SOE;81403;PROSTATA;C61;;;;;false;HISTOLOGIA DO TUMOR PRIMÁRIO;SEM INFORMAÇÃO;;;;;;;;18/04/2013;;
1142091;RCBP ANGRA DOS REIS;MASCULINO;05/03/1925;88;BRANCO;BRASIL;PERNAMBUCO;;FUNDAMENTAL II (5ª A 8ª SÉRIE);VIÚVO;0;SEM INFORMAÇÃO	;RIO DE JANEIRO;ANGRA DOS REIS;RETO, SOE;C209;NEOPLASIA MALIGNA;80003;RETO;C20;;;;;false;SDO;SEM INFORMAÇÃO;SEM INFORMAÇÃO;99 - SEM INFORMAÇÃO;999;MORTO;CÂNCER;16/03/2013;16/03/2013;16/03/2013;;
1141540;RCBP ANGRA DOS REIS;MASCULINO;16/03/1951;62;BRANCO;BRASIL;RIO DE JANEIRO;;FUNDAMENTAL II (5ª A 8ª SÉRIE);VIÚVO;0;SEM INFORMAÇÃO	;RIO DE JANEIRO;ANGRA DOS REIS;ENCEFALO, SOE;C719;NEOPLASIA MALIGNA;80003;ENCEFALO, SOE;C719;;;;;false;PESQUISA;SEM INFORMAÇÃO;SEM INFORMAÇÃO;99 - SEM INFORMAÇÃO;999;MORTO;NÃO CÂNCER;26/12/2013;26/12/2013;15/06/2013;;
1141898;RCBP ANGRA DOS REIS;MASCULINO;12/05/1936;77;PRETA;BRASIL;PARAÍBA;;SEM ESCOLARIDADE;VIÚVO;0;SEM INFORMAÇÃO	;RIO DE JANEIRO;ANGRA DOS REIS;PROSTATA, SOE;C619;NEOPLASIA MALIGNA;80003;PROSTATA;C61;;;;;false;HISTOLOGIA DO TUMOR PRIMÁRIO;SEM INFORMAÇÃO;SEM INFORMAÇÃO;99 - SEM INFORMAÇÃO;999;MORTO;CÂNCER;08/08/2015;;07/06/2013;;
1141899;RCBP ANGRA DOS REIS;MASCULINO;05/01/1952;61;BRANCO;BRASIL;MINAS GERAIS;;FUNDAMENTAL I (1ª A 4ª SÉRIE);CASADO;711;TRABALHADORES DA EXTRAÇÃO MINERAL 	;RIO DE JANEIRO;ANGRA DOS REIS;CAVIDADE NASAL;C300;NEOPLASIA MALIGNA;80003;CAVIDADE NASAL;C300;;;;;false;HISTOLOGIA DO TUMOR PRIMÁRIO;SEM INFORMAÇÃO;SEM INFORMAÇÃO;99 - SEM INFORMAÇÃO;999;MORTO;CÂNCER;15/01/2015;15/01/2015;27/02/2013;;
1141858;RCBP ANGRA DOS REIS;MASCULINO;19/04/1937;76;BRANCO;BRASIL;MINAS GERAIS;CARANGOLA;FUNDAMENTAL I (1ª A 4ª SÉRIE);CASADO;0;SEM INFORMAÇÃO	;RIO DE JANEIRO;ANGRA DOS REIS;CEREBRO;C710;NEOPLASIA MALIGNA;80003;CEREBRO;C710;;;;;false;CLÍNICO;SEM INFORMAÇÃO;SEM INFORMAÇÃO;99 - SEM INFORMAÇÃO;999;MORTO;CÂNCER;13/07/2013;13/07/2013;13/07/2013;;
1141731;RCBP ANGRA DOS REIS;FEMININO;16/02/1943;70;BRANCO;BRASIL;RIO DE JANEIRO;;FUNDAMENTAL I (1ª A 4ª SÉRIE);CASADO;0;SEM INFORMAÇÃO	;RIO DE JANEIRO;ANGRA DOS REIS;PULMAO, SOE;C349;NEOPLASIA MALIGNA;80003;BRONQUIOS OU PULMOES, SOE;C349;;;;;false;PESQUISA;SEM INFORMAÇÃO;SEM INFORMAÇÃO;99 - SEM INFORMAÇÃO;999;MORTO;CÂNCER;22/09/2013;22/09/2013;30/08/2013;;
1142092;RCBP ANGRA DOS REIS;FEMININO;15/03/1957;56;BRANCO;BRASIL;RIO DE JANEIRO;;SUPERIOR COMPLETO;VIÚVO;223;PROFISSIONAIS DA MEDICINA, SAÚDE E AFINS  	;RIO DE JANEIRO;ANGRA DOS REIS;OVARIO, SOE;C569;NEOPLASIA MALIGNA;80003;OVARIO;C56;;;;;false;SDO;METÁSTASE;SEM INFORMAÇÃO;99 - SEM INFORMAÇÃO;999;MORTO;CÂNCER;24/03/2013;24/03/2013;24/03/2013;;
1141859;RCBP ANGRA DOS REIS;FEMININO;15/06/1942;70;BRANCO;BRASIL;MINAS GERAIS;;FUNDAMENTAL I (1ª A 4ª SÉRIE);VIÚVO;0;SEM INFORMAÇÃO	;RIO DE JANEIRO;ANGRA DOS REIS;VESICULA BILIAR, SOE;C239;NEOPLASIA MALIGNA;80003;VESICULA BILIAR;C23;;;;;false;CLÍNICO;SEM INFORMAÇÃO;SEM INFORMAÇÃO;99 - SEM INFORMAÇÃO;999;MORTO;CÂNCER;22/02/2013;22/02/2013;15/01/2013;;
1142042;RCBP ANGRA DOS REIS;FEMININO;06/07/1968;45;PARDA;BRASIL;RIO DE JANEIRO;;FUNDAMENTAL I (1ª A 4ª SÉRIE);UNIÃO CONSENSUAL;0;SEM INFORMAÇÃO	;RIO DE JANEIRO;ANGRA DOS REIS;ECTOCERVIX;C531;CARCINOMA ESCAMOCELULAR, SOE;80703;ECTOCERVIX;C531;;;;;false;HISTOLOGIA DO TUMOR PRIMÁRIO;SEM INFORMAÇÃO;;;;;;;;10/12/2013;;
1142009;RCBP ANGRA DOS REIS;FEMININO;04/08/1960;52;PRETA;BRASIL;RIO DE JANEIRO;;SEM INFORMAÇÃO;SEM INFORMAÇÃO;0;SEM INFORMAÇÃO	;RIO DE JANEIRO;ANGRA DOS REIS;GLANDULA PAROTIDA, SOE;C079;CISTADENOCARCINOMA, SOE;84403;GLANDULA PAROTIDA;C07;;;;;false;HISTOLOGIA DO TUMOR PRIMÁRIO;SEM INFORMAÇÃO;;;;;;;;03/06/2013;;
1141682;RCBP ANGRA DOS REIS;FEMININO;21/09/1965;47;PARDA;BRASIL;RIO DE JANEIRO;RIO DE JANEIRO;SEM INFORMAÇÃO;SEM INFORMAÇÃO;0;SEM INFORMAÇÃO	;RIO DE JANEIRO;ANGRA DOS REIS;MAMA , SOE;C509;NEOPLASIA MALIGNA;80003;MAMA , SOE;C509;;;;;false;HISTOLOGIA DO TUMOR PRIMÁRIO;SEM INFORMAÇÃO;;;;;;;;15/06/2013;;
1141489;RCBP ANGRA DOS REIS;FEMININO;29/12/1963;49;SEM INFORMAÇÃO;BRASIL;SÃO PAULO;SÃO PAULO;SEM INFORMAÇÃO;SEM INFORMAÇÃO;;;RIO DE JANEIRO;ANGRA DOS REIS;COLO DO UTERO, SOE;C539;NEOPLASIA INTRA-EPITELIAL ESCAMOSA,GRAU IIII;80772;COLO DO UTERO, SOE;D069;;;;;false;HISTOLOGIA DO TUMOR PRIMÁRIO;"IN SITU";;;;;;;;15/11/2013;;
1142043;RCBP ANGRA DOS REIS;FEMININO;09/06/1973;39;BRANCO;BRASIL;RIO DE JANEIRO;;MÉDIO (ANTIGO SEGUNDO GRAU);UNIÃO CONSENSUAL;413;ESCRITURÁRIOS CONTÁBEIS E DE FINANÇAS	;RIO DE JANEIRO;ANGRA DOS REIS;VULVA, SOE;C519;CARCINOMA ESCAMOCELULAR, SOE;80703;VULVA, SOE;C519;;;;;false;HISTOLOGIA DO TUMOR PRIMÁRIO;SEM INFORMAÇÃO;;;;;;;;15/04/2013;;
1141861;RCBP ANGRA DOS REIS;FEMININO;19/06/1976;36;BRANCO;BRASIL;RIO DE JANEIRO;RIO DE JANEIRO;FUNDAMENTAL I (1ª A 4ª SÉRIE);CASADO;0;SEM INFORMAÇÃO	;RIO DE JANEIRO;ANGRA DOS REIS;PELE, SOE;C449;MELANOMA MALIGNO, SOE;87203;MELANOMA MALIGNO DA PELE, SOE;C439;;;;;false;CLÍNICO;METÁSTASE;SEM INFORMAÇÃO;99 - SEM INFORMAÇÃO;999;MORTO;CÂNCER;21/03/2013;21/03/2013;21/03/2013;;
1141659;RCBP ANGRA DOS REIS;MASCULINO;30/12/1959;53;PRETA;BRASIL;RIO DE JANEIRO;ANGRA DOS REIS;FUNDAMENTAL I (1ª A 4ª SÉRIE);CASADO;0;SEM INFORMAÇÃO	;RIO DE JANEIRO;ANGRA DOS REIS;GLOTE;C320;NEOPLASIA MALIGNA;80003;GLOTE;C320;;;;;false;HISTOLOGIA DO TUMOR PRIMÁRIO;SEM INFORMAÇÃO;SEM INFORMAÇÃO;99 - SEM INFORMAÇÃO;999;MORTO;CÂNCER;18/04/2013;18/04/2013;18/02/2013;;
1142067;RCBP ANGRA DOS REIS;FEMININO;07/01/1982;31;PARDA;BRASIL;RIO DE JANEIRO;;MÉDIO (ANTIGO SEGUNDO GRAU);CASADO;411;ESCRITURÁRIOS EM GERAL, AGENTES, ASSISTENTES E AUXILIARES ADMINISTRATIVOS 	;RIO DE JANEIRO;ANGRA DOS REIS;QUADRANTE INFERIOR EXTERNO DA MAMA;C505;CARCINOMA DUCTAL INFILTRANTE;85003;QUADRANTE INFERIOR EXTERNO DA MAMA;C505;;;;;false;HISTOLOGIA DO TUMOR PRIMÁRIO;SEM INFORMAÇÃO;;;;;;;;04/10/2013;;
1141466;RCBP ANGRA DOS REIS;MASCULINO;28/02/1973;39;PARDA;BRASIL;RIO DE JANEIRO;ANGRA DOS REIS;SEM INFORMAÇÃO;SOLTEIRO;342;TÉCNICOS EM TRANSPORTES (LOGÍSTICA)   	;RIO DE JANEIRO;ANGRA DOS REIS;TESTICULO, SOE;C629;NEOPLASIA MALIGNA;80003;TESTICULO, SOE;C629;;;;;false;HISTOLOGIA DO TUMOR PRIMÁRIO;SEM INFORMAÇÃO;SEM INFORMAÇÃO;99 - SEM INFORMAÇÃO;999;MORTO;CÂNCER;05/03/2013;05/03/2013;15/01/2013;;
1142027;RCBP ANGRA DOS REIS;FEMININO;13/05/1975;37;PARDA;BRASIL;RIO DE JANEIRO;;FUNDAMENTAL I (1ª A 4ª SÉRIE);SOLTEIRO;514;TRABALHADORES NOS SERVIÇOS DE ADMINISTRAÇÃO, CONSERVAÇÃO E MANUTENÇÃO DE EDIFÍCIOS E LOGRADOUROS  	;RIO DE JANEIRO;ANGRA DOS REIS;ESOFAGO, SOE;C159;CARCINOMA ESCAMOCELULAR, SOE;80703;ESOFAGO, SOE;C159;;;;;false;HISTOLOGIA DO TUMOR PRIMÁRIO;SEM INFORMAÇÃO;;;;;SEM INFORMAÇÃO;28/08/2015;;20/03/2013;;
1141732;RCBP ANGRA DOS REIS;MASCULINO;26/07/1982;31;PARDA;BRASIL;RIO DE JANEIRO;RIO DE JANEIRO;FUNDAMENTAL II (5ª A 8ª SÉRIE);SOLTEIRO;512;TRABALHADORES DOS SERVIÇOS DOMÉSTICOS EM GERAL	;RIO DE JANEIRO;ANGRA DOS REIS;TRATO INTESTINAL, SOE;C260;NEOPLASIA MALIGNA;80003;TRATO INTESTINAL, SOE;C260;;;;;false;CLÍNICO;SEM INFORMAÇÃO;SEM INFORMAÇÃO;99 - SEM INFORMAÇÃO;999;MORTO;CÂNCER;25/08/2013;25/08/2013;25/08/2013;;
1142093;RCBP ANGRA DOS REIS;MASCULINO;10/10/1960;53;BRANCO;BRASIL;MINAS GERAIS;;MÉDIO (ANTIGO SEGUNDO GRAU);UNIÃO CONSENSUAL;204;PROFISSIONAIS DE INVESTIGAÇÃO CRIMINAL	;RIO DE JANEIRO;ANGRA DOS REIS;LOCALIZACAO PRIMARIA DESCONHECIDA, SOE;C809;NEOPLASIA MALIGNA;80003;LOCALIZACAO PRIMARIA DESCONHECIDA;C80;;;;;false;SDO;METÁSTASE;SEM INFORMAÇÃO;99 - SEM INFORMAÇÃO;999;MORTO;CÂNCER;16/10/2013;16/10/2013;16/10/2013;;
1141912;RCBP ANGRA DOS REIS;MASCULINO;19/08/1947;65;BRANCO;BRASIL;RIO DE JANEIRO;BARRA MANSA;FUNDAMENTAL I (1ª A 4ª SÉRIE);CASADO;0;SEM INFORMAÇÃO	;RIO DE JANEIRO;ANGRA DOS REIS;PROSTATA, SOE;C619;ADENOCARCINOMA, SOE;81403;PROSTATA;C61;;;;;false;HISTOLOGIA DO TUMOR PRIMÁRIO;SEM INFORMAÇÃO;;;;;CÂNCER;20/02/2020;;26/04/2013;;
1141467;RCBP ANGRA DOS REIS;FEMININO;10/08/1977;36;SEM INFORMAÇÃO;BRASIL;Não informado;Não Informado;SEM INFORMAÇÃO;SEM INFORMAÇÃO;;;RIO DE JANEIRO;ANGRA DOS REIS;COLO DO UTERO, SOE;C539;CARCINOMA ESCAMOCELULAR "IN SITU", SOE;80702;COLO DO UTERO, SOE;D069;;;;;false;HISTOLOGIA DO TUMOR PRIMÁRIO;"IN SITU";;;;;;;;15/11/2013;;
1141862;RCBP ANGRA DOS REIS;FEMININO;22/04/1956;56;PARDA;BRASIL;PARAÍBA;;FUNDAMENTAL I (1ª A 4ª SÉRIE);CASADO;516;TRABALHADORES NOS SERVIÇOS DE EMBELEZAMENTO E CUIDADOS PESSOAIS   	;RIO DE JANEIRO;ANGRA DOS REIS;VIAS BILIARES EXTRA-HEPATICAS;C240;NEOPLASIA MALIGNA;80003;VIAS BILIARES EXTRA-HEPATICAS;C240;;;;;false;HISTOLOGIA DO TUMOR PRIMÁRIO;SEM INFORMAÇÃO;SEM INFORMAÇÃO;99 - SEM INFORMAÇÃO;999;MORTO;CÂNCER;14/09/2013;14/09/2013;10/04/2013;;
1141687;RCBP ANGRA DOS REIS;FEMININO;11/12/1957;55;BRANCO;BRASIL;RIO DE JANEIRO;PARACAMBI;SEM INFORMAÇÃO;SEM INFORMAÇÃO;0;SEM INFORMAÇÃO	;RIO DE JANEIRO;ANGRA DOS REIS;MAMA , SOE;C509;CARCINOMA DUCTAL INFILTRANTE;85003;MAMA , SOE;C509;;;;;false;HISTOLOGIA DO TUMOR PRIMÁRIO;SEM INFORMAÇÃO;;;;;;;;15/06/2013;;
1142094;RCBP ANGRA DOS REIS;FEMININO;12/02/1960;53;PARDA;BRASIL;RIO DE JANEIRO;;FUNDAMENTAL I (1ª A 4ª SÉRIE);SEM INFORMAÇÃO;0;SEM INFORMAÇÃO	;RIO DE JANEIRO;ANGRA DOS REIS;FIGADO, SOE;C220;NEOPLASIA MALIGNA;80003;FIGADO E VIAS BILIARES INTRA-HEPATICAS;C22;;;;;false;SDO;SEM INFORMAÇÃO;SEM INFORMAÇÃO;99 - SEM INFORMAÇÃO;999;MORTO;CÂNCER;26/03/2013;26/03/2013;26/03/2013;;
1141733;RCBP ANGRA DOS REIS;FEMININO;23/05/1943;70;PARDA;BRASIL;RIO DE JANEIRO;ANGRA DOS REIS;SEM ESCOLARIDADE;CASADO;0;SEM INFORMAÇÃO	;RIO DE JANEIRO;ANGRA DOS REIS;TRATO INTESTINAL, SOE;C260;NEOPLASIA MALIGNA;80003;TRATO INTESTINAL, SOE;C260;;;;;false;CLÍNICO;SEM INFORMAÇÃO;SEM INFORMAÇÃO;99 - SEM INFORMAÇÃO;999;MORTO;CÂNCER;29/10/2013;29/10/2013;29/10/2013;;
1141688;RCBP ANGRA DOS REIS;FEMININO;30/03/1952;61;BRANCO;BRASIL;RIO DE JANEIRO;RIO DE JANEIRO;SEM INFORMAÇÃO;SEM INFORMAÇÃO;0;SEM INFORMAÇÃO	;RIO DE JANEIRO;ANGRA DOS REIS;MAMA , SOE;C509;CARCINOMA DUCTAL INFILTRANTE;85003;MAMA , SOE;C509;;;;;false;HISTOLOGIA DO TUMOR PRIMÁRIO;SEM INFORMAÇÃO;;;;;;;;15/06/2013;;
1142095;RCBP ANGRA DOS REIS;FEMININO;07/07/1922;90;PRETA;BRASIL;RIO DE JANEIRO;;SEM ESCOLARIDADE;VIÚVO;0;SEM INFORMAÇÃO	;RIO DE JANEIRO;ANGRA DOS REIS;VIAS BILIARES INTRA-HEPATICAS;C221;COLANGIOCARCINOMA;81603;FIGADO E VIAS BILIARES INTRA-HEPATICAS;C22;;;;;false;SDO;METÁSTASE;SEM INFORMAÇÃO;99 - SEM INFORMAÇÃO;999;MORTO;CÂNCER;25/06/2013;25/06/2013;25/06/2013;;
1141900;RCBP ANGRA DOS REIS;FEMININO;23/06/1971;41;BRANCO;BRASIL;RIO DE JANEIRO;ANGRA DOS REIS;FUNDAMENTAL I (1ª A 4ª SÉRIE);SEPARADO JUDICIALMENTE;0;SEM INFORMAÇÃO	;RIO DE JANEIRO;ANGRA DOS REIS;TRATO INTESTINAL, SOE;C260;NEOPLASIA MALIGNA;80003;TRATO INTESTINAL, SOE;C260;;;;;false;HISTOLOGIA DO TUMOR PRIMÁRIO;SEM INFORMAÇÃO;SEM INFORMAÇÃO;99 - SEM INFORMAÇÃO;999;MORTO;CÂNCER;06/04/2015;06/04/2015;15/06/2013;;
1141734;RCBP ANGRA DOS REIS;FEMININO;06/04/1925;88;PARDA;BRASIL;RIO DE JANEIRO;ANGRA DOS REIS;MÉDIO (ANTIGO SEGUNDO GRAU);VIÚVO;0;SEM INFORMAÇÃO	;RIO DE JANEIRO;ANGRA DOS REIS;FIGADO, SOE;C220;NEOPLASIA MALIGNA;80003;FIGADO E VIAS BILIARES INTRA-HEPATICAS;C22;;;;;false;CLÍNICO;SEM INFORMAÇÃO;SEM INFORMAÇÃO;99 - SEM INFORMAÇÃO;999;MORTO;CÂNCER;29/05/2013;29/05/2013;29/05/2013;;
1141660;RCBP ANGRA DOS REIS;FEMININO;03/10/1957;55;BRANCO;BRASIL;RIO DE JANEIRO;RIO DE JANEIRO;FUNDAMENTAL I (1ª A 4ª SÉRIE);CASADO;0;SEM INFORMAÇÃO	;RIO DE JANEIRO;ANGRA DOS REIS;PULMAO, SOE;C349;NEOPLASIA MALIGNA;80003;BRONQUIOS OU PULMOES, SOE;C349;;;;;false;PESQUISA;SEM INFORMAÇÃO;SEM INFORMAÇÃO;99 - SEM INFORMAÇÃO;999;MORTO;CÂNCER;19/04/2013;19/04/2013;15/01/2013;;
1141707;RCBP ANGRA DOS REIS;FEMININO;26/05/1924;88;BRANCO;BRASIL;MINAS GERAIS;;SEM ESCOLARIDADE;VIÚVO;0;SEM INFORMAÇÃO	;RIO DE JANEIRO;ANGRA DOS REIS;UTERO, SOE;C559;ADENOCARCINOMA "IN SITU", SOE;81402;OUTROS ORGAOS GENITAIS FEMININOS, SOE;D073;;;;;false;HISTOLOGIA DO TUMOR PRIMÁRIO;"IN SITU";SEM INFORMAÇÃO;99 - SEM INFORMAÇÃO;999;MORTO;CÂNCER;10/07/2013;10/07/2013;15/01/2013;;
1142010;RCBP ANGRA DOS REIS;FEMININO;19/03/1957;56;BRANCO;BRASIL;RIO DE JANEIRO;ANGRA DOS REIS;SUPERIOR COMPLETO;CASADO;234;PROFESSORES DO ENSINO SUPERIOR	;RIO DE JANEIRO;ANGRA DOS REIS;TIREOIDE, SOE;C739;ADENOCARCINOMA FOLICULAR, SOE;83303;GLANDULA TIREOIDE;C73;;;;;false;HISTOLOGIA DO TUMOR PRIMÁRIO;SEM INFORMAÇÃO;;;;;;;;17/05/2013;;
1142044;RCBP ANGRA DOS REIS;FEMININO;24/11/1946;66;BRANCO;BRASIL;RIO DE JANEIRO;;FUNDAMENTAL I (1ª A 4ª SÉRIE);VIÚVO;0;SEM INFORMAÇÃO	;RIO DE JANEIRO;ANGRA DOS REIS;ENDOMETRIO;C541;CARCINOMA ENDOMETRIOIDE, SOE;83803;ENDOMETRIO;C541;;;;;false;HISTOLOGIA DO TUMOR PRIMÁRIO;SEM INFORMAÇÃO;;;;;;;;19/06/2013;;
1142028;RCBP ANGRA DOS REIS;FEMININO;25/11/1946;66;BRANCO;BRASIL;CEARÁ;;FUNDAMENTAL II (5ª A 8ª SÉRIE);SOLTEIRO;524;VENDEDORES A DOMICÍLIO, AMBULANTES E EM BANCAS	;RIO DE JANEIRO;ANGRA DOS REIS;PELE DE OUTRAS PARTES DA FACE;C443;CARCINOMA BASOCELULAR, SOE;80903;PELE DE OUTRAS PARTES DA FACE;C443;;;;;false;CLÍNICO;SEM INFORMAÇÃO;;;;;;;;29/01/2013;;
1141690;RCBP ANGRA DOS REIS;FEMININO;21/01/1966;47;SEM INFORMAÇÃO;BRASIL;RIO DE JANEIRO;ANGRA DOS REIS;SEM INFORMAÇÃO;SEM INFORMAÇÃO;0;SEM INFORMAÇÃO	;RIO DE JANEIRO;ANGRA DOS REIS;MAMA , SOE;C509;CARCINOMA DUCTAL INFILTRANTE;85003;MAMA , SOE;C509;;;;;false;HISTOLOGIA DO TUMOR PRIMÁRIO;SEM INFORMAÇÃO;;;;;;;;15/06/2013;;
1141913;RCBP ANGRA DOS REIS;FEMININO;11/09/1957;56;PARDA;BRASIL;PARANÁ;;FUNDAMENTAL I (1ª A 4ª SÉRIE);SEPARADO JUDICIALMENTE;514;TRABALHADORES NOS SERVIÇOS DE ADMINISTRAÇÃO, CONSERVAÇÃO E MANUTENÇÃO DE EDIFÍCIOS E LOGRADOUROS  	;RIO DE JANEIRO;ANGRA DOS REIS;QUADRANTE SUPERIOR EXTERNO DA MAMA;C504;CARCINOMA DUCTAL INFILTRANTE;85003;QUADRANTE SUPERIOR EXTERNO DA MAMA;C504;;;;;false;HISTOLOGIA DO TUMOR PRIMÁRIO;SEM INFORMAÇÃO;;;;;;;;25/10/2013;;
1141512;RCBP ANGRA DOS REIS;FEMININO;08/01/1954;59;SEM INFORMAÇÃO;BRASIL;RIO DE JANEIRO;ANGRA DOS REIS;SEM INFORMAÇÃO;SEM INFORMAÇÃO;0;SEM INFORMAÇÃO	;RIO DE JANEIRO;ANGRA DOS REIS;COLO DO UTERO, SOE;C539;ADENOCARCINOMA "IN SITU", SOE;81402;COLO DO UTERO, SOE;D069;;;;;false;HISTOLOGIA DO TUMOR PRIMÁRIO;"IN SITU";;;;;;;;15/09/2013;;
1142029;RCBP ANGRA DOS REIS;FEMININO;23/02/1946;67;BRANCO;BRASIL;RIO DE JANEIRO;;FUNDAMENTAL I (1ª A 4ª SÉRIE);CASADO;514;TRABALHADORES NOS SERVIÇOS DE ADMINISTRAÇÃO, CONSERVAÇÃO E MANUTENÇÃO DE EDIFÍCIOS E LOGRADOUROS  	;RIO DE JANEIRO;ANGRA DOS REIS;COLON SIGMOIDE;C187;ADENOCARCINOMA PRODUTOR DE MUCINA;84813;COLON SIGMOIDE;C187;;;;;false;HISTOLOGIA DO TUMOR PRIMÁRIO;SEM INFORMAÇÃO;;;;;;;;02/07/2013;;
1141914;RCBP ANGRA DOS REIS;FEMININO;20/05/1957;56;PRETA;BRASIL;RIO DE JANEIRO;;FUNDAMENTAL II (5ª A 8ª SÉRIE);SEM INFORMAÇÃO;0;SEM INFORMAÇÃO	;RIO DE JANEIRO;ANGRA DOS REIS;PULMAO, SOE;C349;ADENOCARCINOMA, SOE;81403;BRONQUIOS OU PULMOES, SOE;C349;;;;;false;HISTOLOGIA DO TUMOR PRIMÁRIO;SEM INFORMAÇÃO;;;;;;;;04/06/2013;;
1141542;RCBP ANGRA DOS REIS;FEMININO;23/01/1952;61;PRETA;BRASIL;BAHIA;CANAVIEIRAS;SEM ESCOLARIDADE;SOLTEIRO;0;SEM INFORMAÇÃO	;RIO DE JANEIRO;ANGRA DOS REIS;MAMA , SOE;C509;NEOPLASIA MALIGNA;80003;MAMA , SOE;C509;;;;;false;HISTOLOGIA DO TUMOR PRIMÁRIO;SEM INFORMAÇÃO;;;;;CÂNCER;26/05/2013;;26/05/2013;;
1141468;RCBP ANGRA DOS REIS;FEMININO;18/09/1949;63;SEM INFORMAÇÃO;BRASIL;RIO DE JANEIRO;RIO DE JANEIRO;SEM INFORMAÇÃO;SEM INFORMAÇÃO;;;RIO DE JANEIRO;ANGRA DOS REIS;PELE DO TRONCO;C445;CARCINOMA BASOCELULAR, SOE;80903;PELE DO TRONCO;C445;;;;;false;HISTOLOGIA DO TUMOR PRIMÁRIO;LOCALIZADO;;;;;;;;08/07/2013;;
1141661;RCBP ANGRA DOS REIS;FEMININO;13/07/1936;76;BRANCO;BRASIL;MINAS GERAIS;;FUNDAMENTAL I (1ª A 4ª SÉRIE);SOLTEIRO;0;SEM INFORMAÇÃO	;RIO DE JANEIRO;ANGRA DOS REIS;MAMA , SOE;C509;CARCINOMA DUCTAL INFILTRANTE;85003;MAMA , SOE;C509;;;;;false;HISTOLOGIA DO TUMOR PRIMÁRIO;SEM INFORMAÇÃO;SEM INFORMAÇÃO;99 - SEM INFORMAÇÃO;999;MORTO;CÂNCER;19/02/2013;19/02/2013;05/02/2013;;
1141490;RCBP ANGRA DOS REIS;MASCULINO;14/03/1949;64;PARDA;BRASIL;ESPIRITO SANTO;CACHOEIRO DE ITAPEMIRIM;SEM INFORMAÇÃO;CASADO;0;SEM INFORMAÇÃO	;RIO DE JANEIRO;ANGRA DOS REIS;PROSTATA, SOE;C619;ADENOCARCINOMA, SOE;81403;PROSTATA;C61;;;;;false;HISTOLOGIA DO TUMOR PRIMÁRIO;SEM INFORMAÇÃO;SEM INFORMAÇÃO;99 - SEM INFORMAÇÃO;999;MORTO;CÂNCER;19/06/2013;19/06/2013;23/04/2013;;
1142030;RCBP ANGRA DOS REIS;MASCULINO;19/09/1988;24;BRANCO;BRASIL;RIO DE JANEIRO;;MÉDIO (ANTIGO SEGUNDO GRAU);CASADO;715;TRABALHADORES DA CONSTRUÇÃO CIVIL E OBRAS PÚBLICAS	;RIO DE JANEIRO;ANGRA DOS REIS;LINFONODOS DA CABECA, FACE E PESCOCO;C770;LINFOMA DE BURKITT, SOE;96873;TUMOR DE BURKITT;C837;;;LINFOMA NÃO-HODGKIN;2.1;true;HISTOLOGIA DO TUMOR PRIMÁRIO;NÃO SE APLICA;;;;;CÂNCER;14/06/2013;;31/01/2013;;
1142096;RCBP ANGRA DOS REIS;FEMININO;11/07/1949;64;BRANCO;BRASIL;RIO DE JANEIRO;;SUPERIOR COMPLETO;CASADO;111;MEMBROS SUPERIORES DO PODER LEGISLATIVO, EXECUTIVO E JUDICIÁRIO   	;RIO DE JANEIRO;ANGRA DOS REIS;PULMAO, SOE;C349;NEOPLASIA MALIGNA;80003;BRONQUIOS OU PULMOES, SOE;C349;;;;;false;SDO;SEM INFORMAÇÃO;SEM INFORMAÇÃO;99 - SEM INFORMAÇÃO;999;MORTO;CÂNCER;10/11/2013;10/11/2013;10/11/2013;;
1141469;RCBP ANGRA DOS REIS;FEMININO;18/12/1980;32;SEM INFORMAÇÃO;BRASIL;RIO DE JANEIRO;RIO DE JANEIRO;SEM INFORMAÇÃO;SEM INFORMAÇÃO;0;SEM INFORMAÇÃO	;RIO DE JANEIRO;ANGRA DOS REIS;COLO DO UTERO, SOE;C539;CARCINOMA ESCAMOCELULAR "IN SITU", SOE;80702;COLO DO UTERO, SOE;D069;;;;;false;HISTOLOGIA DO TUMOR PRIMÁRIO;"IN SITU";;;;;;;;15/07/2013;;
1141864;RCBP ANGRA DOS REIS;MASCULINO;29/12/1944;68;BRANCO;BRASIL;MINAS GERAIS;;FUNDAMENTAL II (5ª A 8ª SÉRIE);CASADO;911;MECÂNICOS DE MANUTENÇÃO DE MÁQUINAS E EQUIPAMENTOS INDUSTRIAIS, COMERCIAIS E RESIDENCIAIS	;RIO DE JANEIRO;ANGRA DOS REIS;PANCREAS, SOE;C259;NEOPLASIA MALIGNA;80003;PANCREAS, SOE;C259;;;;;false;HISTOLOGIA DO TUMOR PRIMÁRIO;SEM INFORMAÇÃO;SEM INFORMAÇÃO;99 - SEM INFORMAÇÃO;999;MORTO;CÂNCER;25/04/2013;25/04/2013;08/04/2013;;
1142097;RCBP ANGRA DOS REIS;FEMININO;13/05/1931;82;BRANCO;BRASIL;Não informado;;FUNDAMENTAL I (1ª A 4ª SÉRIE);VIÚVO;;;RIO DE JANEIRO;ANGRA DOS REIS;ABDOME, SOE;C762;NEOPLASIA MALIGNA;80003;ABDOME;C762;;;;;false;SDO;SEM INFORMAÇÃO;SEM INFORMAÇÃO;99 - SEM INFORMAÇÃO;999;MORTO;CÂNCER;16/09/2013;16/09/2013;16/09/2013;;
1141493;RCBP ANGRA DOS REIS;MASCULINO;01/04/1929;84;PARDA;BRASIL;RIO DE JANEIRO;;FUNDAMENTAL I (1ª A 4ª SÉRIE);SEPARADO JUDICIALMENTE;711;TRABALHADORES DA EXTRAÇÃO MINERAL 	;RIO DE JANEIRO;ANGRA DOS REIS;PULMAO, SOE;C349;NEOPLASIA MALIGNA;80003;BRONQUIOS OU PULMOES, SOE;C349;;;;;false;PESQUISA;SEM INFORMAÇÃO;SEM INFORMAÇÃO;99 - SEM INFORMAÇÃO;999;MORTO;CÂNCER;02/10/2013;02/10/2013;15/06/2013;;
1141866;RCBP ANGRA DOS REIS;FEMININO;01/09/1933;79;BRANCO;BRASIL;RIO DE JANEIRO;;SEM INFORMAÇÃO;CASADO;0;SEM INFORMAÇÃO	;RIO DE JANEIRO;ANGRA DOS REIS;CABECA DO PANCREAS;C250;CARCINOMA PAPILAR INTRADUCTAL MUCINOSO, INVASIVO;84533;CABECA DO PANCREAS;C250;;;;;false;HISTOLOGIA DO TUMOR PRIMÁRIO;SEM INFORMAÇÃO;SEM INFORMAÇÃO;99 - SEM INFORMAÇÃO;999;MORTO;CÂNCER;21/08/2013;21/08/2013;15/06/2013;;
1142098;RCBP ANGRA DOS REIS;MASCULINO;13/05/1949;63;PARDA;BRASIL;RIO DE JANEIRO;;FUNDAMENTAL I (1ª A 4ª SÉRIE);VIÚVO;842;OPERADORES NA PREPARAÇÃO DE FUMO E NA FABRICAÇÃO DE CHARUTOS E CIGARROS   	;RIO DE JANEIRO;ANGRA DOS REIS;ESTOMAGO, SOE;C169;NEOPLASIA MALIGNA;80003;ESTOMAGO, SOE;C169;;;;;false;SDO;SEM INFORMAÇÃO;SEM INFORMAÇÃO;99 - SEM INFORMAÇÃO;999;MORTO;CÂNCER;02/05/2013;02/05/2013;02/05/2013;;
1141470;RCBP ANGRA DOS REIS;MASCULINO;24/05/1946;66;PRETA;BRASIL;MINAS GERAIS;;FUNDAMENTAL I (1ª A 4ª SÉRIE);CASADO;0;SEM INFORMAÇÃO	;RIO DE JANEIRO;ANGRA DOS REIS;PROSTATA, SOE;C619;ADENOCARCINOMA, SOE;81403;PROSTATA;C61;;;;;false;HISTOLOGIA DO TUMOR PRIMÁRIO;SEM INFORMAÇÃO;SEM INFORMAÇÃO;99 - SEM INFORMAÇÃO;999;MORTO;CÂNCER;24/11/2013;24/11/2013;15/02/2013;;
1142099;RCBP ANGRA DOS REIS;MASCULINO;26/09/1935;77;BRANCO;BRASIL;RIO DE JANEIRO;;FUNDAMENTAL I (1ª A 4ª SÉRIE);CASADO;622;TRABALHADORES AGRÍCOLAS   	;RIO DE JANEIRO;ANGRA DOS REIS;SUPRAGLOTE;C321;NEOPLASIA MALIGNA;80003;REGIAO SUPRAGLOTICA;C321;;;;;false;SDO;SEM INFORMAÇÃO;SEM INFORMAÇÃO;99 - SEM INFORMAÇÃO;999;MORTO;CÂNCER;17/03/2013;17/03/2013;17/03/2013;;
1141471;RCBP ANGRA DOS REIS;FEMININO;18/07/1970;42;PRETA;BRASIL;RIO DE JANEIRO;ANGRA DOS REIS;SEM INFORMAÇÃO;SEM INFORMAÇÃO;0;SEM INFORMAÇÃO	;RIO DE JANEIRO;ANGRA DOS REIS;COLO DO UTERO, SOE;C539;CARCINOMA ESCAMOCELULAR "IN SITU", SOE;80702;COLO DO UTERO, SOE;D069;;;;;false;HISTOLOGIA DO TUMOR PRIMÁRIO;"IN SITU";;;;;;;;15/07/2013;;
1141695;RCBP ANGRA DOS REIS;FEMININO;;;SEM INFORMAÇÃO;BRASIL;MINAS GERAIS;ABAETÉ;FUNDAMENTAL II (5ª A 8ª SÉRIE);CASADO;0;SEM INFORMAÇÃO	;RIO DE JANEIRO;ANGRA DOS REIS;MAMA , SOE;C509;CARCINOMA DUCTAL INFILTRANTE;85003;MAMA , SOE;C509;;;;;false;HISTOLOGIA DO TUMOR PRIMÁRIO;SEM INFORMAÇÃO;;;;;;;;15/06/2013;;
1141472;RCBP ANGRA DOS REIS;MASCULINO;19/03/1931;82;SEM INFORMAÇÃO;BRASIL;RIO DE JANEIRO;ANGRA DOS REIS;SEM INFORMAÇÃO;SEM INFORMAÇÃO;;;RIO DE JANEIRO;ANGRA DOS REIS;PELE, SOE;C449;CARCINOMA BASOCELULAR, SOE;80903;NEOPLASIA MALIGNA DA PELE;C449;;;;;false;HISTOLOGIA DO TUMOR PRIMÁRIO;LOCALIZADO;;;;;;;;21/05/2013;;
1141696;RCBP ANGRA DOS REIS;FEMININO;27/12/1940;72;SEM INFORMAÇÃO;BRASIL;RIO DE JANEIRO;RIO DE JANEIRO;SEM INFORMAÇÃO;SEM INFORMAÇÃO;0;SEM INFORMAÇÃO	;RIO DE JANEIRO;ANGRA DOS REIS;MAMA , SOE;C509;CARCINOMA DUCTAL INFILTRANTE;85003;MAMA , SOE;C509;;;;;false;HISTOLOGIA DO TUMOR PRIMÁRIO;SEM INFORMAÇÃO;;;;;;;;15/06/2013;;
1142100;RCBP ANGRA DOS REIS;MASCULINO;23/07/1940;72;BRANCO;BRASIL;MINAS GERAIS;;FUNDAMENTAL I (1ª A 4ª SÉRIE);CASADO;711;TRABALHADORES DA EXTRAÇÃO MINERAL 	;RIO DE JANEIRO;ANGRA DOS REIS;PULMAO, SOE;C349;NEOPLASIA MALIGNA;80003;BRONQUIOS OU PULMOES, SOE;C349;;;;;false;SDO;METÁSTASE;SEM INFORMAÇÃO;99 - SEM INFORMAÇÃO;999;MORTO;CÂNCER;17/06/2013;17/06/2013;17/06/2013;;
1141543;RCBP ANGRA DOS REIS;FEMININO;15/01/1939;74;BRANCO;BRASIL;RIO DE JANEIRO;ANGRA DOS REIS;FUNDAMENTAL I (1ª A 4ª SÉRIE);SEPARADO JUDICIALMENTE;0;SEM INFORMAÇÃO	;RIO DE JANEIRO;ANGRA DOS REIS;COLON SIGMOIDE;C187;NEOPLASIA MALIGNA;80003;COLON SIGMOIDE;C187;;;;;false;HISTOLOGIA DO TUMOR PRIMÁRIO;SEM INFORMAÇÃO;SEM INFORMAÇÃO;99 - SEM INFORMAÇÃO;999;MORTO;CÂNCER;09/08/2013;09/08/2013;20/03/2013;;
1141473;RCBP ANGRA DOS REIS;FEMININO;31/03/1925;87;PARDA;BRASIL;RIO DE JANEIRO;;FUNDAMENTAL I (1ª A 4ª SÉRIE);CASADO;0;SEM INFORMAÇÃO	;RIO DE JANEIRO;ANGRA DOS REIS;UTERO, SOE;C559;ADENOCARCINOMA "IN SITU", SOE;81402;OUTROS ORGAOS GENITAIS FEMININOS, SOE;D073;;;;;false;HISTOLOGIA DO TUMOR PRIMÁRIO;"IN SITU";SEM INFORMAÇÃO;99 - SEM INFORMAÇÃO;999;MORTO;CÂNCER;09/02/2013;09/02/2013;15/01/2013;;
1142014;RCBP ANGRA DOS REIS;MASCULINO;11/10/1953;59;BRANCO;BRASIL;MINAS GERAIS;;SUPERIOR COMPLETO;CASADO;111;MEMBROS SUPERIORES DO PODER LEGISLATIVO, EXECUTIVO E JUDICIÁRIO   	;RIO DE JANEIRO;ANGRA DOS REIS;PELE DO TRONCO;C445;MELANOMA NODULAR;87213;MELANOMA MALIGNO DO TRONCO;C435;;;;;false;HISTOLOGIA DO TUMOR PRIMÁRIO;METÁSTASE;;;;;CÂNCER;17/09/2015;;15/08/2013;;
1142031;RCBP ANGRA DOS REIS;FEMININO;10/07/1983;29;BRANCO;BRASIL;RIO DE JANEIRO;;MÉDIO (ANTIGO SEGUNDO GRAU);SOLTEIRO;422;TRABALHADORES DE INFORMAÇÕES AO PÚBLICO   	;RIO DE JANEIRO;ANGRA DOS REIS;TIREOIDE, SOE;C739;ADENOCARCINOMA FOLICULAR, SOE;83303;GLANDULA TIREOIDE;C73;;;CARCINOMA DE TIREÓIDE;8.1;false;HISTOLOGIA DO TUMOR PRIMÁRIO;SEM INFORMAÇÃO;;;;;;;;28/02/2013;;
1142045;RCBP ANGRA DOS REIS;FEMININO;05/06/1935;78;BRANCO;BRASIL;RIO DE JANEIRO;;FUNDAMENTAL I (1ª A 4ª SÉRIE);VIÚVO;0;SEM INFORMAÇÃO	;RIO DE JANEIRO;ANGRA DOS REIS;LESAO SOBREPOSTA DA PELE;C448;CARCINOMA ESCAMOCELULAR, SOE;80703;LESAO INVASIVA DA PELE;C448;;;;;false;HISTOLOGIA DO TUMOR PRIMÁRIO;SEM INFORMAÇÃO;;;;;;;;09/12/2013;;
1142101;RCBP ANGRA DOS REIS;MASCULINO;19/11/1933;79;BRANCO;BRASIL;Não informado;;FUNDAMENTAL I (1ª A 4ª SÉRIE);CASADO;0;SEM INFORMAÇÃO	;RIO DE JANEIRO;ANGRA DOS REIS;PULMAO, SOE;C349;NEOPLASIA MALIGNA;80003;BRONQUIOS OU PULMOES, SOE;C349;;;;;false;SDO;SEM INFORMAÇÃO;SEM INFORMAÇÃO;99 - SEM INFORMAÇÃO;999;MORTO;CÂNCER;19/08/2013;19/08/2013;19/08/2013;;
1141735;RCBP ANGRA DOS REIS;MASCULINO;18/04/1944;68;BRANCO;BRASIL;RONDONIA;;SEM INFORMAÇÃO;SEPARADO JUDICIALMENTE;232;PROFESSORES DO ENSINO MÉDIO   	;RIO DE JANEIRO;ANGRA DOS REIS;PULMAO, SOE;C349;NEOPLASIA MALIGNA;80003;BRONQUIOS OU PULMOES, SOE;C349;;;;;false;CLÍNICO;SEM INFORMAÇÃO;SEM INFORMAÇÃO;99 - SEM INFORMAÇÃO;999;MORTO;CÂNCER;11/01/2013;11/01/2013;11/01/2013;;
1141916;RCBP ANGRA DOS REIS;MASCULINO;01/07/1949;64;PARDA;BRASIL;RIO DE JANEIRO;PARATI;FUNDAMENTAL II (5ª A 8ª SÉRIE);CASADO;0;SEM INFORMAÇÃO	;RIO DE JANEIRO;ANGRA DOS REIS;PULMAO, SOE;C349;NEOPLASIA MALIGNA;80003;BRONQUIOS OU PULMOES, SOE;C349;;;;;false;HISTOLOGIA DO TUMOR PRIMÁRIO;SEM INFORMAÇÃO;;;;;CÂNCER;19/07/2014;;12/08/2013;;
1142032;RCBP ANGRA DOS REIS;MASCULINO;02/05/1940;73;PARDA;BRASIL;RIO DE JANEIRO;;FUNDAMENTAL I (1ª A 4ª SÉRIE);CASADO;0;SEM INFORMAÇÃO	;RIO DE JANEIRO;ANGRA DOS REIS;PROSTATA, SOE;C619;ADENOCARCINOMA, SOE;81403;PROSTATA;C61;;;;;false;HISTOLOGIA DO TUMOR PRIMÁRIO;SEM INFORMAÇÃO;;;;;;;;17/09/2013;;
1141868;RCBP ANGRA DOS REIS;MASCULINO;21/02/1961;52;PARDA;BRASIL;RIO DE JANEIRO;ANGRA DOS REIS;FUNDAMENTAL I (1ª A 4ª SÉRIE);SEPARADO JUDICIALMENTE;622;TRABALHADORES AGRÍCOLAS   	;RIO DE JANEIRO;ANGRA DOS REIS;PULMAO, SOE;C349;NEOPLASIA MALIGNA;80003;BRONQUIOS OU PULMOES, SOE;C349;;;;;false;PESQUISA;SEM INFORMAÇÃO;SEM INFORMAÇÃO;99 - SEM INFORMAÇÃO;999;MORTO;CÂNCER;10/10/2013;10/10/2013;15/08/2013;;
1141474;RCBP ANGRA DOS REIS;MASCULINO;22/06/1942;71;SEM INFORMAÇÃO;BRASIL;ESPIRITO SANTO;VILA VELHA;SEM INFORMAÇÃO;CASADO;0;SEM INFORMAÇÃO	;RIO DE JANEIRO;ANGRA DOS REIS;PROSTATA, SOE;C619;ADENOCARCINOMA, SOE;81403;PROSTATA;C61;;;;;false;HISTOLOGIA DO TUMOR PRIMÁRIO;SEM INFORMAÇÃO;;;;;;;;31/12/2013;;
1142019;RCBP ANGRA DOS REIS;FEMININO;09/02/1928;85;AMARELA;BRASIL;RIO DE JANEIRO;RIO DE JANEIRO;FUNDAMENTAL I (1ª A 4ª SÉRIE);VIÚVO;0;SEM INFORMAÇÃO	;RIO DE JANEIRO;ANGRA DOS REIS;ESTOMAGO, SOE;C169;NEOPLASIA MALIGNA;80003;ESTOMAGO, SOE;C169;;;;;false;HISTOLOGIA DO TUMOR PRIMÁRIO;SEM INFORMAÇÃO;;;;;CÂNCER;06/09/2015;;15/06/2013;;
1141917;RCBP ANGRA DOS REIS;FEMININO;10/01/1955;58;PARDA;BRASIL;RIO DE JANEIRO;;FUNDAMENTAL I (1ª A 4ª SÉRIE);SOLTEIRO;0;SEM INFORMAÇÃO	;RIO DE JANEIRO;ANGRA DOS REIS;RIM, SOE;C649;ADENOCARCINOMA, SOE;81403;RIM;C64;;;;;false;HISTOLOGIA DO TUMOR PRIMÁRIO;SEM INFORMAÇÃO;;;;;;;;04/09/2013;;
1141869;RCBP ANGRA DOS REIS;MASCULINO;21/03/1928;85;PRETA;BRASIL;RIO DE JANEIRO;VOLTA REDONDA;FUNDAMENTAL II (5ª A 8ª SÉRIE);CASADO;0;SEM INFORMAÇÃO	;RIO DE JANEIRO;ANGRA DOS REIS;PROSTATA, SOE;C619;ADENOCARCINOMA, SOE;81403;PROSTATA;C61;;;;;false;HISTOLOGIA DO TUMOR PRIMÁRIO;SEM INFORMAÇÃO;SEM INFORMAÇÃO;99 - SEM INFORMAÇÃO;999;MORTO;CÂNCER;15/11/2013;15/11/2013;15/11/2013;;
1142102;RCBP ANGRA DOS REIS;MASCULINO;11/03/1960;53;BRANCO;BRASIL;RIO DE JANEIRO;;SEM INFORMAÇÃO;CASADO;;;RIO DE JANEIRO;ANGRA DOS REIS;LOCALIZACAO PRIMARIA DESCONHECIDA, SOE;C809;NEOPLASIA MALIGNA;80003;LOCALIZACAO PRIMARIA DESCONHECIDA;C80;;;;;false;SDO;SEM INFORMAÇÃO;SEM INFORMAÇÃO;99 - SEM INFORMAÇÃO;999;MORTO;CÂNCER;02/04/2013;02/04/2013;02/04/2013;;
1141698;RCBP ANGRA DOS REIS;FEMININO;05/06/1977;36;BRANCO;BRASIL;RIO DE JANEIRO;RIO DE JANEIRO;MÉDIO (ANTIGO SEGUNDO GRAU);CASADO;0;SEM INFORMAÇÃO	;RIO DE JANEIRO;ANGRA DOS REIS;MAMA , SOE;C509;NEOPLASIA MALIGNA;80003;MAMA , SOE;C509;;;;;false;HISTOLOGIA DO TUMOR PRIMÁRIO;SEM INFORMAÇÃO;SEM INFORMAÇÃO;99 - SEM INFORMAÇÃO;999;MORTO;CÂNCER;01/05/2014;01/05/2014;15/06/2013;;
1141475;RCBP ANGRA DOS REIS;MASCULINO;10/10/1946;66;PARDA;BRASIL;RIO DE JANEIRO;;MÉDIO (ANTIGO SEGUNDO GRAU);CASADO;232;PROFESSORES DO ENSINO MÉDIO   	;RIO DE JANEIRO;ANGRA DOS REIS;PROSTATA, SOE;C619;ADENOCARCINOMA, SOE;81403;PROSTATA;C61;;;;;false;HISTOLOGIA DO TUMOR PRIMÁRIO;SEM INFORMAÇÃO;SEM INFORMAÇÃO;99 - SEM INFORMAÇÃO;999;MORTO;NÃO CÂNCER;17/12/2013;17/12/2013;15/06/2013;;
1142015;RCBP ANGRA DOS REIS;MASCULINO;19/10/1955;57;BRANCO;BRASIL;RIO DE JANEIRO;;FUNDAMENTAL I (1ª A 4ª SÉRIE);CASADO;516;TRABALHADORES NOS SERVIÇOS DE EMBELEZAMENTO E CUIDADOS PESSOAIS   	;RIO DE JANEIRO;ANGRA DOS REIS;LESAO SOBREPOSTA DA BEXIGA;C678;CARCINOMA PAPILAR, SOE;80503;LESAO INVASIVA DA BEXIGA;C678;;;;;false;HISTOLOGIA DO TUMOR PRIMÁRIO;LOCALIZADO;;;;;;;;13/03/2013;;
1142016;RCBP ANGRA DOS REIS;MASCULINO;06/08/1945;68;PRETA;BRASIL;MINAS GERAIS;;FUNDAMENTAL I (1ª A 4ª SÉRIE);SEPARADO JUDICIALMENTE;514;TRABALHADORES NOS SERVIÇOS DE ADMINISTRAÇÃO, CONSERVAÇÃO E MANUTENÇÃO DE EDIFÍCIOS E LOGRADOUROS  	;RIO DE JANEIRO;ANGRA DOS REIS;PROSTATA, SOE;C619;ADENOCARCINOMA, SOE;81403;PROSTATA;C61;;;;;false;HISTOLOGIA DO TUMOR PRIMÁRIO;SEM INFORMAÇÃO;;;;;;;;10/10/2013;;
1142046;RCBP ANGRA DOS REIS;FEMININO;27/05/1970;43;BRANCO;BRASIL;GOIAS;SÃO SIMÃO;FUNDAMENTAL II (5ª A 8ª SÉRIE);CASADO;514;TRABALHADORES NOS SERVIÇOS DE ADMINISTRAÇÃO, CONSERVAÇÃO E MANUTENÇÃO DE EDIFÍCIOS E LOGRADOUROS  	;RIO DE JANEIRO;ANGRA DOS REIS;OSSOS DOS MEMBROS, SOE;C409;ADAMANTINOMA DOS OSSOS LONGOS;92613;OSSOS E CARTILAGENS DOS MEMBROS;C409;;;;;false;HISTOLOGIA DO TUMOR PRIMÁRIO;SEM INFORMAÇÃO;;;;;;;;15/06/2013;;
1142013;RCBP ANGRA DOS REIS;MASCULINO;06/12/1953;59;SEM INFORMAÇÃO;Não informado;Não informado;Não Informado;SEM INFORMAÇÃO;SEM INFORMAÇÃO;0;SEM INFORMAÇÃO	;RIO DE JANEIRO;ANGRA DOS REIS;PROSTATA, SOE;C619;ADENOCARCINOMA, SOE;81403;PROSTATA;C61;;;;;false;HISTOLOGIA DO TUMOR PRIMÁRIO;SEM INFORMAÇÃO;;;;;;;;29/07/2013;;
1142103;RCBP ANGRA DOS REIS;MASCULINO;30/05/1966;47;BRANCO;BRASIL;Não informado;;MÉDIO (ANTIGO SEGUNDO GRAU);SEPARADO JUDICIALMENTE;;;RIO DE JANEIRO;ANGRA DOS REIS;CEREBRO;C710;NEOPLASIA MALIGNA;80003;CEREBRO;C710;;;;;false;SDO;SEM INFORMAÇÃO;SEM INFORMAÇÃO;99 - SEM INFORMAÇÃO;999;MORTO;CÂNCER;07/12/2013;07/12/2013;07/12/2013;;
1142104;RCBP ANGRA DOS REIS;FEMININO;13/08/1928;84;BRANCO;BRASIL;Não informado;;SEM ESCOLARIDADE;VIÚVO;0;SEM INFORMAÇÃO	;RIO DE JANEIRO;ANGRA DOS REIS;ESOFAGO, SOE;C159;NEOPLASIA MALIGNA;80003;ESOFAGO, SOE;C159;;;;;false;SDO;SEM INFORMAÇÃO;SEM INFORMAÇÃO;99 - SEM INFORMAÇÃO;999;MORTO;CÂNCER;29/07/2013;29/07/2013;29/07/2013;;
1141476;RCBP ANGRA DOS REIS;MASCULINO;02/01/1958;55;PRETA;BRASIL;MINAS GERAIS;JUIZ DE FORA;FUNDAMENTAL I (1ª A 4ª SÉRIE);CASADO;711;TRABALHADORES DA EXTRAÇÃO MINERAL 	;RIO DE JANEIRO;ANGRA DOS REIS;ESOFAGO, SOE;C159;CARCINOMA, SOE;80103;ESOFAGO, SOE;C159;;;;;false;HISTOLOGIA DO TUMOR PRIMÁRIO;SEM INFORMAÇÃO;SEM INFORMAÇÃO;99 - SEM INFORMAÇÃO;999;MORTO;CÂNCER;08/04/2014;08/04/2014;15/06/2013;;
1142033;RCBP ANGRA DOS REIS;MASCULINO;25/09/1949;64;PRETA;BRASIL;RIO DE JANEIRO;;FUNDAMENTAL II (5ª A 8ª SÉRIE);SOLTEIRO;0;SEM INFORMAÇÃO	;RIO DE JANEIRO;ANGRA DOS REIS;PROSTATA, SOE;C619;ADENOCARCINOMA, SOE;81403;PROSTATA;C61;;;;;false;HISTOLOGIA DO TUMOR PRIMÁRIO;SEM INFORMAÇÃO;;;;;;;;01/12/2013;;
1140469;RCBP ANGRA DOS REIS;MASCULINO;20/01/1934;79;BRANCO;BRASIL;RIO DE JANEIRO;;FUNDAMENTAL I (1ª A 4ª SÉRIE);CASADO;717;AJUDANTES DE OBRAS	;RIO DE JANEIRO;ANGRA DOS REIS;PROSTATA, SOE;C619;ADENOCARCINOMA, SOE;81403;PROSTATA;C61;;;;;false;HISTOLOGIA DO TUMOR PRIMÁRIO;SEM INFORMAÇÃO;;;;;SEM INFORMAÇÃO;04/03/2013;;23/01/2013;;
1141477;RCBP ANGRA DOS REIS;MASCULINO;18/08/1930;82;BRANCO;BRASIL;RIO DE JANEIRO;;MÉDIO (ANTIGO SEGUNDO GRAU);VIÚVO;842;OPERADORES NA PREPARAÇÃO DE FUMO E NA FABRICAÇÃO DE CHARUTOS E CIGARROS   	;RIO DE JANEIRO;ANGRA DOS REIS;PROSTATA, SOE;C619;ADENOCARCINOMA, SOE;81403;PROSTATA;C61;;;;;false;HISTOLOGIA DO TUMOR PRIMÁRIO;SEM INFORMAÇÃO;SEM INFORMAÇÃO;99 - SEM INFORMAÇÃO;999;MORTO;CÂNCER;08/12/2013;08/12/2013;15/06/2013;;
1142017;RCBP ANGRA DOS REIS;MASCULINO;30/12/1960;52;BRANCO;BRASIL;SÃO PAULO;;MÉDIO (ANTIGO SEGUNDO GRAU);CASADO;0;SEM INFORMAÇÃO	;RIO DE JANEIRO;ANGRA DOS REIS;RIM, SOE;C649;ADENOCARCINOMA DE CELULAS CLARAS, SOE;83103;RIM;C64;;;;;false;HISTOLOGIA DO TUMOR PRIMÁRIO;METÁSTASE;;;;;;;;21/11/2013;;
1142105;RCBP ANGRA DOS REIS;MASCULINO;02/08/1940;72;PARDA;BRASIL;Não informado;;SEM INFORMAÇÃO;CASADO;0;SEM INFORMAÇÃO	;RIO DE JANEIRO;ANGRA DOS REIS;CABECA, FACE E PESCOCO, SOE;C760;NEOPLASIA MALIGNA;80003;CABECA, FACE E PESCOCO;C760;;;;;false;SDO;SEM INFORMAÇÃO;SEM INFORMAÇÃO;99 - SEM INFORMAÇÃO;999;MORTO;CÂNCER;21/07/2013;21/07/2013;21/07/2013;;
1141478;RCBP ANGRA DOS REIS;MASCULINO;13/12/1946;66;BRANCO;BRASIL;Não informado;;SEM ESCOLARIDADE;CASADO;0;SEM INFORMAÇÃO	;RIO DE JANEIRO;ANGRA DOS REIS;PROSTATA, SOE;C619;ADENOCARCINOMA, SOE;81403;PROSTATA;C61;;;;;false;HISTOLOGIA DO TUMOR PRIMÁRIO;SEM INFORMAÇÃO;SEM INFORMAÇÃO;99 - SEM INFORMAÇÃO;999;MORTO;CÂNCER;20/11/2013;20/11/2013;15/06/2013;;
1142106;RCBP ANGRA DOS REIS;FEMININO;20/06/1962;51;BRANCO;BRASIL;Não informado;;FUNDAMENTAL I (1ª A 4ª SÉRIE);SOLTEIRO;512;TRABALHADORES DOS SERVIÇOS DOMÉSTICOS EM GERAL	;RIO DE JANEIRO;ANGRA DOS REIS;LARINGE, SOE;C329;NEOPLASIA MALIGNA;80003;LARINGE, SOE;C329;;;;;false;SDO;METÁSTASE;SEM INFORMAÇÃO;99 - SEM INFORMAÇÃO;999;MORTO;CÂNCER;27/10/2013;27/10/2013;27/10/2013;;
1142018;RCBP ANGRA DOS REIS;FEMININO;27/01/1956;57;BRANCO;BRASIL;MINAS GERAIS;;MÉDIO (ANTIGO SEGUNDO GRAU);CASADO;0;SEM INFORMAÇÃO	;RIO DE JANEIRO;ANGRA DOS REIS;ENDOMETRIO;C541;ADENOCARCINOMA "IN SITU", SOE;81402;ENDOMETRIO;D070;;;;;false;HISTOLOGIA DO TUMOR PRIMÁRIO;"IN SITU";;;;;;;;14/08/2013;;
1142011;RCBP ANGRA DOS REIS;FEMININO;24/04/1957;56;BRANCO;BRASIL;RIO DE JANEIRO;;SEM INFORMAÇÃO;CASADO;763;TRABALHADORES DA CONFECÇÃO DE ROUPAS 	;RIO DE JANEIRO;ANGRA DOS REIS;QUADRANTE SUPERIOR EXTERNO DA MAMA;C504;CARCINOMA DUCTAL INFILTRANTE;85003;QUADRANTE SUPERIOR EXTERNO DA MAMA;C504;;;;;false;HISTOLOGIA DO TUMOR PRIMÁRIO;SEM INFORMAÇÃO;;;;;;;;21/08/2013;;
1142107;RCBP ANGRA DOS REIS;FEMININO;29/06/1946;67;PARDA;BRASIL;RIO DE JANEIRO;;FUNDAMENTAL I (1ª A 4ª SÉRIE);VIÚVO;0;SEM INFORMAÇÃO	;RIO DE JANEIRO;ANGRA DOS REIS;PANCREAS, SOE;C259;NEOPLASIA MALIGNA;80003;PANCREAS, SOE;C259;;;;;false;SDO;SEM INFORMAÇÃO;SEM INFORMAÇÃO;99 - SEM INFORMAÇÃO;999;MORTO;CÂNCER;07/11/2013;07/11/2013;07/11/2013;;
1141700;RCBP ANGRA DOS REIS;FEMININO;13/10/1953;59;BRANCO;BRASIL;RIO DE JANEIRO;ANGRA DOS REIS;MÉDIO (ANTIGO SEGUNDO GRAU);CASADO;0;SEM INFORMAÇÃO	;RIO DE JANEIRO;ANGRA DOS REIS;MAMA , SOE;C509;NEOPLASIA MALIGNA;80003;MAMA , SOE;C509;;;;;false;HISTOLOGIA DO TUMOR PRIMÁRIO;SEM INFORMAÇÃO;;;;;;;;15/06/2013;;
1141479;RCBP ANGRA DOS REIS;MASCULINO;28/11/1936;76;SEM INFORMAÇÃO;GRECIA;Não informado;Não Informado;SEM INFORMAÇÃO;SEM INFORMAÇÃO;;;RIO DE JANEIRO;ANGRA DOS REIS;BEXIGA, SOE;C679;CARCINOMA PAPILAR DE CELULAS TRANSICIONAIS;81303;BEXIGA, SOE;C679;;;;;false;HISTOLOGIA DO TUMOR PRIMÁRIO;LOCALIZADO;;;;;;;;15/06/2013;;
1141701;RCBP ANGRA DOS REIS;FEMININO;14/01/1973;40;BRANCO;BRASIL;RIO DE JANEIRO;ANGRA DOS REIS;MÉDIO (ANTIGO SEGUNDO GRAU);CASADO;0;SEM INFORMAÇÃO	;RIO DE JANEIRO;ANGRA DOS REIS;MAMA , SOE;C509;CARCINOMA DUCTAL INFILTRANTE;85003;MAMA , SOE;C509;;;;;false;HISTOLOGIA DO TUMOR PRIMÁRIO;SEM INFORMAÇÃO;;;;;;;;15/06/2013;;
1142108;RCBP ANGRA DOS REIS;FEMININO;21/07/1942;71;BRANCO;BRASIL;RIO DE JANEIRO;;SUPERIOR COMPLETO;VIÚVO;333;INSTRUTORES E PROFESSORES DE ESCOLAS LIVRES   	;RIO DE JANEIRO;ANGRA DOS REIS;PULMAO, SOE;C349;NEOPLASIA MALIGNA;80003;BRONQUIOS OU PULMOES, SOE;C349;;;;;false;SDO;SEM INFORMAÇÃO;SEM INFORMAÇÃO;99 - SEM INFORMAÇÃO;999;MORTO;CÂNCER;15/10/2013;15/10/2013;15/10/2013;;
1141702;RCBP ANGRA DOS REIS;FEMININO;01/01/1948;65;AMARELA;BRASIL;RIO DE JANEIRO;RIO DE JANEIRO;SEM INFORMAÇÃO;SEM INFORMAÇÃO;0;SEM INFORMAÇÃO	;RIO DE JANEIRO;ANGRA DOS REIS;MAMA , SOE;C509;NEOPLASIA MALIGNA;80003;MAMA , SOE;C509;;;;;false;HISTOLOGIA DO TUMOR PRIMÁRIO;SEM INFORMAÇÃO;;;;;;;;15/06/2013;;
1142034;RCBP ANGRA DOS REIS;FEMININO;11/08/1962;50;PARDA;BRASIL;RIO DE JANEIRO;;FUNDAMENTAL I (1ª A 4ª SÉRIE);CASADO;0;SEM INFORMAÇÃO	;RIO DE JANEIRO;ANGRA DOS REIS;RETO, SOE;C209;ADENOCARCINOMA, SOE;81403;RETO;C20;;;;;false;HISTOLOGIA DO TUMOR PRIMÁRIO;METÁSTASE;;;;;SEM INFORMAÇÃO;08/03/2016;;05/04/2013;;
1142012;RCBP ANGRA DOS REIS;MASCULINO;05/02/1984;28;SEM INFORMAÇÃO;BRASIL;RIO DE JANEIRO;;MÉDIO (ANTIGO SEGUNDO GRAU);SEM INFORMAÇÃO;411;ESCRITURÁRIOS EM GERAL, AGENTES, ASSISTENTES E AUXILIARES ADMINISTRATIVOS 	;RIO DE JANEIRO;ANGRA DOS REIS;PELE DO TRONCO;C445;SARCOMA DE KAPOSI;91403;SARCOMA DE KAPOSI DA PELE;C460;;;SARCOMA DE KAPOSI;5.3.1.2;false;HISTOLOGIA DO TUMOR PRIMÁRIO;SEM INFORMAÇÃO;;;;;;;;17/01/2013;;
1142109;RCBP ANGRA DOS REIS;MASCULINO;15/08/1951;61;PARDA;BRASIL;RIO DE JANEIRO;;SEM ESCOLARIDADE;SOLTEIRO;622;TRABALHADORES AGRÍCOLAS   	;RIO DE JANEIRO;ANGRA DOS REIS;ESOFAGO, SOE;C159;NEOPLASIA MALIGNA;80003;ESOFAGO, SOE;C159;;;;;false;SDO;SEM INFORMAÇÃO;SEM INFORMAÇÃO;99 - SEM INFORMAÇÃO;999;MORTO;CÂNCER;11/01/2013;11/01/2013;11/01/2013;;
1141703;RCBP ANGRA DOS REIS;FEMININO;08/03/1966;47;PRETA;BRASIL;RIO DE JANEIRO;ANGRA DOS REIS;SEM INFORMAÇÃO;SEM INFORMAÇÃO;0;SEM INFORMAÇÃO	;RIO DE JANEIRO;ANGRA DOS REIS;MAMA , SOE;C509;CARCINOMA DUCTAL INFILTRANTE;85003;MAMA , SOE;C509;;;;;false;HISTOLOGIA DO TUMOR PRIMÁRIO;SEM INFORMAÇÃO;;;;;;;;15/06/2013;;
1141704;RCBP ANGRA DOS REIS;FEMININO;23/08/1969;43;BRANCO;BRASIL;RIO DE JANEIRO;CARMO;SEM INFORMAÇÃO;SEM INFORMAÇÃO;0;SEM INFORMAÇÃO	;RIO DE JANEIRO;ANGRA DOS REIS;MAMA , SOE;C509;CARCINOMA DUCTAL INFILTRANTE;85003;MAMA , SOE;C509;;;;;false;HISTOLOGIA DO TUMOR PRIMÁRIO;SEM INFORMAÇÃO;;;;;;;;15/06/2013;;
1142047;RCBP ANGRA DOS REIS;MASCULINO;29/08/1957;55;BRANCO;BRASIL;RIO DE JANEIRO;;MÉDIO (ANTIGO SEGUNDO GRAU);CASADO;0;SEM INFORMAÇÃO	;RIO DE JANEIRO;ANGRA DOS REIS;TECIDOS MOLES DO MEMBRO INFERIOR E QUADRIL;C492;LIPOSSARCOMA MIXOIDE;88523;TECIDOS MOLES DO MEMBRO INFERIOR E QUADRIL;C492;;;;;false;HISTOLOGIA DO TUMOR PRIMÁRIO;SEM INFORMAÇÃO;;;;;;;;27/06/2013;;
1141480;RCBP ANGRA DOS REIS;FEMININO;;51;SEM INFORMAÇÃO;BRASIL;RIO DE JANEIRO;ANGRA DOS REIS;SEM INFORMAÇÃO;SEM INFORMAÇÃO;;;RIO DE JANEIRO;ANGRA DOS REIS;TIREOIDE, SOE;C739;CARCINOMA, SOE;80103;GLANDULA TIREOIDE;C73;;;;;false;HISTOLOGIA DO TUMOR PRIMÁRIO;LOCALIZADO;;;;;;;;05/08/2013;;
1141705;RCBP ANGRA DOS REIS;FEMININO;16/05/1949;64;BRANCO;BRASIL;PARAÍBA;JOÃO PESSOA;SEM INFORMAÇÃO;SEM INFORMAÇÃO;0;SEM INFORMAÇÃO	;RIO DE JANEIRO;ANGRA DOS REIS;MAMA , SOE;C509;CARCINOMA DUCTAL INFILTRANTE;85003;MAMA , SOE;C509;;;;;false;HISTOLOGIA DO TUMOR PRIMÁRIO;SEM INFORMAÇÃO;;;;;;;;15/06/2013;;
1141902;RCBP ANGRA DOS REIS;MASCULINO;05/10/1950;62;BRANCO;BRASIL;RIO DE JANEIRO;ANGRA DOS REIS;SEM ESCOLARIDADE;SOLTEIRO;0;SEM INFORMAÇÃO	;RIO DE JANEIRO;ANGRA DOS REIS;ESTOMAGO, SOE;C169;NEOPLASIA MALIGNA;80003;ESTOMAGO, SOE;C169;;;;;false;HISTOLOGIA DO TUMOR PRIMÁRIO;METÁSTASE;SEM INFORMAÇÃO;99 - SEM INFORMAÇÃO;999;MORTO;CÂNCER;10/10/2013;10/10/2013;15/06/2013;;
1141662;RCBP ANGRA DOS REIS;MASCULINO;28/04/1947;65;BRANCO;BRASIL;RIO DE JANEIRO;;FUNDAMENTAL II (5ª A 8ª SÉRIE);CASADO;842;OPERADORES NA PREPARAÇÃO DE FUMO E NA FABRICAÇÃO DE CHARUTOS E CIGARROS   	;RIO DE JANEIRO;ANGRA DOS REIS;PULMAO, SOE;C349;NEOPLASIA MALIGNA;80003;BRONQUIOS OU PULMOES, SOE;C349;;;;;false;CLÍNICO;SEM INFORMAÇÃO;SEM INFORMAÇÃO;99 - SEM INFORMAÇÃO;999;MORTO;CÂNCER;23/11/2013;23/11/2013;13/01/2013;;
1141492;RCBP ANGRA DOS REIS;MASCULINO;24/12/1949;63;PRETA;BRASIL;RIO DE JANEIRO;RIO DE JANEIRO;MÉDIO (ANTIGO SEGUNDO GRAU);CASADO;517;TRABALHADORES NOS SERVIÇOS DE PROTEÇÃO E SEGURANÇA	;RIO DE JANEIRO;ANGRA DOS REIS;ESTOMAGO, SOE;C169;ADENOCARCINOMA, SOE;81403;ESTOMAGO, SOE;C169;;;;;false;HISTOLOGIA DO TUMOR PRIMÁRIO;SEM INFORMAÇÃO;SEM INFORMAÇÃO;99 - SEM INFORMAÇÃO;999;MORTO;CÂNCER;30/03/2013;30/03/2013;15/02/2013;;
1142037;RCBP ANGRA DOS REIS;FEMININO;28/09/2009;4;PARDA;BRASIL;RIO DE JANEIRO;;SEM ESCOLARIDADE;SOLTEIRO;0;SEM INFORMAÇÃO	;RIO DE JANEIRO;ANGRA DOS REIS;RIM, SOE;C649;NEUROBLASTOMA, SOE;95003;RIM;C64;Neuroblastoma e ganglioneuroblastoma;IV-A;;;false;HISTOLOGIA DO TUMOR PRIMÁRIO;SEM INFORMAÇÃO;;;;;CÂNCER;22/05/2015;;21/10/2013;;
1141481;RCBP ANGRA DOS REIS;MASCULINO;05/07/1947;65;BRANCO;BRASIL;RIO DE JANEIRO;ANGRA DOS REIS;FUNDAMENTAL I (1ª A 4ª SÉRIE);CASADO;0;SEM INFORMAÇÃO	;RIO DE JANEIRO;ANGRA DOS REIS;PROSTATA, SOE;C619;ADENOCARCINOMA, SOE;81403;PROSTATA;C61;;;;;false;HISTOLOGIA DO TUMOR PRIMÁRIO;SEM INFORMAÇÃO;SEM INFORMAÇÃO;99 - SEM INFORMAÇÃO;999;MORTO;CÂNCER;08/03/2013;08/03/2013;15/02/2013;;
1142110;RCBP ANGRA DOS REIS;FEMININO;13/05/1949;63;BRANCO;BRASIL;RIO DE JANEIRO;;FUNDAMENTAL II (5ª A 8ª SÉRIE);CASADO;0;SEM INFORMAÇÃO	;RIO DE JANEIRO;ANGRA DOS REIS;CEREBRO;C710;NEOPLASIA MALIGNA;80003;CEREBRO;C710;;;;;false;SDO;SEM INFORMAÇÃO;SEM INFORMAÇÃO;99 - SEM INFORMAÇÃO;999;MORTO;CÂNCER;02/01/2013;02/01/2013;02/01/2013;;
1142111;RCBP ANGRA DOS REIS;FEMININO;06/09/1938;75;BRANCO;BRASIL;RIO DE JANEIRO;;FUNDAMENTAL I (1ª A 4ª SÉRIE);VIÚVO;0;SEM INFORMAÇÃO	;RIO DE JANEIRO;ANGRA DOS REIS;LOCALIZACAO PRIMARIA DESCONHECIDA, SOE;C809;NEOPLASIA MALIGNA;80003;LOCALIZACAO PRIMARIA DESCONHECIDA;C80;;;;;false;SDO;METÁSTASE;SEM INFORMAÇÃO;99 - SEM INFORMAÇÃO;999;MORTO;CÂNCER;19/11/2013;19/11/2013;19/11/2013;;
1059267;RCBP ANGRA DOS REIS;FEMININO;17/03/1962;51;PARDA;BRASIL;RIO DE JANEIRO;ANGRA DOS REIS;SEM INFORMAÇÃO;SEM INFORMAÇÃO;0;SEM INFORMAÇÃO	;RIO DE JANEIRO;ANGRA DOS REIS;ECTOCERVIX;C531;CARCINOMA ESCAMOCELULAR, SOE;80703;ECTOCERVIX;C531;;;;;false;HISTOLOGIA DO TUMOR PRIMÁRIO;SEM INFORMAÇÃO;;;;;;;;26/08/2013;;
1059299;RCBP ANGRA DOS REIS;FEMININO;01/07/1953;60;BRANCO;BRASIL;RIO DE JANEIRO;ANGRA DOS REIS;SEM INFORMAÇÃO;UNIÃO CONSENSUAL;0;SEM INFORMAÇÃO	;RIO DE JANEIRO;ANGRA DOS REIS;ECTOCERVIX;C531;CARCINOMA ESCAMOSO MICRO-INVASOR;80763;ECTOCERVIX;C531;;;;;false;HISTOLOGIA DO TUMOR PRIMÁRIO;SEM INFORMAÇÃO;;;;;;;;23/12/2013;;
1142036;RCBP ANGRA DOS REIS;MASCULINO;16/10/1946;66;BRANCO;BRASIL;RIO DE JANEIRO;;MÉDIO (ANTIGO SEGUNDO GRAU);CASADO;0;SEM INFORMAÇÃO	;RIO DE JANEIRO;ANGRA DOS REIS;LOBO INFERIOR DO PULMAO;C343;CARCINOMA ESCAMOCELULAR, SOE;80703;LOBO INFERIOR, BRONQUIO OU PULMAO;C343;;;;;false;HISTOLOGIA DO TUMOR PRIMÁRIO;METÁSTASE;;;;;CÂNCER;25/03/2014;;13/07/2013;;
1142021;RCBP ANGRA DOS REIS;FEMININO;19/11/1955;57;BRANCO;BRASIL;RIO DE JANEIRO;RIO DE JANEIRO;MÉDIO (ANTIGO SEGUNDO GRAU);SEPARADO JUDICIALMENTE;511;TRABALHADORES DOS SERVIÇOS DE TRANSPORTE E TURISMO	;RIO DE JANEIRO;ANGRA DOS REIS;CANAL ANAL;C211;CARCINOMA ESCAMOCELULAR, SOE;80703;CANAL ANAL;C211;;;;;false;HISTOLOGIA DO TUMOR PRIMÁRIO;SEM INFORMAÇÃO;;;;;CÂNCER;02/12/2014;;09/07/2013;;
1141677;RCBP ANGRA DOS REIS;FEMININO;19/04/1950;63;PRETA;BRASIL;MINAS GERAIS;SETE LAGOAS;FUNDAMENTAL I (1ª A 4ª SÉRIE);SEPARADO JUDICIALMENTE;513;TRABALHADORES DOS SERVIÇOS DE HOTELARIA E ALIMENTAÇÃO 	;RIO DE JANEIRO;ANGRA DOS REIS;QUADRANTE SUPERIOR EXTERNO DA MAMA;C504;CARCINOMA DUCTAL INFILTRANTE;85003;QUADRANTE SUPERIOR EXTERNO DA MAMA;C504;;;;;false;HISTOLOGIA DO TUMOR PRIMÁRIO;SEM INFORMAÇÃO;;;;;NÃO CÂNCER;07/01/2016;;15/06/2013;;
1142038;RCBP ANGRA DOS REIS;MASCULINO;05/01/1949;64;BRANCO;BRASIL;RIO DE JANEIRO;;MÉDIO (ANTIGO SEGUNDO GRAU);CASADO;0;SEM INFORMAÇÃO	;RIO DE JANEIRO;ANGRA DOS REIS;PELE DE OUTRAS PARTES DA FACE;C443;CARCINOMA BASOCELULAR NODULAR;80973;PELE DE OUTRAS PARTES DA FACE;C443;;;;;false;HISTOLOGIA DO TUMOR PRIMÁRIO;SEM INFORMAÇÃO;;;;;;;;27/12/2013;;
1142035;RCBP ANGRA DOS REIS;FEMININO;01/09/1983;30;BRANCO;BRASIL;RIO DE JANEIRO;;MÉDIO (ANTIGO SEGUNDO GRAU);CASADO;0;SEM INFORMAÇÃO	;RIO DE JANEIRO;ANGRA DOS REIS;PALATO DURO;C050;CARCINOMA ADENOIDE CISTICO;82003;PALATO DURO;C050;;;;;false;HISTOLOGIA DO TUMOR PRIMÁRIO;SEM INFORMAÇÃO;;;;;CÂNCER;05/04/2017;;17/12/2013;;
1666052;RCBP ANGRA DOS REIS;FEMININO;12/06/1943;70;BRANCO;BRASIL;RIO DE JANEIRO;;FUNDAMENTAL I (1ª A 4ª SÉRIE);VIÚVO;514;TRABALHADORES NOS SERVIÇOS DE ADMINISTRAÇÃO, CONSERVAÇÃO E MANUTENÇÃO DE EDIFÍCIOS E LOGRADOUROS  	;RIO DE JANEIRO;ANGRA DOS REIS;LINFONODOS DA CABECA, FACE E PESCOCO;C770;LINFOMA DE BURKITT, SOE;96873;TUMOR DE BURKITT;C837;;;;;true;HISTOLOGIA DO TUMOR PRIMÁRIO;NÃO SE APLICA;;;;;CÂNCER;20/09/2013;;13/06/2013;;
1666600;RCBP ANGRA DOS REIS;FEMININO;15/11/1955;57;BRANCO;BRASIL;RIO DE JANEIRO;ANGRA DOS REIS;SEM INFORMAÇÃO;CASADO;0;SEM INFORMAÇÃO	;RIO DE JANEIRO;ANGRA DOS REIS;MAMA , SOE;C509;CARCINOMA DUCTAL INFILTRANTE;85003;MAMA , SOE;C509;;;;;false;HISTOLOGIA DO TUMOR PRIMÁRIO;SEM INFORMAÇÃO;;;;;CÂNCER;26/05/2020;;15/06/2013;;
1666656;RCBP ANGRA DOS REIS;FEMININO;06/09/1962;50;PARDA;BRASIL;RIO DE JANEIRO;RIO DE JANEIRO;SUPERIOR COMPLETO;CASADO;0;SEM INFORMAÇÃO	;RIO DE JANEIRO;ANGRA DOS REIS;MAMA , SOE;C509;CARCINOMA DUCTAL INFILTRANTE;85003;MAMA , SOE;C509;;;;;false;HISTOLOGIA DO TUMOR PRIMÁRIO;SEM INFORMAÇÃO;;;;;CÂNCER;10/05/2014;;15/06/2013;;
1702700;RCBP ANGRA DOS REIS;MASCULINO;24/10/1943;70;PARDA;BRASIL;Não informado;Não Informado;SEM INFORMAÇÃO;SEM INFORMAÇÃO;711;TRABALHADORES DA EXTRAÇÃO MINERAL 	;RIO DE JANEIRO;ANGRA DOS REIS;PROSTATA, SOE;C619;ADENOCARCINOMA, SOE;81403;PROSTATA;C61;;;;;false;HISTOLOGIA DO TUMOR PRIMÁRIO;SEM INFORMAÇÃO;;;;;CÂNCER;13/03/2021;;14/10/2014;;
1706356;RCBP ANGRA DOS REIS;MASCULINO;09/10/1945;68;BRANCO;BRASIL;RIO DE JANEIRO;;FUNDAMENTAL II (5ª A 8ª SÉRIE);CASADO;783;TRABALHADORES DE MANOBRAS SOBRE TRILHOS E MOVIMENTAÇÃO E CARGAS   	;RIO DE JANEIRO;ANGRA DOS REIS;RETINA;C692;RETINOBLASTOMA, SOE;95103;RETINA;C692;;;;;true;SEM INFORMAÇÃO;SEM INFORMAÇÃO;;;;;;;;25/08/2014;;
1163539;RCBP ANGRA DOS REIS;MASCULINO;18/12/1942;71;PARDA;BRASIL;RIO DE JANEIRO;ANGRA DOS REIS;SEM ESCOLARIDADE;CASADO;622;TRABALHADORES AGRÍCOLAS   	;RIO DE JANEIRO;ANGRA DOS REIS;LARINGE, SOE;C329;NEOPLASIA MALIGNA;80003;LARINGE, SOE;C329;;;;;false;HISTOLOGIA DO TUMOR PRIMÁRIO;SEM INFORMAÇÃO;;;;;CÂNCER;25/03/2015;;29/07/2014;;
1585009;RCBP ANGRA DOS REIS;MASCULINO;07/01/1955;59;PRETA;BRASIL;BAHIA;RIACHÃO DO JACUÍPE;SEM INFORMAÇÃO;SEM INFORMAÇÃO;0;SEM INFORMAÇÃO	;RIO DE JANEIRO;ANGRA DOS REIS;MEDULA OSSEA;C421;MIELOMA MULTIPLO;97323;MIELOMA MULTIPLO;C900;;;;;false;HISTOLOGIA DO TUMOR PRIMÁRIO;NÃO SE APLICA;;;;;CÂNCER;04/06/2021;;03/05/2014;;
1091461;RCBP ANGRA DOS REIS;FEMININO;27/01/1963;51;SEM INFORMAÇÃO;BRASIL;ESPIRITO SANTO;VITÓRIA;FUNDAMENTAL I (1ª A 4ª SÉRIE);CASADO;0;SEM INFORMAÇÃO	;RIO DE JANEIRO;ANGRA DOS REIS;MAMA , SOE;C509;CARCINOMA, SOE;80103;MAMA , SOE;C509;;;;;false;HISTOLOGIA DO TUMOR PRIMÁRIO;SEM INFORMAÇÃO;;;;;;;;15/06/2014;;
1228980;RCBP ANGRA DOS REIS;MASCULINO;18/12/1959;54;BRANCO;BRASIL;RIO DE JANEIRO;ANGRA DOS REIS;FUNDAMENTAL II (5ª A 8ª SÉRIE);CASADO;711;TRABALHADORES DA EXTRAÇÃO MINERAL 	;RIO DE JANEIRO;ANGRA DOS REIS;COLON, SOE;C189;ADENOCARCINOMA, SOE;81403;COLON, SOE;C189;;;;;false;HISTOLOGIA DO TUMOR PRIMÁRIO;SEM INFORMAÇÃO;;;;;CÂNCER;27/03/2016;;03/06/2014;;
1141462;RCBP ANGRA DOS REIS;MASCULINO;13/09/1921;92;BRANCO;BRASIL;RIO DE JANEIRO;RIO DE JANEIRO;SEM INFORMAÇÃO;CASADO;;;RIO DE JANEIRO;ANGRA DOS REIS;PELE, SOE;C449;MELANOMA MALIGNO, SOE;87203;MELANOMA MALIGNO DA PELE, SOE;C439;;;;;false;HISTOLOGIA DO TUMOR PRIMÁRIO;SEM INFORMAÇÃO;;;;;CÂNCER;23/02/2014;;23/02/2014;;
1143659;RCBP ANGRA DOS REIS;MASCULINO;20/03/1951;63;BRANCO;BRASIL;CEARÁ;;SEM INFORMAÇÃO;CASADO;;;RIO DE JANEIRO;ANGRA DOS REIS;ESOFAGO, SOE;C159;NEOPLASIA MALIGNA;80003;ESOFAGO, SOE;C159;;;;;false;SDO;SEM INFORMAÇÃO;SEM INFORMAÇÃO;99 - SEM INFORMAÇÃO;999;MORTO;CÂNCER;03/11/2014;03/11/2014;03/11/2014;;
1091308;RCBP ANGRA DOS REIS;MASCULINO;16/07/1944;69;BRANCO;BRASIL;RIO DE JANEIRO;PARATI;FUNDAMENTAL II (5ª A 8ª SÉRIE);CASADO;517;TRABALHADORES NOS SERVIÇOS DE PROTEÇÃO E SEGURANÇA	;RIO DE JANEIRO;ANGRA DOS REIS;PROSTATA, SOE;C619;ADENOCARCINOMA, SOE;81403;PROSTATA;C61;;;;;false;HISTOLOGIA DO TUMOR PRIMÁRIO;SEM INFORMAÇÃO;;;;;CÂNCER;17/05/2014;;03/02/2014;;
747476;RCBP ANGRA DOS REIS;FEMININO;21/08/1957;56;PARDA;BRASIL;RIO DE JANEIRO;;FUNDAMENTAL I (1ª A 4ª SÉRIE);SOLTEIRO;512;TRABALHADORES DOS SERVIÇOS DOMÉSTICOS EM GERAL	;RIO DE JANEIRO;ANGRA DOS REIS;COLO DO UTERO, SOE;C539;NEOPLASIA INTRA-EPITELIAL ESCAMOSA,GRAU IIII;80772;COLO DO UTERO, SOE;D069;;;;;false;HISTOLOGIA DO TUMOR PRIMÁRIO;"IN SITU";;;;;CÂNCER;09/04/2014;;23/01/2014;;
1163740;RCBP ANGRA DOS REIS;FEMININO;18/06/1965;48;PARDA;BRASIL;RIO DE JANEIRO;RIO DE JANEIRO;SEM INFORMAÇÃO;SEM INFORMAÇÃO;0;SEM INFORMAÇÃO	;RIO DE JANEIRO;ANGRA DOS REIS;MAMA , SOE;C509;CARCINOMA DUCTAL INFILTRANTE;85003;MAMA , SOE;C509;;;;;false;HISTOLOGIA DO TUMOR PRIMÁRIO;SEM INFORMAÇÃO;;;;;;;;15/06/2014;;
1163549;RCBP ANGRA DOS REIS;FEMININO;10/08/1986;27;BRANCO;BRASIL;SÃO PAULO;SÃO JOSÉ DO RIO PARDO;SEM INFORMAÇÃO;CASADO;0;SEM INFORMAÇÃO	;RIO DE JANEIRO;ANGRA DOS REIS;COLO DO UTERO, SOE;C539;ADENOCARCINOMA "IN SITU", SOE;81402;COLO DO UTERO, SOE;D069;;;;;false;HISTOLOGIA DO TUMOR PRIMÁRIO;"IN SITU";;;;;;;;15/07/2014;;
1163550;RCBP ANGRA DOS REIS;MASCULINO;03/08/1929;85;BRANCO;BRASIL;RIO DE JANEIRO;;SEM ESCOLARIDADE;CASADO;621;TRABALHADORES NA EXPLORAÇÃO AGROPECUÁRIA EM GERAL	;RIO DE JANEIRO;ANGRA DOS REIS;PANCREAS, SOE;C259;NEOPLASIA MALIGNA;80003;PANCREAS, SOE;C259;;;;;false;SDO;SEM INFORMAÇÃO;SEM INFORMAÇÃO;99 - SEM INFORMAÇÃO;999;MORTO;CÂNCER;09/11/2014;09/11/2014;09/11/2014;;
1163551;RCBP ANGRA DOS REIS;MASCULINO;10/03/1932;81;BRANCO;BRASIL;SÃO PAULO;GÁLIA;SEM INFORMAÇÃO;SEM INFORMAÇÃO;0;SEM INFORMAÇÃO	;RIO DE JANEIRO;ANGRA DOS REIS;NERVOS PERIFERICOS DA CABECA, FACE E PESCOCO;C470;MELANOMA   "IN SITU";87202;DE OUTRAS LOCALIZACOES;D038;;;;;false;HISTOLOGIA DO TUMOR PRIMÁRIO;"IN SITU";;;;;NÃO CÂNCER;08/01/2014;;06/01/2014;;
1163552;RCBP ANGRA DOS REIS;MASCULINO;16/04/1944;70;BRANCO;BRASIL;RIO DE JANEIRO;ANGRA DOS REIS;FUNDAMENTAL I (1ª A 4ª SÉRIE);CASADO;842;OPERADORES NA PREPARAÇÃO DE FUMO E NA FABRICAÇÃO DE CHARUTOS E CIGARROS   	;RIO DE JANEIRO;ANGRA DOS REIS;PROSTATA, SOE;C619;ADENOCARCINOMA, SOE;81403;PROSTATA;C61;;;;;false;HISTOLOGIA DO TUMOR PRIMÁRIO;SEM INFORMAÇÃO;SEM INFORMAÇÃO;99 - SEM INFORMAÇÃO;999;MORTO;CÂNCER;01/06/2014;01/06/2014;15/05/2014;;
1163556;RCBP ANGRA DOS REIS;MASCULINO;23/06/1958;56;PARDA;BRASIL;PIAUÍ;;FUNDAMENTAL II (5ª A 8ª SÉRIE);CASADO;514;TRABALHADORES NOS SERVIÇOS DE ADMINISTRAÇÃO, CONSERVAÇÃO E MANUTENÇÃO DE EDIFÍCIOS E LOGRADOUROS  	;RIO DE JANEIRO;ANGRA DOS REIS;PULMAO, SOE;C349;CARCINOMA ESCAMOCELULAR, SOE;80703;BRONQUIOS OU PULMOES, SOE;C349;;;;;false;HISTOLOGIA DO TUMOR PRIMÁRIO;METÁSTASE;;;;;;;;29/09/2014;;
1163578;RCBP ANGRA DOS REIS;FEMININO;29/11/1980;33;BRANCO;BRASIL;BAHIA;MIGUEL CALMON;SEM INFORMAÇÃO;SEM INFORMAÇÃO;0;SEM INFORMAÇÃO	;RIO DE JANEIRO;ANGRA DOS REIS;COLO DO UTERO, SOE;C539;NEOPLASIA INTRA-EPITELIAL ESCAMOSA,GRAU IIII;80772;COLO DO UTERO, SOE;D069;;;;;false;HISTOLOGIA DO TUMOR PRIMÁRIO;"IN SITU";;;;;;;;02/04/2014;;
1163529;RCBP ANGRA DOS REIS;FEMININO;31/12/1953;60;PRETA;BRASIL;ESPIRITO SANTO;BOA ESPERANÇA;SEM INFORMAÇÃO;SEM INFORMAÇÃO;0;SEM INFORMAÇÃO	;RIO DE JANEIRO;ANGRA DOS REIS;COLO DO UTERO, SOE;C539;NEOPLASIA INTRA-EPITELIAL ESCAMOSA,GRAU IIII;80772;COLO DO UTERO, SOE;D069;;;;;false;HISTOLOGIA DO TUMOR PRIMÁRIO;"IN SITU";;;;;;;;15/07/2014;;
1163530;RCBP ANGRA DOS REIS;FEMININO;20/12/1948;65;AMARELA;BRASIL;RIO DE JANEIRO;BELFORD ROXO;SEM INFORMAÇÃO;SEM INFORMAÇÃO;0;SEM INFORMAÇÃO	;RIO DE JANEIRO;ANGRA DOS REIS;COLO DO UTERO, SOE;C539;ADENOCARCINOMA "IN SITU", SOE;81402;COLO DO UTERO, SOE;D069;;;;;false;HISTOLOGIA DO TUMOR PRIMÁRIO;"IN SITU";;;;;;;;15/04/2014;;
1163531;RCBP ANGRA DOS REIS;FEMININO;12/11/1971;43;BRANCO;BRASIL;RIO DE JANEIRO;VARRE-SAI;FUNDAMENTAL II (5ª A 8ª SÉRIE);CASADO;0;SEM INFORMAÇÃO	;RIO DE JANEIRO;ANGRA DOS REIS;MUCOSA DA BOCHECHA;C060;CARCINOMA BASAL ADENOIDE;80983;NEOPLASIA MALIGNA DA PELE;C449;;;;;false;HISTOLOGIA DO TUMOR PRIMÁRIO;SEM INFORMAÇÃO;;;;;;;;04/12/2014;;
1163532;RCBP ANGRA DOS REIS;MASCULINO;08/09/1952;61;BRANCO;BRASIL;RIO GRANDE DO NORTE;;FUNDAMENTAL I (1ª A 4ª SÉRIE);SEM INFORMAÇÃO;711;TRABALHADORES DA EXTRAÇÃO MINERAL 	;RIO DE JANEIRO;ANGRA DOS REIS;ESOFAGO, SOE;C159;NEOPLASIA MALIGNA;80003;ESOFAGO, SOE;C159;;;;;false;PESQUISA;SEM INFORMAÇÃO;SEM INFORMAÇÃO;99 - SEM INFORMAÇÃO;999;MORTO;CÂNCER;07/01/2014;07/01/2014;07/01/2014;;
1163533;RCBP ANGRA DOS REIS;FEMININO;30/04/1981;33;BRANCO;BRASIL;ESPIRITO SANTO;MUNIZ FREIRE;MÉDIO (ANTIGO SEGUNDO GRAU);CASADO;0;SEM INFORMAÇÃO	;RIO DE JANEIRO;ANGRA DOS REIS;COLO DO UTERO, SOE;C539;ADENOCARCINOMA "IN SITU", SOE;81402;COLO DO UTERO, SOE;D069;;;;;false;HISTOLOGIA DO TUMOR PRIMÁRIO;"IN SITU";;;;;;;;15/11/2014;;
1163534;RCBP ANGRA DOS REIS;FEMININO;09/01/1972;42;SEM INFORMAÇÃO;BRASIL;RIO DE JANEIRO;ANGRA DOS REIS;SUPERIOR INCOMPLETO;UNIÃO CONSENSUAL;0;SEM INFORMAÇÃO	;RIO DE JANEIRO;ANGRA DOS REIS;COLO DO UTERO, SOE;C539;ADENOCARCINOMA "IN SITU", SOE;81402;COLO DO UTERO, SOE;D069;;;;;false;HISTOLOGIA DO TUMOR PRIMÁRIO;"IN SITU";;;;;;;;15/09/2014;;
1163535;RCBP ANGRA DOS REIS;FEMININO;06/06/1957;57;BRANCO;BRASIL;ESPIRITO SANTO;GUAÇUÍ;SEM INFORMAÇÃO;SEM INFORMAÇÃO;0;SEM INFORMAÇÃO	;RIO DE JANEIRO;ANGRA DOS REIS;MAMA , SOE;C509;CARCINOMA, SOE;80103;MAMA , SOE;C509;;;;;false;HISTOLOGIA DO TUMOR PRIMÁRIO;SEM INFORMAÇÃO;;;;;;;;15/06/2014;;
1163536;RCBP ANGRA DOS REIS;FEMININO;16/07/1971;42;PARDA;BRASIL;RIO DE JANEIRO;ANGRA DOS REIS;SEM INFORMAÇÃO;SEM INFORMAÇÃO;0;SEM INFORMAÇÃO	;RIO DE JANEIRO;ANGRA DOS REIS;COLO DO UTERO, SOE;C539;ADENOCARCINOMA "IN SITU", SOE;81402;COLO DO UTERO, SOE;D069;;;;;false;HISTOLOGIA DO TUMOR PRIMÁRIO;"IN SITU";;;;;;;;15/06/2014;;
1163538;RCBP ANGRA DOS REIS;FEMININO;23/08/1965;49;BRANCO;Não informado;Não informado;Não Informado;SUPERIOR COMPLETO;SEPARADO JUDICIALMENTE;223;PROFISSIONAIS DA MEDICINA, SAÚDE E AFINS  	;RIO DE JANEIRO;ANGRA DOS REIS;QUADRANTE SUPERIOR INTERNO DA MAMA;C502;ADENOCARCINOMA PAPILAR INTRADUCTAL COM INVASAO;85033;QUADRANTE SUPERIOR INTERNO DA MAMA;C502;;;;;false;HISTOLOGIA DO TUMOR PRIMÁRIO;METÁSTASE;;;;;;;;21/11/2014;;
1163540;RCBP ANGRA DOS REIS;FEMININO;20/06/1946;67;PARDA;BRASIL;RIO DE JANEIRO;ANGRA DOS REIS;FUNDAMENTAL I (1ª A 4ª SÉRIE);CASADO;0;SEM INFORMAÇÃO	;RIO DE JANEIRO;ANGRA DOS REIS;OSSOS PELVICOS, SACRO, COCCIX E ARTICUL. ASSOC.;C414;NEOPLASIA MALIGNA;80003;OSSOS DA PELVE, SACRO E COCCIX;C414;;;;;false;HISTOLOGIA DO TUMOR PRIMÁRIO;SEM INFORMAÇÃO;SEM INFORMAÇÃO;99 - SEM INFORMAÇÃO;999;MORTO;CÂNCER;05/05/2014;05/05/2014;14/03/2014;;
1163537;RCBP ANGRA DOS REIS;FEMININO;15/01/1942;72;PRETA;BRASIL;RIO DE JANEIRO;;FUNDAMENTAL I (1ª A 4ª SÉRIE);CASADO;514;TRABALHADORES NOS SERVIÇOS DE ADMINISTRAÇÃO, CONSERVAÇÃO E MANUTENÇÃO DE EDIFÍCIOS E LOGRADOUROS  	;RIO DE JANEIRO;ANGRA DOS REIS;ENDOMETRIO;C541;CARCINOSSARCOMA, SOE;89803;ENDOMETRIO;C541;;;;;false;HISTOLOGIA DO TUMOR PRIMÁRIO;SEM INFORMAÇÃO;;;;;CÂNCER;26/03/2017;;09/12/2014;;
1163563;RCBP ANGRA DOS REIS;FEMININO;12/12/1993;20;PARDA;BRASIL;RIO DE JANEIRO;;FUNDAMENTAL II (5ª A 8ª SÉRIE);SOLTEIRO;0;SEM INFORMAÇÃO	;RIO DE JANEIRO;ANGRA DOS REIS;NASOFARINGE, SOE;C119;CARCINOMA, SOE;80103;NASOFARINGE, SOE;C119;;;CARCINOMA DE NASOFARINGE;8.2.1;false;HISTOLOGIA DO TUMOR PRIMÁRIO;METÁSTASE;;;;;CÂNCER;20/04/2014;;14/04/2014;;
1163565;RCBP ANGRA DOS REIS;MASCULINO;06/07/1951;62;PRETA;PORTUGAL;Não informado;Não Informado;MÉDIO (ANTIGO SEGUNDO GRAU);CASADO;842;OPERADORES NA PREPARAÇÃO DE FUMO E NA FABRICAÇÃO DE CHARUTOS E CIGARROS   	;RIO DE JANEIRO;ANGRA DOS REIS;PANCREAS, SOE;C259;NEOPLASIA MALIGNA;80003;PANCREAS, SOE;C259;;;;;false;HISTOLOGIA DA METÁSTASE;METÁSTASE;SEM INFORMAÇÃO;99 - SEM INFORMAÇÃO;999;MORTO;CÂNCER;30/07/2014;30/07/2014;07/03/2014;;
1163566;RCBP ANGRA DOS REIS;MASCULINO;19/06/1962;51;BRANCO;BRASIL;RIO DE JANEIRO;ANGRA DOS REIS;FUNDAMENTAL I (1ª A 4ª SÉRIE);CASADO;512;TRABALHADORES DOS SERVIÇOS DOMÉSTICOS EM GERAL	;RIO DE JANEIRO;ANGRA DOS REIS;PULMAO, SOE;C349;NEOPLASIA MALIGNA;80003;BRONQUIOS OU PULMOES, SOE;C349;;;;;false;HISTOLOGIA DO TUMOR PRIMÁRIO;SEM INFORMAÇÃO;SEM INFORMAÇÃO;99 - SEM INFORMAÇÃO;999;MORTO;CÂNCER;08/03/2015;08/03/2015;15/06/2014;;
1163656;RCBP ANGRA DOS REIS;MASCULINO;02/06/1972;42;BRANCO;BRASIL;RIO DE JANEIRO;ANGRA DOS REIS;FUNDAMENTAL II (5ª A 8ª SÉRIE);SOLTEIRO;717;AJUDANTES DE OBRAS	;RIO DE JANEIRO;ANGRA DOS REIS;LOCALIZACAO PRIMARIA DESCONHECIDA, SOE;C809;NEOPLASIA MALIGNA;80003;LOCALIZACAO PRIMARIA DESCONHECIDA;C80;;;;;false;SDO;SEM INFORMAÇÃO;SEM INFORMAÇÃO;99 - SEM INFORMAÇÃO;999;MORTO;CÂNCER;23/11/2014;23/11/2014;23/11/2014;;
1163657;RCBP ANGRA DOS REIS;FEMININO;26/08/1948;65;BRANCO;BRASIL;RIO DE JANEIRO;ANGRA DOS REIS;MÉDIO (ANTIGO SEGUNDO GRAU);CASADO;0;SEM INFORMAÇÃO	;RIO DE JANEIRO;ANGRA DOS REIS;MAMA , SOE;C509;NEOPLASIA MALIGNA;80003;MAMA , SOE;C509;;;;;false;HISTOLOGIA DO TUMOR PRIMÁRIO;METÁSTASE;SEM INFORMAÇÃO;99 - SEM INFORMAÇÃO;999;MORTO;CÂNCER;09/05/2014;09/05/2014;05/02/2014;;
1163658;RCBP ANGRA DOS REIS;FEMININO;08/11/1957;56;BRANCO;BRASIL;RIO DE JANEIRO;ANGRA DOS REIS;SEM ESCOLARIDADE;SEPARADO JUDICIALMENTE;512;TRABALHADORES DOS SERVIÇOS DOMÉSTICOS EM GERAL	;RIO DE JANEIRO;ANGRA DOS REIS;CEREBRO;C710;GLIOMA MALIGNO;93803;CEREBRO;C710;;;;;false;HISTOLOGIA DO TUMOR PRIMÁRIO;SEM INFORMAÇÃO;;;;;CÂNCER;06/09/2014;;15/04/2014;;
1163659;RCBP ANGRA DOS REIS;FEMININO;07/04/1926;88;BRANCO;Não informado;Não informado;Não Informado;FUNDAMENTAL I (1ª A 4ª SÉRIE);SOLTEIRO;514;TRABALHADORES NOS SERVIÇOS DE ADMINISTRAÇÃO, CONSERVAÇÃO E MANUTENÇÃO DE EDIFÍCIOS E LOGRADOUROS  	;RIO DE JANEIRO;ANGRA DOS REIS;PELE DO MEMBRO SUPERIOR E DO OMBRO;C446;CARCINOMA ESCAMOCELULAR, SOE;80703;PELE DO MEMBRO SUPERIOR E DO OMBRO;C446;;;;;false;HISTOLOGIA DO TUMOR PRIMÁRIO;SEM INFORMAÇÃO;;;;;;;;12/09/2014;;
1163660;RCBP ANGRA DOS REIS;FEMININO;16/08/1945;68;BRANCO;BRASIL;Não informado;Não Informado;SEM INFORMAÇÃO;CASADO;;;RIO DE JANEIRO;ANGRA DOS REIS;ASSOALHO DA BOCA, SOE;C049;CARCINOMA "IN SITU", SOE;80102;LABIOS,  CAVIDADE ORAL E FARINGE;D000;;;;;false;HISTOLOGIA DO TUMOR PRIMÁRIO;"IN SITU";;;;;;;;18/02/2014;;
1163661;RCBP ANGRA DOS REIS;FEMININO;19/08/1956;57;SEM INFORMAÇÃO;BRASIL;RIO DE JANEIRO;RESENDE;SEM INFORMAÇÃO;SEM INFORMAÇÃO;0;SEM INFORMAÇÃO	;RIO DE JANEIRO;ANGRA DOS REIS;COLO DO UTERO, SOE;C539;ADENOCARCINOMA "IN SITU", SOE;81402;COLO DO UTERO, SOE;D069;;;;;false;HISTOLOGIA DO TUMOR PRIMÁRIO;"IN SITU";;;;;;;;15/08/2014;;
1163662;RCBP ANGRA DOS REIS;FEMININO;13/12/1950;63;BRANCO;BRASIL;RIO DE JANEIRO;ANGRA DOS REIS;FUNDAMENTAL II (5ª A 8ª SÉRIE);CASADO;0;SEM INFORMAÇÃO	;RIO DE JANEIRO;ANGRA DOS REIS;MAMA , SOE;C509;NEOPLASIA MALIGNA;80003;MAMA , SOE;C509;;;;;false;HISTOLOGIA DO TUMOR PRIMÁRIO;SEM INFORMAÇÃO;SEM INFORMAÇÃO;99 - SEM INFORMAÇÃO;999;MORTO;CÂNCER;26/04/2014;26/04/2014;15/01/2014;;
1163664;RCBP ANGRA DOS REIS;FEMININO;04/01/1950;64;PRETA;BRASIL;RIO DE JANEIRO;RIO DE JANEIRO;SEM ESCOLARIDADE;SOLTEIRO;0;SEM INFORMAÇÃO	;RIO DE JANEIRO;ANGRA DOS REIS;PULMAO, SOE;C349;NEOPLASIA MALIGNA;80003;BRONQUIOS OU PULMOES, SOE;C349;;;;;false;SDO;SEM INFORMAÇÃO;SEM INFORMAÇÃO;99 - SEM INFORMAÇÃO;999;MORTO;CÂNCER;09/07/2014;09/07/2014;09/07/2014;;
1163665;RCBP ANGRA DOS REIS;FEMININO;15/07/1942;72;BRANCO;BRASIL;RIO DE JANEIRO;ANGRA DOS REIS;FUNDAMENTAL I (1ª A 4ª SÉRIE);CASADO;0;SEM INFORMAÇÃO	;RIO DE JANEIRO;ANGRA DOS REIS;RETO, SOE;C209;NEOPLASIA MALIGNA;80003;RETO;C20;;;;;false;SDO;SEM INFORMAÇÃO;SEM INFORMAÇÃO;99 - SEM INFORMAÇÃO;999;MORTO;CÂNCER;28/12/2014;28/12/2014;28/12/2014;;
1163666;RCBP ANGRA DOS REIS;FEMININO;20/09/1938;76;BRANCO;BRASIL;RIO DE JANEIRO;ANGRA DOS REIS;FUNDAMENTAL I (1ª A 4ª SÉRIE);CASADO;0;SEM INFORMAÇÃO	;RIO DE JANEIRO;ANGRA DOS REIS;ESTOMAGO, SOE;C169;NEOPLASIA MALIGNA;80003;ESTOMAGO, SOE;C169;;;;;false;PESQUISA;SEM INFORMAÇÃO;SEM INFORMAÇÃO;99 - SEM INFORMAÇÃO;999;MORTO;CÂNCER;25/10/2014;25/10/2014;25/10/2014;;
1163667;RCBP ANGRA DOS REIS;FEMININO;23/05/1965;49;BRANCO;BRASIL;RIO DE JANEIRO;RIO DE JANEIRO;SEM INFORMAÇÃO;SEM INFORMAÇÃO;0;SEM INFORMAÇÃO	;RIO DE JANEIRO;ANGRA DOS REIS;MAMA , SOE;C509;CARCINOMA DUCTAL INFILTRANTE;85003;MAMA , SOE;C509;;;;;false;HISTOLOGIA DO TUMOR PRIMÁRIO;SEM INFORMAÇÃO;;;;;;;;15/06/2014;;
1163668;RCBP ANGRA DOS REIS;FEMININO;24/05/1967;47;BRANCO;BRASIL;RIO DE JANEIRO;ANGRA DOS REIS;FUNDAMENTAL I (1ª A 4ª SÉRIE);CASADO;0;SEM INFORMAÇÃO	;RIO DE JANEIRO;ANGRA DOS REIS;MAMA , SOE;C509;NEOPLASIA MALIGNA;80003;MAMA , SOE;C509;;;;;false;HISTOLOGIA DO TUMOR PRIMÁRIO;SEM INFORMAÇÃO;;;;;;;;15/06/2014;;
1163669;RCBP ANGRA DOS REIS;FEMININO;14/12/2013;0;PARDA;BRASIL;RIO DE JANEIRO;;SEM ESCOLARIDADE;SOLTEIRO;0;SEM INFORMAÇÃO	;RIO DE JANEIRO;ANGRA DOS REIS;RETINA;C692;RETINOBLASTOMA, SOE;95103;RETINA;C692;Retinoblastoma;V;;;false;HISTOLOGIA DO TUMOR PRIMÁRIO;SEM INFORMAÇÃO;;;;;;;;04/12/2014;;
1163670;RCBP ANGRA DOS REIS;FEMININO;07/07/1936;77;PARDA;BRASIL;MINAS GERAIS;;FUNDAMENTAL II (5ª A 8ª SÉRIE);SOLTEIRO;711;TRABALHADORES DA EXTRAÇÃO MINERAL 	;RIO DE JANEIRO;ANGRA DOS REIS;ESTOMAGO, SOE;C169;NEOPLASIA MALIGNA;80003;ESTOMAGO, SOE;C169;;;;;false;SDO;SEM INFORMAÇÃO;SEM INFORMAÇÃO;99 - SEM INFORMAÇÃO;999;MORTO;CÂNCER;30/06/2014;30/06/2014;30/06/2014;;
1163671;RCBP ANGRA DOS REIS;FEMININO;01/09/1943;70;BRANCO;BRASIL;RIO DE JANEIRO;;FUNDAMENTAL I (1ª A 4ª SÉRIE);CASADO;621;TRABALHADORES NA EXPLORAÇÃO AGROPECUÁRIA EM GERAL	;RIO DE JANEIRO;ANGRA DOS REIS;PELE DE OUTRAS PARTES DA FACE;C443;CARCINOMA BASOCELULAR, SOE;80903;PELE DE OUTRAS PARTES DA FACE;C443;;;;;false;HISTOLOGIA DO TUMOR PRIMÁRIO;SEM INFORMAÇÃO;;;;;;;;07/01/2014;;
1163672;RCBP ANGRA DOS REIS;FEMININO;29/09/1944;69;PARDA;BRASIL;RIO DE JANEIRO;RIO DE JANEIRO;SEM ESCOLARIDADE;SOLTEIRO;512;TRABALHADORES DOS SERVIÇOS DOMÉSTICOS EM GERAL	;RIO DE JANEIRO;ANGRA DOS REIS;ESTOMAGO, SOE;C169;NEOPLASIA MALIGNA;80003;ESTOMAGO, SOE;C169;;;;;false;HISTOLOGIA DO TUMOR PRIMÁRIO;SEM INFORMAÇÃO;SEM INFORMAÇÃO;99 - SEM INFORMAÇÃO;999;MORTO;CÂNCER;13/06/2014;13/06/2014;13/03/2014;;
1163673;RCBP ANGRA DOS REIS;FEMININO;19/12/1958;55;PRETA;BRASIL;RIO DE JANEIRO;ANGRA DOS REIS;FUNDAMENTAL I (1ª A 4ª SÉRIE);SOLTEIRO;512;TRABALHADORES DOS SERVIÇOS DOMÉSTICOS EM GERAL	;RIO DE JANEIRO;ANGRA DOS REIS;MAMA , SOE;C509;NEOPLASIA MALIGNA;80003;MAMA , SOE;C509;;;;;false;HISTOLOGIA DO TUMOR PRIMÁRIO;SEM INFORMAÇÃO;SEM INFORMAÇÃO;99 - SEM INFORMAÇÃO;999;MORTO;CÂNCER;11/10/2014;11/10/2014;01/06/2014;;
1163674;RCBP ANGRA DOS REIS;FEMININO;06/08/1947;67;PARDA;BRASIL;RIO DE JANEIRO;;FUNDAMENTAL I (1ª A 4ª SÉRIE);CASADO;0;SEM INFORMAÇÃO	;RIO DE JANEIRO;ANGRA DOS REIS;ECTOCERVIX;C531;CARCINOMA ESCAMOCELULAR, SOE;80703;ECTOCERVIX;C531;;;;;false;HISTOLOGIA DO TUMOR PRIMÁRIO;SEM INFORMAÇÃO;;;;;;;;29/09/2014;;
1163695;RCBP ANGRA DOS REIS;FEMININO;11/11/1930;83;BRANCO;BRASIL;RIO DE JANEIRO;;MÉDIO (ANTIGO SEGUNDO GRAU);VIÚVO;333;INSTRUTORES E PROFESSORES DE ESCOLAS LIVRES   	;RIO DE JANEIRO;ANGRA DOS REIS;COLON ASCENDENTE;C182;NEOPLASIA MALIGNA;80003;COLON ASCENDENTE;C182;;;;;false;SDO;SEM INFORMAÇÃO;SEM INFORMAÇÃO;99 - SEM INFORMAÇÃO;999;MORTO;CÂNCER;20/03/2014;20/03/2014;20/03/2014;;
1163688;RCBP ANGRA DOS REIS;MASCULINO;12/11/1931;82;BRANCO;BRASIL;RIO DE JANEIRO;ANGRA DOS REIS;FUNDAMENTAL I (1ª A 4ª SÉRIE);CASADO;0;SEM INFORMAÇÃO	;RIO DE JANEIRO;ANGRA DOS REIS;PROSTATA, SOE;C619;NEOPLASIA MALIGNA;80003;PROSTATA;C61;;;;;false;HISTOLOGIA DO TUMOR PRIMÁRIO;SEM INFORMAÇÃO;SEM INFORMAÇÃO;99 - SEM INFORMAÇÃO;999;MORTO;CÂNCER;16/10/2014;16/10/2014;15/06/2014;;
1163689;RCBP ANGRA DOS REIS;MASCULINO;01/05/2001;13;BRANCO;BRASIL;RIO DE JANEIRO;;FUNDAMENTAL II (5ª A 8ª SÉRIE);SOLTEIRO;0;SEM INFORMAÇÃO	;RIO DE JANEIRO;ANGRA DOS REIS;LINFONODO, SOE;C779;LINFOMA LINFOBLASTICO DE CELULAS PRECURSORAS T;97293;LINFOBLASTICO (DIFUSO);C835;Linfoma não-Hodgkin;II-B;;;false;HISTOLOGIA DO TUMOR PRIMÁRIO;NÃO SE APLICA;;;;;CÂNCER;15/01/2015;;26/05/2014;;
1163690;RCBP ANGRA DOS REIS;FEMININO;16/01/1963;51;BRANCO;BRASIL;RIO DE JANEIRO;;FUNDAMENTAL II (5ª A 8ª SÉRIE);CASADO;631;PESCADORES E CAÇADORES	;RIO DE JANEIRO;ANGRA DOS REIS;PELE DE OUTRAS PARTES DA FACE;C443;CARCINOMA BASOCELULAR, SOE;80903;PELE DE OUTRAS PARTES DA FACE;C443;;;;;false;HISTOLOGIA DO TUMOR PRIMÁRIO;SEM INFORMAÇÃO;;;;;;;;01/10/2014;;
1163691;RCBP ANGRA DOS REIS;MASCULINO;08/08/1943;71;BRANCO;BRASIL;RIO DE JANEIRO;ITAGUAÍ;SEM INFORMAÇÃO;SEM INFORMAÇÃO;0;SEM INFORMAÇÃO	;RIO DE JANEIRO;ANGRA DOS REIS;BEXIGA, SOE;C679;NEOPLASIA MALIGNA;80003;BEXIGA, SOE;C679;;;;;false;PESQUISA;SEM INFORMAÇÃO;SEM INFORMAÇÃO;99 - SEM INFORMAÇÃO;999;MORTO;CÂNCER;30/01/2015;30/01/2015;12/12/2014;;
1163692;RCBP ANGRA DOS REIS;MASCULINO;23/01/1986;28;PARDA;BRASIL;RIO DE JANEIRO;;FUNDAMENTAL I (1ª A 4ª SÉRIE);SOLTEIRO;521;VENDEDORES E DEMONSTRADORES   	;RIO DE JANEIRO;ANGRA DOS REIS;PULMAO, SOE;C349;NEOPLASIA MALIGNA;80003;BRONQUIOS OU PULMOES, SOE;C349;;;NEOPLASIAS MALIGNAS INESPECÍFICAS;10.1;false;SDO;SEM INFORMAÇÃO;SEM INFORMAÇÃO;99 - SEM INFORMAÇÃO;999;MORTO;CÂNCER;26/01/2014;26/01/2014;26/01/2014;;
1163693;RCBP ANGRA DOS REIS;MASCULINO;10/01/1937;77;PARDA;BRASIL;RIO DE JANEIRO;ANGRA DOS REIS;FUNDAMENTAL II (5ª A 8ª SÉRIE);SEPARADO JUDICIALMENTE;513;TRABALHADORES DOS SERVIÇOS DE HOTELARIA E ALIMENTAÇÃO 	;RIO DE JANEIRO;ANGRA DOS REIS;FIGADO, SOE;C220;CARCINOMA HEPATOCELULAR, SOE;81703;CARCINOMA DE CELULAS HEPATICAS;C220;;;;;false;HISTOLOGIA DO TUMOR PRIMÁRIO;METÁSTASE;SEM INFORMAÇÃO;99 - SEM INFORMAÇÃO;999;MORTO;CÂNCER;23/06/2014;23/06/2014;15/03/2014;;
1163694;RCBP ANGRA DOS REIS;FEMININO;17/03/1938;76;BRANCO;BRASIL;ESPIRITO SANTO;;FUNDAMENTAL I (1ª A 4ª SÉRIE);VIÚVO;0;SEM INFORMAÇÃO	;RIO DE JANEIRO;ANGRA DOS REIS;TRATO INTESTINAL, SOE;C260;NEOPLASIA MALIGNA;80003;TRATO INTESTINAL, SOE;C260;;;;;false;HISTOLOGIA DO TUMOR PRIMÁRIO;SEM INFORMAÇÃO;SEM INFORMAÇÃO;99 - SEM INFORMAÇÃO;999;MORTO;CÂNCER;02/05/2014;02/05/2014;02/05/2014;;
1163698;RCBP ANGRA DOS REIS;FEMININO;25/12/1951;62;PARDA;BRASIL;SÃO PAULO;;FUNDAMENTAL I (1ª A 4ª SÉRIE);CASADO;0;SEM INFORMAÇÃO	;RIO DE JANEIRO;ANGRA DOS REIS;MEDULA OSSEA;C421;MIELOMA MULTIPLO;97323;MIELOMA MULTIPLO;C900;;;;;false;HISTOLOGIA DO TUMOR PRIMÁRIO;NÃO SE APLICA;;;;;;;;25/08/2014;;
1163699;RCBP ANGRA DOS REIS;MASCULINO;06/10/1953;60;BRANCO;BRASIL;RIO DE JANEIRO;RIO DE JANEIRO;FUNDAMENTAL I (1ª A 4ª SÉRIE);CASADO;711;TRABALHADORES DA EXTRAÇÃO MINERAL 	;RIO DE JANEIRO;ANGRA DOS REIS;PULMAO, SOE;C349;NEOPLASIA MALIGNA;80003;BRONQUIOS OU PULMOES, SOE;C349;;;;;false;SDO;SEM INFORMAÇÃO;SEM INFORMAÇÃO;99 - SEM INFORMAÇÃO;999;MORTO;CÂNCER;24/04/2014;24/04/2014;24/04/2014;;
1163700;RCBP ANGRA DOS REIS;FEMININO;28/03/1952;62;BRANCO;BRASIL;Não informado;;FUNDAMENTAL II (5ª A 8ª SÉRIE);CASADO;0;SEM INFORMAÇÃO	;RIO DE JANEIRO;ANGRA DOS REIS;VIA BILIAR, SOE;C249;NEOPLASIA MALIGNA;80003;VIA BILIAR, SOE;C249;;;;;false;SDO;SEM INFORMAÇÃO;SEM INFORMAÇÃO;99 - SEM INFORMAÇÃO;999;MORTO;CÂNCER;16/08/2014;16/08/2014;16/08/2014;;
1163724;RCBP ANGRA DOS REIS;FEMININO;20/09/1963;50;SEM INFORMAÇÃO;BRASIL;RIO DE JANEIRO;RIO DE JANEIRO;MÉDIO (ANTIGO SEGUNDO GRAU);CASADO;0;SEM INFORMAÇÃO	;RIO DE JANEIRO;ANGRA DOS REIS;MAMA , SOE;C509;CARCINOMA, SOE;80103;MAMA , SOE;C509;;;;;false;HISTOLOGIA DO TUMOR PRIMÁRIO;SEM INFORMAÇÃO;;;;;;;;15/06/2014;;
1163725;RCBP ANGRA DOS REIS;MASCULINO;15/10/1943;70;AMARELA;BRASIL;MINAS GERAIS;;FUNDAMENTAL II (5ª A 8ª SÉRIE);CASADO;0;SEM INFORMAÇÃO	;RIO DE JANEIRO;ANGRA DOS REIS;ESOFAGO, SOE;C159;CARCINOMA ESCAMOCELULAR, SOE;80703;ESOFAGO, SOE;C159;;;;;false;HISTOLOGIA DO TUMOR PRIMÁRIO;SEM INFORMAÇÃO;;;;;CÂNCER;24/09/2014;;19/03/2014;;
1163726;RCBP ANGRA DOS REIS;FEMININO;20/01/1966;48;BRANCO;BRASIL;RIO DE JANEIRO;ANGRA DOS REIS;FUNDAMENTAL I (1ª A 4ª SÉRIE);CASADO;0;SEM INFORMAÇÃO	;RIO DE JANEIRO;ANGRA DOS REIS;MAMA , SOE;C509;CARCINOMA DUCTAL INFILTRANTE;85003;MAMA , SOE;C509;;;;;false;HISTOLOGIA DO TUMOR PRIMÁRIO;SEM INFORMAÇÃO;SEM INFORMAÇÃO;99 - SEM INFORMAÇÃO;999;MORTO;CÂNCER;02/05/2014;02/05/2014;02/02/2014;;
1163727;RCBP ANGRA DOS REIS;FEMININO;07/01/1953;61;PRETA;BRASIL;RIO DE JANEIRO;RIO DE JANEIRO;SEM INFORMAÇÃO;SEM INFORMAÇÃO;0;SEM INFORMAÇÃO	;RIO DE JANEIRO;ANGRA DOS REIS;MAMA , SOE;C509;CARCINOMA, SOE;80103;MAMA , SOE;C509;;;;;false;HISTOLOGIA DO TUMOR PRIMÁRIO;SEM INFORMAÇÃO;;;;;;;;15/06/2014;;
1163728;RCBP ANGRA DOS REIS;MASCULINO;07/02/1963;51;BRANCO;BRASIL;RIO DE JANEIRO;;FUNDAMENTAL II (5ª A 8ª SÉRIE);CASADO;821;OPERADORES DE INSTALAÇÕES E EQUIPAMENTOS DE PRODUÇÃO DE METAIS E LIGAS- PRIMEIRA FUSÃO	;RIO DE JANEIRO;ANGRA DOS REIS;TECIDOS MOLES DA CABECA, FACE E PESCOCO;C490;NEOPLASIA MALIGNA;80003;TECIDOS MOLES DA CABECA, FACE E PESCOCO;C490;;;;;false;SDO;SEM INFORMAÇÃO;SEM INFORMAÇÃO;99 - SEM INFORMAÇÃO;999;MORTO;CÂNCER;04/05/2014;04/05/2014;04/05/2014;;
1163729;RCBP ANGRA DOS REIS;MASCULINO;07/03/1930;84;BRANCO;BRASIL;RIO DE JANEIRO;RIO DE JANEIRO;FUNDAMENTAL I (1ª A 4ª SÉRIE);VIÚVO;232;PROFESSORES DO ENSINO MÉDIO   	;RIO DE JANEIRO;ANGRA DOS REIS;PROSTATA, SOE;C619;NEOPLASIA MALIGNA;80003;PROSTATA;C61;;;;;false;HISTOLOGIA DO TUMOR PRIMÁRIO;SEM INFORMAÇÃO;SEM INFORMAÇÃO;99 - SEM INFORMAÇÃO;999;MORTO;CÂNCER;27/07/2014;27/07/2014;15/06/2014;;
1163730;RCBP ANGRA DOS REIS;MASCULINO;25/08/1941;73;BRANCO;BRASIL;RIO DE JANEIRO;;FUNDAMENTAL I (1ª A 4ª SÉRIE);CASADO;0;SEM INFORMAÇÃO	;RIO DE JANEIRO;ANGRA DOS REIS;RIM, SOE;C649;NEOPLASIA MALIGNA;80003;RIM;C64;;;;;false;SDO;SEM INFORMAÇÃO;SEM INFORMAÇÃO;99 - SEM INFORMAÇÃO;999;MORTO;CÂNCER;10/12/2014;10/12/2014;10/12/2014;;
1163731;RCBP ANGRA DOS REIS;FEMININO;15/02/1979;34;PARDA;BRASIL;RIO DE JANEIRO;;SEM INFORMAÇÃO;SEM INFORMAÇÃO;514;TRABALHADORES NOS SERVIÇOS DE ADMINISTRAÇÃO, CONSERVAÇÃO E MANUTENÇÃO DE EDIFÍCIOS E LOGRADOUROS  	;RIO DE JANEIRO;ANGRA DOS REIS;OVARIO, SOE;C569;CISTADENOCARCINOMA SEROSO, SOE;84413;OVARIO;C56;;;;;false;HISTOLOGIA DO TUMOR PRIMÁRIO;SEM INFORMAÇÃO;;;;;;;;30/01/2014;;
1163732;RCBP ANGRA DOS REIS;FEMININO;27/05/1964;50;BRANCO;BRASIL;RIO DE JANEIRO;ANGRA DOS REIS;SEM INFORMAÇÃO;SEM INFORMAÇÃO;0;SEM INFORMAÇÃO	;RIO DE JANEIRO;ANGRA DOS REIS;MAMA , SOE;C509;CARCINOMA DUCTAL INFILTRANTE;85003;MAMA , SOE;C509;;;;;false;HISTOLOGIA DO TUMOR PRIMÁRIO;SEM INFORMAÇÃO;;;;;;;;15/06/2014;;
1163733;RCBP ANGRA DOS REIS;FEMININO;29/10/1985;28;PARDA;BRASIL;RIO DE JANEIRO;RIO DE JANEIRO;MÉDIO (ANTIGO SEGUNDO GRAU);CASADO;521;VENDEDORES E DEMONSTRADORES   	;RIO DE JANEIRO;ANGRA DOS REIS;MAMA , SOE;C509;CARCINOMA, SOE;80103;MAMA , SOE;C509;;;CARCINOMA DE MAMA;8.4;false;HISTOLOGIA DO TUMOR PRIMÁRIO;SEM INFORMAÇÃO;;;;;;;;15/06/2014;;
1163734;RCBP ANGRA DOS REIS;FEMININO;02/10/1934;79;BRANCO;BRASIL;RIO DE JANEIRO;;SUPERIOR COMPLETO;VIÚVO;0;SEM INFORMAÇÃO	;RIO DE JANEIRO;ANGRA DOS REIS;PULMAO, SOE;C349;NEOPLASIA MALIGNA;80003;BRONQUIOS OU PULMOES, SOE;C349;;;;;false;SDO;SEM INFORMAÇÃO;SEM INFORMAÇÃO;99 - SEM INFORMAÇÃO;999;MORTO;CÂNCER;30/05/2014;30/05/2014;30/05/2014;;
1163735;RCBP ANGRA DOS REIS;MASCULINO;15/10/1977;36;BRANCO;BRASIL;RIO DE JANEIRO;;MÉDIO (ANTIGO SEGUNDO GRAU);SOLTEIRO;;;RIO DE JANEIRO;ANGRA DOS REIS;PELE, SOE;C449;MELANOMA MALIGNO, SOE;87203;MELANOMA MALIGNO DA PELE, SOE;C439;;;;;false;SDO;METÁSTASE;SEM INFORMAÇÃO;99 - SEM INFORMAÇÃO;999;MORTO;CÂNCER;29/07/2014;29/07/2014;29/07/2014;;
1163587;RCBP ANGRA DOS REIS;FEMININO;27/05/1972;42;AMARELA;BRASIL;RIO DE JANEIRO;VOLTA REDONDA;SEM INFORMAÇÃO;SEM INFORMAÇÃO;0;SEM INFORMAÇÃO	;RIO DE JANEIRO;ANGRA DOS REIS;MAMA , SOE;C509;CARCINOMA DUCTAL INFILTRANTE;85003;MAMA , SOE;C509;;;;;false;HISTOLOGIA DO TUMOR PRIMÁRIO;SEM INFORMAÇÃO;;;;;;;;15/06/2014;;
1163649;RCBP ANGRA DOS REIS;MASCULINO;10/12/1947;66;PARDA;BRASIL;RIO DE JANEIRO;ANGRA DOS REIS;FUNDAMENTAL I (1ª A 4ª SÉRIE);UNIÃO CONSENSUAL;0;SEM INFORMAÇÃO	;RIO DE JANEIRO;ANGRA DOS REIS;ASSOALHO DA BOCA, SOE;C049;CARCINOMA ESCAMOCELULAR, SOE;80703;ASSOALHO DA BOCA, SOE;C049;;;;;false;HISTOLOGIA DO TUMOR PRIMÁRIO;METÁSTASE;;;;;;;;03/02/2014;;
1163585;RCBP ANGRA DOS REIS;FEMININO;13/02/1956;58;PARDA;BRASIL;RIO DE JANEIRO;BARRA MANSA;SEM INFORMAÇÃO;SEM INFORMAÇÃO;;;RIO DE JANEIRO;ANGRA DOS REIS;COLO DO UTERO, SOE;C539;CARCINOMA ESCAMOSO MICRO-INVASOR;80763;COLO DO UTERO, SOE;C539;;;;;false;HISTOLOGIA DO TUMOR PRIMÁRIO;SEM INFORMAÇÃO;;;;;;;;15/05/2014;;
1163586;RCBP ANGRA DOS REIS;FEMININO;20/05/1974;40;SEM INFORMAÇÃO;BRASIL;RIO DE JANEIRO;RIO DE JANEIRO;SEM INFORMAÇÃO;UNIÃO CONSENSUAL;0;SEM INFORMAÇÃO	;RIO DE JANEIRO;ANGRA DOS REIS;COLO DO UTERO, SOE;C539;ADENOCARCINOMA "IN SITU", SOE;81402;COLO DO UTERO, SOE;D069;;;;;false;HISTOLOGIA DO TUMOR PRIMÁRIO;"IN SITU";;;;;;;;15/12/2014;;
1163567;RCBP ANGRA DOS REIS;MASCULINO;29/05/1982;31;PARDA;BRASIL;RIO DE JANEIRO;ANGRA DOS REIS;MÉDIO (ANTIGO SEGUNDO GRAU);SOLTEIRO;0;SEM INFORMAÇÃO	;RIO DE JANEIRO;ANGRA DOS REIS;MEDULA OSSEA;C421;LEUCEMIA, SOE;98003;LEUCEMIA NAO ESPECIFICADA;C959;;;;;false;PESQUISA;NÃO SE APLICA;SEM INFORMAÇÃO;99 - SEM INFORMAÇÃO;999;MORTO;CÂNCER;08/02/2015;08/02/2015;05/02/2014;;
1163568;RCBP ANGRA DOS REIS;FEMININO;05/01/1970;44;PARDA;BRASIL;RIO DE JANEIRO;;SEM ESCOLARIDADE;SOLTEIRO;0;SEM INFORMAÇÃO	;RIO DE JANEIRO;ANGRA DOS REIS;TRATO INTESTINAL, SOE;C260;NEOPLASIA MALIGNA;80003;TRATO INTESTINAL, SOE;C260;;;;;false;HISTOLOGIA DO TUMOR PRIMÁRIO;SEM INFORMAÇÃO;SEM INFORMAÇÃO;99 - SEM INFORMAÇÃO;999;MORTO;CÂNCER;25/04/2014;25/04/2014;20/04/2014;;
1163569;RCBP ANGRA DOS REIS;FEMININO;21/07/1952;61;PRETA;BRASIL;RIO DE JANEIRO;ANGRA DOS REIS;SEM ESCOLARIDADE;SEM INFORMAÇÃO;0;SEM INFORMAÇÃO	;RIO DE JANEIRO;ANGRA DOS REIS;MAMA , SOE;C509;CARCINOMA, SOE;80103;MAMA , SOE;C509;;;;;false;HISTOLOGIA DO TUMOR PRIMÁRIO;SEM INFORMAÇÃO;;;;;;;;15/06/2014;;
1163570;RCBP ANGRA DOS REIS;FEMININO;03/02/1973;41;BRANCO;BRASIL;RIO DE JANEIRO;VOLTA REDONDA;MÉDIO (ANTIGO SEGUNDO GRAU);CASADO;0;SEM INFORMAÇÃO	;RIO DE JANEIRO;ANGRA DOS REIS;COLO DO UTERO, SOE;C539;CARCINOMA ESCAMOCELULAR "IN SITU", SOE;80702;COLO DO UTERO, SOE;D069;;;;;false;HISTOLOGIA DO TUMOR PRIMÁRIO;"IN SITU";;;;;;;;01/06/2014;;
1163571;RCBP ANGRA DOS REIS;FEMININO;05/01/1979;35;SEM INFORMAÇÃO;BRASIL;RIO DE JANEIRO;RIO DE JANEIRO;MÉDIO (ANTIGO SEGUNDO GRAU);CASADO;0;SEM INFORMAÇÃO	;RIO DE JANEIRO;ANGRA DOS REIS;COLO DO UTERO, SOE;C539;CARCINOMA ESCAMOCELULAR "IN SITU", SOE;80702;COLO DO UTERO, SOE;D069;;;;;false;HISTOLOGIA DO TUMOR PRIMÁRIO;"IN SITU";;;;;;;;15/05/2014;;
1163572;RCBP ANGRA DOS REIS;FEMININO;22/06/1948;66;PARDA;BRASIL;RIO DE JANEIRO;;FUNDAMENTAL I (1ª A 4ª SÉRIE);CASADO;0;SEM INFORMAÇÃO	;RIO DE JANEIRO;ANGRA DOS REIS;PULMAO, SOE;C349;NEOPLASIA MALIGNA;80003;BRONQUIOS OU PULMOES, SOE;C349;;;;;false;CLÍNICO;SEM INFORMAÇÃO;SEM INFORMAÇÃO;99 - SEM INFORMAÇÃO;999;MORTO;CÂNCER;13/09/2014;13/09/2014;08/09/2014;;
1163573;RCBP ANGRA DOS REIS;FEMININO;17/09/1947;66;PRETA;BRASIL;RIO DE JANEIRO;RIO DE JANEIRO;SEM INFORMAÇÃO;SEM INFORMAÇÃO;0;SEM INFORMAÇÃO	;RIO DE JANEIRO;ANGRA DOS REIS;COLO DO UTERO, SOE;C539;NEOPLASIA INTRA-EPITELIAL ESCAMOSA,GRAU IIII;80772;COLO DO UTERO, SOE;D069;;;;;false;HISTOLOGIA DO TUMOR PRIMÁRIO;"IN SITU";;;;;;;;15/02/2014;;
1163574;RCBP ANGRA DOS REIS;FEMININO;15/11/1967;46;SEM INFORMAÇÃO;BRASIL;SERGIPE;ARACAJU;SEM INFORMAÇÃO;SEM INFORMAÇÃO;0;SEM INFORMAÇÃO	;RIO DE JANEIRO;ANGRA DOS REIS;MAMA , SOE;C509;CARCINOMA, SOE;80103;MAMA , SOE;C509;;;;;false;HISTOLOGIA DO TUMOR PRIMÁRIO;SEM INFORMAÇÃO;;;;;;;;15/06/2014;;
1163575;RCBP ANGRA DOS REIS;MASCULINO;04/10/1946;68;BRANCO;BRASIL;ESPIRITO SANTO;;FUNDAMENTAL I (1ª A 4ª SÉRIE);CASADO;862;OPERADORES DE UTILIDADES  	;RIO DE JANEIRO;ANGRA DOS REIS;PULMAO, SOE;C349;CARCINOMA ESCAMOCELULAR, SOE;80703;BRONQUIOS OU PULMOES, SOE;C349;;;;;false;HISTOLOGIA DO TUMOR PRIMÁRIO;METÁSTASE;;;;;;;;16/10/2014;;
1163576;RCBP ANGRA DOS REIS;FEMININO;06/05/1988;26;BRANCO;BRASIL;RIO DE JANEIRO;;FUNDAMENTAL I (1ª A 4ª SÉRIE);CASADO;0;SEM INFORMAÇÃO	;RIO DE JANEIRO;ANGRA DOS REIS;OVARIO, SOE;C569;CISTADENOMA SEROSO DE MALIGNIDADE LIMITROFE;84421;OVARIO;C56;;;CARCINOMA DAS GÔNADAS;8.5.3;false;HISTOLOGIA DO TUMOR PRIMÁRIO;LOCALIZADO;;;;;;;;15/09/2014;;
1163577;RCBP ANGRA DOS REIS;FEMININO;15/05/1968;46;SEM INFORMAÇÃO;BRASIL;RIO DE JANEIRO;ANGRA DOS REIS;FUNDAMENTAL I (1ª A 4ª SÉRIE);CASADO;0;SEM INFORMAÇÃO	;RIO DE JANEIRO;ANGRA DOS REIS;MAMA , SOE;C509;CARCINOMA, SOE;80103;MAMA , SOE;C509;;;;;false;HISTOLOGIA DO TUMOR PRIMÁRIO;SEM INFORMAÇÃO;;;;;;;;15/06/2014;;
1163579;RCBP ANGRA DOS REIS;MASCULINO;20/08/1938;76;BRANCO;BRASIL;RIO DE JANEIRO;ANGRA DOS REIS;FUNDAMENTAL I (1ª A 4ª SÉRIE);VIÚVO;914;MECÂNICOS DE MANUTENÇÃO VEICULAR  	;RIO DE JANEIRO;ANGRA DOS REIS;PULMAO, SOE;C349;NEOPLASIA MALIGNA;80003;BRONQUIOS OU PULMOES, SOE;C349;;;;;false;HISTOLOGIA DO TUMOR PRIMÁRIO;SEM INFORMAÇÃO;SEM INFORMAÇÃO;99 - SEM INFORMAÇÃO;999;MORTO;CÂNCER;25/09/2014;25/09/2014;11/09/2014;;
1163580;RCBP ANGRA DOS REIS;FEMININO;10/09/1952;61;BRANCO;BRASIL;RIO DE JANEIRO;ANGRA DOS REIS;SEM INFORMAÇÃO;SEM INFORMAÇÃO;0;SEM INFORMAÇÃO	;RIO DE JANEIRO;ANGRA DOS REIS;MAMA , SOE;C509;CARCINOMA DUCTAL INFILTRANTE;85003;MAMA , SOE;C509;;;;;false;HISTOLOGIA DO TUMOR PRIMÁRIO;SEM INFORMAÇÃO;;;;;;;;15/06/2014;;
1163581;RCBP ANGRA DOS REIS;FEMININO;08/07/1946;67;PARDA;BRASIL;RIO DE JANEIRO;ANGRA DOS REIS;SEM INFORMAÇÃO;CASADO;0;SEM INFORMAÇÃO	;RIO DE JANEIRO;ANGRA DOS REIS;MAMA , SOE;C509;NEOPLASIA MALIGNA;80003;MAMA , SOE;C509;;;;;false;HISTOLOGIA DO TUMOR PRIMÁRIO;SEM INFORMAÇÃO;;;;;;;;15/06/2014;;
1163582;RCBP ANGRA DOS REIS;MASCULINO;14/05/1935;78;BRANCO;BRASIL;PERNAMBUCO;RECIFE;FUNDAMENTAL II (5ª A 8ª SÉRIE);CASADO;0;SEM INFORMAÇÃO	;RIO DE JANEIRO;ANGRA DOS REIS;PULMAO, SOE;C349;CARCINOMA ESCAMOCELULAR, SOE;80703;BRONQUIOS OU PULMOES, SOE;C349;;;;;false;HISTOLOGIA DO TUMOR PRIMÁRIO;SEM INFORMAÇÃO;SEM INFORMAÇÃO;99 - SEM INFORMAÇÃO;999;MORTO;CÂNCER;09/03/2014;09/03/2014;29/01/2014;;
1163583;RCBP ANGRA DOS REIS;MASCULINO;16/01/1937;77;BRANCO;BRASIL;RIO DE JANEIRO;ANGRA DOS REIS;FUNDAMENTAL I (1ª A 4ª SÉRIE);CASADO;0;SEM INFORMAÇÃO	;RIO DE JANEIRO;ANGRA DOS REIS;PROSTATA, SOE;C619;NEOPLASIA MALIGNA;80003;PROSTATA;C61;;;;;false;HISTOLOGIA DO TUMOR PRIMÁRIO;SEM INFORMAÇÃO;SEM INFORMAÇÃO;99 - SEM INFORMAÇÃO;999;MORTO;CÂNCER;18/11/2014;18/11/2014;11/04/2014;;
1163584;RCBP ANGRA DOS REIS;MASCULINO;18/09/1968;45;BRANCO;BRASIL;RIO DE JANEIRO;ANGRA DOS REIS;FUNDAMENTAL II (5ª A 8ª SÉRIE);CASADO;842;OPERADORES NA PREPARAÇÃO DE FUMO E NA FABRICAÇÃO DE CHARUTOS E CIGARROS   	;RIO DE JANEIRO;ANGRA DOS REIS;MEDULA OSSEA;C421;LEUCEMIA AGUDA, SOE;98013;LEUCEMIA AGUDA DE TIPO CELULAR, SOE;C950;;;;;false;HISTOLOGIA DO TUMOR PRIMÁRIO;NÃO SE APLICA;SEM INFORMAÇÃO;99 - SEM INFORMAÇÃO;999;MORTO;CÂNCER;10/09/2014;10/09/2014;03/02/2014;;
1164163;RCBP ANGRA DOS REIS;MASCULINO;14/05/1954;59;PARDA;BRASIL;MINAS GERAIS;ÁGUAS VERMELHAS;FUNDAMENTAL I (1ª A 4ª SÉRIE);CASADO;711;TRABALHADORES DA EXTRAÇÃO MINERAL 	;RIO DE JANEIRO;ANGRA DOS REIS;LOCALIZACAO PRIMARIA DESCONHECIDA, SOE;C809;LINFOMA DE CELULAS T, MADURAS, SOE;97023;LINFOMA DE CELULAS T, PERIFERICO;C844;;;;;false;HISTOLOGIA DO TUMOR PRIMÁRIO;NÃO SE APLICA;SEM INFORMAÇÃO;99 - SEM INFORMAÇÃO;999;MORTO;CÂNCER;17/12/2014;17/12/2014;13/02/2014;;
1163541;RCBP ANGRA DOS REIS;FEMININO;04/03/1937;77;PARDA;BRASIL;PARAÍBA;JOÃO PESSOA;SEM INFORMAÇÃO;VIÚVO;0;SEM INFORMAÇÃO	;RIO DE JANEIRO;ANGRA DOS REIS;COLO DO UTERO, SOE;C539;NEOPLASIA INTRA-EPITELIAL ESCAMOSA,GRAU IIII;80772;COLO DO UTERO, SOE;D069;;;;;false;HISTOLOGIA DO TUMOR PRIMÁRIO;"IN SITU";;;;;;;;15/05/2014;;
1163542;RCBP ANGRA DOS REIS;FEMININO;07/10/1975;38;BRANCO;BRASIL;RIO DE JANEIRO;NOVA IGUAÇU;SEM INFORMAÇÃO;SEM INFORMAÇÃO;0;SEM INFORMAÇÃO	;RIO DE JANEIRO;ANGRA DOS REIS;COLO DO UTERO, SOE;C539;CARCINOMA ESCAMOCELULAR "IN SITU", SOE;80702;COLO DO UTERO, SOE;D069;;;;;false;HISTOLOGIA DO TUMOR PRIMÁRIO;"IN SITU";;;;;;;;07/04/2014;;
1163543;RCBP ANGRA DOS REIS;FEMININO;09/06/1934;79;BRANCO;BRASIL;RIO DE JANEIRO;;SEM ESCOLARIDADE;CASADO;0;SEM INFORMAÇÃO	;RIO DE JANEIRO;ANGRA DOS REIS;TRATO INTESTINAL, SOE;C260;NEOPLASIA MALIGNA;80003;TRATO INTESTINAL, SOE;C260;;;;;false;CLÍNICO;SEM INFORMAÇÃO;SEM INFORMAÇÃO;99 - SEM INFORMAÇÃO;999;MORTO;CÂNCER;20/05/2014;20/05/2014;20/05/2014;;
1163547;RCBP ANGRA DOS REIS;FEMININO;11/02/1953;61;BRANCO;BRASIL;RIO DE JANEIRO;;SUPERIOR COMPLETO;CASADO;234;PROFESSORES DO ENSINO SUPERIOR	;RIO DE JANEIRO;ANGRA DOS REIS;ENCEFALO, SOE;C719;OLIGODENDROGLIOMA, SOE;94503;ENCEFALO, SOE;C719;;;;;false;HISTOLOGIA DO TUMOR PRIMÁRIO;SEM INFORMAÇÃO;;;;;CÂNCER;08/06/2014;;15/02/2014;;
1163548;RCBP ANGRA DOS REIS;MASCULINO;22/04/1932;82;BRANCO;BRASIL;RIO DE JANEIRO;RIO DE JANEIRO;SEM ESCOLARIDADE;CASADO;0;SEM INFORMAÇÃO	;RIO DE JANEIRO;ANGRA DOS REIS;TRATO INTESTINAL, SOE;C260;CARCINOMA, SOE;80103;TRATO INTESTINAL, SOE;C260;;;;;false;HISTOLOGIA DO TUMOR PRIMÁRIO;SEM INFORMAÇÃO;SEM INFORMAÇÃO;99 - SEM INFORMAÇÃO;999;MORTO;CÂNCER;27/05/2016;27/05/2016;15/06/2014;;
1163553;RCBP ANGRA DOS REIS;MASCULINO;25/01/1956;58;PARDA;BRASIL;RIO DE JANEIRO;;FUNDAMENTAL I (1ª A 4ª SÉRIE);CASADO;0;SEM INFORMAÇÃO	;RIO DE JANEIRO;ANGRA DOS REIS;TECIDOS MOLES DO MEMBRO INFERIOR E QUADRIL;C492;SARCOMA DE CELULAS GIGANTES;88023;TECIDOS MOLES DO MEMBRO INFERIOR E QUADRIL;C492;;;;;false;HISTOLOGIA DO TUMOR PRIMÁRIO;SEM INFORMAÇÃO;;;;;SEM INFORMAÇÃO;15/06/2016;;10/12/2014;;
1163554;RCBP ANGRA DOS REIS;FEMININO;20/12/1956;57;BRANCO;BRASIL;MINAS GERAIS;;FUNDAMENTAL I (1ª A 4ª SÉRIE);CASADO;0;SEM INFORMAÇÃO	;RIO DE JANEIRO;ANGRA DOS REIS;CEREBRO;C710;NEOPLASIA MALIGNA;80003;CEREBRO;C710;;;;;false;PESQUISA;SEM INFORMAÇÃO;SEM INFORMAÇÃO;99 - SEM INFORMAÇÃO;999;MORTO;CÂNCER;10/01/2014;10/01/2014;06/01/2014;;
1163555;RCBP ANGRA DOS REIS;FEMININO;06/03/1950;64;PRETA;BRASIL;RIO DE JANEIRO;ANGRA DOS REIS;SEM ESCOLARIDADE;CASADO;0;SEM INFORMAÇÃO	;RIO DE JANEIRO;ANGRA DOS REIS;ESTOMAGO, SOE;C169;NEOPLASIA MALIGNA;80003;ESTOMAGO, SOE;C169;;;;;false;CITOLOGIA;SEM INFORMAÇÃO;SEM INFORMAÇÃO;99 - SEM INFORMAÇÃO;999;MORTO;CÂNCER;28/07/2014;28/07/2014;28/03/2014;;
1163557;RCBP ANGRA DOS REIS;MASCULINO;11/04/1960;54;PARDA;BRASIL;RIO DE JANEIRO;ANGRA DOS REIS;SEM INFORMAÇÃO;CASADO;842;OPERADORES NA PREPARAÇÃO DE FUMO E NA FABRICAÇÃO DE CHARUTOS E CIGARROS   	;RIO DE JANEIRO;ANGRA DOS REIS;PULMAO, SOE;C349;NEOPLASIA MALIGNA;80003;BRONQUIOS OU PULMOES, SOE;C349;;;;;false;HISTOLOGIA DO TUMOR PRIMÁRIO;SEM INFORMAÇÃO;SEM INFORMAÇÃO;99 - SEM INFORMAÇÃO;999;MORTO;CÂNCER;02/02/2015;02/02/2015;30/12/2014;;
1163558;RCBP ANGRA DOS REIS;MASCULINO;01/08/1924;89;PARDA;BRASIL;RIO DE JANEIRO;;MÉDIO (ANTIGO SEGUNDO GRAU);CASADO;0;SEM INFORMAÇÃO	;RIO DE JANEIRO;ANGRA DOS REIS;PROSTATA, SOE;C619;NEOPLASIA MALIGNA;80003;PROSTATA;C61;;;;;false;HISTOLOGIA DO TUMOR PRIMÁRIO;SEM INFORMAÇÃO;SEM INFORMAÇÃO;99 - SEM INFORMAÇÃO;999;MORTO;CÂNCER;23/12/2014;23/12/2014;17/01/2014;;
1163559;RCBP ANGRA DOS REIS;MASCULINO;25/05/1938;75;BRANCO;BRASIL;RIO DE JANEIRO;RIO DE JANEIRO;SEM INFORMAÇÃO;CASADO;711;TRABALHADORES DA EXTRAÇÃO MINERAL 	;RIO DE JANEIRO;ANGRA DOS REIS;PROSTATA, SOE;C619;NEOPLASIA MALIGNA;80003;PROSTATA;C61;;;;;false;HISTOLOGIA DO TUMOR PRIMÁRIO;SEM INFORMAÇÃO;SEM INFORMAÇÃO;99 - SEM INFORMAÇÃO;999;MORTO;NÃO CÂNCER;04/06/2014;04/06/2014;13/04/2014;;
1163560;RCBP ANGRA DOS REIS;FEMININO;22/02/1955;59;BRANCO;BRASIL;RIO DE JANEIRO;ANGRA DOS REIS;MÉDIO (ANTIGO SEGUNDO GRAU);SOLTEIRO;411;ESCRITURÁRIOS EM GERAL, AGENTES, ASSISTENTES E AUXILIARES ADMINISTRATIVOS 	;RIO DE JANEIRO;ANGRA DOS REIS;LINGUA, SOE;C029;CARCINOMA ESCAMOCELULAR, SOE;80703;LINGUA, SOE;C029;;;;;false;HISTOLOGIA DO TUMOR PRIMÁRIO;METÁSTASE;;;;;CÂNCER;15/01/2015;;10/04/2014;;
1163561;RCBP ANGRA DOS REIS;FEMININO;12/09/1934;79;AMARELA;BRASIL;RIO DE JANEIRO;RIO DE JANEIRO;SEM INFORMAÇÃO;SEM INFORMAÇÃO;0;SEM INFORMAÇÃO	;RIO DE JANEIRO;ANGRA DOS REIS;COLO DO UTERO, SOE;C539;ADENOCARCINOMA "IN SITU", SOE;81402;COLO DO UTERO, SOE;D069;;;;;false;HISTOLOGIA DO TUMOR PRIMÁRIO;"IN SITU";SEM INFORMAÇÃO;99 - SEM INFORMAÇÃO;999;MORTO;CÂNCER;20/01/2016;20/01/2016;18/04/2014;;
1163562;RCBP ANGRA DOS REIS;MASCULINO;04/01/1928;86;PRETA;BRASIL;RIO DE JANEIRO;ANGRA DOS REIS;SEM INFORMAÇÃO;VIÚVO;0;SEM INFORMAÇÃO	;RIO DE JANEIRO;ANGRA DOS REIS;COLON, SOE;C189;ADENOCARCINOMA, SOE;81403;COLON, SOE;C189;;;;;false;HISTOLOGIA DO TUMOR PRIMÁRIO;SEM INFORMAÇÃO;SEM INFORMAÇÃO;99 - SEM INFORMAÇÃO;999;MORTO;CÂNCER;29/01/2015;29/01/2015;15/06/2014;;
1163564;RCBP ANGRA DOS REIS;FEMININO;17/10/1980;33;SEM INFORMAÇÃO;BRASIL;RIO DE JANEIRO;RIO DE JANEIRO;SEM INFORMAÇÃO;SEM INFORMAÇÃO;0;SEM INFORMAÇÃO	;RIO DE JANEIRO;ANGRA DOS REIS;COLO DO UTERO, SOE;C539;CARCINOMA ESCAMOCELULAR "IN SITU", SOE;80702;COLO DO UTERO, SOE;D069;;;;;false;HISTOLOGIA DO TUMOR PRIMÁRIO;"IN SITU";;;;;;;;08/09/2014;;
1163546;RCBP ANGRA DOS REIS;FEMININO;03/07/1961;52;PARDA;BRASIL;RIO DE JANEIRO;ANGRA DOS REIS;FUNDAMENTAL I (1ª A 4ª SÉRIE);SOLTEIRO;512;TRABALHADORES DOS SERVIÇOS DOMÉSTICOS EM GERAL	;RIO DE JANEIRO;ANGRA DOS REIS;OVARIO, SOE;C569;CISTADENOCARCINOMA SEROSO, SOE;84413;OVARIO;C56;;;;;false;HISTOLOGIA DO TUMOR PRIMÁRIO;SEM INFORMAÇÃO;;;;;CÂNCER;31/08/2015;;05/05/2014;;
1163588;RCBP ANGRA DOS REIS;MASCULINO;05/01/1952;62;BRANCO;BRASIL;MATO GROSSO DO SUL;AQUIDAUANA;FUNDAMENTAL I (1ª A 4ª SÉRIE);CASADO;842;OPERADORES NA PREPARAÇÃO DE FUMO E NA FABRICAÇÃO DE CHARUTOS E CIGARROS   	;RIO DE JANEIRO;ANGRA DOS REIS;RETO, SOE;C209;NEOPLASIA MALIGNA;80003;RETO;C20;;;;;false;HISTOLOGIA DO TUMOR PRIMÁRIO;SEM INFORMAÇÃO;SEM INFORMAÇÃO;99 - SEM INFORMAÇÃO;999;MORTO;CÂNCER;04/07/2014;04/07/2014;07/04/2014;;
1163589;RCBP ANGRA DOS REIS;FEMININO;13/12/1942;71;SEM INFORMAÇÃO;BRASIL;BAHIA;SALVADOR;SEM INFORMAÇÃO;SEM INFORMAÇÃO;0;SEM INFORMAÇÃO	;RIO DE JANEIRO;ANGRA DOS REIS;COLO DO UTERO, SOE;C539;NEOPLASIA INTRA-EPITELIAL ESCAMOSA,GRAU IIII;80772;COLO DO UTERO, SOE;D069;;;;;false;HISTOLOGIA DO TUMOR PRIMÁRIO;"IN SITU";;;;;;;;15/11/2014;;
1163590;RCBP ANGRA DOS REIS;MASCULINO;12/02/1938;75;BRANCO;BRASIL;RIO DE JANEIRO;NOVA IGUAÇU;FUNDAMENTAL II (5ª A 8ª SÉRIE);UNIÃO CONSENSUAL;0;SEM INFORMAÇÃO	;RIO DE JANEIRO;ANGRA DOS REIS;LINGUA, SOE;C029;NEOPLASIA MALIGNA;80003;LINGUA, SOE;C029;;;;;false;HISTOLOGIA DO TUMOR PRIMÁRIO;SEM INFORMAÇÃO;SEM INFORMAÇÃO;99 - SEM INFORMAÇÃO;999;MORTO;CÂNCER;13/08/2014;13/08/2014;12/01/2014;;
1163591;RCBP ANGRA DOS REIS;FEMININO;25/05/1973;40;PRETA;BRASIL;BAHIA;;FUNDAMENTAL II (5ª A 8ª SÉRIE);SOLTEIRO;514;TRABALHADORES NOS SERVIÇOS DE ADMINISTRAÇÃO, CONSERVAÇÃO E MANUTENÇÃO DE EDIFÍCIOS E LOGRADOUROS  	;RIO DE JANEIRO;ANGRA DOS REIS;MAMA , SOE;C509;CARCINOMA DUCTAL INFILTRANTE;85003;MAMA , SOE;C509;;;;;false;HISTOLOGIA DO TUMOR PRIMÁRIO;METÁSTASE;;;;;;;;16/04/2014;;
1163592;RCBP ANGRA DOS REIS;FEMININO;24/06/1934;80;BRANCO;BRASIL;RIO DE JANEIRO;;FUNDAMENTAL I (1ª A 4ª SÉRIE);CASADO;0;SEM INFORMAÇÃO	;RIO DE JANEIRO;ANGRA DOS REIS;TECIDOS MOLES DO MEMBRO INFERIOR E QUADRIL;C492;LIPOSSARCOMA PLEOMORFICO;88543;TECIDOS MOLES DO MEMBRO INFERIOR E QUADRIL;C492;;;;;false;HISTOLOGIA DO TUMOR PRIMÁRIO;SEM INFORMAÇÃO;;;;;;;;12/12/2014;;
1163594;RCBP ANGRA DOS REIS;FEMININO;22/06/1974;39;PRETA;BRASIL;RIO DE JANEIRO;ANGRA DOS REIS;FUNDAMENTAL II (5ª A 8ª SÉRIE);UNIÃO CONSENSUAL;514;TRABALHADORES NOS SERVIÇOS DE ADMINISTRAÇÃO, CONSERVAÇÃO E MANUTENÇÃO DE EDIFÍCIOS E LOGRADOUROS  	;RIO DE JANEIRO;ANGRA DOS REIS;COLO DO UTERO, SOE;C539;ADENOCARCINOMA "IN SITU", SOE;81402;COLO DO UTERO, SOE;D069;;;;;false;HISTOLOGIA DO TUMOR PRIMÁRIO;"IN SITU";;;;;;;;15/03/2014;;
1163595;RCBP ANGRA DOS REIS;FEMININO;19/10/1982;31;BRANCO;BRASIL;RIO DE JANEIRO;;MÉDIO (ANTIGO SEGUNDO GRAU);CASADO;0;SEM INFORMAÇÃO	;RIO DE JANEIRO;ANGRA DOS REIS;TIREOIDE, SOE;C739;ADENOCARCINOMA PAPILAR, SOE;82603;GLANDULA TIREOIDE;C73;;;;;false;HISTOLOGIA DO TUMOR PRIMÁRIO;SEM INFORMAÇÃO;;;;;;;;30/09/2014;;
1163596;RCBP ANGRA DOS REIS;MASCULINO;18/08/1942;71;BRANCO;BRASIL;MINAS GERAIS;;FUNDAMENTAL II (5ª A 8ª SÉRIE);CASADO;517;TRABALHADORES NOS SERVIÇOS DE PROTEÇÃO E SEGURANÇA	;RIO DE JANEIRO;ANGRA DOS REIS;PROSTATA, SOE;C619;NEOPLASIA MALIGNA;80003;PROSTATA;C61;;;;;false;HISTOLOGIA DO TUMOR PRIMÁRIO;SEM INFORMAÇÃO;SEM INFORMAÇÃO;99 - SEM INFORMAÇÃO;999;MORTO;CÂNCER;23/05/2014;23/05/2014;05/01/2014;;
1163597;RCBP ANGRA DOS REIS;MASCULINO;08/04/1991;23;BRANCO;BRASIL;RIO DE JANEIRO;RIO DE JANEIRO;MÉDIO (ANTIGO SEGUNDO GRAU);SOLTEIRO;;;RIO DE JANEIRO;ANGRA DOS REIS;TESTICULO, SOE;C629;NEOPLASIA MALIGNA;80003;TESTICULO, SOE;C629;;;NEOPLASIAS MALIGNAS INESPECÍFICAS;10.1;false;HISTOLOGIA DA METÁSTASE;METÁSTASE;SEM INFORMAÇÃO;99 - SEM INFORMAÇÃO;999;MORTO;CÂNCER;12/08/2014;12/08/2014;08/04/2014;;
1163598;RCBP ANGRA DOS REIS;MASCULINO;06/01/1961;53;PARDA;BRASIL;MINAS GERAIS;;MÉDIO (ANTIGO SEGUNDO GRAU);SOLTEIRO;0;SEM INFORMAÇÃO	;RIO DE JANEIRO;ANGRA DOS REIS;LINGUA, SOE;C029;CARCINOMA ESCAMOCELULAR, SOE;80703;LINGUA, SOE;C029;;;;;false;HISTOLOGIA DO TUMOR PRIMÁRIO;SEM INFORMAÇÃO;;;;;;;;19/02/2014;;
1163599;RCBP ANGRA DOS REIS;MASCULINO;28/01/1943;71;PARDA;BRASIL;RIO DE JANEIRO;;FUNDAMENTAL I (1ª A 4ª SÉRIE);CASADO;0;SEM INFORMAÇÃO	;RIO DE JANEIRO;ANGRA DOS REIS;PROSTATA, SOE;C619;ADENOCARCINOMA, SOE;81403;PROSTATA;C61;;;;;false;HISTOLOGIA DO TUMOR PRIMÁRIO;SEM INFORMAÇÃO;SEM INFORMAÇÃO;99 - SEM INFORMAÇÃO;999;MORTO;CÂNCER;07/03/2016;07/03/2016;15/06/2014;;
1163600;RCBP ANGRA DOS REIS;MASCULINO;10/07/1936;77;BRANCO;BRASIL;RIO DE JANEIRO;RIO DE JANEIRO;FUNDAMENTAL I (1ª A 4ª SÉRIE);CASADO;0;SEM INFORMAÇÃO	;RIO DE JANEIRO;ANGRA DOS REIS;PROSTATA, SOE;C619;NEOPLASIA MALIGNA;80003;PROSTATA;C61;;;;;false;HISTOLOGIA DO TUMOR PRIMÁRIO;SEM INFORMAÇÃO;SEM INFORMAÇÃO;99 - SEM INFORMAÇÃO;999;MORTO;CÂNCER;12/08/2014;12/08/2014;29/03/2014;;
1163601;RCBP ANGRA DOS REIS;FEMININO;24/03/1974;39;SEM INFORMAÇÃO;BRASIL;PERNAMBUCO;EXU;SEM INFORMAÇÃO;CASADO;0;SEM INFORMAÇÃO	;RIO DE JANEIRO;ANGRA DOS REIS;COLO DO UTERO, SOE;C539;NEOPLASIA INTRA-EPITELIAL ESCAMOSA,GRAU IIII;80772;COLO DO UTERO, SOE;D069;;;;;false;HISTOLOGIA DO TUMOR PRIMÁRIO;"IN SITU";;;;;;;;15/01/2014;;
1163602;RCBP ANGRA DOS REIS;FEMININO;01/09/1963;50;PARDA;BRASIL;CEARÁ;;FUNDAMENTAL I (1ª A 4ª SÉRIE);CASADO;0;SEM INFORMAÇÃO	;RIO DE JANEIRO;ANGRA DOS REIS;ESOFAGO, SOE;C159;NEOPLASIA MALIGNA;80003;ESOFAGO, SOE;C159;;;;;false;HISTOLOGIA DO TUMOR PRIMÁRIO;SEM INFORMAÇÃO;SEM INFORMAÇÃO;99 - SEM INFORMAÇÃO;999;MORTO;CÂNCER;25/09/2014;25/09/2014;07/05/2014;;
1163605;RCBP ANGRA DOS REIS;FEMININO;19/09/1940;73;PARDA;BRASIL;MINAS GERAIS;;FUNDAMENTAL II (5ª A 8ª SÉRIE);SOLTEIRO;0;SEM INFORMAÇÃO	;RIO DE JANEIRO;ANGRA DOS REIS;MEDULA OSSEA;C421;LEUCEMIA LINF.CRON.DE CEL.B/LINFOMA LINF.PEQ.CELS.;98233;LEUCEMIA LINFOCITICA CRONICA;C911;;;;;false;HISTOLOGIA DO TUMOR PRIMÁRIO;NÃO SE APLICA;SEM INFORMAÇÃO;99 - SEM INFORMAÇÃO;999;MORTO;CÂNCER;28/10/2014;28/10/2014;09/01/2014;;
1163606;RCBP ANGRA DOS REIS;MASCULINO;18/02/1965;48;PARDA;BRASIL;RIO DE JANEIRO;ANGRA DOS REIS;FUNDAMENTAL II (5ª A 8ª SÉRIE);CASADO;711;TRABALHADORES DA EXTRAÇÃO MINERAL 	;RIO DE JANEIRO;ANGRA DOS REIS;ESOFAGO, SOE;C159;CARCINOMA ESCAMOCELULAR, SOE;80703;ESOFAGO, SOE;C159;;;;;false;HISTOLOGIA DO TUMOR PRIMÁRIO;SEM INFORMAÇÃO;SEM INFORMAÇÃO;99 - SEM INFORMAÇÃO;999;MORTO;CÂNCER;14/02/2014;14/02/2014;02/02/2014;;
1163607;RCBP ANGRA DOS REIS;MASCULINO;16/04/1939;74;BRANCO;BRASIL;RIO DE JANEIRO;MANGARATIBA;FUNDAMENTAL I (1ª A 4ª SÉRIE);CASADO;622;TRABALHADORES AGRÍCOLAS   	;RIO DE JANEIRO;ANGRA DOS REIS;ABDOME, SOE;C762;NEOPLASIA MALIGNA;80003;ABDOME;C762;;;;;false;SDO;SEM INFORMAÇÃO;SEM INFORMAÇÃO;99 - SEM INFORMAÇÃO;999;MORTO;CÂNCER;31/01/2014;31/01/2014;31/01/2014;;
1163593;RCBP ANGRA DOS REIS;FEMININO;10/07/1951;63;PARDA;BRASIL;RIO GRANDE DO NORTE;;FUNDAMENTAL I (1ª A 4ª SÉRIE);CASADO;0;SEM INFORMAÇÃO	;RIO DE JANEIRO;ANGRA DOS REIS;OVARIO, SOE;C569;NEOPLASIA MALIGNA;80003;OVARIO;C56;;;;;false;PESQUISA;SEM INFORMAÇÃO;;;;;CÂNCER;21/01/2015;;05/09/2014;;
1163604;RCBP ANGRA DOS REIS;FEMININO;26/07/1944;69;BRANCO;BRASIL;ESPIRITO SANTO;;SEM ESCOLARIDADE;VIÚVO;0;SEM INFORMAÇÃO	;RIO DE JANEIRO;ANGRA DOS REIS;MAMA , SOE;C509;CARCINOMA DUCTAL INFILTRANTE;85003;MAMA , SOE;C509;;;;;false;HISTOLOGIA DO TUMOR PRIMÁRIO;METÁSTASE;;;;;CÂNCER;21/07/2015;;08/07/2014;;
1163608;RCBP ANGRA DOS REIS;FEMININO;03/10/1937;76;BRANCO;BRASIL;RIO DE JANEIRO;;MÉDIO (ANTIGO SEGUNDO GRAU);VIÚVO;231;PROFESSORES DE NÍVEL SUPERIOR NA EDUCAÇÃO INFANTIL E NO ENSINO FUNDAMENTAL	;RIO DE JANEIRO;ANGRA DOS REIS;VESICULA BILIAR, SOE;C239;NEOPLASIA MALIGNA;80003;VESICULA BILIAR;C23;;;;;false;SDO;SEM INFORMAÇÃO;SEM INFORMAÇÃO;99 - SEM INFORMAÇÃO;999;MORTO;CÂNCER;29/03/2014;29/03/2014;29/03/2014;;
1163609;RCBP ANGRA DOS REIS;MASCULINO;20/09/1919;94;BRANCO;BRASIL;RIO DE JANEIRO;RIO DE JANEIRO;FUNDAMENTAL II (5ª A 8ª SÉRIE);VIÚVO;111;MEMBROS SUPERIORES DO PODER LEGISLATIVO, EXECUTIVO E JUDICIÁRIO   	;RIO DE JANEIRO;ANGRA DOS REIS;PROSTATA, SOE;C619;NEOPLASIA MALIGNA;80003;PROSTATA;C61;;;;;false;HISTOLOGIA DO TUMOR PRIMÁRIO;SEM INFORMAÇÃO;SEM INFORMAÇÃO;99 - SEM INFORMAÇÃO;999;MORTO;CÂNCER;14/10/2014;14/10/2014;15/06/2014;;
1163614;RCBP ANGRA DOS REIS;FEMININO;15/04/1958;55;BRANCO;BRASIL;RIO DE JANEIRO;;FUNDAMENTAL I (1ª A 4ª SÉRIE);SEPARADO JUDICIALMENTE;514;TRABALHADORES NOS SERVIÇOS DE ADMINISTRAÇÃO, CONSERVAÇÃO E MANUTENÇÃO DE EDIFÍCIOS E LOGRADOUROS  	;RIO DE JANEIRO;ANGRA DOS REIS;PELE DO TRONCO;C445;CARCINOMA BASOCELULAR, SOE;80903;PELE DO TRONCO;C445;;;;;false;HISTOLOGIA DO TUMOR PRIMÁRIO;SEM INFORMAÇÃO;;;;;CÂNCER;08/11/2021;;18/03/2014;;
1163610;RCBP ANGRA DOS REIS;FEMININO;30/04/1956;58;PRETA;BRASIL;RIO DE JANEIRO;;FUNDAMENTAL II (5ª A 8ª SÉRIE);VIÚVO;0;SEM INFORMAÇÃO	;RIO DE JANEIRO;ANGRA DOS REIS;ESOFAGO, SOE;C159;NEOPLASIA MALIGNA;80003;ESOFAGO, SOE;C159;;;;;false;SDO;SEM INFORMAÇÃO;SEM INFORMAÇÃO;99 - SEM INFORMAÇÃO;999;MORTO;CÂNCER;02/07/2014;02/07/2014;02/07/2014;;
1163611;RCBP ANGRA DOS REIS;FEMININO;29/07/1989;24;AMARELA;BRASIL;PARAÍBA;CAMPINA GRANDE;SEM INFORMAÇÃO;SEM INFORMAÇÃO;0;SEM INFORMAÇÃO	;RIO DE JANEIRO;ANGRA DOS REIS;COLO DO UTERO, SOE;C539;NEOPLASIA INTRA-EPITELIAL ESCAMOSA,GRAU IIII;80772;COLO DO UTERO, SOE;D069;;;;;false;HISTOLOGIA DO TUMOR PRIMÁRIO;"IN SITU";;;;;;;;15/02/2014;;
1163612;RCBP ANGRA DOS REIS;FEMININO;26/10/1988;25;PRETA;BRASIL;SÃO PAULO;;SUPERIOR COMPLETO;SOLTEIRO;142;GERENTES DE ÁREAS DE APOIO	;RIO DE JANEIRO;ANGRA DOS REIS;LINFONODOS DA CABECA, FACE E PESCOCO;C770;LINFOMA DE HODGKIN, TIPO LINFOCITICO;96513;PREDOMINANCIA LINFOCITICA;C810;;;LINFOMA DE HODGKIN;2.2;false;HISTOLOGIA DO TUMOR PRIMÁRIO;NÃO SE APLICA;;;;;;;;14/02/2014;;
1163613;RCBP ANGRA DOS REIS;MASCULINO;08/06/1939;74;BRANCO;BRASIL;Não informado;;SEM ESCOLARIDADE;CASADO;0;SEM INFORMAÇÃO	;RIO DE JANEIRO;ANGRA DOS REIS;PULMAO, SOE;C349;NEOPLASIA MALIGNA;80003;BRONQUIOS OU PULMOES, SOE;C349;;;;;false;SDO;SEM INFORMAÇÃO;SEM INFORMAÇÃO;99 - SEM INFORMAÇÃO;999;MORTO;CÂNCER;02/01/2014;02/01/2014;02/01/2014;;
1163615;RCBP ANGRA DOS REIS;FEMININO;01/11/1965;48;BRANCO;BRASIL;RIO DE JANEIRO;ANGRA DOS REIS;MÉDIO (ANTIGO SEGUNDO GRAU);CASADO;0;SEM INFORMAÇÃO	;RIO DE JANEIRO;ANGRA DOS REIS;MAMA , SOE;C509;NEOPLASIA MALIGNA;80003;MAMA , SOE;C509;;;;;false;HISTOLOGIA DO TUMOR PRIMÁRIO;SEM INFORMAÇÃO;;;;;;;;15/06/2014;;
1163616;RCBP ANGRA DOS REIS;FEMININO;20/11/1953;60;BRANCO;BRASIL;RIO GRANDE DO SUL;CAXIAS DO SUL;SEM INFORMAÇÃO;SEM INFORMAÇÃO;0;SEM INFORMAÇÃO	;RIO DE JANEIRO;ANGRA DOS REIS;COLO DO UTERO, SOE;C539;ADENOCARCINOMA "IN SITU", SOE;81402;COLO DO UTERO, SOE;D069;;;;;false;HISTOLOGIA DO TUMOR PRIMÁRIO;"IN SITU";;;;;SEM INFORMAÇÃO;29/11/2014;;14/02/2014;;
1163617;RCBP ANGRA DOS REIS;FEMININO;18/01/1942;72;BRANCO;BRASIL;RIO DE JANEIRO;RIO DE JANEIRO;SEM ESCOLARIDADE;SEM INFORMAÇÃO;0;SEM INFORMAÇÃO	;RIO DE JANEIRO;ANGRA DOS REIS;MAMA , SOE;C509;NEOPLASIA MALIGNA;80003;MAMA , SOE;C509;;;;;false;HISTOLOGIA DO TUMOR PRIMÁRIO;SEM INFORMAÇÃO;SEM INFORMAÇÃO;99 - SEM INFORMAÇÃO;999;MORTO;NÃO CÂNCER;11/08/2014;11/08/2014;11/08/2014;;
1163618;RCBP ANGRA DOS REIS;MASCULINO;11/08/1957;56;PARDA;BRASIL;BAHIA;ITAMARAJU;FUNDAMENTAL II (5ª A 8ª SÉRIE);CASADO;811;OPERADORES DE INSTALAÇÕES EM INDÚSTRIAS QUÍMICAS, PETROQUÍMICAS E AFINS   	;RIO DE JANEIRO;ANGRA DOS REIS;CEREBRO;C710;NEOPLASIA MALIGNA;80003;CEREBRO;C710;;;;;false;PESQUISA;SEM INFORMAÇÃO;SEM INFORMAÇÃO;99 - SEM INFORMAÇÃO;999;MORTO;CÂNCER;04/01/2014;04/01/2014;04/01/2014;;
1163619;RCBP ANGRA DOS REIS;MASCULINO;11/06/1964;50;BRANCO;BRASIL;Não informado;;FUNDAMENTAL I (1ª A 4ª SÉRIE);SOLTEIRO;711;TRABALHADORES DA EXTRAÇÃO MINERAL 	;RIO DE JANEIRO;ANGRA DOS REIS;ESTOMAGO, SOE;C169;NEOPLASIA MALIGNA;80003;ESTOMAGO, SOE;C169;;;;;false;SDO;SEM INFORMAÇÃO;SEM INFORMAÇÃO;99 - SEM INFORMAÇÃO;999;MORTO;CÂNCER;06/11/2014;06/11/2014;06/11/2014;;
1163620;RCBP ANGRA DOS REIS;MASCULINO;08/03/1960;54;BRANCO;BRASIL;RIO DE JANEIRO;ANGRA DOS REIS;FUNDAMENTAL I (1ª A 4ª SÉRIE);UNIÃO CONSENSUAL;0;SEM INFORMAÇÃO	;RIO DE JANEIRO;ANGRA DOS REIS;BASE DA LINGUA, SOE;C019;NEOPLASIA MALIGNA;80003;BASE DA LINGUA;C01;;;;;false;HISTOLOGIA DO TUMOR PRIMÁRIO;SEM INFORMAÇÃO;SEM INFORMAÇÃO;99 - SEM INFORMAÇÃO;999;MORTO;CÂNCER;12/03/2015;12/03/2015;15/06/2014;;
1163621;RCBP ANGRA DOS REIS;MASCULINO;05/04/1951;63;BRANCO;BRASIL;RIO DE JANEIRO;ANGRA DOS REIS;FUNDAMENTAL II (5ª A 8ª SÉRIE);CASADO;0;SEM INFORMAÇÃO	;RIO DE JANEIRO;ANGRA DOS REIS;PULMAO, SOE;C349;NEOPLASIA MALIGNA;80003;BRONQUIOS OU PULMOES, SOE;C349;;;;;false;HISTOLOGIA DO TUMOR PRIMÁRIO;SEM INFORMAÇÃO;SEM INFORMAÇÃO;99 - SEM INFORMAÇÃO;999;MORTO;CÂNCER;22/03/2015;22/03/2015;23/06/2014;;
1163622;RCBP ANGRA DOS REIS;MASCULINO;11/05/1926;88;BRANCO;BRASIL;RIO DE JANEIRO;RIO DE JANEIRO;FUNDAMENTAL I (1ª A 4ª SÉRIE);CASADO;232;PROFESSORES DO ENSINO MÉDIO   	;RIO DE JANEIRO;ANGRA DOS REIS;AMPOLA DE VATER;C241;NEOPLASIA MALIGNA;80003;AMPOLA DE VATER;C241;;;;;false;HISTOLOGIA DO TUMOR PRIMÁRIO;SEM INFORMAÇÃO;SEM INFORMAÇÃO;99 - SEM INFORMAÇÃO;999;MORTO;CÂNCER;10/12/2014;10/12/2014;15/06/2014;;
1163623;RCBP ANGRA DOS REIS;MASCULINO;29/04/1936;77;BRANCO;BRASIL;Não informado;;SUPERIOR COMPLETO;CASADO;141;GERENTES DE PRODUÇÃO E OPERAÇÕES  	;RIO DE JANEIRO;ANGRA DOS REIS;CEREBRO;C710;NEOPLASIA MALIGNA;80003;CEREBRO;C710;;;;;false;SDO;SEM INFORMAÇÃO;SEM INFORMAÇÃO;99 - SEM INFORMAÇÃO;999;MORTO;CÂNCER;26/04/2014;26/04/2014;26/04/2014;;
1163625;RCBP ANGRA DOS REIS;MASCULINO;02/08/1934;79;PARDA;BRASIL;MINAS GERAIS;;FUNDAMENTAL II (5ª A 8ª SÉRIE);CASADO;;;RIO DE JANEIRO;ANGRA DOS REIS;LARINGE, SOE;C329;NEOPLASIA MALIGNA;80003;LARINGE, SOE;C329;;;;;false;SDO;SEM INFORMAÇÃO;SEM INFORMAÇÃO;99 - SEM INFORMAÇÃO;999;MORTO;CÂNCER;09/05/2014;09/05/2014;09/05/2014;;
1163626;RCBP ANGRA DOS REIS;MASCULINO;05/09/1939;74;BRANCO;BRASIL;Não informado;;FUNDAMENTAL II (5ª A 8ª SÉRIE);CASADO;0;SEM INFORMAÇÃO	;RIO DE JANEIRO;ANGRA DOS REIS;PERITONIO, SOE;C482;NEOPLASIA MALIGNA;80003;PERITONIO, SOE;C482;;;;;false;SDO;SEM INFORMAÇÃO;SEM INFORMAÇÃO;99 - SEM INFORMAÇÃO;999;MORTO;CÂNCER;17/08/2014;17/08/2014;17/08/2014;;
1163627;RCBP ANGRA DOS REIS;MASCULINO;31/05/1968;45;BRANCO;BRASIL;MINAS GERAIS;;FUNDAMENTAL II (5ª A 8ª SÉRIE);SOLTEIRO;711;TRABALHADORES DA EXTRAÇÃO MINERAL 	;RIO DE JANEIRO;ANGRA DOS REIS;OROFARINGE, SOE;C109;NEOPLASIA MALIGNA;80003;OROFARINGE, SOE;C109;;;;;false;HISTOLOGIA DO TUMOR PRIMÁRIO;SEM INFORMAÇÃO;SEM INFORMAÇÃO;99 - SEM INFORMAÇÃO;999;MORTO;CÂNCER;28/11/2014;28/11/2014;15/03/2014;;
1163628;RCBP ANGRA DOS REIS;MASCULINO;13/04/1946;67;PRETA;BRASIL;RIO DE JANEIRO;;FUNDAMENTAL II (5ª A 8ª SÉRIE);SOLTEIRO;;;RIO DE JANEIRO;ANGRA DOS REIS;LOCALIZACAO PRIMARIA DESCONHECIDA, SOE;C809;NEOPLASIA MALIGNA;80003;LOCALIZACAO PRIMARIA DESCONHECIDA;C80;;;;;false;SDO;SEM INFORMAÇÃO;SEM INFORMAÇÃO;99 - SEM INFORMAÇÃO;999;MORTO;CÂNCER;12/03/2014;12/03/2014;12/03/2014;;
1163629;RCBP ANGRA DOS REIS;MASCULINO;05/07/1967;47;BRANCO;BRASIL;RIO DE JANEIRO;;FUNDAMENTAL II (5ª A 8ª SÉRIE);SOLTEIRO;711;TRABALHADORES DA EXTRAÇÃO MINERAL 	;RIO DE JANEIRO;ANGRA DOS REIS;CABECA, FACE E PESCOCO, SOE;C760;NEOPLASIA MALIGNA;80003;CABECA, FACE E PESCOCO;C760;;;;;false;SDO;SEM INFORMAÇÃO;SEM INFORMAÇÃO;99 - SEM INFORMAÇÃO;999;MORTO;CÂNCER;26/08/2014;26/08/2014;26/08/2014;;
1163630;RCBP ANGRA DOS REIS;MASCULINO;14/08/1952;62;PARDA;BRASIL;RIO DE JANEIRO;ANGRA DOS REIS;FUNDAMENTAL I (1ª A 4ª SÉRIE);SEPARADO JUDICIALMENTE;711;TRABALHADORES DA EXTRAÇÃO MINERAL 	;RIO DE JANEIRO;ANGRA DOS REIS;BOCA, SOE;C069;NEOPLASIA MALIGNA;80003;BOCA, SOE;C069;;;;;false;HISTOLOGIA DO TUMOR PRIMÁRIO;SEM INFORMAÇÃO;SEM INFORMAÇÃO;99 - SEM INFORMAÇÃO;999;MORTO;CÂNCER;13/02/2015;13/02/2015;15/10/2014;;
1163631;RCBP ANGRA DOS REIS;MASCULINO;16/04/1926;87;PRETA;BRASIL;RIO DE JANEIRO;;FUNDAMENTAL I (1ª A 4ª SÉRIE);SOLTEIRO;621;TRABALHADORES NA EXPLORAÇÃO AGROPECUÁRIA EM GERAL	;RIO DE JANEIRO;ANGRA DOS REIS;PROSTATA, SOE;C619;ADENOCARCINOMA, SOE;81403;PROSTATA;C61;;;;;false;HISTOLOGIA DO TUMOR PRIMÁRIO;SEM INFORMAÇÃO;SEM INFORMAÇÃO;99 - SEM INFORMAÇÃO;999;MORTO;CÂNCER;22/03/2014;22/03/2014;15/03/2014;;
1163632;RCBP ANGRA DOS REIS;MASCULINO;03/06/1939;75;PARDA;BRASIL;MINAS GERAIS;;FUNDAMENTAL I (1ª A 4ª SÉRIE);CASADO;0;SEM INFORMAÇÃO	;RIO DE JANEIRO;ANGRA DOS REIS;PROSTATA, SOE;C619;ADENOCARCINOMA, SOE;81403;PROSTATA;C61;;;;;false;HISTOLOGIA DO TUMOR PRIMÁRIO;LOCALIZADO;;;;;;;;23/07/2014;;
1163633;RCBP ANGRA DOS REIS;MASCULINO;22/10/1938;75;BRANCO;BRASIL;Não informado;;SEM ESCOLARIDADE;CASADO;621;TRABALHADORES NA EXPLORAÇÃO AGROPECUÁRIA EM GERAL	;RIO DE JANEIRO;ANGRA DOS REIS;ESOFAGO, SOE;C159;NEOPLASIA MALIGNA;80003;ESOFAGO, SOE;C159;;;;;false;SDO;SEM INFORMAÇÃO;SEM INFORMAÇÃO;99 - SEM INFORMAÇÃO;999;MORTO;CÂNCER;01/01/2014;01/01/2014;01/01/2014;;
1163634;RCBP ANGRA DOS REIS;MASCULINO;28/12/1932;81;BRANCO;BRASIL;RIO DE JANEIRO;;FUNDAMENTAL I (1ª A 4ª SÉRIE);CASADO;763;TRABALHADORES DA CONFECÇÃO DE ROUPAS 	;RIO DE JANEIRO;ANGRA DOS REIS;VIAS BILIARES EXTRA-HEPATICAS;C240;NEOPLASIA MALIGNA;80003;VIAS BILIARES EXTRA-HEPATICAS;C240;;;;;false;SDO;SEM INFORMAÇÃO;SEM INFORMAÇÃO;99 - SEM INFORMAÇÃO;999;MORTO;CÂNCER;16/04/2014;16/04/2014;16/04/2014;;
1163635;RCBP ANGRA DOS REIS;MASCULINO;29/08/1965;48;BRANCO;BRASIL;RIO DE JANEIRO;RIO DE JANEIRO;FUNDAMENTAL I (1ª A 4ª SÉRIE);CASADO;711;TRABALHADORES DA EXTRAÇÃO MINERAL 	;RIO DE JANEIRO;ANGRA DOS REIS;PULMAO, SOE;C349;NEOPLASIA MALIGNA;80003;BRONQUIOS OU PULMOES, SOE;C349;;;;;false;SDO;SEM INFORMAÇÃO;SEM INFORMAÇÃO;99 - SEM INFORMAÇÃO;999;MORTO;CÂNCER;25/03/2014;25/03/2014;25/03/2014;;
1163636;RCBP ANGRA DOS REIS;MASCULINO;30/07/1939;74;BRANCO;BRASIL;RIO DE JANEIRO;RIO DE JANEIRO;FUNDAMENTAL II (5ª A 8ª SÉRIE);CASADO;0;SEM INFORMAÇÃO	;RIO DE JANEIRO;ANGRA DOS REIS;COLON, SOE;C189;NEOPLASIA MALIGNA;80003;COLON, SOE;C189;;;;;false;HISTOLOGIA DO TUMOR PRIMÁRIO;SEM INFORMAÇÃO;SEM INFORMAÇÃO;99 - SEM INFORMAÇÃO;999;MORTO;CÂNCER;30/10/2014;30/10/2014;15/06/2014;;
1163637;RCBP ANGRA DOS REIS;FEMININO;19/06/1968;45;SEM INFORMAÇÃO;BRASIL;RIO DE JANEIRO;ANGRA DOS REIS;SEM INFORMAÇÃO;SEM INFORMAÇÃO;0;SEM INFORMAÇÃO	;RIO DE JANEIRO;ANGRA DOS REIS;COLO DO UTERO, SOE;C539;NEOPLASIA INTRA-EPITELIAL ESCAMOSA,GRAU IIII;80772;COLO DO UTERO, SOE;D069;;;;;false;HISTOLOGIA DO TUMOR PRIMÁRIO;"IN SITU";;;;;;;;15/06/2014;;
1163638;RCBP ANGRA DOS REIS;FEMININO;23/07/1953;60;SEM INFORMAÇÃO;BRASIL;Não informado;Não Informado;SEM INFORMAÇÃO;SEM INFORMAÇÃO;;;RIO DE JANEIRO;ANGRA DOS REIS;MAMA , SOE;C509;CARCINOMA DUCTAL INFILTRANTE;85003;MAMA , SOE;C509;;;;;false;HISTOLOGIA DO TUMOR PRIMÁRIO;SEM INFORMAÇÃO;;;;;;;;15/06/2014;;
1163639;RCBP ANGRA DOS REIS;MASCULINO;25/03/1944;70;BRANCO;BRASIL;PERNAMBUCO;;FUNDAMENTAL I (1ª A 4ª SÉRIE);CASADO;842;OPERADORES NA PREPARAÇÃO DE FUMO E NA FABRICAÇÃO DE CHARUTOS E CIGARROS   	;RIO DE JANEIRO;ANGRA DOS REIS;PROSTATA, SOE;C619;NEOPLASIA MALIGNA;80003;PROSTATA;C61;;;;;false;HISTOLOGIA DO TUMOR PRIMÁRIO;SEM INFORMAÇÃO;SEM INFORMAÇÃO;99 - SEM INFORMAÇÃO;999;MORTO;CÂNCER;23/04/2014;23/04/2014;02/04/2014;;
1163640;RCBP ANGRA DOS REIS;FEMININO;19/07/1949;65;BRANCO;BRASIL;RIO DE JANEIRO;;MÉDIO (ANTIGO SEGUNDO GRAU);SEPARADO JUDICIALMENTE;0;SEM INFORMAÇÃO	;RIO DE JANEIRO;ANGRA DOS REIS;RETROPERITONIO;C480;NEOPLASIA MALIGNA;80003;RETROPERITONIO;C480;;;;;false;SDO;SEM INFORMAÇÃO;SEM INFORMAÇÃO;99 - SEM INFORMAÇÃO;999;MORTO;CÂNCER;10/10/2014;10/10/2014;10/10/2014;;
1163641;RCBP ANGRA DOS REIS;MASCULINO;26/05/1958;56;BRANCO;BRASIL;RIO DE JANEIRO;;MÉDIO (ANTIGO SEGUNDO GRAU);CASADO;0;SEM INFORMAÇÃO	;RIO DE JANEIRO;ANGRA DOS REIS;PANCREAS, SOE;C259;NEOPLASIA MALIGNA;80003;PANCREAS, SOE;C259;;;;;false;SDO;METÁSTASE;SEM INFORMAÇÃO;99 - SEM INFORMAÇÃO;999;MORTO;CÂNCER;15/08/2014;15/08/2014;15/08/2014;;
1163642;RCBP ANGRA DOS REIS;FEMININO;02/02/1951;63;SEM INFORMAÇÃO;BRASIL;RIO DE JANEIRO;ANGRA DOS REIS;SEM INFORMAÇÃO;CASADO;0;SEM INFORMAÇÃO	;RIO DE JANEIRO;ANGRA DOS REIS;COLO DO UTERO, SOE;C539;NEOPLASIA INTRA-EPITELIAL ESCAMOSA,GRAU IIII;80772;COLO DO UTERO, SOE;D069;;;;;false;HISTOLOGIA DO TUMOR PRIMÁRIO;"IN SITU";;;;;;;;15/07/2014;;
1163643;RCBP ANGRA DOS REIS;FEMININO;13/09/1923;91;BRANCO;BRASIL;Não informado;;FUNDAMENTAL I (1ª A 4ª SÉRIE);VIÚVO;0;SEM INFORMAÇÃO	;RIO DE JANEIRO;ANGRA DOS REIS;VIAS BILIARES EXTRA-HEPATICAS;C240;NEOPLASIA MALIGNA;80003;VIAS BILIARES EXTRA-HEPATICAS;C240;;;;;false;SDO;SEM INFORMAÇÃO;SEM INFORMAÇÃO;99 - SEM INFORMAÇÃO;999;MORTO;CÂNCER;13/09/2014;13/09/2014;13/09/2014;;
1163644;RCBP ANGRA DOS REIS;FEMININO;17/07/1956;58;BRANCO;BRASIL;RIO DE JANEIRO;;SUPERIOR COMPLETO;SOLTEIRO;0;SEM INFORMAÇÃO	;RIO DE JANEIRO;ANGRA DOS REIS;MAMA , SOE;C509;CARCINOMA DUCTAL INFILTRANTE;85003;MAMA , SOE;C509;;;;;false;HISTOLOGIA DO TUMOR PRIMÁRIO;LOCALIZADO;;;;;;;;30/07/2014;;
1163645;RCBP ANGRA DOS REIS;MASCULINO;30/07/1959;55;BRANCO;BRASIL;RIO DE JANEIRO;ANGRA DOS REIS;FUNDAMENTAL I (1ª A 4ª SÉRIE);SOLTEIRO;622;TRABALHADORES AGRÍCOLAS   	;RIO DE JANEIRO;ANGRA DOS REIS;ESTOMAGO, SOE;C169;NEOPLASIA MALIGNA;80003;ESTOMAGO, SOE;C169;;;;;false;HISTOLOGIA DA METÁSTASE;METÁSTASE;SEM INFORMAÇÃO;99 - SEM INFORMAÇÃO;999;MORTO;CÂNCER;19/01/2015;19/01/2015;17/12/2014;;
1163646;RCBP ANGRA DOS REIS;MASCULINO;14/06/1939;74;PARDA;BRASIL;RIO DE JANEIRO;;SEM ESCOLARIDADE;SOLTEIRO;0;SEM INFORMAÇÃO	;RIO DE JANEIRO;ANGRA DOS REIS;LINFONODOS DA CABECA, FACE E PESCOCO;C770;LINFOMA MAL., CELS. GDES B, DIFUSO, IMUNOBL., SOE;96843;IMUNOBLASTICO (DIFUSO);C834;;;;;false;PESQUISA;NÃO SE APLICA;;;;;CÂNCER;26/07/2014;;10/04/2014;;
1163647;RCBP ANGRA DOS REIS;FEMININO;26/10/1940;73;BRANCO;BRASIL;RIO DE JANEIRO;QUATIS;SEM ESCOLARIDADE;VIÚVO;621;TRABALHADORES NA EXPLORAÇÃO AGROPECUÁRIA EM GERAL	;RIO DE JANEIRO;ANGRA DOS REIS;PULMAO, SOE;C349;NEOPLASIA MALIGNA;80003;BRONQUIOS OU PULMOES, SOE;C349;;;;;false;HISTOLOGIA DO TUMOR PRIMÁRIO;SEM INFORMAÇÃO;SEM INFORMAÇÃO;99 - SEM INFORMAÇÃO;999;MORTO;CÂNCER;04/03/2014;04/03/2014;15/02/2014;;
1163648;RCBP ANGRA DOS REIS;FEMININO;15/12/1991;22;BRANCO;BRASIL;RIO DE JANEIRO;ANGRA DOS REIS;FUNDAMENTAL I (1ª A 4ª SÉRIE);SEM INFORMAÇÃO;0;SEM INFORMAÇÃO	;RIO DE JANEIRO;ANGRA DOS REIS;MAMA , SOE;C509;NEOPLASIA MALIGNA;80003;MAMA , SOE;C509;;;NEOPLASIAS MALIGNAS INESPECÍFICAS;10.1;false;HISTOLOGIA DO TUMOR PRIMÁRIO;SEM INFORMAÇÃO;;;;;;;;15/06/2014;;
1163650;RCBP ANGRA DOS REIS;MASCULINO;12/03/1947;67;BRANCO;BRASIL;PARAÍBA;FAGUNDES;FUNDAMENTAL I (1ª A 4ª SÉRIE);SEPARADO JUDICIALMENTE;0;SEM INFORMAÇÃO	;RIO DE JANEIRO;ANGRA DOS REIS;COLON, SOE;C189;NEOPLASIA MALIGNA;80003;COLON, SOE;C189;;;;;false;HISTOLOGIA DO TUMOR PRIMÁRIO;SEM INFORMAÇÃO;SEM INFORMAÇÃO;99 - SEM INFORMAÇÃO;999;MORTO;CÂNCER;20/06/2014;20/06/2014;20/06/2014;;
1163651;RCBP ANGRA DOS REIS;MASCULINO;14/08/1952;61;BRANCO;BRASIL;PARAÍBA;SÃO MIGUEL DE TAIPU;SEM ESCOLARIDADE;SOLTEIRO;711;TRABALHADORES DA EXTRAÇÃO MINERAL 	;RIO DE JANEIRO;ANGRA DOS REIS;COLUNA VERTEBRAL;C412;NEOPLASIA MALIGNA;80003;COLUNA VERTEBRAL;C412;;;;;false;HISTOLOGIA DO TUMOR PRIMÁRIO;METÁSTASE;SEM INFORMAÇÃO;99 - SEM INFORMAÇÃO;999;MORTO;CÂNCER;03/04/2014;03/04/2014;04/02/2014;;
1163652;RCBP ANGRA DOS REIS;MASCULINO;13/09/1946;67;PARDA;BRASIL;RIO DE JANEIRO;;FUNDAMENTAL I (1ª A 4ª SÉRIE);UNIÃO CONSENSUAL;0;SEM INFORMAÇÃO	;RIO DE JANEIRO;ANGRA DOS REIS;LARINGE, SOE;C329;CARCINOMA ESCAMOCELULAR, SOE;80703;LARINGE, SOE;C329;;;;;false;CITOLOGIA;SEM INFORMAÇÃO;;;;;SEM INFORMAÇÃO;14/10/2016;;01/07/2014;;
1163653;RCBP ANGRA DOS REIS;FEMININO;10/10/1945;68;BRANCO;BRASIL;RIO DE JANEIRO;NITERÓI;FUNDAMENTAL I (1ª A 4ª SÉRIE);VIÚVO;0;SEM INFORMAÇÃO	;RIO DE JANEIRO;ANGRA DOS REIS;TRATO INTESTINAL, SOE;C260;NEOPLASIA MALIGNA;80003;TRATO INTESTINAL, SOE;C260;;;;;false;HISTOLOGIA DO TUMOR PRIMÁRIO;SEM INFORMAÇÃO;SEM INFORMAÇÃO;99 - SEM INFORMAÇÃO;999;MORTO;CÂNCER;01/07/2014;01/07/2014;14/06/2014;;
1163654;RCBP ANGRA DOS REIS;MASCULINO;09/02/1963;51;BRANCO;BRASIL;RIO DE JANEIRO;VASSOURAS;SEM INFORMAÇÃO;CASADO;842;OPERADORES NA PREPARAÇÃO DE FUMO E NA FABRICAÇÃO DE CHARUTOS E CIGARROS   	;RIO DE JANEIRO;ANGRA DOS REIS;CEREBRO;C710;NEOPLASIA MALIGNA;80003;CEREBRO;C710;;;;;false;SDO;SEM INFORMAÇÃO;SEM INFORMAÇÃO;99 - SEM INFORMAÇÃO;999;MORTO;CÂNCER;24/12/2014;24/12/2014;24/12/2014;;
1163655;RCBP ANGRA DOS REIS;FEMININO;01/03/1964;50;SEM INFORMAÇÃO;BRASIL;RIO DE JANEIRO;ANGRA DOS REIS;SEM INFORMAÇÃO;SEM INFORMAÇÃO;0;SEM INFORMAÇÃO	;RIO DE JANEIRO;ANGRA DOS REIS;MAMA , SOE;C509;CARCINOMA, SOE;80103;MAMA , SOE;C509;;;;;false;HISTOLOGIA DO TUMOR PRIMÁRIO;SEM INFORMAÇÃO;;;;;;;;15/06/2014;;
1163663;RCBP ANGRA DOS REIS;FEMININO;12/08/1933;80;PRETA;BRASIL;RIO DE JANEIRO;ANGRA DOS REIS;SEM ESCOLARIDADE;VIÚVO;0;SEM INFORMAÇÃO	;RIO DE JANEIRO;ANGRA DOS REIS;PANCREAS, SOE;C259;NEOPLASIA MALIGNA;80003;PANCREAS, SOE;C259;;;;;false;HISTOLOGIA DO TUMOR PRIMÁRIO;SEM INFORMAÇÃO;SEM INFORMAÇÃO;99 - SEM INFORMAÇÃO;999;MORTO;CÂNCER;09/12/2014;09/12/2014;14/02/2014;;
1164164;RCBP ANGRA DOS REIS;FEMININO;22/12/1954;59;PARDA;BRASIL;BAHIA;CONCEIÇÃO DO COITÉ;FUNDAMENTAL I (1ª A 4ª SÉRIE);SOLTEIRO;512;TRABALHADORES DOS SERVIÇOS DOMÉSTICOS EM GERAL	;RIO DE JANEIRO;ANGRA DOS REIS;COLO DO UTERO, SOE;C539;ADENOCARCINOMA "IN SITU", SOE;81402;COLO DO UTERO, SOE;D069;;;;;false;HISTOLOGIA DO TUMOR PRIMÁRIO;"IN SITU";;;;;CÂNCER;18/02/2016;;15/06/2014;;
1163675;RCBP ANGRA DOS REIS;FEMININO;24/08/1961;52;BRANCO;BRASIL;RIO DE JANEIRO;ANGRA DOS REIS;FUNDAMENTAL II (5ª A 8ª SÉRIE);UNIÃO CONSENSUAL;0;SEM INFORMAÇÃO	;RIO DE JANEIRO;ANGRA DOS REIS;MAMA , SOE;C509;CARCINOMA DUCTAL INFILTRANTE;85003;MAMA , SOE;C509;;;;;false;HISTOLOGIA DO TUMOR PRIMÁRIO;SEM INFORMAÇÃO;;;;;;;;15/06/2014;;
1164165;RCBP ANGRA DOS REIS;FEMININO;21/09/1966;47;BRANCO;BRASIL;RIO DE JANEIRO;VOLTA REDONDA;SUPERIOR COMPLETO;CASADO;376;ARTISTAS DE ARTES POPULARES E MODELOS	;RIO DE JANEIRO;ANGRA DOS REIS;MAMA , SOE;C509;CARCINOMA DUCTAL INFILTRANTE;85003;MAMA , SOE;C509;;;;;false;HISTOLOGIA DO TUMOR PRIMÁRIO;METÁSTASE;;;;;CÂNCER;02/10/2014;;02/06/2014;;
1163676;RCBP ANGRA DOS REIS;FEMININO;17/05/1945;69;SEM INFORMAÇÃO;BRASIL;RIO DE JANEIRO;ANGRA DOS REIS;SEM INFORMAÇÃO;SEM INFORMAÇÃO;0;SEM INFORMAÇÃO	;RIO DE JANEIRO;ANGRA DOS REIS;MAMA , SOE;C509;CARCINOMA DUCTAL INFILTRANTE;85003;MAMA , SOE;C509;;;;;false;HISTOLOGIA DO TUMOR PRIMÁRIO;SEM INFORMAÇÃO;;;;;;;;15/06/2014;;
1163677;RCBP ANGRA DOS REIS;FEMININO;02/01/1951;63;BRANCO;BRASIL;RIO DE JANEIRO;ANGRA DOS REIS;SEM INFORMAÇÃO;SEPARADO JUDICIALMENTE;512;TRABALHADORES DOS SERVIÇOS DOMÉSTICOS EM GERAL	;RIO DE JANEIRO;ANGRA DOS REIS;TRATO INTESTINAL, SOE;C260;CARCINOMA, SOE;80103;TRATO INTESTINAL, SOE;C260;;;;;false;HISTOLOGIA DO TUMOR PRIMÁRIO;SEM INFORMAÇÃO;SEM INFORMAÇÃO;99 - SEM INFORMAÇÃO;999;MORTO;NÃO CÂNCER;15/07/2016;15/07/2016;04/07/2014;;
1163678;RCBP ANGRA DOS REIS;FEMININO;08/03/1986;28;PARDA;BRASIL;PARAÍBA;PATOS;SEM INFORMAÇÃO;SEM INFORMAÇÃO;0;SEM INFORMAÇÃO	;RIO DE JANEIRO;ANGRA DOS REIS;MAMA , SOE;C509;CARCINOMA, SOE;80103;MAMA , SOE;C509;;;CARCINOMA DE MAMA;8.4;false;HISTOLOGIA DO TUMOR PRIMÁRIO;SEM INFORMAÇÃO;;;;;;;;15/06/2014;;
1163679;RCBP ANGRA DOS REIS;MASCULINO;17/08/1953;60;BRANCO;BRASIL;RIO DE JANEIRO;RIO DE JANEIRO;MÉDIO (ANTIGO SEGUNDO GRAU);CASADO;517;TRABALHADORES NOS SERVIÇOS DE PROTEÇÃO E SEGURANÇA	;RIO DE JANEIRO;ANGRA DOS REIS;BEXIGA, SOE;C679;NEOPLASIA MALIGNA;80003;BEXIGA, SOE;C679;;;;;false;SDO;METÁSTASE;SEM INFORMAÇÃO;99 - SEM INFORMAÇÃO;999;MORTO;CÂNCER;15/02/2014;15/02/2014;15/02/2014;;
1163680;RCBP ANGRA DOS REIS;FEMININO;12/01/1946;68;BRANCO;BRASIL;RIO DE JANEIRO;RIO DE JANEIRO;FUNDAMENTAL I (1ª A 4ª SÉRIE);VIÚVO;513;TRABALHADORES DOS SERVIÇOS DE HOTELARIA E ALIMENTAÇÃO 	;RIO DE JANEIRO;ANGRA DOS REIS;UTERO, SOE;C559;NEOPLASIA MALIGNA;80003;UTERO, SOE;C55;;;;;false;HISTOLOGIA DO TUMOR PRIMÁRIO;METÁSTASE;SEM INFORMAÇÃO;99 - SEM INFORMAÇÃO;999;MORTO;CÂNCER;03/05/2014;03/05/2014;03/02/2014;;
1163681;RCBP ANGRA DOS REIS;FEMININO;20/08/1957;57;BRANCO;BRASIL;RIO DE JANEIRO;;FUNDAMENTAL II (5ª A 8ª SÉRIE);SOLTEIRO;0;SEM INFORMAÇÃO	;RIO DE JANEIRO;ANGRA DOS REIS;ECTOCERVIX;C531;CARCINOMA ENDOMETRIOIDE, SOE;83803;ECTOCERVIX;C531;;;;;false;HISTOLOGIA DO TUMOR PRIMÁRIO;SEM INFORMAÇÃO;;;;;CÂNCER;20/07/2015;;05/11/2014;;
1163682;RCBP ANGRA DOS REIS;FEMININO;15/06/1954;60;SEM INFORMAÇÃO;BRASIL;RIO DE JANEIRO;RIO DE JANEIRO;SUPERIOR COMPLETO;CASADO;121;DIRETORES GERAIS  	;RIO DE JANEIRO;ANGRA DOS REIS;MAMA , SOE;C509;CARCINOMA DUCTAL INFILTRANTE;85003;MAMA , SOE;C509;;;;;false;HISTOLOGIA DO TUMOR PRIMÁRIO;SEM INFORMAÇÃO;;;;;;;;15/06/2014;;
1163683;RCBP ANGRA DOS REIS;FEMININO;12/06/1975;38;SEM INFORMAÇÃO;BRASIL;ESPIRITO SANTO;NOVA VENÉCIA;SEM INFORMAÇÃO;SEM INFORMAÇÃO;0;SEM INFORMAÇÃO	;RIO DE JANEIRO;ANGRA DOS REIS;COLO DO UTERO, SOE;C539;ADENOCARCINOMA "IN SITU", SOE;81402;COLO DO UTERO, SOE;D069;;;;;false;HISTOLOGIA DO TUMOR PRIMÁRIO;"IN SITU";;;;;;;;15/05/2014;;
1163684;RCBP ANGRA DOS REIS;FEMININO;05/08/1966;47;SEM INFORMAÇÃO;BRASIL;RIO DE JANEIRO;ANGRA DOS REIS;SEM INFORMAÇÃO;SEM INFORMAÇÃO;0;SEM INFORMAÇÃO	;RIO DE JANEIRO;ANGRA DOS REIS;MAMA , SOE;C509;CARCINOMA DUCTAL INFILTRANTE;85003;MAMA , SOE;C509;;;;;false;HISTOLOGIA DO TUMOR PRIMÁRIO;SEM INFORMAÇÃO;;;;;;;;15/06/2014;;
1163685;RCBP ANGRA DOS REIS;FEMININO;21/02/1951;62;PRETA;BRASIL;RIO DE JANEIRO;ANGRA DOS REIS;FUNDAMENTAL I (1ª A 4ª SÉRIE);SOLTEIRO;514;TRABALHADORES NOS SERVIÇOS DE ADMINISTRAÇÃO, CONSERVAÇÃO E MANUTENÇÃO DE EDIFÍCIOS E LOGRADOUROS  	;RIO DE JANEIRO;ANGRA DOS REIS;PILORO;C164;NEOPLASIA MALIGNA;80003;PILORO;C164;;;;;false;HISTOLOGIA DO TUMOR PRIMÁRIO;SEM INFORMAÇÃO;SEM INFORMAÇÃO;99 - SEM INFORMAÇÃO;999;MORTO;CÂNCER;18/03/2014;18/03/2014;22/01/2014;;
1163686;RCBP ANGRA DOS REIS;FEMININO;12/07/1962;51;PARDA;BRASIL;MINAS GERAIS;MUTUM;SEM INFORMAÇÃO;SEM INFORMAÇÃO;0;SEM INFORMAÇÃO	;RIO DE JANEIRO;ANGRA DOS REIS;COLO DO UTERO, SOE;C539;CARCINOMA ESCAMOCELULAR "IN SITU", SOE;80702;COLO DO UTERO, SOE;D069;;;;;false;HISTOLOGIA DO TUMOR PRIMÁRIO;"IN SITU";;;;;;;;15/05/2014;;
1163687;RCBP ANGRA DOS REIS;MASCULINO;02/01/1956;58;BRANCO;HOLANDA;Não informado;Não Informado;SUPERIOR COMPLETO;SEPARADO JUDICIALMENTE;0;SEM INFORMAÇÃO	;RIO DE JANEIRO;ANGRA DOS REIS;AMIGDALA, SOE;C099;NEOPLASIA MALIGNA;80003;AMIGDALA, SOE;C099;;;;;false;HISTOLOGIA DA METÁSTASE;METÁSTASE;SEM INFORMAÇÃO;99 - SEM INFORMAÇÃO;999;MORTO;CÂNCER;17/11/2014;17/11/2014;14/01/2014;;
1163696;RCBP ANGRA DOS REIS;MASCULINO;09/04/1952;61;AMARELA;BRASIL;RIO DE JANEIRO;DUQUE DE CAXIAS;MÉDIO (ANTIGO SEGUNDO GRAU);CASADO;517;TRABALHADORES NOS SERVIÇOS DE PROTEÇÃO E SEGURANÇA	;RIO DE JANEIRO;ANGRA DOS REIS;LARINGE, SOE;C329;NEOPLASIA MALIGNA;80003;LARINGE, SOE;C329;;;;;false;HISTOLOGIA DO TUMOR PRIMÁRIO;SEM INFORMAÇÃO;SEM INFORMAÇÃO;99 - SEM INFORMAÇÃO;999;MORTO;CÂNCER;24/09/2016;24/09/2016;18/03/2014;;
1163697;RCBP ANGRA DOS REIS;FEMININO;01/02/1965;49;SEM INFORMAÇÃO;BRASIL;SÃO PAULO;;SUPERIOR COMPLETO;SEM INFORMAÇÃO;0;SEM INFORMAÇÃO	;RIO DE JANEIRO;ANGRA DOS REIS;QUADRANTE SUPERIOR EXTERNO DA MAMA;C504;CARCINOMA "IN SITU" CRIBIFORME;82012;CARCINOMA "IN SITU" DA MAMA, SOE;D059;;;;;false;HISTOLOGIA DO TUMOR PRIMÁRIO;"IN SITU";;;;;;;;25/08/2014;;
1163701;RCBP ANGRA DOS REIS;FEMININO;31/07/1954;59;PARDA;BRASIL;RIO DE JANEIRO;;FUNDAMENTAL I (1ª A 4ª SÉRIE);SOLTEIRO;0;SEM INFORMAÇÃO	;RIO DE JANEIRO;ANGRA DOS REIS;ENDOMETRIO;C541;CARCINOMA ENDOMETRIOIDE, SOE;83803;ENDOMETRIO;C541;;;;;false;HISTOLOGIA DO TUMOR PRIMÁRIO;SEM INFORMAÇÃO;;;;;;;;09/05/2014;;
1163702;RCBP ANGRA DOS REIS;FEMININO;25/02/1949;65;BRANCO;BRASIL;RIO DE JANEIRO;;FUNDAMENTAL II (5ª A 8ª SÉRIE);CASADO;0;SEM INFORMAÇÃO	;RIO DE JANEIRO;ANGRA DOS REIS;MAMA , SOE;C509;NEOPLASIA MALIGNA;80003;MAMA , SOE;C509;;;;;false;HISTOLOGIA DO TUMOR PRIMÁRIO;SEM INFORMAÇÃO;SEM INFORMAÇÃO;99 - SEM INFORMAÇÃO;999;MORTO;NÃO CÂNCER;06/05/2014;06/05/2014;15/03/2014;;
1163703;RCBP ANGRA DOS REIS;FEMININO;26/07/1936;77;PARDA;BRASIL;RIO DE JANEIRO;;FUNDAMENTAL I (1ª A 4ª SÉRIE);CASADO;514;TRABALHADORES NOS SERVIÇOS DE ADMINISTRAÇÃO, CONSERVAÇÃO E MANUTENÇÃO DE EDIFÍCIOS E LOGRADOUROS  	;RIO DE JANEIRO;ANGRA DOS REIS;JUNCAO RETOSSIGMOIDIANA, SOE;C199;ADENOCARCINOMA, SOE;81403;JUNCAO RETOSSIGMOIDE;C19;;;;;false;HISTOLOGIA DO TUMOR PRIMÁRIO;SEM INFORMAÇÃO;;;;;CÂNCER;18/04/2014;;14/04/2014;;
1163704;RCBP ANGRA DOS REIS;MASCULINO;20/07/1935;78;BRANCO;BRASIL;BAHIA;MUCURI;SEM ESCOLARIDADE;SOLTEIRO;;;RIO DE JANEIRO;ANGRA DOS REIS;FIGADO, SOE;C220;NEOPLASIA MALIGNA;80003;FIGADO E VIAS BILIARES INTRA-HEPATICAS;C22;;;;;false;SDO;SEM INFORMAÇÃO;SEM INFORMAÇÃO;99 - SEM INFORMAÇÃO;999;MORTO;CÂNCER;05/07/2014;05/07/2014;05/07/2014;;
1163705;RCBP ANGRA DOS REIS;FEMININO;15/10/1928;85;BRANCO;BRASIL;Não informado;;SEM ESCOLARIDADE;VIÚVO;0;SEM INFORMAÇÃO	;RIO DE JANEIRO;ANGRA DOS REIS;MEDULA OSSEA;C421;MIELOMA MULTIPLO;97323;MIELOMA MULTIPLO;C900;;;;;false;SDO;NÃO SE APLICA;SEM INFORMAÇÃO;99 - SEM INFORMAÇÃO;999;MORTO;CÂNCER;04/04/2014;04/04/2014;04/04/2014;;
1163706;RCBP ANGRA DOS REIS;MASCULINO;17/09/1943;70;PRETA;BRASIL;PARAÍBA;JOÃO PESSOA;FUNDAMENTAL II (5ª A 8ª SÉRIE);SEPARADO JUDICIALMENTE;842;OPERADORES NA PREPARAÇÃO DE FUMO E NA FABRICAÇÃO DE CHARUTOS E CIGARROS   	;RIO DE JANEIRO;ANGRA DOS REIS;PROSTATA, SOE;C619;NEOPLASIA MALIGNA;80003;PROSTATA;C61;;;;;false;HISTOLOGIA DO TUMOR PRIMÁRIO;SEM INFORMAÇÃO;SEM INFORMAÇÃO;99 - SEM INFORMAÇÃO;999;MORTO;CÂNCER;20/04/2014;20/04/2014;05/04/2014;;
1163707;RCBP ANGRA DOS REIS;MASCULINO;18/01/1955;59;PRETA;BRASIL;MINAS GERAIS;RIO PRETO;SEM ESCOLARIDADE;SOLTEIRO;717;AJUDANTES DE OBRAS	;RIO DE JANEIRO;ANGRA DOS REIS;ESTOMAGO, SOE;C169;NEOPLASIA MALIGNA;80003;ESTOMAGO, SOE;C169;;;;;false;SDO;METÁSTASE;SEM INFORMAÇÃO;99 - SEM INFORMAÇÃO;999;MORTO;CÂNCER;09/06/2014;09/06/2014;09/06/2014;;
1163708;RCBP ANGRA DOS REIS;FEMININO;12/03/1936;78;SEM INFORMAÇÃO;BRASIL;RIO DE JANEIRO;ANGRA DOS REIS;SEM INFORMAÇÃO;VIÚVO;0;SEM INFORMAÇÃO	;RIO DE JANEIRO;ANGRA DOS REIS;MAMA , SOE;C509;CARCINOMA, SOE;80103;MAMA , SOE;C509;;;;;false;HISTOLOGIA DO TUMOR PRIMÁRIO;SEM INFORMAÇÃO;;;;;;;;15/06/2014;;
1163709;RCBP ANGRA DOS REIS;MASCULINO;20/01/1926;88;INDÍGENA;BRASIL;RIO DE JANEIRO;ANGRA DOS REIS;SEM ESCOLARIDADE;SOLTEIRO;0;SEM INFORMAÇÃO	;RIO DE JANEIRO;ANGRA DOS REIS;LOCALIZACAO PRIMARIA DESCONHECIDA, SOE;C809;NEOPLASIA MALIGNA;80003;LOCALIZACAO PRIMARIA DESCONHECIDA;C80;;;;;false;SDO;METÁSTASE;SEM INFORMAÇÃO;99 - SEM INFORMAÇÃO;999;MORTO;CÂNCER;02/07/2014;02/07/2014;02/07/2014;;
1163710;RCBP ANGRA DOS REIS;FEMININO;22/04/2008;5;BRANCO;BRASIL;RIO DE JANEIRO;ANGRA DOS REIS;SEM ESCOLARIDADE;SOLTEIRO;0;SEM INFORMAÇÃO	;RIO DE JANEIRO;ANGRA DOS REIS;TRONCO CEREBRAL;C717;NEOPLASIA MALIGNA;80003;TRONCO CEREBRAL;C717;Neoplasias intracranianas e intra-espinhais não especificadas;III-F;;;false;PESQUISA;SEM INFORMAÇÃO;;;;;;;;25/03/2014;;
1163711;RCBP ANGRA DOS REIS;FEMININO;05/10/1955;58;BRANCO;BRASIL;RIO DE JANEIRO;;FUNDAMENTAL I (1ª A 4ª SÉRIE);CASADO;0;SEM INFORMAÇÃO	;RIO DE JANEIRO;ANGRA DOS REIS;PELE DE OUTRAS PARTES DA FACE;C443;CARCINOMA BASOCELULAR, SOE;80903;PELE DE OUTRAS PARTES DA FACE;C443;;;;;false;HISTOLOGIA DO TUMOR PRIMÁRIO;SEM INFORMAÇÃO;;;;;;;;02/04/2014;;
1163712;RCBP ANGRA DOS REIS;FEMININO;14/04/1988;26;PARDA;BRASIL;RIO DE JANEIRO;;MÉDIO (ANTIGO SEGUNDO GRAU);UNIÃO CONSENSUAL;521;VENDEDORES E DEMONSTRADORES   	;RIO DE JANEIRO;ANGRA DOS REIS;ECTOCERVIX;C531;CARCINOMA ESCAMOCELULAR, SOE;80703;ECTOCERVIX;C531;;;CARCINOMA DE ÚTERO E CÉRVIX;8.5.4;false;HISTOLOGIA DO TUMOR PRIMÁRIO;SEM INFORMAÇÃO;;;;;;;;20/08/2014;;
1163713;RCBP ANGRA DOS REIS;FEMININO;24/01/1962;52;PRETA;BRASIL;RIO DE JANEIRO;;FUNDAMENTAL I (1ª A 4ª SÉRIE);CASADO;514;TRABALHADORES NOS SERVIÇOS DE ADMINISTRAÇÃO, CONSERVAÇÃO E MANUTENÇÃO DE EDIFÍCIOS E LOGRADOUROS  	;RIO DE JANEIRO;ANGRA DOS REIS;MAMA , SOE;C509;CARCINOMA DUCTAL INFILTRANTE;85003;MAMA , SOE;C509;;;;;false;HISTOLOGIA DO TUMOR PRIMÁRIO;LOCALIZADO;;;;;;;;28/05/2014;;
1163714;RCBP ANGRA DOS REIS;MASCULINO;27/11/1949;64;PARDA;BRASIL;BAHIA;SALVADOR;FUNDAMENTAL I (1ª A 4ª SÉRIE);VIÚVO;0;SEM INFORMAÇÃO	;RIO DE JANEIRO;ANGRA DOS REIS;TRATO INTESTINAL, SOE;C260;NEOPLASIA MALIGNA;80003;TRATO INTESTINAL, SOE;C260;;;;;false;SDO;SEM INFORMAÇÃO;SEM INFORMAÇÃO;99 - SEM INFORMAÇÃO;999;MORTO;CÂNCER;11/06/2014;11/06/2014;11/06/2014;;
1163715;RCBP ANGRA DOS REIS;FEMININO;02/09/1982;31;BRANCO;BRASIL;RIO DE JANEIRO;;MÉDIO (ANTIGO SEGUNDO GRAU);SOLTEIRO;411;ESCRITURÁRIOS EM GERAL, AGENTES, ASSISTENTES E AUXILIARES ADMINISTRATIVOS 	;RIO DE JANEIRO;ANGRA DOS REIS;QUADRANTE SUPERIOR INTERNO DA MAMA;C502;CARCINOMA DUCTAL INFILTRANTE;85003;QUADRANTE SUPERIOR INTERNO DA MAMA;C502;;;;;false;HISTOLOGIA DO TUMOR PRIMÁRIO;SEM INFORMAÇÃO;;;;;;;;18/06/2014;;
1163716;RCBP ANGRA DOS REIS;MASCULINO;05/07/1933;81;BRANCO;BRASIL;Não informado;;FUNDAMENTAL II (5ª A 8ª SÉRIE);CASADO;914;MECÂNICOS DE MANUTENÇÃO VEICULAR  	;RIO DE JANEIRO;ANGRA DOS REIS;ESTOMAGO, SOE;C169;NEOPLASIA MALIGNA;80003;ESTOMAGO, SOE;C169;;;;;false;SDO;SEM INFORMAÇÃO;SEM INFORMAÇÃO;99 - SEM INFORMAÇÃO;999;MORTO;NÃO CÂNCER;30/08/2014;30/08/2014;30/08/2014;;
1163717;RCBP ANGRA DOS REIS;MASCULINO;17/04/1944;70;BRANCO;BRASIL;RIO DE JANEIRO;RIO DE JANEIRO;MÉDIO (ANTIGO SEGUNDO GRAU);CASADO;342;TÉCNICOS EM TRANSPORTES (LOGÍSTICA)   	;RIO DE JANEIRO;ANGRA DOS REIS;TRATO INTESTINAL, SOE;C260;NEOPLASIA MALIGNA;80003;TRATO INTESTINAL, SOE;C260;;;;;false;SDO;SEM INFORMAÇÃO;SEM INFORMAÇÃO;99 - SEM INFORMAÇÃO;999;MORTO;NÃO CÂNCER;17/05/2014;17/05/2014;17/05/2014;;
1163718;RCBP ANGRA DOS REIS;MASCULINO;13/02/1955;59;BRANCO;BRASIL;RIO DE JANEIRO;;FUNDAMENTAL II (5ª A 8ª SÉRIE);SEM INFORMAÇÃO;715;TRABALHADORES DA CONSTRUÇÃO CIVIL E OBRAS PÚBLICAS	;RIO DE JANEIRO;ANGRA DOS REIS;BEXIGA, SOE;C679;ADENOCARCINOMA PAPILAR, SOE;82603;BEXIGA, SOE;C679;;;;;false;HISTOLOGIA DO TUMOR PRIMÁRIO;SEM INFORMAÇÃO;;;;;;;;17/09/2014;;
1163719;RCBP ANGRA DOS REIS;FEMININO;26/01/1943;71;BRANCO;BRASIL;RIO DE JANEIRO;RIO DE JANEIRO;FUNDAMENTAL I (1ª A 4ª SÉRIE);VIÚVO;0;SEM INFORMAÇÃO	;RIO DE JANEIRO;ANGRA DOS REIS;RIM, SOE;C649;NEOPLASIA MALIGNA;80003;RIM;C64;;;;;false;HISTOLOGIA DO TUMOR PRIMÁRIO;SEM INFORMAÇÃO;SEM INFORMAÇÃO;99 - SEM INFORMAÇÃO;999;MORTO;CÂNCER;18/11/2014;18/11/2014;15/06/2014;;
1163720;RCBP ANGRA DOS REIS;FEMININO;08/02/1967;47;PARDA;BRASIL;Não informado;Não Informado;SEM INFORMAÇÃO;SEM INFORMAÇÃO;;;RIO DE JANEIRO;ANGRA DOS REIS;AREA RETROMOLAR;C062;ADENOCARCINOMA DE CELULAS CLARAS, SOE;83103;AREA RETROMOLAR;C062;;;;;false;HISTOLOGIA DO TUMOR PRIMÁRIO;SEM INFORMAÇÃO;;;;;;;;10/09/2014;;
1163721;RCBP ANGRA DOS REIS;FEMININO;20/10/1967;46;SEM INFORMAÇÃO;BRASIL;MINAS GERAIS;BELO HORIZONTE;SEM INFORMAÇÃO;SEM INFORMAÇÃO;0;SEM INFORMAÇÃO	;RIO DE JANEIRO;ANGRA DOS REIS;MAMA , SOE;C509;CARCINOMA, SOE;80103;MAMA , SOE;C509;;;;;false;HISTOLOGIA DO TUMOR PRIMÁRIO;SEM INFORMAÇÃO;;;;;;;;15/06/2014;;
1163722;RCBP ANGRA DOS REIS;FEMININO;27/05/1969;45;SEM INFORMAÇÃO;BRASIL;RIO DE JANEIRO;RIO DE JANEIRO;SEM ESCOLARIDADE;SEM INFORMAÇÃO;0;SEM INFORMAÇÃO	;RIO DE JANEIRO;ANGRA DOS REIS;MAMA , SOE;C509;CARCINOMA DUCTAL INFILTRANTE;85003;MAMA , SOE;C509;;;;;false;HISTOLOGIA DO TUMOR PRIMÁRIO;SEM INFORMAÇÃO;;;;;;;;15/06/2014;;
1163723;RCBP ANGRA DOS REIS;MASCULINO;09/06/1952;62;BRANCO;BRASIL;RIO DE JANEIRO;;SUPERIOR COMPLETO;UNIÃO CONSENSUAL;111;MEMBROS SUPERIORES DO PODER LEGISLATIVO, EXECUTIVO E JUDICIÁRIO   	;RIO DE JANEIRO;ANGRA DOS REIS;MEDULA OSSEA;C421;LEUCEMIA MIELOIDE AGUDA, COM DIFERENCIACAO MINIMA;98723;LEUCEMIA MIELOIDE;C92;;;;;false;HISTOLOGIA DO TUMOR PRIMÁRIO;NÃO SE APLICA;;;;;CÂNCER;08/10/2015;;24/07/2014;;
1163736;RCBP ANGRA DOS REIS;FEMININO;10/07/1960;53;SEM INFORMAÇÃO;BRASIL;RIO DE JANEIRO;ANGRA DOS REIS;FUNDAMENTAL II (5ª A 8ª SÉRIE);CASADO;0;SEM INFORMAÇÃO	;RIO DE JANEIRO;ANGRA DOS REIS;MAMA , SOE;C509;NEOPLASIA MALIGNA;80003;MAMA , SOE;C509;;;;;false;HISTOLOGIA DO TUMOR PRIMÁRIO;SEM INFORMAÇÃO;;;;;;;;15/06/2014;;
1163737;RCBP ANGRA DOS REIS;FEMININO;10/04/1943;71;BRANCO;BRASIL;RIO DE JANEIRO;ANGRA DOS REIS;FUNDAMENTAL II (5ª A 8ª SÉRIE);CASADO;0;SEM INFORMAÇÃO	;RIO DE JANEIRO;ANGRA DOS REIS;BEXIGA, SOE;C679;NEOPLASIA MALIGNA;80003;BEXIGA, SOE;C679;;;;;false;HISTOLOGIA DO TUMOR PRIMÁRIO;METÁSTASE;SEM INFORMAÇÃO;99 - SEM INFORMAÇÃO;999;MORTO;CÂNCER;27/04/2014;27/04/2014;15/04/2014;;
1163738;RCBP ANGRA DOS REIS;MASCULINO;13/12/1930;83;BRANCO;BRASIL;RIO DE JANEIRO;ANGRA DOS REIS;MÉDIO (ANTIGO SEGUNDO GRAU);CASADO;342;TÉCNICOS EM TRANSPORTES (LOGÍSTICA)   	;RIO DE JANEIRO;ANGRA DOS REIS;PROSTATA, SOE;C619;CARCINOMA, SOE;80103;PROSTATA;C61;;;;;false;HISTOLOGIA DO TUMOR PRIMÁRIO;SEM INFORMAÇÃO;SEM INFORMAÇÃO;99 - SEM INFORMAÇÃO;999;MORTO;CÂNCER;16/02/2014;16/02/2014;15/01/2014;;
1163739;RCBP ANGRA DOS REIS;MASCULINO;11/04/1954;60;BRANCO;BRASIL;RIO DE JANEIRO;;SUPERIOR COMPLETO;CASADO;111;MEMBROS SUPERIORES DO PODER LEGISLATIVO, EXECUTIVO E JUDICIÁRIO   	;RIO DE JANEIRO;ANGRA DOS REIS;ESTOMAGO, SOE;C169;NEOPLASIA MALIGNA;80003;ESTOMAGO, SOE;C169;;;;;false;SDO;METÁSTASE;SEM INFORMAÇÃO;99 - SEM INFORMAÇÃO;999;MORTO;CÂNCER;13/08/2014;13/08/2014;13/08/2014;;
1163742;RCBP ANGRA DOS REIS;FEMININO;07/04/1946;67;PARDA;BRASIL;Não informado;;SEM ESCOLARIDADE;VIÚVO;0;SEM INFORMAÇÃO	;RIO DE JANEIRO;ANGRA DOS REIS;JUNCAO RETOSSIGMOIDIANA, SOE;C199;NEOPLASIA MALIGNA;80003;JUNCAO RETOSSIGMOIDE;C19;;;;;false;SDO;SEM INFORMAÇÃO;SEM INFORMAÇÃO;99 - SEM INFORMAÇÃO;999;MORTO;CÂNCER;26/01/2014;26/01/2014;26/01/2014;;
1163743;RCBP ANGRA DOS REIS;FEMININO;23/04/1959;55;BRANCO;BRASIL;RIO DE JANEIRO;ANGRA DOS REIS;FUNDAMENTAL I (1ª A 4ª SÉRIE);SOLTEIRO;0;SEM INFORMAÇÃO	;RIO DE JANEIRO;ANGRA DOS REIS;UTERO, SOE;C559;NEOPLASIA MALIGNA;80003;UTERO, SOE;C55;;;;;false;HISTOLOGIA DO TUMOR PRIMÁRIO;SEM INFORMAÇÃO;SEM INFORMAÇÃO;99 - SEM INFORMAÇÃO;999;MORTO;CÂNCER;14/02/2015;14/02/2015;15/08/2014;;
1163744;RCBP ANGRA DOS REIS;FEMININO;09/07/1963;51;BRANCO;BRASIL;PERNAMBUCO;;MÉDIO (ANTIGO SEGUNDO GRAU);CASADO;232;PROFESSORES DO ENSINO MÉDIO   	;RIO DE JANEIRO;ANGRA DOS REIS;PULMAO, SOE;C349;NEOPLASIA MALIGNA;80003;BRONQUIOS OU PULMOES, SOE;C349;;;;;false;SDO;SEM INFORMAÇÃO;SEM INFORMAÇÃO;99 - SEM INFORMAÇÃO;999;MORTO;CÂNCER;26/09/2014;26/09/2014;26/09/2014;;
1163745;RCBP ANGRA DOS REIS;MASCULINO;06/11/1938;75;BRANCO;BRASIL;RIO DE JANEIRO;;FUNDAMENTAL I (1ª A 4ª SÉRIE);CASADO;711;TRABALHADORES DA EXTRAÇÃO MINERAL 	;RIO DE JANEIRO;ANGRA DOS REIS;MEDULA ESPINHAL;C720;NEOPLASIA MALIGNA;80003;MEDULA ESPINHAL;C720;;;;;false;PESQUISA;SEM INFORMAÇÃO;SEM INFORMAÇÃO;99 - SEM INFORMAÇÃO;999;MORTO;CÂNCER;03/07/2014;03/07/2014;18/03/2014;;
1163746;RCBP ANGRA DOS REIS;MASCULINO;05/03/1929;84;PARDA;BRASIL;RIO DE JANEIRO;ANGRA DOS REIS;FUNDAMENTAL I (1ª A 4ª SÉRIE);CASADO;0;SEM INFORMAÇÃO	;RIO DE JANEIRO;ANGRA DOS REIS;PROSTATA, SOE;C619;NEOPLASIA MALIGNA;80003;PROSTATA;C61;;;;;false;HISTOLOGIA DO TUMOR PRIMÁRIO;SEM INFORMAÇÃO;SEM INFORMAÇÃO;99 - SEM INFORMAÇÃO;999;MORTO;CÂNCER;10/05/2014;10/05/2014;17/01/2014;;
1163747;RCBP ANGRA DOS REIS;FEMININO;05/06/1940;74;BRANCO;BRASIL;RIO DE JANEIRO;;FUNDAMENTAL I (1ª A 4ª SÉRIE);SOLTEIRO;0;SEM INFORMAÇÃO	;RIO DE JANEIRO;ANGRA DOS REIS;RETO, SOE;C209;NEOPLASIA MALIGNA;80003;RETO;C20;;;;;false;SDO;SEM INFORMAÇÃO;SEM INFORMAÇÃO;99 - SEM INFORMAÇÃO;999;MORTO;CÂNCER;06/06/2014;06/06/2014;06/06/2014;;
1163748;RCBP ANGRA DOS REIS;FEMININO;10/01/1952;62;PARDA;BRASIL;RIO DE JANEIRO;RIO BONITO;SEM INFORMAÇÃO;SEM INFORMAÇÃO;0;SEM INFORMAÇÃO	;RIO DE JANEIRO;ANGRA DOS REIS;MAMA , SOE;C509;CARCINOMA, SOE;80103;MAMA , SOE;C509;;;;;false;HISTOLOGIA DO TUMOR PRIMÁRIO;SEM INFORMAÇÃO;;;;;;;;15/06/2014;;
1163749;RCBP ANGRA DOS REIS;FEMININO;10/08/1954;59;AMARELA;BRASIL;RIO DE JANEIRO;DUQUE DE CAXIAS;SEM INFORMAÇÃO;SEM INFORMAÇÃO;0;SEM INFORMAÇÃO	;RIO DE JANEIRO;ANGRA DOS REIS;MAMA , SOE;C509;CARCINOMA DUCTAL INFILTRANTE;85003;MAMA , SOE;C509;;;;;false;HISTOLOGIA DO TUMOR PRIMÁRIO;SEM INFORMAÇÃO;;;;;;;;15/06/2014;;
1163750;RCBP ANGRA DOS REIS;FEMININO;26/03/1962;52;PARDA;BRASIL;MINAS GERAIS;;MÉDIO (ANTIGO SEGUNDO GRAU);VIÚVO;0;SEM INFORMAÇÃO	;RIO DE JANEIRO;ANGRA DOS REIS;MEDULA OSSEA;C421;LEUCEMIA MIELOIDE CRONICA, SOE;98633;LEUCEMIA MIELOIDE CRONICA;C921;;;;;false;HISTOLOGIA DO TUMOR PRIMÁRIO;NÃO SE APLICA;;;;;;;;15/09/2014;;
1163751;RCBP ANGRA DOS REIS;FEMININO;08/03/1943;71;BRANCO;BRASIL;RIO DE JANEIRO;ANGRA DOS REIS;FUNDAMENTAL I (1ª A 4ª SÉRIE);VIÚVO;0;SEM INFORMAÇÃO	;RIO DE JANEIRO;ANGRA DOS REIS;MAMA , SOE;C509;CARCINOMA DUCTAL INFILTRANTE;85003;MAMA , SOE;C509;;;;;false;HISTOLOGIA DO TUMOR PRIMÁRIO;SEM INFORMAÇÃO;;;;;;;;15/06/2014;;
1163741;RCBP ANGRA DOS REIS;FEMININO;12/09/1962;51;BRANCO;BRASIL;PARAÍBA;;FUNDAMENTAL I (1ª A 4ª SÉRIE);CASADO;0;SEM INFORMAÇÃO	;RIO DE JANEIRO;ANGRA DOS REIS;TIREOIDE, SOE;C739;ADENOCARCINOMA PAPILAR, SOE;82603;GLANDULA TIREOIDE;C73;;;;;false;HISTOLOGIA DO TUMOR PRIMÁRIO;METÁSTASE;;;;;;;;22/03/2014;;
1116094;RCBP ANGRA DOS REIS;MASCULINO;20/08/1928;85;BRANCO;BRASIL;RIO DE JANEIRO;RIO DE JANEIRO;FUNDAMENTAL I (1ª A 4ª SÉRIE);CASADO;631;PESCADORES E CAÇADORES	;RIO DE JANEIRO;ANGRA DOS REIS;PELE, SOE;C449;MELANOMA MALIGNO, SOE;87203;MELANOMA MALIGNO DA PELE, SOE;C439;;;;;false;HISTOLOGIA DO TUMOR PRIMÁRIO;SEM INFORMAÇÃO;;;;;CÂNCER;21/02/2014;;21/02/2014;;
1163603;RCBP ANGRA DOS REIS;FEMININO;08/10/1941;72;PARDA;BRASIL;RIO DE JANEIRO;;SEM ESCOLARIDADE;CASADO;0;SEM INFORMAÇÃO	;RIO DE JANEIRO;ANGRA DOS REIS;ECTOCERVIX;C531;NEOPLASIA INTRA-EPITELIAL ESCAMOSA,GRAU IIII;80772;COLO DO UTERO, SOE;D069;;;;;false;HISTOLOGIA DO TUMOR PRIMÁRIO;"IN SITU";;;;;CÂNCER;28/05/2017;;13/03/2014;;
1116294;RCBP ANGRA DOS REIS;FEMININO;28/08/1953;60;SEM INFORMAÇÃO;BRASIL;ESPIRITO SANTO;ALEGRE;SEM INFORMAÇÃO;SEM INFORMAÇÃO;0;SEM INFORMAÇÃO	;RIO DE JANEIRO;ANGRA DOS REIS;MAMA , SOE;C509;CARCINOMA DUCTAL INFILTRANTE;85003;MAMA , SOE;C509;;;;;false;HISTOLOGIA DO TUMOR PRIMÁRIO;SEM INFORMAÇÃO;;;;;;;;15/06/2014;;
1142038;RCBP ANGRA DOS REIS;MASCULINO;05/01/1949;65;BRANCO;BRASIL;RIO DE JANEIRO;;MÉDIO (ANTIGO SEGUNDO GRAU);CASADO;0;SEM INFORMAÇÃO	;RIO DE JANEIRO;ANGRA DOS REIS;PALPEBRA;C441;CARCINOMA BASOCELULAR, SOE;80903;PELE DA PALPEBRA E CANTO;C441;;;;;false;HISTOLOGIA DO TUMOR PRIMÁRIO;SEM INFORMAÇÃO;;;;;;;;26/04/2014;;
1636764;RCBP ANGRA DOS REIS;MASCULINO;23/01/1932;82;BRANCO;BRASIL;RIO DE JANEIRO;RIO DE JANEIRO;SEM INFORMAÇÃO;SEM INFORMAÇÃO;0;SEM INFORMAÇÃO	;RIO DE JANEIRO;ANGRA DOS REIS;PROSTATA, SOE;C619;ADENOCARCINOMA, SOE;81403;PROSTATA;C61;;;;;false;HISTOLOGIA DO TUMOR PRIMÁRIO;SEM INFORMAÇÃO;;;;;CÂNCER;15/11/2018;;15/06/2014;;
1666584;RCBP ANGRA DOS REIS;MASCULINO;06/03/1941;73;PARDA;BRASIL;RIO DE JANEIRO;ANGRA DOS REIS;FUNDAMENTAL II (5ª A 8ª SÉRIE);CASADO;0;SEM INFORMAÇÃO	;RIO DE JANEIRO;ANGRA DOS REIS;PELE, SOE;C449;MELANOMA MALIGNO, SOE;87203;MELANOMA MALIGNO DA PELE, SOE;C439;;;;;false;HISTOLOGIA DO TUMOR PRIMÁRIO;METÁSTASE;;;;;CÂNCER;08/01/2017;;15/06/2014;;
1664975;RCBP ANGRA DOS REIS;MASCULINO;20/08/1961;53;PARDA;BRASIL;PERNAMBUCO;RIBEIRÃO;SEM INFORMAÇÃO;SOLTEIRO;514;TRABALHADORES NOS SERVIÇOS DE ADMINISTRAÇÃO, CONSERVAÇÃO E MANUTENÇÃO DE EDIFÍCIOS E LOGRADOUROS  	;RIO DE JANEIRO;ANGRA DOS REIS;MUCOSA DA BOCHECHA;C060;CARCINOMA ESCAMOCELULAR, SOE;80703;MUCOSA ORAL;C060;;;;;false;HISTOLOGIA DO TUMOR PRIMÁRIO;METÁSTASE;;;;;CÂNCER;21/07/2015;;31/01/2015;;
1514786;RCBP ANGRA DOS REIS;FEMININO;19/06/1944;70;BRANCO;BRASIL;MINAS GERAIS;;SEM ESCOLARIDADE;VIÚVO;0;SEM INFORMAÇÃO	;RIO DE JANEIRO;ANGRA DOS REIS;RIM, SOE;C649;CARCINOMA DE DUCTOS COLETORES;83193;RIM;C64;;;;;false;HISTOLOGIA DO TUMOR PRIMÁRIO;SEM INFORMAÇÃO;;;;;CÂNCER;01/08/2017;;15/06/2015;;
1219425;RCBP ANGRA DOS REIS;FEMININO;01/11/1954;61;BRANCO;BRASIL;BAHIA;;FUNDAMENTAL I (1ª A 4ª SÉRIE);UNIÃO CONSENSUAL;0;SEM INFORMAÇÃO	;RIO DE JANEIRO;ANGRA DOS REIS;QUADRANTE SUPERIOR EXTERNO DA MAMA;C504;CARCINOMA METAPLASICO, SOE;85753;QUADRANTE SUPERIOR EXTERNO DA MAMA;C504;;;;;false;HISTOLOGIA DO TUMOR PRIMÁRIO;SEM INFORMAÇÃO;;;;;CÂNCER;18/03/2016;;04/11/2015;;
1219471;RCBP ANGRA DOS REIS;FEMININO;07/11/1967;47;PARDA;BRASIL;BAHIA;;FUNDAMENTAL I (1ª A 4ª SÉRIE);CASADO;514;TRABALHADORES NOS SERVIÇOS DE ADMINISTRAÇÃO, CONSERVAÇÃO E MANUTENÇÃO DE EDIFÍCIOS E LOGRADOUROS  	;RIO DE JANEIRO;ANGRA DOS REIS;ENDOMETRIO;C541;CARCINOMA ENDOMETRIOIDE, SOE;83803;ENDOMETRIO;C541;;;;;false;HISTOLOGIA DO TUMOR PRIMÁRIO;SEM INFORMAÇÃO;;;;;;;;04/09/2015;;
1219749;RCBP ANGRA DOS REIS;FEMININO;20/09/1957;57;PARDA;BRASIL;RIO DE JANEIRO;ANGRA DOS REIS;SEM ESCOLARIDADE;SEM INFORMAÇÃO;0;SEM INFORMAÇÃO	;RIO DE JANEIRO;ANGRA DOS REIS;MEDIASTINO, SOE;C383;TUMOR MALIGNO DE CELULAS GIGANTES;80033;MEDIASTINO, PORCAO NAO ESPECIFICADA;C383;;;;;false;PESQUISA;SEM INFORMAÇÃO;SEM INFORMAÇÃO;99 - SEM INFORMAÇÃO;999;MORTO;CÂNCER;11/03/2016;11/03/2016;15/06/2015;;
1219750;RCBP ANGRA DOS REIS;FEMININO;28/08/1946;69;PARDA;BRASIL;RIO DE JANEIRO;SÃO GONÇALO;MÉDIO (ANTIGO SEGUNDO GRAU);SOLTEIRO;0;SEM INFORMAÇÃO	;RIO DE JANEIRO;ANGRA DOS REIS;FIGADO, SOE;C220;NEOPLASIA MALIGNA;80003;FIGADO E VIAS BILIARES INTRA-HEPATICAS;C22;;;;;false;HISTOLOGIA DA METÁSTASE;METÁSTASE;SEM INFORMAÇÃO;99 - SEM INFORMAÇÃO;999;MORTO;CÂNCER;26/11/2015;26/11/2015;13/10/2015;;
1219469;RCBP ANGRA DOS REIS;FEMININO;24/04/1958;56;BRANCO;BRASIL;PARAÍBA;;FUNDAMENTAL I (1ª A 4ª SÉRIE);CASADO;514;TRABALHADORES NOS SERVIÇOS DE ADMINISTRAÇÃO, CONSERVAÇÃO E MANUTENÇÃO DE EDIFÍCIOS E LOGRADOUROS  	;RIO DE JANEIRO;ANGRA DOS REIS;COLO DO UTERO, SOE;C539;CARCINOMA ESCAMOCELULAR, SOE;80703;COLO DO UTERO, SOE;C539;;;;;false;HISTOLOGIA DO TUMOR PRIMÁRIO;SEM INFORMAÇÃO;;;;;CÂNCER;13/04/2015;;03/03/2015;;
1219470;RCBP ANGRA DOS REIS;FEMININO;24/04/1958;56;BRANCO;BRASIL;PARAÍBA;;FUNDAMENTAL I (1ª A 4ª SÉRIE);CASADO;514;TRABALHADORES NOS SERVIÇOS DE ADMINISTRAÇÃO, CONSERVAÇÃO E MANUTENÇÃO DE EDIFÍCIOS E LOGRADOUROS  	;RIO DE JANEIRO;ANGRA DOS REIS;VAGINA, SOE;C529;NEOPLASIA MALIGNA;80003;VAGINA;C52;;;;;false;HISTOLOGIA DO TUMOR PRIMÁRIO;SEM INFORMAÇÃO;;;;;CÂNCER;13/04/2015;;03/03/2015;;
1219462;RCBP ANGRA DOS REIS;MASCULINO;19/10/1945;70;BRANCO;BRASIL;RIO DE JANEIRO;;FUNDAMENTAL I (1ª A 4ª SÉRIE);VIÚVO;111;MEMBROS SUPERIORES DO PODER LEGISLATIVO, EXECUTIVO E JUDICIÁRIO   	;RIO DE JANEIRO;ANGRA DOS REIS;PULMAO, SOE;C349;NEOPLASIA MALIGNA;80003;BRONQUIOS OU PULMOES, SOE;C349;;;;;false;SDO;SEM INFORMAÇÃO;SEM INFORMAÇÃO;99 - SEM INFORMAÇÃO;999;MORTO;CÂNCER;03/11/2015;03/11/2015;03/11/2015;;
1219463;RCBP ANGRA DOS REIS;MASCULINO;11/02/1937;78;BRANCO;BRASIL;MINAS GERAIS;;SEM INFORMAÇÃO;CASADO;0;SEM INFORMAÇÃO	;RIO DE JANEIRO;ANGRA DOS REIS;ESTOMAGO, SOE;C169;NEOPLASIA MALIGNA;80003;ESTOMAGO, SOE;C169;;;;;false;SDO;SEM INFORMAÇÃO;SEM INFORMAÇÃO;99 - SEM INFORMAÇÃO;999;MORTO;CÂNCER;05/08/2015;05/08/2015;05/08/2015;;
1219464;RCBP ANGRA DOS REIS;FEMININO;22/01/1957;58;BRANCO;BRASIL;RIO DE JANEIRO;VOLTA REDONDA;SEM INFORMAÇÃO;CASADO;0;SEM INFORMAÇÃO	;RIO DE JANEIRO;ANGRA DOS REIS;MAMA , SOE;C509;ADENOCARCINOMA PAPILAR INTR., NAO INFILTRANTE;85032;CARCINOMA "IN SITU" DA MAMA, SOE;D059;;;;;false;HISTOLOGIA DO TUMOR PRIMÁRIO;"IN SITU";;;;;;;;13/06/2015;;
1219465;RCBP ANGRA DOS REIS;FEMININO;20/09/1962;52;PARDA;BRASIL;RIO DE JANEIRO;ANGRA DOS REIS;FUNDAMENTAL II (5ª A 8ª SÉRIE);SOLTEIRO;262;PROFISSIONAIS DE ESPETÁCULOS E DAS ARTES  	;RIO DE JANEIRO;ANGRA DOS REIS;JUNCAO RETOSSIGMOIDIANA, SOE;C199;CARCINOMA CRIBRIFORME, SOE;82013;JUNCAO RETOSSIGMOIDE;C19;;;;;false;HISTOLOGIA DO TUMOR PRIMÁRIO;SEM INFORMAÇÃO;SEM INFORMAÇÃO;99 - SEM INFORMAÇÃO;999;MORTO;CÂNCER;22/07/2016;22/07/2016;18/02/2015;;
1219468;RCBP ANGRA DOS REIS;FEMININO;27/04/1957;58;BRANCO;BRASIL;PIAUÍ;;FUNDAMENTAL I (1ª A 4ª SÉRIE);CASADO;0;SEM INFORMAÇÃO	;RIO DE JANEIRO;ANGRA DOS REIS;FIGADO, SOE;C220;CARCINOMA HEPATOCELULAR, SOE;81703;CARCINOMA DE CELULAS HEPATICAS;C220;;;;;false;SDO;METÁSTASE;SEM INFORMAÇÃO;99 - SEM INFORMAÇÃO;999;MORTO;CÂNCER;19/05/2015;19/05/2015;19/05/2015;;
1219466;RCBP ANGRA DOS REIS;MASCULINO;06/03/1950;65;SEM INFORMAÇÃO;BRASIL;RIO DE JANEIRO;ANGRA DOS REIS;FUNDAMENTAL II (5ª A 8ª SÉRIE);CASADO;0;SEM INFORMAÇÃO	;RIO DE JANEIRO;ANGRA DOS REIS;PROSTATA, SOE;C619;ADENOCARCINOMA, SOE;81403;PROSTATA;C61;;;;;false;HISTOLOGIA DO TUMOR PRIMÁRIO;SEM INFORMAÇÃO;SEM INFORMAÇÃO;99 - SEM INFORMAÇÃO;999;MORTO;CÂNCER;23/01/2016;23/01/2016;15/06/2015;;
1219467;RCBP ANGRA DOS REIS;MASCULINO;27/03/1981;33;PARDA;BRASIL;RIO DE JANEIRO;;FUNDAMENTAL II (5ª A 8ª SÉRIE);SOLTEIRO;782;CONDUTORES DE VEÍCULOS E OPERADORES DE EQUIPAMENTOS DE ELEVAÇÃO E DE MOVIMENTAÇÃO DE CARGAS   	;RIO DE JANEIRO;ANGRA DOS REIS;TECIDOS MOLES DO MEMBRO SUPERIOR E OMBRO;C491;SARCOMA FUSOCELULAR;88013;TECIDOS MOLES DO MEMBRO SUPERIOR E OMBRO;C491;;;;;false;HISTOLOGIA DO TUMOR PRIMÁRIO;SEM INFORMAÇÃO;;;;;;;;26/03/2015;;
1219472;RCBP ANGRA DOS REIS;MASCULINO;27/07/1938;76;BRANCO;BRASIL;RIO DE JANEIRO;;SUPERIOR COMPLETO;CASADO;111;MEMBROS SUPERIORES DO PODER LEGISLATIVO, EXECUTIVO E JUDICIÁRIO   	;RIO DE JANEIRO;ANGRA DOS REIS;MEDULA OSSEA;C421;LEUCEMIA, SOE;98003;LEUCEMIA NAO ESPECIFICADA;C959;;;;;false;HISTOLOGIA DO TUMOR PRIMÁRIO;NÃO SE APLICA;SEM INFORMAÇÃO;99 - SEM INFORMAÇÃO;999;MORTO;CÂNCER;11/04/2015;11/04/2015;15/02/2015;;
1219473;RCBP ANGRA DOS REIS;FEMININO;14/03/1970;45;BRANCO;BRASIL;PERNAMBUCO;;FUNDAMENTAL II (5ª A 8ª SÉRIE);SEPARADO JUDICIALMENTE;514;TRABALHADORES NOS SERVIÇOS DE ADMINISTRAÇÃO, CONSERVAÇÃO E MANUTENÇÃO DE EDIFÍCIOS E LOGRADOUROS  	;RIO DE JANEIRO;ANGRA DOS REIS;ENDOMETRIO;C541;ADENOCARCINOMA, SOE;81403;ENDOMETRIO;C541;;;;;false;HISTOLOGIA DO TUMOR PRIMÁRIO;SEM INFORMAÇÃO;;;;;;;;20/09/2015;;
1219474;RCBP ANGRA DOS REIS;FEMININO;05/07/1960;54;BRANCO;BRASIL;RIO DE JANEIRO;;SUPERIOR COMPLETO;CASADO;233;PROFESSORES E INSTRUTORES DO ENSINO PROFISSIONAL  	;RIO DE JANEIRO;ANGRA DOS REIS;MAMA , SOE;C509;ADENOCARCINOMA PAPILAR INTRADUCTAL COM INVASAO;85033;MAMA , SOE;C509;;;;;false;HISTOLOGIA DO TUMOR PRIMÁRIO;SEM INFORMAÇÃO;;;;;;;;18/06/2015;;
1219475;RCBP ANGRA DOS REIS;FEMININO;01/06/1963;52;BRANCO;BRASIL;RIO DE JANEIRO;;FUNDAMENTAL II (5ª A 8ª SÉRIE);SOLTEIRO;512;TRABALHADORES DOS SERVIÇOS DOMÉSTICOS EM GERAL	;RIO DE JANEIRO;ANGRA DOS REIS;COLON, SOE;C189;ADENOCARCINOMA, SOE;81403;COLON, SOE;C189;;;;;false;HISTOLOGIA DO TUMOR PRIMÁRIO;SEM INFORMAÇÃO;SEM INFORMAÇÃO;99 - SEM INFORMAÇÃO;999;MORTO;CÂNCER;04/10/2015;04/10/2015;15/06/2015;;
1219476;RCBP ANGRA DOS REIS;FEMININO;14/06/1970;44;BRANCO;BRASIL;SÃO PAULO;;FUNDAMENTAL I (1ª A 4ª SÉRIE);CASADO;0;SEM INFORMAÇÃO	;RIO DE JANEIRO;ANGRA DOS REIS;OVARIO, SOE;C569;ADENOCARCINOMA, SOE;81403;OVARIO;C56;;;;;false;HISTOLOGIA DA METÁSTASE;METÁSTASE;;;;;CÂNCER;03/06/2015;;18/05/2015;;
1219477;RCBP ANGRA DOS REIS;FEMININO;24/02/1981;34;SEM INFORMAÇÃO;BRASIL;RIO DE JANEIRO;RIO DE JANEIRO;SEM INFORMAÇÃO;SEM INFORMAÇÃO;0;SEM INFORMAÇÃO	;RIO DE JANEIRO;ANGRA DOS REIS;COLO DO UTERO, SOE;C539;NEOPLASIA INTRA-EPITELIAL ESCAMOSA,GRAU IIII;80772;COLO DO UTERO, SOE;D069;;;;;false;HISTOLOGIA DO TUMOR PRIMÁRIO;"IN SITU";;;;;;;;18/04/2015;;
1219478;RCBP ANGRA DOS REIS;FEMININO;20/02/1967;48;PARDA;BRASIL;RIO DE JANEIRO;;MÉDIO (ANTIGO SEGUNDO GRAU);UNIÃO CONSENSUAL;514;TRABALHADORES NOS SERVIÇOS DE ADMINISTRAÇÃO, CONSERVAÇÃO E MANUTENÇÃO DE EDIFÍCIOS E LOGRADOUROS  	;RIO DE JANEIRO;ANGRA DOS REIS;QUADRANTE SUPERIOR EXTERNO DA MAMA;C504;CARCINOMA DUCTAL INFILTRANTE;85003;QUADRANTE SUPERIOR EXTERNO DA MAMA;C504;;;;;false;HISTOLOGIA DO TUMOR PRIMÁRIO;METÁSTASE;;;;;SEM INFORMAÇÃO;15/10/2016;;07/07/2015;;
1219479;RCBP ANGRA DOS REIS;FEMININO;11/01/1940;75;BRANCO;BRASIL;RIO DE JANEIRO;;FUNDAMENTAL II (5ª A 8ª SÉRIE);VIÚVO;0;SEM INFORMAÇÃO	;RIO DE JANEIRO;ANGRA DOS REIS;PANCREAS, SOE;C259;NEOPLASIA MALIGNA;80003;PANCREAS, SOE;C259;;;;;false;SDO;SEM INFORMAÇÃO;SEM INFORMAÇÃO;99 - SEM INFORMAÇÃO;999;MORTO;CÂNCER;08/08/2015;08/08/2015;08/08/2015;;
1219480;RCBP ANGRA DOS REIS;FEMININO;19/08/1945;70;PARDA;BRASIL;Não informado;;FUNDAMENTAL I (1ª A 4ª SÉRIE);CASADO;0;SEM INFORMAÇÃO	;RIO DE JANEIRO;ANGRA DOS REIS;PULMAO, SOE;C349;NEOPLASIA MALIGNA;80003;BRONQUIOS OU PULMOES, SOE;C349;;;;;false;SDO;SEM INFORMAÇÃO;SEM INFORMAÇÃO;99 - SEM INFORMAÇÃO;999;MORTO;CÂNCER;05/10/2015;05/10/2015;05/10/2015;;
1219481;RCBP ANGRA DOS REIS;FEMININO;23/05/1984;30;BRANCO;BRASIL;RIO DE JANEIRO;;FUNDAMENTAL I (1ª A 4ª SÉRIE);SOLTEIRO;514;TRABALHADORES NOS SERVIÇOS DE ADMINISTRAÇÃO, CONSERVAÇÃO E MANUTENÇÃO DE EDIFÍCIOS E LOGRADOUROS  	;RIO DE JANEIRO;ANGRA DOS REIS;ECTOCERVIX;C531;NEOPLASIA INTRA-EPITELIAL ESCAMOSA,GRAU IIII;80772;COLO DO UTERO, SOE;D069;;;;;false;HISTOLOGIA DO TUMOR PRIMÁRIO;"IN SITU";;;;;;;;12/03/2015;;
1219482;RCBP ANGRA DOS REIS;FEMININO;22/03/1978;37;BRANCO;BRASIL;RIO DE JANEIRO;ANGRA DOS REIS;FUNDAMENTAL I (1ª A 4ª SÉRIE);SOLTEIRO;0;SEM INFORMAÇÃO	;RIO DE JANEIRO;ANGRA DOS REIS;ENCEFALO, SOE;C719;GLIOBLASTOMA, SOE;94403;ENCEFALO, SOE;C719;;;;;false;HISTOLOGIA DO TUMOR PRIMÁRIO;SEM INFORMAÇÃO;;;;;;;;07/10/2015;;
1219483;RCBP ANGRA DOS REIS;MASCULINO;07/01/1956;59;BRANCO;BRASIL;BAHIA;;FUNDAMENTAL I (1ª A 4ª SÉRIE);SOLTEIRO;512;TRABALHADORES DOS SERVIÇOS DOMÉSTICOS EM GERAL	;RIO DE JANEIRO;ANGRA DOS REIS;ESTOMAGO, SOE;C169;NEOPLASIA MALIGNA;80003;ESTOMAGO, SOE;C169;;;;;false;SDO;SEM INFORMAÇÃO;SEM INFORMAÇÃO;99 - SEM INFORMAÇÃO;999;MORTO;CÂNCER;01/12/2015;01/12/2015;01/12/2015;;
1219484;RCBP ANGRA DOS REIS;FEMININO;20/12/1970;44;SEM INFORMAÇÃO;BRASIL;RIO DE JANEIRO;ANGRA DOS REIS;MÉDIO (ANTIGO SEGUNDO GRAU);CASADO;0;SEM INFORMAÇÃO	;RIO DE JANEIRO;ANGRA DOS REIS;MAMA , SOE;C509;CARCINOMA DUCTAL INFILTRANTE;85003;MAMA , SOE;C509;;;;;false;HISTOLOGIA DO TUMOR PRIMÁRIO;SEM INFORMAÇÃO;;;;;;;;15/08/2015;;
1219485;RCBP ANGRA DOS REIS;FEMININO;18/08/1986;28;BRANCO;BRASIL;RIO DE JANEIRO;ANGRA DOS REIS;SUPERIOR COMPLETO;SOLTEIRO;232;PROFESSORES DO ENSINO MÉDIO   	;RIO DE JANEIRO;ANGRA DOS REIS;OVARIO, SOE;C569;TUMOR PAPILAR DE SUPERFICIE SEROSA, MALIGNIDADE LIMITROFE;84631;OVARIO;C56;;;CARCINOMA DAS GÔNADAS;8.5.3;false;HISTOLOGIA DO TUMOR PRIMÁRIO;LOCALIZADO;;;;;;;;01/06/2015;;
1219486;RCBP ANGRA DOS REIS;FEMININO;29/07/1967;47;BRANCO;BRASIL;RIO DE JANEIRO;;MÉDIO (ANTIGO SEGUNDO GRAU);SEPARADO JUDICIALMENTE;0;SEM INFORMAÇÃO	;RIO DE JANEIRO;ANGRA DOS REIS;MAMA , SOE;C509;CARCINOMA DUCTAL INFILTRANTE;85003;MAMA , SOE;C509;;;;;false;HISTOLOGIA DO TUMOR PRIMÁRIO;METÁSTASE;;;;;;;;12/02/2015;;
1219487;RCBP ANGRA DOS REIS;FEMININO;19/09/1930;84;BRANCO;BRASIL;RIO DE JANEIRO;;SEM ESCOLARIDADE;VIÚVO;0;SEM INFORMAÇÃO	;RIO DE JANEIRO;ANGRA DOS REIS;TIREOIDE, SOE;C739;NEOPLASIA MALIGNA;80003;GLANDULA TIREOIDE;C73;;;;;false;HISTOLOGIA DO TUMOR PRIMÁRIO;SEM INFORMAÇÃO;SEM INFORMAÇÃO;99 - SEM INFORMAÇÃO;999;MORTO;CÂNCER;06/09/2015;06/09/2015;05/09/2015;;
1219488;RCBP ANGRA DOS REIS;MASCULINO;21/02/1945;70;PARDA;BRASIL;RIO DE JANEIRO;;SEM ESCOLARIDADE;VIÚVO;622;TRABALHADORES AGRÍCOLAS   	;RIO DE JANEIRO;ANGRA DOS REIS;ANUS, SOE;C210;NEOPLASIA MALIGNA;80003;ANUS, SOE;C210;;;;;false;CLÍNICO;METÁSTASE;SEM INFORMAÇÃO;99 - SEM INFORMAÇÃO;999;MORTO;CÂNCER;30/03/2015;30/03/2015;18/03/2015;;
1219489;RCBP ANGRA DOS REIS;MASCULINO;05/09/1939;76;BRANCO;BRASIL;RIO DE JANEIRO;;SEM INFORMAÇÃO;CASADO;0;SEM INFORMAÇÃO	;RIO DE JANEIRO;ANGRA DOS REIS;PALATO DURO;C050;CARCINOMA ESCAMOCELULAR, SOE;80703;PALATO DURO;C050;;;;;false;HISTOLOGIA DO TUMOR PRIMÁRIO;SEM INFORMAÇÃO;;;;;;;;27/09/2015;;
1219490;RCBP ANGRA DOS REIS;FEMININO;09/02/1986;29;BRANCO;BRASIL;RIO DE JANEIRO;;MÉDIO (ANTIGO SEGUNDO GRAU);SOLTEIRO;514;TRABALHADORES NOS SERVIÇOS DE ADMINISTRAÇÃO, CONSERVAÇÃO E MANUTENÇÃO DE EDIFÍCIOS E LOGRADOUROS  	;RIO DE JANEIRO;ANGRA DOS REIS;ECTOCERVIX;C531;CARCINOMA ESCAMOSO MICRO-INVASOR;80763;ECTOCERVIX;C531;;;CARCINOMA DE ÚTERO E CÉRVIX;8.5.4;false;HISTOLOGIA DO TUMOR PRIMÁRIO;SEM INFORMAÇÃO;;;;;;;;17/11/2015;;
1219491;RCBP ANGRA DOS REIS;FEMININO;23/05/1944;71;PRETA;BRASIL;RIO DE JANEIRO;;FUNDAMENTAL I (1ª A 4ª SÉRIE);SOLTEIRO;512;TRABALHADORES DOS SERVIÇOS DOMÉSTICOS EM GERAL	;RIO DE JANEIRO;ANGRA DOS REIS;VIAS BILIARES EXTRA-HEPATICAS;C240;NEOPLASIA MALIGNA;80003;VIAS BILIARES EXTRA-HEPATICAS;C240;;;;;false;SDO;SEM INFORMAÇÃO;SEM INFORMAÇÃO;99 - SEM INFORMAÇÃO;999;MORTO;CÂNCER;24/12/2015;24/12/2015;24/12/2015;;
1219492;RCBP ANGRA DOS REIS;MASCULINO;16/12/1954;60;BRANCO;BRASIL;MINAS GERAIS;;MÉDIO (ANTIGO SEGUNDO GRAU);CASADO;411;ESCRITURÁRIOS EM GERAL, AGENTES, ASSISTENTES E AUXILIARES ADMINISTRATIVOS 	;RIO DE JANEIRO;ANGRA DOS REIS;PANCREAS, SOE;C259;NEOPLASIA MALIGNA;80003;PANCREAS, SOE;C259;;;;;false;SDO;SEM INFORMAÇÃO;SEM INFORMAÇÃO;99 - SEM INFORMAÇÃO;999;MORTO;CÂNCER;17/09/2015;17/09/2015;17/09/2015;;
1219493;RCBP ANGRA DOS REIS;MASCULINO;24/12/1939;75;PRETA;BRASIL;RIO DE JANEIRO;;SEM ESCOLARIDADE;VIÚVO;512;TRABALHADORES DOS SERVIÇOS DOMÉSTICOS EM GERAL	;RIO DE JANEIRO;ANGRA DOS REIS;ESOFAGO, SOE;C159;NEOPLASIA MALIGNA;80003;ESOFAGO, SOE;C159;;;;;false;HISTOLOGIA DO TUMOR PRIMÁRIO;SEM INFORMAÇÃO;SEM INFORMAÇÃO;99 - SEM INFORMAÇÃO;999;MORTO;CÂNCER;31/01/2016;31/01/2016;15/03/2015;;
1219494;RCBP ANGRA DOS REIS;FEMININO;23/01/1929;86;BRANCO;BRASIL;RIO DE JANEIRO;ANGRA DOS REIS;SEM ESCOLARIDADE;VIÚVO;0;SEM INFORMAÇÃO	;RIO DE JANEIRO;ANGRA DOS REIS;LESAO SOBREPOSTA DA PELE;C448;MELANOMA MALIGNO, SOE;87203;MELANOMA MALIGNO INVASIVO DA PELE;C438;;;;;false;HISTOLOGIA DA METÁSTASE;METÁSTASE;SEM INFORMAÇÃO;99 - SEM INFORMAÇÃO;999;MORTO;CÂNCER;27/09/2015;27/09/2015;26/09/2015;;
1219495;RCBP ANGRA DOS REIS;MASCULINO;22/03/1924;91;BRANCO;BRASIL;RIO DE JANEIRO;RIO DE JANEIRO;SEM INFORMAÇÃO;VIÚVO;0;SEM INFORMAÇÃO	;RIO DE JANEIRO;ANGRA DOS REIS;PROSTATA, SOE;C619;NEOPLASIA MALIGNA;80003;PROSTATA;C61;;;;;false;HISTOLOGIA DO TUMOR PRIMÁRIO;SEM INFORMAÇÃO;SEM INFORMAÇÃO;99 - SEM INFORMAÇÃO;999;MORTO;CÂNCER;15/08/2015;15/08/2015;15/08/2015;;
1219496;RCBP ANGRA DOS REIS;FEMININO;28/08/2009;5;PARDA;BRASIL;RIO DE JANEIRO;;SEM INFORMAÇÃO;SOLTEIRO;;;RIO DE JANEIRO;ANGRA DOS REIS;GLANDULA SUPRA-RENAL, SOE;C749;NEOPLASIA MALIGNA;80003;GLANDULA SUPRA-RENAL, SOE;C749;Outros tumores malignos não especificados;XII-B;;;false;HISTOLOGIA DA METÁSTASE;METÁSTASE;;;;;CÂNCER;22/05/2015;;15/05/2015;;
1219085;RCBP ANGRA DOS REIS;FEMININO;17/05/1951;64;PARDA;BRASIL;RIO DE JANEIRO;;FUNDAMENTAL II (5ª A 8ª SÉRIE);SEPARADO JUDICIALMENTE;514;TRABALHADORES NOS SERVIÇOS DE ADMINISTRAÇÃO, CONSERVAÇÃO E MANUTENÇÃO DE EDIFÍCIOS E LOGRADOUROS  	;RIO DE JANEIRO;ANGRA DOS REIS;MEDULA OSSEA;C421;TROMBOCITEMIA ESSENCIAL;99623;LEUCEMIA DE TIPO CELULAR, SOE;C95;;;;;false;CITOLOGIA;NÃO SE APLICA;;;;;;;;08/12/2015;;
1219086;RCBP ANGRA DOS REIS;FEMININO;10/06/1962;52;SEM INFORMAÇÃO;BRASIL;MINAS GERAIS;BELO HORIZONTE;SEM INFORMAÇÃO;SEM INFORMAÇÃO;0;SEM INFORMAÇÃO	;RIO DE JANEIRO;ANGRA DOS REIS;COLO DO UTERO, SOE;C539;CARCINOMA ESCAMOCELULAR "IN SITU", SOE;80702;COLO DO UTERO, SOE;D069;;;;;false;HISTOLOGIA DO TUMOR PRIMÁRIO;"IN SITU";;;;;;;;15/01/2015;;
1219087;RCBP ANGRA DOS REIS;MASCULINO;26/01/1942;73;BRANCO;BRASIL;RIO DE JANEIRO;;FUNDAMENTAL I (1ª A 4ª SÉRIE);VIÚVO;782;CONDUTORES DE VEÍCULOS E OPERADORES DE EQUIPAMENTOS DE ELEVAÇÃO E DE MOVIMENTAÇÃO DE CARGAS   	;RIO DE JANEIRO;ANGRA DOS REIS;PROSTATA, SOE;C619;NEOPLASIA MALIGNA;80003;PROSTATA;C61;;;;;false;PESQUISA;METÁSTASE;SEM INFORMAÇÃO;99 - SEM INFORMAÇÃO;999;MORTO;CÂNCER;22/03/2015;22/03/2015;14/03/2015;;
1219121;RCBP ANGRA DOS REIS;FEMININO;26/12/1944;70;BRANCO;BRASIL;MINAS GERAIS;;FUNDAMENTAL I (1ª A 4ª SÉRIE);VIÚVO;514;TRABALHADORES NOS SERVIÇOS DE ADMINISTRAÇÃO, CONSERVAÇÃO E MANUTENÇÃO DE EDIFÍCIOS E LOGRADOUROS  	;RIO DE JANEIRO;ANGRA DOS REIS;PELE DO MEMBRO INFERIOR E DO QUADRIL;C447;CARCINOMA ESCAMOCELULAR, SOE;80703;PELE DO MEMBRO INFERIOR E DO QUADRIL;C447;;;;;false;HISTOLOGIA DO TUMOR PRIMÁRIO;SEM INFORMAÇÃO;;;;;;;;07/05/2015;;
1219128;RCBP ANGRA DOS REIS;FEMININO;06/10/1976;38;BRANCO;BRASIL;RIO DE JANEIRO;;MÉDIO (ANTIGO SEGUNDO GRAU);CASADO;0;SEM INFORMAÇÃO	;RIO DE JANEIRO;ANGRA DOS REIS;QUADRANTE INFERIOR EXTERNO DA MAMA;C505;CARCINOMA DUCTAL INFILTRANTE;85003;QUADRANTE INFERIOR EXTERNO DA MAMA;C505;;;;;false;HISTOLOGIA DO TUMOR PRIMÁRIO;SEM INFORMAÇÃO;;;;;;;;06/02/2015;;
1219133;RCBP ANGRA DOS REIS;MASCULINO;17/03/1925;90;BRANCO;BRASIL;PARAÍBA;;FUNDAMENTAL II (5ª A 8ª SÉRIE);VIÚVO;763;TRABALHADORES DA CONFECÇÃO DE ROUPAS 	;RIO DE JANEIRO;ANGRA DOS REIS;LARINGE, SOE;C329;NEOPLASIA MALIGNA;80003;LARINGE, SOE;C329;;;;;false;HISTOLOGIA DO TUMOR PRIMÁRIO;SEM INFORMAÇÃO;SEM INFORMAÇÃO;99 - SEM INFORMAÇÃO;999;MORTO;CÂNCER;30/12/2015;30/12/2015;30/12/2015;;
1219439;RCBP ANGRA DOS REIS;FEMININO;21/07/1948;66;BRANCO;BRASIL;MINAS GERAIS;;SEM INFORMAÇÃO;SOLTEIRO;0;SEM INFORMAÇÃO	;RIO DE JANEIRO;ANGRA DOS REIS;LESAO SOBREPOSTA DA NASOFARINGE;C118;CARCINOMA, SOE;80103;LESAO INVASIVA DA NASOFARINGE;C118;;;;;false;HISTOLOGIA DO TUMOR PRIMÁRIO;SEM INFORMAÇÃO;;;;;;;;27/05/2015;;
1219440;RCBP ANGRA DOS REIS;FEMININO;05/12/1963;51;PRETA;BRASIL;RIO DE JANEIRO;;MÉDIO (ANTIGO SEGUNDO GRAU);SOLTEIRO;0;SEM INFORMAÇÃO	;RIO DE JANEIRO;ANGRA DOS REIS;ECTOCERVIX;C531;CARCINOMA ESCAMOCELULAR, SOE;80703;ECTOCERVIX;C531;;;;;false;HISTOLOGIA DO TUMOR PRIMÁRIO;SEM INFORMAÇÃO;;;;;CÂNCER;28/06/2015;;20/02/2015;;
1219444;RCBP ANGRA DOS REIS;MASCULINO;10/04/1944;71;BRANCO;BRASIL;RIO DE JANEIRO;;FUNDAMENTAL II (5ª A 8ª SÉRIE);CASADO;722;TRABALHADORES DE CONFORMAÇÃO DE METAIS E DE COMPÓSITOS	;RIO DE JANEIRO;ANGRA DOS REIS;CEREBRO;C710;NEOPLASIA MALIGNA;80003;CEREBRO;C710;;;;;false;SDO;SEM INFORMAÇÃO;SEM INFORMAÇÃO;99 - SEM INFORMAÇÃO;999;MORTO;CÂNCER;23/06/2015;23/06/2015;23/06/2015;;
1219459;RCBP ANGRA DOS REIS;MASCULINO;25/07/1941;73;BRANCO;BRASIL;Não informado;;MÉDIO (ANTIGO SEGUNDO GRAU);CASADO;261;PROFISSIONAIS DA COMUNICAÇÃO E DA INFORMAÇÃO  	;RIO DE JANEIRO;ANGRA DOS REIS;COLON, SOE;C189;NEOPLASIA MALIGNA;80003;COLON, SOE;C189;;;;;false;HISTOLOGIA DO TUMOR PRIMÁRIO;METÁSTASE;SEM INFORMAÇÃO;99 - SEM INFORMAÇÃO;999;MORTO;CÂNCER;24/04/2015;24/04/2015;15/03/2015;;
1219413;RCBP ANGRA DOS REIS;MASCULINO;02/10/1952;62;PRETA;BRASIL;RIO DE JANEIRO;RIO DE JANEIRO;FUNDAMENTAL II (5ª A 8ª SÉRIE);CASADO;711;TRABALHADORES DA EXTRAÇÃO MINERAL 	;RIO DE JANEIRO;ANGRA DOS REIS;MEDULA ESPINHAL;C720;NEOPLASIA MALIGNA;80003;MEDULA ESPINHAL;C720;;;;;false;HISTOLOGIA DO TUMOR PRIMÁRIO;SEM INFORMAÇÃO;SEM INFORMAÇÃO;99 - SEM INFORMAÇÃO;999;MORTO;CÂNCER;27/02/2015;27/02/2015;25/01/2015;;
1219414;RCBP ANGRA DOS REIS;FEMININO;01/09/1988;27;AMARELA;BRASIL;RIO DE JANEIRO;ANGRA DOS REIS;MÉDIO (ANTIGO SEGUNDO GRAU);CASADO;521;VENDEDORES E DEMONSTRADORES   	;RIO DE JANEIRO;ANGRA DOS REIS;COLO DO UTERO, SOE;C539;ADENOCARCINOMA "IN SITU", SOE;81402;COLO DO UTERO, SOE;D069;;;;;false;HISTOLOGIA DO TUMOR PRIMÁRIO;"IN SITU";;;;;;;;13/10/2015;;
1219415;RCBP ANGRA DOS REIS;FEMININO;27/04/1970;44;PARDA;BRASIL;RIO DE JANEIRO;RIO DE JANEIRO;SEM INFORMAÇÃO;SEM INFORMAÇÃO;0;SEM INFORMAÇÃO	;RIO DE JANEIRO;ANGRA DOS REIS;COLO DO UTERO, SOE;C539;CARCINOMA ESCAMOCELULAR "IN SITU", SOE;80702;COLO DO UTERO, SOE;D069;;;;;false;HISTOLOGIA DO TUMOR PRIMÁRIO;"IN SITU";;;;;;;;15/01/2015;;
1219416;RCBP ANGRA DOS REIS;FEMININO;28/01/1966;48;BRANCO;BRASIL;RIO DE JANEIRO;MANGARATIBA;FUNDAMENTAL II (5ª A 8ª SÉRIE);CASADO;0;SEM INFORMAÇÃO	;RIO DE JANEIRO;ANGRA DOS REIS;COLO DO UTERO, SOE;C539;ADENOCARCINOMA "IN SITU", SOE;81402;COLO DO UTERO, SOE;D069;;;;;false;HISTOLOGIA DO TUMOR PRIMÁRIO;"IN SITU";;;;;;;;15/01/2015;;
1219417;RCBP ANGRA DOS REIS;FEMININO;17/04/1976;38;PARDA;BRASIL;CEARÁ;JAGUARUANA;SEM INFORMAÇÃO;SEM INFORMAÇÃO;0;SEM INFORMAÇÃO	;RIO DE JANEIRO;ANGRA DOS REIS;BOCA, SOE;C069;CARCINOMA ESCAMOCELULAR PAPILAR;80523;BOCA, SOE;C069;;;;;false;HISTOLOGIA DO TUMOR PRIMÁRIO;SEM INFORMAÇÃO;;;;;;;;10/04/2015;;
1219418;RCBP ANGRA DOS REIS;FEMININO;02/04/1949;65;PRETA;BRASIL;RIO DE JANEIRO;;FUNDAMENTAL I (1ª A 4ª SÉRIE);CASADO;512;TRABALHADORES DOS SERVIÇOS DOMÉSTICOS EM GERAL	;RIO DE JANEIRO;ANGRA DOS REIS;VIAS BILIARES EXTRA-HEPATICAS;C240;NEOPLASIA MALIGNA;80003;VIAS BILIARES EXTRA-HEPATICAS;C240;;;;;false;HISTOLOGIA DO TUMOR PRIMÁRIO;SEM INFORMAÇÃO;SEM INFORMAÇÃO;99 - SEM INFORMAÇÃO;999;MORTO;CÂNCER;16/12/2015;16/12/2015;09/02/2015;;
1219419;RCBP ANGRA DOS REIS;FEMININO;28/05/1930;84;BRANCO;BRASIL;RIO DE JANEIRO;;MÉDIO (ANTIGO SEGUNDO GRAU);VIÚVO;0;SEM INFORMAÇÃO	;RIO DE JANEIRO;ANGRA DOS REIS;MAMA , SOE;C509;CARCINOMA DUCTAL INFILTRANTE;85003;MAMA , SOE;C509;;;;;false;HISTOLOGIA DO TUMOR PRIMÁRIO;SEM INFORMAÇÃO;SEM INFORMAÇÃO;99 - SEM INFORMAÇÃO;999;MORTO;CÂNCER;27/03/2015;27/03/2015;21/03/2015;;
1219420;RCBP ANGRA DOS REIS;FEMININO;10/12/1971;43;PARDA;BRASIL;PIAUÍ;BARRAS;SEM INFORMAÇÃO;CASADO;0;SEM INFORMAÇÃO	;RIO DE JANEIRO;ANGRA DOS REIS;COLO DO UTERO, SOE;C539;CARCINOMA ESCAMOCELULAR "IN SITU", SOE;80702;COLO DO UTERO, SOE;D069;;;;;false;HISTOLOGIA DO TUMOR PRIMÁRIO;"IN SITU";;;;;;;;15/03/2015;;
1219421;RCBP ANGRA DOS REIS;FEMININO;30/06/1948;66;PRETA;BRASIL;RIO DE JANEIRO;;FUNDAMENTAL I (1ª A 4ª SÉRIE);CASADO;0;SEM INFORMAÇÃO	;RIO DE JANEIRO;ANGRA DOS REIS;PELVE, SOE;C763;NEOPLASIA MALIGNA;80003;PELVE;C763;;;;;false;SDO;SEM INFORMAÇÃO;SEM INFORMAÇÃO;99 - SEM INFORMAÇÃO;999;MORTO;CÂNCER;01/04/2015;01/04/2015;01/04/2015;;
1219422;RCBP ANGRA DOS REIS;FEMININO;11/07/1953;61;BRANCO;BRASIL;RIO DE JANEIRO;RIO DE JANEIRO;MÉDIO (ANTIGO SEGUNDO GRAU);CASADO;0;SEM INFORMAÇÃO	;RIO DE JANEIRO;ANGRA DOS REIS;COLO DO UTERO, SOE;C539;ADENOCARCINOMA, SOE;81403;COLO DO UTERO, SOE;C539;;;;;false;HISTOLOGIA DO TUMOR PRIMÁRIO;SEM INFORMAÇÃO;;;;;;;;15/03/2015;;
1219423;RCBP ANGRA DOS REIS;FEMININO;02/11/1960;54;PRETA;BRASIL;PERNAMBUCO;MACAPARANA;FUNDAMENTAL I (1ª A 4ª SÉRIE);SOLTEIRO;0;SEM INFORMAÇÃO	;RIO DE JANEIRO;ANGRA DOS REIS;LESAO SOBREPOSTA DA MAMA;C508;NEOPLASIA MALIGNA;80003;LESAO INVASIVA DA MAMA;C508;;;;;false;HISTOLOGIA DA METÁSTASE;METÁSTASE;SEM INFORMAÇÃO;99 - SEM INFORMAÇÃO;999;MORTO;CÂNCER;01/11/2015;01/11/2015;28/10/2015;;
1219425;RCBP ANGRA DOS REIS;FEMININO;01/11/1954;60;BRANCO;BRASIL;BAHIA;;FUNDAMENTAL I (1ª A 4ª SÉRIE);UNIÃO CONSENSUAL;0;SEM INFORMAÇÃO	;RIO DE JANEIRO;ANGRA DOS REIS;MAMA , SOE;C509;CARCINOMA DUCTAL INFILTRANTE;85003;MAMA , SOE;C509;;;;;false;HISTOLOGIA DO TUMOR PRIMÁRIO;SEM INFORMAÇÃO;;;;;CÂNCER;18/03/2016;;10/10/2015;;
1219424;RCBP ANGRA DOS REIS;FEMININO;01/06/1948;66;BRANCO;BRASIL;RIO DE JANEIRO;;FUNDAMENTAL II (5ª A 8ª SÉRIE);VIÚVO;0;SEM INFORMAÇÃO	;RIO DE JANEIRO;ANGRA DOS REIS;MEDULA OSSEA;C421;MIELOMA MULTIPLO;97323;MIELOMA MULTIPLO;C900;;;;;false;HISTOLOGIA DO TUMOR PRIMÁRIO;NÃO SE APLICA;SEM INFORMAÇÃO;99 - SEM INFORMAÇÃO;999;MORTO;CÂNCER;03/01/2015;03/01/2015;03/01/2015;;
1219427;RCBP ANGRA DOS REIS;FEMININO;23/10/1969;45;SEM INFORMAÇÃO;BRASIL;MARANHÃO;SÃO LUÍS;SEM INFORMAÇÃO;SEM INFORMAÇÃO;0;SEM INFORMAÇÃO	;RIO DE JANEIRO;ANGRA DOS REIS;COLO DO UTERO, SOE;C539;ADENOCARCINOMA "IN SITU", SOE;81402;COLO DO UTERO, SOE;D069;;;;;false;HISTOLOGIA DO TUMOR PRIMÁRIO;"IN SITU";;;;;;;;15/03/2015;;
1219428;RCBP ANGRA DOS REIS;FEMININO;14/11/1974;40;SEM INFORMAÇÃO;BRASIL;RIO DE JANEIRO;RIO DE JANEIRO;SEM INFORMAÇÃO;SEM INFORMAÇÃO;0;SEM INFORMAÇÃO	;RIO DE JANEIRO;ANGRA DOS REIS;COLO DO UTERO, SOE;C539;CARCINOMA ESCAMOCELULAR "IN SITU", SOE;80702;COLO DO UTERO, SOE;D069;;;;;false;HISTOLOGIA DO TUMOR PRIMÁRIO;"IN SITU";;;;;;;;05/08/2015;;
1219429;RCBP ANGRA DOS REIS;FEMININO;04/03/1948;67;BRANCO;BRASIL;RIO DE JANEIRO;;SUPERIOR COMPLETO;CASADO;421;CAIXAS, BILHETEIROS E AFINS   	;RIO DE JANEIRO;ANGRA DOS REIS;MEDULA OSSEA;C421;LEUCEMIA MIELOIDE AGUDA, SOE;98613;LEUCEMIA MIELOIDE AGUDA;C920;;;;;false;HISTOLOGIA DO TUMOR PRIMÁRIO;NÃO SE APLICA;SEM INFORMAÇÃO;99 - SEM INFORMAÇÃO;999;MORTO;CÂNCER;22/11/2015;22/11/2015;15/06/2015;;
1219430;RCBP ANGRA DOS REIS;FEMININO;09/08/1952;62;PARDA;BRASIL;RIO DE JANEIRO;;MÉDIO (ANTIGO SEGUNDO GRAU);VIÚVO;0;SEM INFORMAÇÃO	;RIO DE JANEIRO;ANGRA DOS REIS;VULVA, SOE;C519;CARCINOMA ESCAMOCELULAR, SOE;80703;VULVA, SOE;C519;;;;;false;HISTOLOGIA DO TUMOR PRIMÁRIO;SEM INFORMAÇÃO;;;;;;;;01/06/2015;;
1219431;RCBP ANGRA DOS REIS;FEMININO;17/12/1954;60;BRANCO;BRASIL;MINAS GERAIS;;MÉDIO (ANTIGO SEGUNDO GRAU);SOLTEIRO;512;TRABALHADORES DOS SERVIÇOS DOMÉSTICOS EM GERAL	;RIO DE JANEIRO;ANGRA DOS REIS;MAMA , SOE;C509;CARCINOMA DUCTAL INFILTRANTE;85003;MAMA , SOE;C509;;;;;false;HISTOLOGIA DO TUMOR PRIMÁRIO;SEM INFORMAÇÃO;SEM INFORMAÇÃO;99 - SEM INFORMAÇÃO;999;MORTO;CÂNCER;04/07/2015;04/07/2015;13/02/2015;;
1219432;RCBP ANGRA DOS REIS;FEMININO;22/06/1948;66;BRANCO;BRASIL;Não informado;;FUNDAMENTAL II (5ª A 8ª SÉRIE);VIÚVO;0;SEM INFORMAÇÃO	;RIO DE JANEIRO;ANGRA DOS REIS;COLO DO UTERO, SOE;C539;ADENOCARCINOMA "IN SITU", SOE;81402;COLO DO UTERO, SOE;D069;;;;;false;HISTOLOGIA DO TUMOR PRIMÁRIO;"IN SITU";SEM INFORMAÇÃO;99 - SEM INFORMAÇÃO;999;MORTO;CÂNCER;22/05/2015;22/05/2015;03/02/2015;;
1219433;RCBP ANGRA DOS REIS;FEMININO;06/08/1987;27;SEM INFORMAÇÃO;BRASIL;RIO DE JANEIRO;PARATI;MÉDIO (ANTIGO SEGUNDO GRAU);CASADO;0;SEM INFORMAÇÃO	;RIO DE JANEIRO;ANGRA DOS REIS;COLO DO UTERO, SOE;C539;CARCINOMA ESCAMOCELULAR "IN SITU", SOE;80702;COLO DO UTERO, SOE;D069;;;;;false;HISTOLOGIA DO TUMOR PRIMÁRIO;"IN SITU";;;;;;;;15/06/2015;;
1219434;RCBP ANGRA DOS REIS;FEMININO;22/12/1954;60;PRETA;BRASIL;BAHIA;CONCEIÇÃO DO COITÉ;SEM INFORMAÇÃO;SOLTEIRO;512;TRABALHADORES DOS SERVIÇOS DOMÉSTICOS EM GERAL	;RIO DE JANEIRO;ANGRA DOS REIS;COLO DO UTERO, SOE;C539;CARCINOMA ESCAMOSO MICRO-INVASOR;80763;COLO DO UTERO, SOE;C539;;;;;false;HISTOLOGIA DO TUMOR PRIMÁRIO;SEM INFORMAÇÃO;;;;;CÂNCER;18/02/2016;;15/02/2015;;
1219435;RCBP ANGRA DOS REIS;FEMININO;24/12/1954;60;PARDA;BRASIL;RIO DE JANEIRO;;FUNDAMENTAL I (1ª A 4ª SÉRIE);SOLTEIRO;514;TRABALHADORES NOS SERVIÇOS DE ADMINISTRAÇÃO, CONSERVAÇÃO E MANUTENÇÃO DE EDIFÍCIOS E LOGRADOUROS  	;RIO DE JANEIRO;ANGRA DOS REIS;ECTOCERVIX;C531;ADENOCARCINOMA, SOE;81403;ECTOCERVIX;C531;;;;;false;HISTOLOGIA DO TUMOR PRIMÁRIO;SEM INFORMAÇÃO;;;;;SEM INFORMAÇÃO;18/02/2016;;30/10/2015;;
1219436;RCBP ANGRA DOS REIS;FEMININO;24/11/1946;68;BRANCO;BRASIL;RIO DE JANEIRO;;FUNDAMENTAL I (1ª A 4ª SÉRIE);VIÚVO;0;SEM INFORMAÇÃO	;RIO DE JANEIRO;ANGRA DOS REIS;PULMAO, SOE;C349;CARCINOMA NEUROENDOCRINO, SOE;82463;BRONQUIOS OU PULMOES, SOE;C349;;;;;false;HISTOLOGIA DO TUMOR PRIMÁRIO;SEM INFORMAÇÃO;;;;;SEM INFORMAÇÃO;24/07/2015;;10/07/2015;;
1219437;RCBP ANGRA DOS REIS;FEMININO;18/01/1975;40;PARDA;BRASIL;PARAÍBA;INGÁ;SEM INFORMAÇÃO;SEM INFORMAÇÃO;0;SEM INFORMAÇÃO	;RIO DE JANEIRO;ANGRA DOS REIS;COLO DO UTERO, SOE;C539;ADENOCARCINOMA "IN SITU", SOE;81402;COLO DO UTERO, SOE;D069;;;;;false;HISTOLOGIA DO TUMOR PRIMÁRIO;"IN SITU";;;;;;;;15/06/2015;;
1219438;RCBP ANGRA DOS REIS;FEMININO;23/09/1951;64;BRANCO;BRASIL;SÃO PAULO;;SUPERIOR COMPLETO;VIÚVO;251;CIENTISTAS SOCIAIS, PSICÓLOGOS E AFINS	;RIO DE JANEIRO;ANGRA DOS REIS;PULMAO, SOE;C349;NEOPLASIA MALIGNA;80003;BRONQUIOS OU PULMOES, SOE;C349;;;;;false;SDO;SEM INFORMAÇÃO;SEM INFORMAÇÃO;99 - SEM INFORMAÇÃO;999;MORTO;CÂNCER;15/12/2015;15/12/2015;15/12/2015;;
1219441;RCBP ANGRA DOS REIS;FEMININO;25/12/1963;51;PRETA;BRASIL;RIO DE JANEIRO;;MÉDIO (ANTIGO SEGUNDO GRAU);SOLTEIRO;0;SEM INFORMAÇÃO	;RIO DE JANEIRO;ANGRA DOS REIS;COLO DO UTERO, SOE;C539;ADENOCARCINOMA "IN SITU", SOE;81402;COLO DO UTERO, SOE;D069;;;;;false;HISTOLOGIA DO TUMOR PRIMÁRIO;"IN SITU";;;;;CÂNCER;28/06/2015;;20/02/2015;;
1219442;RCBP ANGRA DOS REIS;FEMININO;17/07/1945;69;PARDA;BRASIL;Não informado;;MÉDIO (ANTIGO SEGUNDO GRAU);VIÚVO;512;TRABALHADORES DOS SERVIÇOS DOMÉSTICOS EM GERAL	;RIO DE JANEIRO;ANGRA DOS REIS;PULMAO, SOE;C349;NEOPLASIA MALIGNA;80003;BRONQUIOS OU PULMOES, SOE;C349;;;;;false;SDO;SEM INFORMAÇÃO;SEM INFORMAÇÃO;99 - SEM INFORMAÇÃO;999;MORTO;CÂNCER;06/07/2015;06/07/2015;06/07/2015;;
1219443;RCBP ANGRA DOS REIS;FEMININO;10/03/1952;63;AMARELA;BRASIL;PERNAMBUCO;BELÉM DO SÃO FRANCISCO;SEM INFORMAÇÃO;SEM INFORMAÇÃO;0;SEM INFORMAÇÃO	;RIO DE JANEIRO;ANGRA DOS REIS;MAMA , SOE;C509;CARCINOMA DUCTAL INFILTRANTE;85003;MAMA , SOE;C509;;;;;false;HISTOLOGIA DO TUMOR PRIMÁRIO;SEM INFORMAÇÃO;;;;;;;;10/10/2015;;
1219445;RCBP ANGRA DOS REIS;MASCULINO;15/08/1962;53;BRANCO;BRASIL;RIO DE JANEIRO;;FUNDAMENTAL I (1ª A 4ª SÉRIE);SOLTEIRO;0;SEM INFORMAÇÃO	;RIO DE JANEIRO;ANGRA DOS REIS;ESOFAGO, SOE;C159;NEOPLASIA MALIGNA;80003;ESOFAGO, SOE;C159;;;;;false;SDO;SEM INFORMAÇÃO;SEM INFORMAÇÃO;99 - SEM INFORMAÇÃO;999;MORTO;CÂNCER;09/09/2015;09/09/2015;09/09/2015;;
1219446;RCBP ANGRA DOS REIS;FEMININO;20/08/1957;57;BRANCO;BRASIL;RIO DE JANEIRO;;FUNDAMENTAL II (5ª A 8ª SÉRIE);SOLTEIRO;0;SEM INFORMAÇÃO	;RIO DE JANEIRO;ANGRA DOS REIS;COLO DO UTERO, SOE;C539;CARCINOMA ESCAMOCELULAR "IN SITU", SOE;80702;COLO DO UTERO, SOE;D069;;;;;false;HISTOLOGIA DO TUMOR PRIMÁRIO;"IN SITU";;;;;CÂNCER;19/07/2015;;24/03/2015;;
1219447;RCBP ANGRA DOS REIS;FEMININO;13/04/1970;44;SEM INFORMAÇÃO;BRASIL;RIO DE JANEIRO;ANGRA DOS REIS;SEM INFORMAÇÃO;SEM INFORMAÇÃO;0;SEM INFORMAÇÃO	;RIO DE JANEIRO;ANGRA DOS REIS;COLO DO UTERO, SOE;C539;NEOPLASIA INTRA-EPITELIAL ESCAMOSA,GRAU IIII;80772;COLO DO UTERO, SOE;D069;;;;;false;HISTOLOGIA DO TUMOR PRIMÁRIO;"IN SITU";;;;;;;;15/02/2015;;
1219448;RCBP ANGRA DOS REIS;MASCULINO;01/05/2001;13;BRANCO;BRASIL;RIO DE JANEIRO;;FUNDAMENTAL II (5ª A 8ª SÉRIE);SOLTEIRO;0;SEM INFORMAÇÃO	;RIO DE JANEIRO;ANGRA DOS REIS;PULMAO, SOE;C349;NEOPLASIA MALIGNA;80003;BRONQUIOS OU PULMOES, SOE;C349;Outros tumores malignos não especificados;XII-B;;;false;HISTOLOGIA DA METÁSTASE;METÁSTASE;;;;;CÂNCER;15/01/2015;;03/01/2015;;
1219449;RCBP ANGRA DOS REIS;FEMININO;18/12/1987;27;BRANCO;BRASIL;RIO DE JANEIRO;ANGRA DOS REIS;MÉDIO (ANTIGO SEGUNDO GRAU);CASADO;520;SUPERVISORES DE VENDAS E DE PRESTAÇÃO DE SERVIÇOS	;RIO DE JANEIRO;ANGRA DOS REIS;MAMA , SOE;C509;NEOPLASIA MALIGNA;80003;MAMA , SOE;C509;;;NEOPLASIAS MALIGNAS INESPECÍFICAS;10.1;false;HISTOLOGIA DA METÁSTASE;METÁSTASE;SEM INFORMAÇÃO;99 - SEM INFORMAÇÃO;999;MORTO;CÂNCER;16/03/2015;16/03/2015;08/03/2015;;
1219450;RCBP ANGRA DOS REIS;FEMININO;02/10/1942;72;BRANCO;BRASIL;Não informado;;FUNDAMENTAL I (1ª A 4ª SÉRIE);SEPARADO JUDICIALMENTE;0;SEM INFORMAÇÃO	;RIO DE JANEIRO;ANGRA DOS REIS;PULMAO, SOE;C349;NEOPLASIA MALIGNA;80003;BRONQUIOS OU PULMOES, SOE;C349;;;;;false;SDO;SEM INFORMAÇÃO;SEM INFORMAÇÃO;99 - SEM INFORMAÇÃO;999;MORTO;CÂNCER;14/07/2015;14/07/2015;14/07/2015;;
1219451;RCBP ANGRA DOS REIS;MASCULINO;08/01/1932;83;BRANCO;BRASIL;RIO DE JANEIRO;;FUNDAMENTAL I (1ª A 4ª SÉRIE);CASADO;842;OPERADORES NA PREPARAÇÃO DE FUMO E NA FABRICAÇÃO DE CHARUTOS E CIGARROS   	;RIO DE JANEIRO;ANGRA DOS REIS;BEXIGA, SOE;C679;NEOPLASIA MALIGNA;80003;BEXIGA, SOE;C679;;;;;false;SDO;SEM INFORMAÇÃO;SEM INFORMAÇÃO;99 - SEM INFORMAÇÃO;999;MORTO;CÂNCER;13/03/2015;13/03/2015;13/03/2015;;
1219452;RCBP ANGRA DOS REIS;FEMININO;22/11/1937;77;BRANCO;BRASIL;RIO DE JANEIRO;;FUNDAMENTAL I (1ª A 4ª SÉRIE);VIÚVO;0;SEM INFORMAÇÃO	;RIO DE JANEIRO;ANGRA DOS REIS;MAMA , SOE;C509;NEOPLASIA MALIGNA;80003;MAMA , SOE;C509;;;;;false;HISTOLOGIA DO TUMOR PRIMÁRIO;SEM INFORMAÇÃO;SEM INFORMAÇÃO;99 - SEM INFORMAÇÃO;999;MORTO;CÂNCER;01/07/2015;01/07/2015;15/06/2015;;
1219453;RCBP ANGRA DOS REIS;MASCULINO;12/10/1930;84;BRANCO;BRASIL;ESPIRITO SANTO;;SEM INFORMAÇÃO;CASADO;0;SEM INFORMAÇÃO	;RIO DE JANEIRO;ANGRA DOS REIS;PANCREAS, SOE;C259;NEOPLASIA MALIGNA;80003;PANCREAS, SOE;C259;;;;;false;SDO;SEM INFORMAÇÃO;SEM INFORMAÇÃO;99 - SEM INFORMAÇÃO;999;MORTO;CÂNCER;08/06/2015;08/06/2015;08/06/2015;;
1219454;RCBP ANGRA DOS REIS;FEMININO;15/10/1974;40;BRANCO;BRASIL;RIO DE JANEIRO;ANGRA DOS REIS;FUNDAMENTAL I (1ª A 4ª SÉRIE);CASADO;0;SEM INFORMAÇÃO	;RIO DE JANEIRO;ANGRA DOS REIS;COLO DO UTERO, SOE;C539;ADENOCARCINOMA "IN SITU", SOE;81402;COLO DO UTERO, SOE;D069;;;;;false;HISTOLOGIA DO TUMOR PRIMÁRIO;"IN SITU";;;;;CÂNCER;21/04/2015;;18/02/2015;;
1219455;RCBP ANGRA DOS REIS;FEMININO;25/11/1935;79;PRETA;BRASIL;RIO DE JANEIRO;;FUNDAMENTAL I (1ª A 4ª SÉRIE);SOLTEIRO;0;SEM INFORMAÇÃO	;RIO DE JANEIRO;ANGRA DOS REIS;COLON, SOE;C189;NEOPLASIA MALIGNA;80003;COLON, SOE;C189;;;;;false;SDO;METÁSTASE;SEM INFORMAÇÃO;99 - SEM INFORMAÇÃO;999;MORTO;CÂNCER;15/03/2015;15/03/2015;15/03/2015;;
1219456;RCBP ANGRA DOS REIS;FEMININO;05/09/1954;60;BRANCO;BRASIL;CEARÁ;;SUPERIOR COMPLETO;VIÚVO;252;PROFISSIONAIS DE ORGANIZAÇÃO E ADMINISTRAÇÃO DE EMPRESAS E AFINS  	;RIO DE JANEIRO;ANGRA DOS REIS;MAMA , SOE;C509;NEOPLASIA MALIGNA;80003;MAMA , SOE;C509;;;;;false;PESQUISA;SEM INFORMAÇÃO;SEM INFORMAÇÃO;99 - SEM INFORMAÇÃO;999;MORTO;NÃO CÂNCER;02/01/2015;02/01/2015;02/01/2015;;
1219457;RCBP ANGRA DOS REIS;MASCULINO;11/12/1957;57;BRANCO;BRASIL;MINAS GERAIS;;FUNDAMENTAL I (1ª A 4ª SÉRIE);CASADO;232;PROFESSORES DO ENSINO MÉDIO   	;RIO DE JANEIRO;ANGRA DOS REIS;MEDULA OSSEA;C421;MIELOMA MULTIPLO;97323;MIELOMA MULTIPLO;C900;;;;;false;HISTOLOGIA DO TUMOR PRIMÁRIO;NÃO SE APLICA;SEM INFORMAÇÃO;99 - SEM INFORMAÇÃO;999;MORTO;CÂNCER;26/11/2015;26/11/2015;17/09/2015;;
1219458;RCBP ANGRA DOS REIS;MASCULINO;06/08/1939;76;PARDA;BRASIL;ESPIRITO SANTO;;SEM ESCOLARIDADE;SOLTEIRO;622;TRABALHADORES AGRÍCOLAS   	;RIO DE JANEIRO;ANGRA DOS REIS;OROFARINGE, SOE;C109;NEOPLASIA MALIGNA;80003;OROFARINGE, SOE;C109;;;;;false;SDO;SEM INFORMAÇÃO;SEM INFORMAÇÃO;99 - SEM INFORMAÇÃO;999;MORTO;CÂNCER;13/11/2015;13/11/2015;13/11/2015;;
1219460;RCBP ANGRA DOS REIS;FEMININO;02/09/1992;23;PARDA;BRASIL;PARAÍBA;;FUNDAMENTAL I (1ª A 4ª SÉRIE);UNIÃO CONSENSUAL;516;TRABALHADORES NOS SERVIÇOS DE EMBELEZAMENTO E CUIDADOS PESSOAIS   	;RIO DE JANEIRO;ANGRA DOS REIS;PANCREAS, SOE;C259;NEOPLASIA MALIGNA;80003;PANCREAS, SOE;C259;;;NEOPLASIAS MALIGNAS INESPECÍFICAS;10.1;false;SDO;SEM INFORMAÇÃO;SEM INFORMAÇÃO;99 - SEM INFORMAÇÃO;999;MORTO;CÂNCER;15/11/2015;15/11/2015;15/11/2015;;
1219461;RCBP ANGRA DOS REIS;MASCULINO;02/03/1954;60;BRANCO;BRASIL;RIO DE JANEIRO;;FUNDAMENTAL I (1ª A 4ª SÉRIE);SEPARADO JUDICIALMENTE;842;OPERADORES NA PREPARAÇÃO DE FUMO E NA FABRICAÇÃO DE CHARUTOS E CIGARROS   	;RIO DE JANEIRO;ANGRA DOS REIS;RETO, SOE;C209;NEOPLASIA MALIGNA;80003;RETO;C20;;;;;false;PESQUISA;METÁSTASE;SEM INFORMAÇÃO;99 - SEM INFORMAÇÃO;999;MORTO;CÂNCER;02/03/2015;02/03/2015;21/02/2015;;
1219497;RCBP ANGRA DOS REIS;FEMININO;28/09/1971;44;PARDA;BRASIL;RIO DE JANEIRO;ANGRA DOS REIS;SUPERIOR COMPLETO;CASADO;142;GERENTES DE ÁREAS DE APOIO	;RIO DE JANEIRO;ANGRA DOS REIS;QUADRANTE SUPERIOR EXTERNO DA MAMA;C504;CARCINOMA DUCTAL INFILTRANTE;85003;QUADRANTE SUPERIOR EXTERNO DA MAMA;C504;;;;;false;HISTOLOGIA DO TUMOR PRIMÁRIO;SEM INFORMAÇÃO;;;;;;;;10/10/2015;;
1219183;RCBP ANGRA DOS REIS;FEMININO;08/08/1947;68;BRANCO;BRASIL;RIO DE JANEIRO;;MÉDIO (ANTIGO SEGUNDO GRAU);VIÚVO;0;SEM INFORMAÇÃO	;RIO DE JANEIRO;ANGRA DOS REIS;CARDIA, SOE;C160;ADENOCARCINOMA, SOE;81403;CARDIA;C160;;;;;false;HISTOLOGIA DO TUMOR PRIMÁRIO;SEM INFORMAÇÃO;;;;;CÂNCER;21/02/2016;;25/11/2015;;
1219168;RCBP ANGRA DOS REIS;FEMININO;27/07/1967;47;PARDA;BRASIL;Não informado;;FUNDAMENTAL II (5ª A 8ª SÉRIE);SOLTEIRO;0;SEM INFORMAÇÃO	;RIO DE JANEIRO;ANGRA DOS REIS;PULMAO, SOE;C349;NEOPLASIA MALIGNA;80003;BRONQUIOS OU PULMOES, SOE;C349;;;;;false;SDO;SEM INFORMAÇÃO;SEM INFORMAÇÃO;99 - SEM INFORMAÇÃO;999;MORTO;CÂNCER;16/02/2015;16/02/2015;16/02/2015;;
1219169;RCBP ANGRA DOS REIS;FEMININO;17/07/1948;67;PARDA;BRASIL;PARAÍBA;ITABAIANA;SEM INFORMAÇÃO;SEM INFORMAÇÃO;0;SEM INFORMAÇÃO	;RIO DE JANEIRO;ANGRA DOS REIS;MAMA , SOE;C509;CARCINOMA DUCTAL INFILTRANTE;85003;MAMA , SOE;C509;;;;;false;HISTOLOGIA DO TUMOR PRIMÁRIO;SEM INFORMAÇÃO;SEM INFORMAÇÃO;99 - SEM INFORMAÇÃO;999;MORTO;CÂNCER;13/10/2016;13/10/2016;13/10/2015;;
1219170;RCBP ANGRA DOS REIS;FEMININO;13/05/1960;54;BRANCO;BRASIL;RIO DE JANEIRO;;MÉDIO (ANTIGO SEGUNDO GRAU);CASADO;0;SEM INFORMAÇÃO	;RIO DE JANEIRO;ANGRA DOS REIS;COLON, SOE;C189;ADENOCARCINOMA, SOE;81403;COLON, SOE;C189;;;;;false;HISTOLOGIA DA METÁSTASE;METÁSTASE;SEM INFORMAÇÃO;99 - SEM INFORMAÇÃO;999;MORTO;CÂNCER;02/02/2015;02/02/2015;13/01/2015;;
1219172;RCBP ANGRA DOS REIS;MASCULINO;11/04/1951;64;BRANCO;BRASIL;RIO DE JANEIRO;;FUNDAMENTAL I (1ª A 4ª SÉRIE);SEPARADO JUDICIALMENTE;0;SEM INFORMAÇÃO	;RIO DE JANEIRO;ANGRA DOS REIS;LARINGE, SOE;C329;NEOPLASIA MALIGNA;80003;LARINGE, SOE;C329;;;;;false;SDO;SEM INFORMAÇÃO;SEM INFORMAÇÃO;99 - SEM INFORMAÇÃO;999;MORTO;CÂNCER;11/05/2015;11/05/2015;11/05/2015;;
1219173;RCBP ANGRA DOS REIS;MASCULINO;10/12/1951;63;PARDA;BRASIL;CEARÁ;;FUNDAMENTAL I (1ª A 4ª SÉRIE);SOLTEIRO;;;RIO DE JANEIRO;ANGRA DOS REIS;CABECA DO PANCREAS;C250;NEOPLASIA MALIGNA;80003;CABECA DO PANCREAS;C250;;;;;false;SDO;SEM INFORMAÇÃO;SEM INFORMAÇÃO;99 - SEM INFORMAÇÃO;999;MORTO;CÂNCER;05/04/2015;05/04/2015;05/04/2015;;
1219175;RCBP ANGRA DOS REIS;MASCULINO;19/03/1939;76;PARDA;BRASIL;RIO DE JANEIRO;ANGRA DOS REIS;SEM INFORMAÇÃO;SEM INFORMAÇÃO;711;TRABALHADORES DA EXTRAÇÃO MINERAL 	;RIO DE JANEIRO;ANGRA DOS REIS;FIGADO, SOE;C220;NEOPLASIA MALIGNA;80003;FIGADO E VIAS BILIARES INTRA-HEPATICAS;C22;;;;;false;HISTOLOGIA DO TUMOR PRIMÁRIO;SEM INFORMAÇÃO;SEM INFORMAÇÃO;99 - SEM INFORMAÇÃO;999;MORTO;CÂNCER;14/01/2016;14/01/2016;15/06/2015;;
1219176;RCBP ANGRA DOS REIS;MASCULINO;08/12/1943;71;PARDA;BRASIL;RIO DE JANEIRO;;FUNDAMENTAL I (1ª A 4ª SÉRIE);CASADO;842;OPERADORES NA PREPARAÇÃO DE FUMO E NA FABRICAÇÃO DE CHARUTOS E CIGARROS   	;RIO DE JANEIRO;ANGRA DOS REIS;TECIDOS MOLES, SOE;C499;NEOPLASIA MALIGNA;80003;NEOPLASIA MALIGNA DE TECIDOS MOLES;C499;;;;;false;SDO;SEM INFORMAÇÃO;SEM INFORMAÇÃO;99 - SEM INFORMAÇÃO;999;MORTO;CÂNCER;15/09/2015;15/09/2015;15/09/2015;;
1219177;RCBP ANGRA DOS REIS;FEMININO;16/08/1934;80;BRANCO;BRASIL;SÃO PAULO;SÃO PAULO;FUNDAMENTAL II (5ª A 8ª SÉRIE);VIÚVO;0;SEM INFORMAÇÃO	;RIO DE JANEIRO;ANGRA DOS REIS;PULMAO, SOE;C349;ADENOCARCINOMA DE CELULAS CLARAS, SOE;83103;BRONQUIOS OU PULMOES, SOE;C349;;;;;false;HISTOLOGIA DO TUMOR PRIMÁRIO;METÁSTASE;SEM INFORMAÇÃO;99 - SEM INFORMAÇÃO;999;MORTO;CÂNCER;18/06/2015;18/06/2015;15/01/2015;;
1219180;RCBP ANGRA DOS REIS;MASCULINO;25/02/1951;64;PARDA;BRASIL;PERNAMBUCO;;FUNDAMENTAL I (1ª A 4ª SÉRIE);CASADO;711;TRABALHADORES DA EXTRAÇÃO MINERAL 	;RIO DE JANEIRO;ANGRA DOS REIS;PULMAO, SOE;C349;NEOPLASIA MALIGNA;80003;BRONQUIOS OU PULMOES, SOE;C349;;;;;false;HISTOLOGIA DO TUMOR PRIMÁRIO;SEM INFORMAÇÃO;SEM INFORMAÇÃO;99 - SEM INFORMAÇÃO;999;MORTO;CÂNCER;14/06/2015;14/06/2015;09/03/2015;;
1219181;RCBP ANGRA DOS REIS;MASCULINO;21/09/1928;86;BRANCO;BRASIL;SÃO PAULO;;FUNDAMENTAL I (1ª A 4ª SÉRIE);CASADO;0;SEM INFORMAÇÃO	;RIO DE JANEIRO;ANGRA DOS REIS;PROSTATA, SOE;C619;ADENOCARCINOMA, SOE;81403;PROSTATA;C61;;;;;false;HISTOLOGIA DO TUMOR PRIMÁRIO;SEM INFORMAÇÃO;SEM INFORMAÇÃO;99 - SEM INFORMAÇÃO;999;MORTO;NÃO CÂNCER;16/05/2015;16/05/2015;23/03/2015;;
1219182;RCBP ANGRA DOS REIS;MASCULINO;19/03/1958;57;BRANCO;BRASIL;Não informado;;FUNDAMENTAL I (1ª A 4ª SÉRIE);SOLTEIRO;622;TRABALHADORES AGRÍCOLAS   	;RIO DE JANEIRO;ANGRA DOS REIS;VIAS BILIARES EXTRA-HEPATICAS;C240;NEOPLASIA MALIGNA;80003;VIAS BILIARES EXTRA-HEPATICAS;C240;;;;;false;SDO;SEM INFORMAÇÃO;SEM INFORMAÇÃO;99 - SEM INFORMAÇÃO;999;MORTO;CÂNCER;23/03/2015;23/03/2015;23/03/2015;;
1219184;RCBP ANGRA DOS REIS;FEMININO;27/01/1962;53;SEM INFORMAÇÃO;BRASIL;RIO DE JANEIRO;RIO DE JANEIRO;SEM INFORMAÇÃO;SEM INFORMAÇÃO;0;SEM INFORMAÇÃO	;RIO DE JANEIRO;ANGRA DOS REIS;COLO DO UTERO, SOE;C539;CARCINOMA ESCAMOCELULAR "IN SITU", SOE;80702;COLO DO UTERO, SOE;D069;;;;;false;HISTOLOGIA DO TUMOR PRIMÁRIO;"IN SITU";;;;;;;;15/03/2015;;
1219185;RCBP ANGRA DOS REIS;MASCULINO;14/08/1947;67;BRANCO;BRASIL;RIO DE JANEIRO;;SUPERIOR COMPLETO;CASADO;111;MEMBROS SUPERIORES DO PODER LEGISLATIVO, EXECUTIVO E JUDICIÁRIO   	;RIO DE JANEIRO;ANGRA DOS REIS;COLON, SOE;C189;ADENOCARCINOMA, SOE;81403;COLON, SOE;C189;;;;;false;HISTOLOGIA DO TUMOR PRIMÁRIO;SEM INFORMAÇÃO;SEM INFORMAÇÃO;99 - SEM INFORMAÇÃO;999;MORTO;CÂNCER;21/04/2015;21/04/2015;15/02/2015;;
1219186;RCBP ANGRA DOS REIS;FEMININO;05/12/1957;57;BRANCO;BRASIL;RIO GRANDE DO SUL;SANTO ÂNGELO;SEM INFORMAÇÃO;CASADO;0;SEM INFORMAÇÃO	;RIO DE JANEIRO;ANGRA DOS REIS;COLO DO UTERO, SOE;C539;NEOPLASIA INTRA-EPITELIAL ESCAMOSA,GRAU IIII;80772;COLO DO UTERO, SOE;D069;;;;;false;HISTOLOGIA DO TUMOR PRIMÁRIO;"IN SITU";;;;;;;;05/05/2015;;
1219187;RCBP ANGRA DOS REIS;FEMININO;20/01/1958;57;AMARELA;BRASIL;CEARÁ;FORTALEZA;SEM INFORMAÇÃO;UNIÃO CONSENSUAL;0;SEM INFORMAÇÃO	;RIO DE JANEIRO;ANGRA DOS REIS;COLO DO UTERO, SOE;C539;CARCINOMA ESCAMOCELULAR "IN SITU", SOE;80702;COLO DO UTERO, SOE;D069;;;;;false;HISTOLOGIA DO TUMOR PRIMÁRIO;"IN SITU";;;;;;;;15/03/2015;;
1219188;RCBP ANGRA DOS REIS;MASCULINO;21/02/1951;64;PRETA;BRASIL;RIO DE JANEIRO;;FUNDAMENTAL I (1ª A 4ª SÉRIE);CASADO;711;TRABALHADORES DA EXTRAÇÃO MINERAL 	;RIO DE JANEIRO;ANGRA DOS REIS;PROSTATA, SOE;C619;ADENOCARCINOMA, SOE;81403;PROSTATA;C61;;;;;false;HISTOLOGIA DO TUMOR PRIMÁRIO;SEM INFORMAÇÃO;SEM INFORMAÇÃO;99 - SEM INFORMAÇÃO;999;MORTO;CÂNCER;15/11/2015;15/11/2015;15/06/2015;;
1219189;RCBP ANGRA DOS REIS;MASCULINO;30/11/1965;49;BRANCO;BRASIL;RIO DE JANEIRO;;SEM INFORMAÇÃO;CASADO;0;SEM INFORMAÇÃO	;RIO DE JANEIRO;ANGRA DOS REIS;PELE DE OUTRAS PARTES DA FACE;C443;CARCINOMA BASOCELULAR, SOE;80903;PELE DE OUTRAS PARTES DA FACE;C443;;;;;false;HISTOLOGIA DO TUMOR PRIMÁRIO;SEM INFORMAÇÃO;;;;;;;;23/11/2015;;
1219190;RCBP ANGRA DOS REIS;MASCULINO;03/02/1968;47;PARDA;BRASIL;SÃO PAULO;;SEM INFORMAÇÃO;SOLTEIRO;512;TRABALHADORES DOS SERVIÇOS DOMÉSTICOS EM GERAL	;RIO DE JANEIRO;ANGRA DOS REIS;ESOFAGO, SOE;C159;NEOPLASIA MALIGNA;80003;ESOFAGO, SOE;C159;;;;;false;SDO;SEM INFORMAÇÃO;SEM INFORMAÇÃO;99 - SEM INFORMAÇÃO;999;MORTO;CÂNCER;07/02/2015;07/02/2015;07/02/2015;;
1219158;RCBP ANGRA DOS REIS;MASCULINO;04/06/1925;90;BRANCO;BRASIL;RIO DE JANEIRO;;SEM ESCOLARIDADE;SOLTEIRO;0;SEM INFORMAÇÃO	;RIO DE JANEIRO;ANGRA DOS REIS;PANCREAS, SOE;C259;NEOPLASIA MALIGNA;80003;PANCREAS, SOE;C259;;;;;false;PESQUISA;SEM INFORMAÇÃO;SEM INFORMAÇÃO;99 - SEM INFORMAÇÃO;999;MORTO;CÂNCER;30/11/2015;30/11/2015;17/11/2015;;
1219157;RCBP ANGRA DOS REIS;MASCULINO;24/12/1946;68;PARDA;BRASIL;RIO DE JANEIRO;ANGRA DOS REIS;FUNDAMENTAL II (5ª A 8ª SÉRIE);CASADO;232;PROFESSORES DO ENSINO MÉDIO   	;RIO DE JANEIRO;ANGRA DOS REIS;ESTOMAGO, SOE;C169;NEOPLASIA MALIGNA;80003;ESTOMAGO, SOE;C169;;;;;false;HISTOLOGIA DO TUMOR PRIMÁRIO;SEM INFORMAÇÃO;SEM INFORMAÇÃO;99 - SEM INFORMAÇÃO;999;MORTO;CÂNCER;19/07/2015;19/07/2015;07/02/2015;;
1219159;RCBP ANGRA DOS REIS;MASCULINO;06/10/1954;61;PARDA;BRASIL;MINAS GERAIS;;FUNDAMENTAL I (1ª A 4ª SÉRIE);SOLTEIRO;711;TRABALHADORES DA EXTRAÇÃO MINERAL 	;RIO DE JANEIRO;ANGRA DOS REIS;ESOFAGO, SOE;C159;NEOPLASIA MALIGNA;80003;ESOFAGO, SOE;C159;;;;;false;SDO;SEM INFORMAÇÃO;SEM INFORMAÇÃO;99 - SEM INFORMAÇÃO;999;MORTO;CÂNCER;21/12/2015;21/12/2015;21/12/2015;;
1219160;RCBP ANGRA DOS REIS;MASCULINO;24/12/1948;66;PARDA;BRASIL;SÃO PAULO;LINS;MÉDIO (ANTIGO SEGUNDO GRAU);SEM INFORMAÇÃO;252;PROFISSIONAIS DE ORGANIZAÇÃO E ADMINISTRAÇÃO DE EMPRESAS E AFINS  	;RIO DE JANEIRO;ANGRA DOS REIS;PROSTATA, SOE;C619;ADENOCARCINOMA, SOE;81403;PROSTATA;C61;;;;;false;HISTOLOGIA DO TUMOR PRIMÁRIO;SEM INFORMAÇÃO;SEM INFORMAÇÃO;99 - SEM INFORMAÇÃO;999;MORTO;CÂNCER;15/04/2016;15/04/2016;28/03/2015;;
1219161;RCBP ANGRA DOS REIS;FEMININO;03/05/1982;32;PRETA;BRASIL;MARANHÃO;ÁGUA DOCE DO MARANHÃO;SEM INFORMAÇÃO;UNIÃO CONSENSUAL;0;SEM INFORMAÇÃO	;RIO DE JANEIRO;ANGRA DOS REIS;COLO DO UTERO, SOE;C539;NEOPLASIA INTRA-EPITELIAL ESCAMOSA,GRAU IIII;80772;COLO DO UTERO, SOE;D069;;;;;false;HISTOLOGIA DO TUMOR PRIMÁRIO;"IN SITU";;;;;;;;15/03/2015;;
1219162;RCBP ANGRA DOS REIS;MASCULINO;20/05/1928;86;BRANCO;BRASIL;RIO DE JANEIRO;;MÉDIO (ANTIGO SEGUNDO GRAU);VIÚVO;252;PROFISSIONAIS DE ORGANIZAÇÃO E ADMINISTRAÇÃO DE EMPRESAS E AFINS  	;RIO DE JANEIRO;ANGRA DOS REIS;PROSTATA, SOE;C619;ADENOCARCINOMA, SOE;81403;PROSTATA;C61;;;;;false;HISTOLOGIA DO TUMOR PRIMÁRIO;SEM INFORMAÇÃO;SEM INFORMAÇÃO;99 - SEM INFORMAÇÃO;999;MORTO;CÂNCER;24/08/2015;24/08/2015;29/03/2015;;
1219163;RCBP ANGRA DOS REIS;MASCULINO;23/07/1961;54;PARDA;BRASIL;RIO DE JANEIRO;;FUNDAMENTAL I (1ª A 4ª SÉRIE);CASADO;622;TRABALHADORES AGRÍCOLAS   	;RIO DE JANEIRO;ANGRA DOS REIS;ESOFAGO, SOE;C159;NEOPLASIA MALIGNA;80003;ESOFAGO, SOE;C159;;;;;false;SDO;SEM INFORMAÇÃO;SEM INFORMAÇÃO;99 - SEM INFORMAÇÃO;999;MORTO;CÂNCER;01/08/2015;01/08/2015;01/08/2015;;
1219164;RCBP ANGRA DOS REIS;MASCULINO;20/10/1956;58;PARDA;BRASIL;SÃO PAULO;;FUNDAMENTAL I (1ª A 4ª SÉRIE);SOLTEIRO;717;AJUDANTES DE OBRAS	;RIO DE JANEIRO;ANGRA DOS REIS;PULMAO, SOE;C349;NEOPLASIA MALIGNA;80003;BRONQUIOS OU PULMOES, SOE;C349;;;;;false;HISTOLOGIA DO TUMOR PRIMÁRIO;SEM INFORMAÇÃO;SEM INFORMAÇÃO;99 - SEM INFORMAÇÃO;999;MORTO;CÂNCER;09/10/2015;09/10/2015;15/06/2015;;
1219165;RCBP ANGRA DOS REIS;MASCULINO;03/07/1957;57;BRANCO;BRASIL;RIO DE JANEIRO;;FUNDAMENTAL II (5ª A 8ª SÉRIE);SEPARADO JUDICIALMENTE;0;SEM INFORMAÇÃO	;RIO DE JANEIRO;ANGRA DOS REIS;PULMAO, SOE;C349;NEOPLASIA MALIGNA;80003;BRONQUIOS OU PULMOES, SOE;C349;;;;;false;HISTOLOGIA DO TUMOR PRIMÁRIO;METÁSTASE;SEM INFORMAÇÃO;99 - SEM INFORMAÇÃO;999;MORTO;CÂNCER;19/06/2015;19/06/2015;03/03/2015;;
1219148;RCBP ANGRA DOS REIS;FEMININO;24/05/1955;60;SEM INFORMAÇÃO;BRASIL;RIO DE JANEIRO;RIO DE JANEIRO;MÉDIO (ANTIGO SEGUNDO GRAU);CASADO;0;SEM INFORMAÇÃO	;RIO DE JANEIRO;ANGRA DOS REIS;MAMA , SOE;C509;CARCINOMA DUCTAL INFILTRANTE;85003;MAMA , SOE;C509;;;;;false;HISTOLOGIA DO TUMOR PRIMÁRIO;SEM INFORMAÇÃO;;;;;;;;06/12/2015;;
1219166;RCBP ANGRA DOS REIS;MASCULINO;27/05/1938;76;BRANCO;BRASIL;RIO DE JANEIRO;;FUNDAMENTAL II (5ª A 8ª SÉRIE);CASADO;0;SEM INFORMAÇÃO	;RIO DE JANEIRO;ANGRA DOS REIS;BEXIGA, SOE;C679;ADENOCARCINOMA, SOE;81403;BEXIGA, SOE;C679;;;;;false;HISTOLOGIA DO TUMOR PRIMÁRIO;SEM INFORMAÇÃO;SEM INFORMAÇÃO;99 - SEM INFORMAÇÃO;999;MORTO;NÃO CÂNCER;30/12/2015;30/12/2015;15/03/2015;;
1219167;RCBP ANGRA DOS REIS;MASCULINO;25/09/1939;76;BRANCO;BRASIL;RIO GRANDE DO SUL;;SEM INFORMAÇÃO;CASADO;514;TRABALHADORES NOS SERVIÇOS DE ADMINISTRAÇÃO, CONSERVAÇÃO E MANUTENÇÃO DE EDIFÍCIOS E LOGRADOUROS  	;RIO DE JANEIRO;ANGRA DOS REIS;LOCALIZACAO PRIMARIA DESCONHECIDA, SOE;C809;NEOPLASIA MALIGNA;80003;LOCALIZACAO PRIMARIA DESCONHECIDA;C80;;;;;false;SDO;METÁSTASE;SEM INFORMAÇÃO;99 - SEM INFORMAÇÃO;999;MORTO;CÂNCER;02/12/2015;02/12/2015;02/12/2015;;
1219171;RCBP ANGRA DOS REIS;MASCULINO;08/12/1951;63;BRANCO;BRASIL;RIO DE JANEIRO;ANGRA DOS REIS;FUNDAMENTAL I (1ª A 4ª SÉRIE);CASADO;919;OUTROS TRABALHADORES NA REPARAÇÃO E MANUTENÇÃO DE EQUIPAMENTOS	;RIO DE JANEIRO;ANGRA DOS REIS;PROSTATA, SOE;C619;ADENOCARCINOMA, SOE;81403;PROSTATA;C61;;;;;false;HISTOLOGIA DO TUMOR PRIMÁRIO;SEM INFORMAÇÃO;SEM INFORMAÇÃO;99 - SEM INFORMAÇÃO;999;MORTO;CÂNCER;24/11/2015;24/11/2015;15/06/2015;;
1219174;RCBP ANGRA DOS REIS;MASCULINO;30/05/1951;64;BRANCO;BRASIL;RIO DE JANEIRO;;FUNDAMENTAL I (1ª A 4ª SÉRIE);CASADO;0;SEM INFORMAÇÃO	;RIO DE JANEIRO;ANGRA DOS REIS;LARINGE, SOE;C329;NEOPLASIA MALIGNA;80003;LARINGE, SOE;C329;;;;;false;SDO;SEM INFORMAÇÃO;SEM INFORMAÇÃO;99 - SEM INFORMAÇÃO;999;MORTO;CÂNCER;06/06/2015;06/06/2015;06/06/2015;;
1219178;RCBP ANGRA DOS REIS;MASCULINO;14/03/1936;78;BRANCO;BRASIL;RIO DE JANEIRO;;FUNDAMENTAL I (1ª A 4ª SÉRIE);UNIÃO CONSENSUAL;711;TRABALHADORES DA EXTRAÇÃO MINERAL 	;RIO DE JANEIRO;ANGRA DOS REIS;MEDULA OSSEA;C421;LEUCEMIA, SOE;98003;LEUCEMIA NAO ESPECIFICADA;C959;;;;;false;HISTOLOGIA DO TUMOR PRIMÁRIO;NÃO SE APLICA;SEM INFORMAÇÃO;99 - SEM INFORMAÇÃO;999;MORTO;CÂNCER;24/10/2015;24/10/2015;10/02/2015;;
1219179;RCBP ANGRA DOS REIS;MASCULINO;26/07/1952;62;PRETA;BRASIL;ESPIRITO SANTO;;FUNDAMENTAL I (1ª A 4ª SÉRIE);SOLTEIRO;0;SEM INFORMAÇÃO	;RIO DE JANEIRO;ANGRA DOS REIS;PELE DO MEMBRO INFERIOR E DO QUADRIL;C447;MELANOMA LENTIGINOSO MALIGNO DAS EXTREMIDADES;87443;MELANOMA MALIGNO DO MEMBRO INFERIOR E QUADRIL;C437;;;;;false;HISTOLOGIA DO TUMOR PRIMÁRIO;SEM INFORMAÇÃO;;;;;SEM INFORMAÇÃO;30/12/2015;;11/03/2015;;
1219129;RCBP ANGRA DOS REIS;FEMININO;11/04/1981;34;SEM INFORMAÇÃO;BRASIL;RIO DE JANEIRO;RIO CLARO;FUNDAMENTAL II (5ª A 8ª SÉRIE);CASADO;0;SEM INFORMAÇÃO	;RIO DE JANEIRO;ANGRA DOS REIS;COLO DO UTERO, SOE;C539;CARCINOMA ESCAMOCELULAR "IN SITU", SOE;80702;COLO DO UTERO, SOE;D069;;;;;false;HISTOLOGIA DO TUMOR PRIMÁRIO;"IN SITU";;;;;;;;15/06/2015;;
1219130;RCBP ANGRA DOS REIS;FEMININO;10/05/1985;30;AMARELA;BRASIL;PERNAMBUCO;RECIFE;SEM INFORMAÇÃO;SEM INFORMAÇÃO;0;SEM INFORMAÇÃO	;RIO DE JANEIRO;ANGRA DOS REIS;COLO DO UTERO, SOE;C539;CARCINOMA ESCAMOCELULAR "IN SITU", SOE;80702;COLO DO UTERO, SOE;D069;;;;;false;HISTOLOGIA DO TUMOR PRIMÁRIO;"IN SITU";;;;;;;;03/10/2015;;
1219131;RCBP ANGRA DOS REIS;FEMININO;03/08/1936;78;BRANCO;BRASIL;SÃO PAULO;;FUNDAMENTAL I (1ª A 4ª SÉRIE);VIÚVO;;;RIO DE JANEIRO;ANGRA DOS REIS;PANCREAS, SOE;C259;NEOPLASIA MALIGNA;80003;PANCREAS, SOE;C259;;;;;false;HISTOLOGIA DO TUMOR PRIMÁRIO;METÁSTASE;SEM INFORMAÇÃO;99 - SEM INFORMAÇÃO;999;MORTO;CÂNCER;16/07/2015;16/07/2015;25/05/2015;;
1219132;RCBP ANGRA DOS REIS;FEMININO;21/03/1960;55;AMARELA;BRASIL;PIAUÍ;ALTOS;SEM INFORMAÇÃO;SEM INFORMAÇÃO;0;SEM INFORMAÇÃO	;RIO DE JANEIRO;ANGRA DOS REIS;COLO DO UTERO, SOE;C539;ADENOCARCINOMA "IN SITU", SOE;81402;COLO DO UTERO, SOE;D069;;;;;false;HISTOLOGIA DO TUMOR PRIMÁRIO;"IN SITU";;;;;;;;14/06/2015;;
1219134;RCBP ANGRA DOS REIS;MASCULINO;04/04/1946;69;BRANCO;BRASIL;RIO DE JANEIRO;;FUNDAMENTAL I (1ª A 4ª SÉRIE);UNIÃO CONSENSUAL;622;TRABALHADORES AGRÍCOLAS   	;RIO DE JANEIRO;ANGRA DOS REIS;PULMAO, SOE;C349;NEOPLASIA MALIGNA;80003;BRONQUIOS OU PULMOES, SOE;C349;;;;;false;PESQUISA;SEM INFORMAÇÃO;SEM INFORMAÇÃO;99 - SEM INFORMAÇÃO;999;MORTO;CÂNCER;13/09/2015;13/09/2015;15/06/2015;;
1219135;RCBP ANGRA DOS REIS;FEMININO;18/10/1934;80;BRANCO;BRASIL;RIO DE JANEIRO;VALENÇA;MÉDIO (ANTIGO SEGUNDO GRAU);CASADO;783;TRABALHADORES DE MANOBRAS SOBRE TRILHOS E MOVIMENTAÇÃO E CARGAS   	;RIO DE JANEIRO;ANGRA DOS REIS;BEXIGA, SOE;C679;NEOPLASIA MALIGNA;80003;BEXIGA, SOE;C679;;;;;false;HISTOLOGIA DA METÁSTASE;METÁSTASE;SEM INFORMAÇÃO;99 - SEM INFORMAÇÃO;999;MORTO;CÂNCER;29/08/2015;29/08/2015;06/08/2015;;
1219136;RCBP ANGRA DOS REIS;FEMININO;03/08/1937;77;AMARELA;BRASIL;RIO DE JANEIRO;RIO DE JANEIRO;SEM ESCOLARIDADE;CASADO;513;TRABALHADORES DOS SERVIÇOS DE HOTELARIA E ALIMENTAÇÃO 	;RIO DE JANEIRO;ANGRA DOS REIS;CEREBRO;C710;NEOPLASIA MALIGNA;80003;CEREBRO;C710;;;;;false;HISTOLOGIA DO TUMOR PRIMÁRIO;SEM INFORMAÇÃO;SEM INFORMAÇÃO;99 - SEM INFORMAÇÃO;999;MORTO;CÂNCER;25/05/2015;25/05/2015;18/05/2015;;
1219137;RCBP ANGRA DOS REIS;MASCULINO;15/12/1951;63;PRETA;BRASIL;RIO DE JANEIRO;RIO CLARO;FUNDAMENTAL I (1ª A 4ª SÉRIE);CASADO;0;SEM INFORMAÇÃO	;RIO DE JANEIRO;ANGRA DOS REIS;ESOFAGO, SOE;C159;NEOPLASIA MALIGNA;80003;ESOFAGO, SOE;C159;;;;;false;HISTOLOGIA DO TUMOR PRIMÁRIO;SEM INFORMAÇÃO;SEM INFORMAÇÃO;99 - SEM INFORMAÇÃO;999;MORTO;CÂNCER;21/09/2015;21/09/2015;11/08/2015;;
1219138;RCBP ANGRA DOS REIS;FEMININO;26/07/1944;70;BRANCO;BRASIL;ESPIRITO SANTO;VITÓRIA;SUPERIOR COMPLETO;VIÚVO;0;SEM INFORMAÇÃO	;RIO DE JANEIRO;ANGRA DOS REIS;MAMA , SOE;C509;NEOPLASIA MALIGNA;80003;MAMA , SOE;C509;;;;;false;HISTOLOGIA DO TUMOR PRIMÁRIO;METÁSTASE;;;;;CÂNCER;21/07/2015;;21/07/2015;;
1219139;RCBP ANGRA DOS REIS;MASCULINO;17/03/1958;56;BRANCO;BRASIL;Não informado;Não Informado;SEM INFORMAÇÃO;CASADO;0;SEM INFORMAÇÃO	;RIO DE JANEIRO;ANGRA DOS REIS;ESTOMAGO, SOE;C169;CARCINOMA, TIPO DIFUSO;81453;ESTOMAGO, SOE;C169;;;;;false;HISTOLOGIA DO TUMOR PRIMÁRIO;SEM INFORMAÇÃO;;;;;CÂNCER;02/08/2016;;17/01/2015;;
1219140;RCBP ANGRA DOS REIS;MASCULINO;30/01/1954;61;PARDA;BRASIL;RIO DE JANEIRO;;FUNDAMENTAL I (1ª A 4ª SÉRIE);CASADO;0;SEM INFORMAÇÃO	;RIO DE JANEIRO;ANGRA DOS REIS;PELE DO MEMBRO INFERIOR E DO QUADRIL;C447;MELANOMA MALIGNO, SOE;87203;MELANOMA MALIGNO DO MEMBRO INFERIOR E QUADRIL;C437;;;;;false;HISTOLOGIA DO TUMOR PRIMÁRIO;SEM INFORMAÇÃO;;;;;SEM INFORMAÇÃO;02/12/2016;;24/04/2015;;
1219141;RCBP ANGRA DOS REIS;MASCULINO;14/08/1961;53;BRANCO;BRASIL;RIO DE JANEIRO;;FUNDAMENTAL I (1ª A 4ª SÉRIE);SOLTEIRO;711;TRABALHADORES DA EXTRAÇÃO MINERAL 	;RIO DE JANEIRO;ANGRA DOS REIS;PANCREAS, SOE;C259;NEOPLASIA MALIGNA;80003;PANCREAS, SOE;C259;;;;;false;HISTOLOGIA DO TUMOR PRIMÁRIO;SEM INFORMAÇÃO;SEM INFORMAÇÃO;99 - SEM INFORMAÇÃO;999;MORTO;CÂNCER;06/06/2015;06/06/2015;28/03/2015;;
1219142;RCBP ANGRA DOS REIS;FEMININO;29/07/1978;37;SEM INFORMAÇÃO;BRASIL;RIO DE JANEIRO;ANGRA DOS REIS;SEM INFORMAÇÃO;SEM INFORMAÇÃO;0;SEM INFORMAÇÃO	;RIO DE JANEIRO;ANGRA DOS REIS;COLO DO UTERO, SOE;C539;NEOPLASIA INTRA-EPITELIAL ESCAMOSA,GRAU IIII;80772;COLO DO UTERO, SOE;D069;;;;;false;HISTOLOGIA DO TUMOR PRIMÁRIO;"IN SITU";;;;;;;;15/09/2015;;
1219143;RCBP ANGRA DOS REIS;FEMININO;18/08/1965;50;BRANCO;BRASIL;RIO DE JANEIRO;;FUNDAMENTAL I (1ª A 4ª SÉRIE);CASADO;0;SEM INFORMAÇÃO	;RIO DE JANEIRO;ANGRA DOS REIS;ENDOMETRIO;C541;NEOPLASIA MALIGNA;80003;ENDOMETRIO;C541;;;;;false;SDO;SEM INFORMAÇÃO;SEM INFORMAÇÃO;99 - SEM INFORMAÇÃO;999;MORTO;CÂNCER;23/12/2015;23/12/2015;23/12/2015;;
1219147;RCBP ANGRA DOS REIS;FEMININO;24/06/1953;61;SEM INFORMAÇÃO;BRASIL;RIO DE JANEIRO;;SEM INFORMAÇÃO;SEM INFORMAÇÃO;0;SEM INFORMAÇÃO	;RIO DE JANEIRO;ANGRA DOS REIS;COLON SIGMOIDE;C187;ADENOCARCINOMA, SOE;81403;COLON SIGMOIDE;C187;;;;;false;HISTOLOGIA DO TUMOR PRIMÁRIO;SEM INFORMAÇÃO;;;;;SEM INFORMAÇÃO;23/04/2015;;17/04/2015;;
1219145;RCBP ANGRA DOS REIS;FEMININO;18/03/1967;48;PARDA;BRASIL;ESPIRITO SANTO;BREJETUBA;FUNDAMENTAL I (1ª A 4ª SÉRIE);SOLTEIRO;514;TRABALHADORES NOS SERVIÇOS DE ADMINISTRAÇÃO, CONSERVAÇÃO E MANUTENÇÃO DE EDIFÍCIOS E LOGRADOUROS  	;RIO DE JANEIRO;ANGRA DOS REIS;MAMA , SOE;C509;CARCINOMA DUCTAL INFILTRANTE;85003;MAMA , SOE;C509;;;;;false;HISTOLOGIA DO TUMOR PRIMÁRIO;SEM INFORMAÇÃO;;;;;CÂNCER;31/03/2018;;15/06/2015;;
1219144;RCBP ANGRA DOS REIS;FEMININO;25/03/1958;57;BRANCO;BRASIL;RIO DE JANEIRO;;SUPERIOR COMPLETO;SOLTEIRO;0;SEM INFORMAÇÃO	;RIO DE JANEIRO;ANGRA DOS REIS;PULMAO, SOE;C349;NEOPLASIA MALIGNA;80003;BRONQUIOS OU PULMOES, SOE;C349;;;;;false;SDO;SEM INFORMAÇÃO;SEM INFORMAÇÃO;99 - SEM INFORMAÇÃO;999;MORTO;CÂNCER;24/04/2015;24/04/2015;24/04/2015;;
1219146;RCBP ANGRA DOS REIS;MASCULINO;07/04/1999;15;BRANCO;BRASIL;RIO DE JANEIRO;ANGRA DOS REIS;SEM INFORMAÇÃO;SEM INFORMAÇÃO;0;SEM INFORMAÇÃO	;RIO DE JANEIRO;ANGRA DOS REIS;MEDULA OSSEA;C421;LEUCEMIA MIELOIDE AGUDA, SOE;98613;LEUCEMIA MIELOIDE AGUDA;C920;Leucemias mielóides agudas;I-B;LEUCEMIA MIELÓIDE AGUDA;1.2;false;HISTOLOGIA DO TUMOR PRIMÁRIO;NÃO SE APLICA;SEM INFORMAÇÃO;99 - SEM INFORMAÇÃO;999;MORTO;CÂNCER;11/06/2015;11/06/2015;15/02/2015;;
1219149;RCBP ANGRA DOS REIS;FEMININO;04/01/1941;74;PRETA;BRASIL;RIO DE JANEIRO;RIO DE JANEIRO;SEM INFORMAÇÃO;SEM INFORMAÇÃO;0;SEM INFORMAÇÃO	;RIO DE JANEIRO;ANGRA DOS REIS;COLON, SOE;C189;ADENOCARCINOMA, SOE;81403;COLON, SOE;C189;;;;;false;HISTOLOGIA DO TUMOR PRIMÁRIO;SEM INFORMAÇÃO;SEM INFORMAÇÃO;99 - SEM INFORMAÇÃO;999;MORTO;CÂNCER;21/04/2016;21/04/2016;13/06/2015;;
1219150;RCBP ANGRA DOS REIS;FEMININO;27/07/1972;42;BRANCO;BRASIL;RIO DE JANEIRO;;FUNDAMENTAL II (5ª A 8ª SÉRIE);UNIÃO CONSENSUAL;;;RIO DE JANEIRO;ANGRA DOS REIS;FIGADO, SOE;C220;NEOPLASIA MALIGNA;80003;FIGADO E VIAS BILIARES INTRA-HEPATICAS;C22;;;;;false;HISTOLOGIA DO TUMOR PRIMÁRIO;SEM INFORMAÇÃO;SEM INFORMAÇÃO;99 - SEM INFORMAÇÃO;999;MORTO;CÂNCER;13/03/2015;13/03/2015;28/02/2015;;
1219151;RCBP ANGRA DOS REIS;FEMININO;30/04/1952;63;BRANCO;BRASIL;RIO DE JANEIRO;;FUNDAMENTAL II (5ª A 8ª SÉRIE);CASADO;0;SEM INFORMAÇÃO	;RIO DE JANEIRO;ANGRA DOS REIS;ENDOMETRIO;C541;NEOPLASIA MALIGNA;80003;ENDOMETRIO;C541;;;;;false;SDO;SEM INFORMAÇÃO;SEM INFORMAÇÃO;99 - SEM INFORMAÇÃO;999;MORTO;CÂNCER;13/12/2015;13/12/2015;13/12/2015;;
1219152;RCBP ANGRA DOS REIS;MASCULINO;09/12/1945;69;BRANCO;BRASIL;SERGIPE;AREIA BRANCA;MÉDIO (ANTIGO SEGUNDO GRAU);CASADO;10;MEMBROS DAS FORÇAS ARMADAS	;RIO DE JANEIRO;ANGRA DOS REIS;PULMAO, SOE;C349;NEOPLASIA MALIGNA;80003;BRONQUIOS OU PULMOES, SOE;C349;;;;;false;HISTOLOGIA DO TUMOR PRIMÁRIO;METÁSTASE;;;;;CÂNCER;22/03/2015;;22/03/2015;;
1219153;RCBP ANGRA DOS REIS;FEMININO;12/03/1935;80;BRANCO;BRASIL;RIO DE JANEIRO;;FUNDAMENTAL I (1ª A 4ª SÉRIE);VIÚVO;0;SEM INFORMAÇÃO	;RIO DE JANEIRO;ANGRA DOS REIS;CABECA, FACE E PESCOCO, SOE;C760;MELANOMA MALIGNO, SOE;87203;MELANOMA MALIGNO DA PELE, SOE;C439;;;;;false;HISTOLOGIA DO TUMOR PRIMÁRIO;SEM INFORMAÇÃO;SEM INFORMAÇÃO;99 - SEM INFORMAÇÃO;999;MORTO;CÂNCER;10/10/2015;10/10/2015;15/06/2015;;
1219154;RCBP ANGRA DOS REIS;FEMININO;31/07/1963;52;SEM INFORMAÇÃO;BRASIL;SANTA CATARINA;BRUSQUE;MÉDIO (ANTIGO SEGUNDO GRAU);CASADO;0;SEM INFORMAÇÃO	;RIO DE JANEIRO;ANGRA DOS REIS;COLO DO UTERO, SOE;C539;ADENOCARCINOMA "IN SITU", SOE;81402;COLO DO UTERO, SOE;D069;;;;;false;HISTOLOGIA DO TUMOR PRIMÁRIO;"IN SITU";;;;;;;;15/11/2015;;
1219155;RCBP ANGRA DOS REIS;MASCULINO;28/06/1935;79;BRANCO;BRASIL;RIO DE JANEIRO;ANGRA DOS REIS;SEM INFORMAÇÃO;SEM INFORMAÇÃO;621;TRABALHADORES NA EXPLORAÇÃO AGROPECUÁRIA EM GERAL	;RIO DE JANEIRO;ANGRA DOS REIS;PULMAO, SOE;C349;ADENOCARCINOMA BRONQUIOLO-ALVEOLAR, SOE;82503;BRONQUIOS OU PULMOES, SOE;C349;;;;;false;HISTOLOGIA DO TUMOR PRIMÁRIO;SEM INFORMAÇÃO;SEM INFORMAÇÃO;99 - SEM INFORMAÇÃO;999;MORTO;CÂNCER;23/04/2016;23/04/2016;15/06/2015;;
1219156;RCBP ANGRA DOS REIS;MASCULINO;19/07/1976;38;PARDA;BRASIL;SERGIPE;CEDRO DE SÃO JOÃO;MÉDIO (ANTIGO SEGUNDO GRAU);CASADO;0;SEM INFORMAÇÃO	;RIO DE JANEIRO;ANGRA DOS REIS;PELE DE OUTRAS PARTES DA FACE;C443;CARCINOMA BASOCELULAR, SOE;80903;PELE DE OUTRAS PARTES DA FACE;C443;;;;;false;HISTOLOGIA DO TUMOR PRIMÁRIO;SEM INFORMAÇÃO;;;;;;;;19/06/2015;;
1219088;RCBP ANGRA DOS REIS;MASCULINO;27/03/1932;83;BRANCO;BRASIL;RIO DE JANEIRO;RIO DE JANEIRO;SEM INFORMAÇÃO;SEM INFORMAÇÃO;992;TRABALHADORES ELEMENTARES DA MANUTENÇÃO	;RIO DE JANEIRO;ANGRA DOS REIS;PROSTATA, SOE;C619;ADENOCARCINOMA, SOE;81403;PROSTATA;C61;;;;;false;HISTOLOGIA DO TUMOR PRIMÁRIO;SEM INFORMAÇÃO;SEM INFORMAÇÃO;99 - SEM INFORMAÇÃO;999;MORTO;CÂNCER;06/06/2016;06/06/2016;15/05/2015;;
1219089;RCBP ANGRA DOS REIS;FEMININO;15/02/1957;58;BRANCO;BRASIL;RIO DE JANEIRO;ANGRA DOS REIS;SEM INFORMAÇÃO;SEM INFORMAÇÃO;0;SEM INFORMAÇÃO	;RIO DE JANEIRO;ANGRA DOS REIS;COLO DO UTERO, SOE;C539;NEOPLASIA INTRA-EPITELIAL ESCAMOSA,GRAU IIII;80772;COLO DO UTERO, SOE;D069;;;;;false;HISTOLOGIA DO TUMOR PRIMÁRIO;"IN SITU";;;;;;;;15/06/2015;;
1219090;RCBP ANGRA DOS REIS;FEMININO;24/08/1947;67;BRANCO;BRASIL;RIO DE JANEIRO;RIO DE JANEIRO;FUNDAMENTAL II (5ª A 8ª SÉRIE);SOLTEIRO;0;SEM INFORMAÇÃO	;RIO DE JANEIRO;ANGRA DOS REIS;VIAS BILIARES EXTRA-HEPATICAS;C240;NEOPLASIA MALIGNA;80003;VIAS BILIARES EXTRA-HEPATICAS;C240;;;;;false;HISTOLOGIA DO TUMOR PRIMÁRIO;SEM INFORMAÇÃO;SEM INFORMAÇÃO;99 - SEM INFORMAÇÃO;999;MORTO;CÂNCER;01/07/2015;01/07/2015;13/05/2015;;
1219091;RCBP ANGRA DOS REIS;MASCULINO;22/09/1943;71;BRANCO;BRASIL;RIO DE JANEIRO;RIO DE JANEIRO;SEM INFORMAÇÃO;VIÚVO;0;SEM INFORMAÇÃO	;RIO DE JANEIRO;ANGRA DOS REIS;PANCREAS, SOE;C259;ADENOCARCINOMA EXOCRINO MISTO, DE CEL. DAS ILHOTAS;81543;PANCREAS, SOE;C259;;;;;false;HISTOLOGIA DO TUMOR PRIMÁRIO;SEM INFORMAÇÃO;SEM INFORMAÇÃO;99 - SEM INFORMAÇÃO;999;MORTO;CÂNCER;01/02/2016;01/02/2016;15/06/2015;;
1219097;RCBP ANGRA DOS REIS;MASCULINO;19/09/1933;81;BRANCO;BRASIL;RIO DE JANEIRO;;SEM ESCOLARIDADE;SOLTEIRO;622;TRABALHADORES AGRÍCOLAS   	;RIO DE JANEIRO;ANGRA DOS REIS;MEMBRO SUPERIOR, SOE;C764;NEOPLASIA MALIGNA;80003;MEMBRO SUPERIOR;C764;;;;;false;HISTOLOGIA DO TUMOR PRIMÁRIO;SEM INFORMAÇÃO;SEM INFORMAÇÃO;99 - SEM INFORMAÇÃO;999;MORTO;CÂNCER;09/03/2015;09/03/2015;25/02/2015;;
1219098;RCBP ANGRA DOS REIS;FEMININO;09/05/1987;28;AMARELA;BRASIL;RIO DE JANEIRO;ANGRA DOS REIS;SEM INFORMAÇÃO;SEM INFORMAÇÃO;520;SUPERVISORES DE VENDAS E DE PRESTAÇÃO DE SERVIÇOS	;RIO DE JANEIRO;ANGRA DOS REIS;RETO, SOE;C209;NEOPLASIA MALIGNA;80003;RETO;C20;;;NEOPLASIAS MALIGNAS INESPECÍFICAS;10.1;false;HISTOLOGIA DO TUMOR PRIMÁRIO;SEM INFORMAÇÃO;SEM INFORMAÇÃO;99 - SEM INFORMAÇÃO;999;MORTO;CÂNCER;11/06/2016;11/06/2016;15/06/2015;;
1219099;RCBP ANGRA DOS REIS;MASCULINO;02/07/1942;73;PRETA;BRASIL;SÃO PAULO;SÃO PAULO;FUNDAMENTAL I (1ª A 4ª SÉRIE);VIÚVO;711;TRABALHADORES DA EXTRAÇÃO MINERAL 	;RIO DE JANEIRO;ANGRA DOS REIS;BEXIGA, SOE;C679;NEOPLASIA MALIGNA;80003;BEXIGA, SOE;C679;;;;;false;HISTOLOGIA DO TUMOR PRIMÁRIO;SEM INFORMAÇÃO;SEM INFORMAÇÃO;99 - SEM INFORMAÇÃO;999;MORTO;CÂNCER;27/09/2015;27/09/2015;03/09/2015;;
1219100;RCBP ANGRA DOS REIS;MASCULINO;17/07/1960;54;PRETA;BRASIL;CEARÁ;;SEM ESCOLARIDADE;UNIÃO CONSENSUAL;;;RIO DE JANEIRO;ANGRA DOS REIS;CARDIA, SOE;C160;NEOPLASIA MALIGNA;80003;CARDIA;C160;;;;;false;HISTOLOGIA DO TUMOR PRIMÁRIO;SEM INFORMAÇÃO;SEM INFORMAÇÃO;99 - SEM INFORMAÇÃO;999;MORTO;CÂNCER;14/07/2015;14/07/2015;08/03/2015;;
1219101;RCBP ANGRA DOS REIS;FEMININO;22/04/1949;66;PRETA;BRASIL;RIO DE JANEIRO;ANGRA DOS REIS;SEM INFORMAÇÃO;CASADO;0;SEM INFORMAÇÃO	;RIO DE JANEIRO;ANGRA DOS REIS;MAMA , SOE;C509;CARCINOMA DUCTAL INFILTRANTE;85003;MAMA , SOE;C509;;;;;false;HISTOLOGIA DO TUMOR PRIMÁRIO;SEM INFORMAÇÃO;;;;;;;;10/10/2015;;
1219102;RCBP ANGRA DOS REIS;FEMININO;24/06/1987;27;BRANCO;BRASIL;RIO DE JANEIRO;ANGRA DOS REIS;MÉDIO (ANTIGO SEGUNDO GRAU);CASADO;0;SEM INFORMAÇÃO	;RIO DE JANEIRO;ANGRA DOS REIS;MAMA , SOE;C509;NEOPLASIA MALIGNA;80003;MAMA , SOE;C509;;;NEOPLASIAS MALIGNAS INESPECÍFICAS;10.1;false;HISTOLOGIA DO TUMOR PRIMÁRIO;SEM INFORMAÇÃO;SEM INFORMAÇÃO;99 - SEM INFORMAÇÃO;999;MORTO;CÂNCER;17/06/2015;17/06/2015;15/01/2015;;
1219103;RCBP ANGRA DOS REIS;FEMININO;01/09/1929;86;BRANCO;BRASIL;RIO DE JANEIRO;;FUNDAMENTAL I (1ª A 4ª SÉRIE);VIÚVO;0;SEM INFORMAÇÃO	;RIO DE JANEIRO;ANGRA DOS REIS;CEREBRO;C710;NEOPLASIA MALIGNA;80003;CEREBRO;C710;;;;;false;SDO;SEM INFORMAÇÃO;SEM INFORMAÇÃO;99 - SEM INFORMAÇÃO;999;MORTO;CÂNCER;21/12/2015;21/12/2015;21/12/2015;;
1219104;RCBP ANGRA DOS REIS;FEMININO;03/04/1954;61;PARDA;BRASIL;MINAS GERAIS;;FUNDAMENTAL II (5ª A 8ª SÉRIE);CASADO;524;VENDEDORES A DOMICÍLIO, AMBULANTES E EM BANCAS	;RIO DE JANEIRO;ANGRA DOS REIS;VIAS BILIARES INTRA-HEPATICAS;C221;COLANGIOCARCINOMA;81603;FIGADO E VIAS BILIARES INTRA-HEPATICAS;C22;;;;;false;HISTOLOGIA DO TUMOR PRIMÁRIO;SEM INFORMAÇÃO;SEM INFORMAÇÃO;99 - SEM INFORMAÇÃO;999;MORTO;CÂNCER;15/08/2015;15/08/2015;15/06/2015;;
1219105;RCBP ANGRA DOS REIS;FEMININO;28/02/1945;70;BRANCO;BRASIL;RIO DE JANEIRO;ANGRA DOS REIS;FUNDAMENTAL I (1ª A 4ª SÉRIE);CASADO;0;SEM INFORMAÇÃO	;RIO DE JANEIRO;ANGRA DOS REIS;MAMA , SOE;C509;CARCINOMA DUCTAL INFILTRANTE;85003;MAMA , SOE;C509;;;;;false;HISTOLOGIA DO TUMOR PRIMÁRIO;SEM INFORMAÇÃO;;;;;;;;10/10/2015;;
1219106;RCBP ANGRA DOS REIS;FEMININO;29/01/1970;45;SEM INFORMAÇÃO;BRASIL;RIO DE JANEIRO;RIO DE JANEIRO;SEM INFORMAÇÃO;SEM INFORMAÇÃO;0;SEM INFORMAÇÃO	;RIO DE JANEIRO;ANGRA DOS REIS;COLO DO UTERO, SOE;C539;ADENOCARCINOMA "IN SITU", SOE;81402;COLO DO UTERO, SOE;D069;;;;;false;HISTOLOGIA DO TUMOR PRIMÁRIO;"IN SITU";;;;;;;;15/06/2015;;
1219107;RCBP ANGRA DOS REIS;MASCULINO;25/10/1958;56;PRETA;BRASIL;RIO DE JANEIRO;ANGRA DOS REIS;MÉDIO (ANTIGO SEGUNDO GRAU);CASADO;517;TRABALHADORES NOS SERVIÇOS DE PROTEÇÃO E SEGURANÇA	;RIO DE JANEIRO;ANGRA DOS REIS;PULMAO, SOE;C349;ADENOCARCINOMA, SOE;81403;BRONQUIOS OU PULMOES, SOE;C349;;;;;false;HISTOLOGIA DO TUMOR PRIMÁRIO;SEM INFORMAÇÃO;;;;;SEM INFORMAÇÃO;11/04/2016;;13/05/2015;;
1219108;RCBP ANGRA DOS REIS;MASCULINO;17/07/1956;58;PRETA;BRASIL;RIO DE JANEIRO;ANGRA DOS REIS;FUNDAMENTAL II (5ª A 8ª SÉRIE);CASADO;842;OPERADORES NA PREPARAÇÃO DE FUMO E NA FABRICAÇÃO DE CHARUTOS E CIGARROS   	;RIO DE JANEIRO;ANGRA DOS REIS;PROSTATA, SOE;C619;ADENOCARCINOMA, SOE;81403;PROSTATA;C61;;;;;false;HISTOLOGIA DO TUMOR PRIMÁRIO;SEM INFORMAÇÃO;SEM INFORMAÇÃO;99 - SEM INFORMAÇÃO;999;MORTO;CÂNCER;13/12/2015;13/12/2015;15/06/2015;;
1219109;RCBP ANGRA DOS REIS;FEMININO;10/05/1936;79;SEM INFORMAÇÃO;BRASIL;Não informado;Não Informado;SEM INFORMAÇÃO;SEM INFORMAÇÃO;0;SEM INFORMAÇÃO	;RIO DE JANEIRO;ANGRA DOS REIS;ENDOMETRIO;C541;CARCINOMA ENDOMETRIOIDE, SOE;83803;ENDOMETRIO;C541;;;;;false;HISTOLOGIA DO TUMOR PRIMÁRIO;SEM INFORMAÇÃO;;;;;;;;15/06/2015;;
1219110;RCBP ANGRA DOS REIS;FEMININO;11/02/1948;67;PARDA;BRASIL;RIO DE JANEIRO;ANGRA DOS REIS;FUNDAMENTAL I (1ª A 4ª SÉRIE);CASADO;763;TRABALHADORES DA CONFECÇÃO DE ROUPAS 	;RIO DE JANEIRO;ANGRA DOS REIS;ECTOCERVIX;C531;CARCINOMA ESCAMOCELULAR, SOE;80703;ECTOCERVIX;C531;;;;;false;HISTOLOGIA DO TUMOR PRIMÁRIO;SEM INFORMAÇÃO;;;;;CÂNCER;26/10/2016;;17/03/2015;;
1219111;RCBP ANGRA DOS REIS;MASCULINO;07/10/1963;51;PARDA;BRASIL;RIO DE JANEIRO;RIO DE JANEIRO;SEM INFORMAÇÃO;SEM INFORMAÇÃO;711;TRABALHADORES DA EXTRAÇÃO MINERAL 	;RIO DE JANEIRO;ANGRA DOS REIS;ESOFAGO, SOE;C159;NEOPLASIA MALIGNA;80003;ESOFAGO, SOE;C159;;;;;false;HISTOLOGIA DO TUMOR PRIMÁRIO;SEM INFORMAÇÃO;SEM INFORMAÇÃO;99 - SEM INFORMAÇÃO;999;MORTO;CÂNCER;06/05/2016;06/05/2016;15/06/2015;;
1219112;RCBP ANGRA DOS REIS;FEMININO;23/12/1953;61;BRANCO;BRASIL;RIO DE JANEIRO;ANGRA DOS REIS;SEM ESCOLARIDADE;VIÚVO;0;SEM INFORMAÇÃO	;RIO DE JANEIRO;ANGRA DOS REIS;ECTOCERVIX;C531;CARCINOMA ESCAMOCELULAR, SOE;80703;ECTOCERVIX;C531;;;;;false;HISTOLOGIA DO TUMOR PRIMÁRIO;SEM INFORMAÇÃO;;;;;CÂNCER;28/07/2016;;16/11/2015;;
1219113;RCBP ANGRA DOS REIS;FEMININO;14/12/1974;40;BRANCO;BRASIL;RIO DE JANEIRO;ANGRA DOS REIS;FUNDAMENTAL II (5ª A 8ª SÉRIE);UNIÃO CONSENSUAL;0;SEM INFORMAÇÃO	;RIO DE JANEIRO;ANGRA DOS REIS;COLO DO UTERO, SOE;C539;CARCINOMA ESCAMOCELULAR "IN SITU", SOE;80702;COLO DO UTERO, SOE;D069;;;;;false;HISTOLOGIA DO TUMOR PRIMÁRIO;"IN SITU";;;;;;;;05/05/2015;;
1219114;RCBP ANGRA DOS REIS;FEMININO;17/03/1966;49;BRANCO;BRASIL;RIO DE JANEIRO;;SUPERIOR COMPLETO;CASADO;234;PROFESSORES DO ENSINO SUPERIOR	;RIO DE JANEIRO;ANGRA DOS REIS;ECTOCERVIX;C531;CARCINOMA ESCAMOCELULAR, SOE;80703;ECTOCERVIX;C531;;;;;false;HISTOLOGIA DO TUMOR PRIMÁRIO;SEM INFORMAÇÃO;;;;;;;;22/04/2015;;
1219115;RCBP ANGRA DOS REIS;FEMININO;21/05/1959;56;PARDA;BRASIL;Não informado;;SUPERIOR COMPLETO;VIÚVO;333;INSTRUTORES E PROFESSORES DE ESCOLAS LIVRES   	;RIO DE JANEIRO;ANGRA DOS REIS;LESAO SOBREPOSTA DO RETO, ANUS E CANAL ANAL;C218;NEOPLASIA MALIGNA;80003;LESAO INVASIVA DO RETO, ANUS E DO CANAL ANAL;C218;;;;;false;SDO;SEM INFORMAÇÃO;SEM INFORMAÇÃO;99 - SEM INFORMAÇÃO;999;MORTO;CÂNCER;04/10/2015;04/10/2015;04/10/2015;;
1219116;RCBP ANGRA DOS REIS;FEMININO;05/07/1966;48;BRANCO;BRASIL;RIO DE JANEIRO;;FUNDAMENTAL II (5ª A 8ª SÉRIE);SEPARADO JUDICIALMENTE;512;TRABALHADORES DOS SERVIÇOS DOMÉSTICOS EM GERAL	;RIO DE JANEIRO;ANGRA DOS REIS;MAMA , SOE;C509;CARCINOMA DUCTAL INFILTRANTE;85003;MAMA , SOE;C509;;;;;false;HISTOLOGIA DO TUMOR PRIMÁRIO;SEM INFORMAÇÃO;SEM INFORMAÇÃO;99 - SEM INFORMAÇÃO;999;MORTO;CÂNCER;01/04/2015;01/04/2015;05/01/2015;;
1219117;RCBP ANGRA DOS REIS;FEMININO;23/09/1983;31;PARDA;BRASIL;RIO DE JANEIRO;RIO DE JANEIRO;SEM INFORMAÇÃO;SEM INFORMAÇÃO;0;SEM INFORMAÇÃO	;RIO DE JANEIRO;ANGRA DOS REIS;COLO DO UTERO, SOE;C539;CARCINOMA ESCAMOCELULAR "IN SITU", SOE;80702;COLO DO UTERO, SOE;D069;;;;;false;HISTOLOGIA DO TUMOR PRIMÁRIO;"IN SITU";;;;;;;;01/08/2015;;
1219058;RCBP ANGRA DOS REIS;MASCULINO;27/02/1941;74;BRANCO;BRASIL;MINAS GERAIS;BARBACENA;FUNDAMENTAL I (1ª A 4ª SÉRIE);CASADO;254;AUDITORES FISCAIS PÚBLICOS	;RIO DE JANEIRO;ANGRA DOS REIS;LARINGE, SOE;C329;NEOPLASIA MALIGNA;80003;LARINGE, SOE;C329;;;;;false;CLÍNICO;SEM INFORMAÇÃO;SEM INFORMAÇÃO;99 - SEM INFORMAÇÃO;999;MORTO;CÂNCER;03/12/2015;03/12/2015;03/10/2015;;
1219062;RCBP ANGRA DOS REIS;FEMININO;14/02/1984;31;BRANCO;BRASIL;RIO DE JANEIRO;RIO DE JANEIRO;SUPERIOR COMPLETO;CASADO;0;SEM INFORMAÇÃO	;RIO DE JANEIRO;ANGRA DOS REIS;COLO DO UTERO, SOE;C539;CARCINOMA ESCAMOCELULAR "IN SITU", SOE;80702;COLO DO UTERO, SOE;D069;;;;;false;HISTOLOGIA DA METÁSTASE;"IN SITU";;;;;;;;15/08/2015;;
1219063;RCBP ANGRA DOS REIS;MASCULINO;13/06/1942;73;BRANCO;BRASIL;RIO DE JANEIRO;RIO DE JANEIRO;FUNDAMENTAL I (1ª A 4ª SÉRIE);CASADO;722;TRABALHADORES DE CONFORMAÇÃO DE METAIS E DE COMPÓSITOS	;RIO DE JANEIRO;ANGRA DOS REIS;FUNDO DO ESTOMAGO;C161;NEOPLASIA MALIGNA;80003;FUNDO DO ESTOMAGO;C161;;;;;false;HISTOLOGIA DO TUMOR PRIMÁRIO;SEM INFORMAÇÃO;SEM INFORMAÇÃO;99 - SEM INFORMAÇÃO;999;MORTO;CÂNCER;02/03/2016;02/03/2016;15/06/2015;;
1219064;RCBP ANGRA DOS REIS;FEMININO;11/10/1964;51;PARDA;BRASIL;CEARÁ;ICÓ;SEM INFORMAÇÃO;SEM INFORMAÇÃO;0;SEM INFORMAÇÃO	;RIO DE JANEIRO;ANGRA DOS REIS;COLO DO UTERO, SOE;C539;NEOPLASIA INTRA-EPITELIAL ESCAMOSA,GRAU IIII;80772;COLO DO UTERO, SOE;D069;;;;;false;HISTOLOGIA DO TUMOR PRIMÁRIO;"IN SITU";;;;;;;;15/10/2015;;
1219065;RCBP ANGRA DOS REIS;FEMININO;25/01/1968;47;BRANCO;BRASIL;RIO GRANDE DO NORTE;CURRAIS NOVOS;FUNDAMENTAL II (5ª A 8ª SÉRIE);CASADO;0;SEM INFORMAÇÃO	;RIO DE JANEIRO;ANGRA DOS REIS;COLO DO UTERO, SOE;C539;CARCINOMA ESCAMOCELULAR "IN SITU", SOE;80702;COLO DO UTERO, SOE;D069;;;;;false;HISTOLOGIA DO TUMOR PRIMÁRIO;"IN SITU";;;;;;;;09/10/2015;;
1219066;RCBP ANGRA DOS REIS;FEMININO;07/04/1956;59;BRANCO;BRASIL;RIO DE JANEIRO;;SUPERIOR INCOMPLETO;SEPARADO JUDICIALMENTE;262;PROFISSIONAIS DE ESPETÁCULOS E DAS ARTES  	;RIO DE JANEIRO;ANGRA DOS REIS;OVARIO, SOE;C569;CISTADENOCARCINOMA SEROSO, SOE;84413;OVARIO;C56;;;;;false;HISTOLOGIA DA METÁSTASE;METÁSTASE;SEM INFORMAÇÃO;99 - SEM INFORMAÇÃO;999;MORTO;CÂNCER;20/10/2015;;22/09/2015;;
1219067;RCBP ANGRA DOS REIS;FEMININO;10/02/1981;34;SEM INFORMAÇÃO;BRASIL;RIO DE JANEIRO;ANGRA DOS REIS;SEM INFORMAÇÃO;SEM INFORMAÇÃO;0;SEM INFORMAÇÃO	;RIO DE JANEIRO;ANGRA DOS REIS;COLO DO UTERO, SOE;C539;CARCINOMA ESCAMOCELULAR "IN SITU", SOE;80702;COLO DO UTERO, SOE;D069;;;;;false;HISTOLOGIA DO TUMOR PRIMÁRIO;"IN SITU";;;;;;;;15/11/2015;;
1219068;RCBP ANGRA DOS REIS;FEMININO;20/09/1961;53;SEM INFORMAÇÃO;BRASIL;RIO DE JANEIRO;MACAÉ;SEM INFORMAÇÃO;SEM INFORMAÇÃO;0;SEM INFORMAÇÃO	;RIO DE JANEIRO;ANGRA DOS REIS;COLO DO UTERO, SOE;C539;CARCINOMA ESCAMOCELULAR "IN SITU", SOE;80702;COLO DO UTERO, SOE;D069;;;;;false;HISTOLOGIA DO TUMOR PRIMÁRIO;"IN SITU";;;;;;;;07/06/2015;;
1219069;RCBP ANGRA DOS REIS;FEMININO;07/11/1976;38;BRANCO;BRASIL;RIO DE JANEIRO;RIO DE JANEIRO;MÉDIO (ANTIGO SEGUNDO GRAU);CASADO;0;SEM INFORMAÇÃO	;RIO DE JANEIRO;ANGRA DOS REIS;COLO DO UTERO, SOE;C539;CARCINOMA ESCAMOCELULAR "IN SITU", SOE;80702;COLO DO UTERO, SOE;D069;;;;;false;HISTOLOGIA DO TUMOR PRIMÁRIO;"IN SITU";;;;;;;;15/07/2015;;
1219070;RCBP ANGRA DOS REIS;FEMININO;08/05/1994;21;BRANCO;BRASIL;RIO DE JANEIRO;DUQUE DE CAXIAS;SUPERIOR INCOMPLETO;SOLTEIRO;232;PROFESSORES DO ENSINO MÉDIO   	;RIO DE JANEIRO;ANGRA DOS REIS;COLO DO UTERO, SOE;C539;CARCINOMA ESCAMOCELULAR "IN SITU", SOE;80702;COLO DO UTERO, SOE;D069;;;;;false;HISTOLOGIA DO TUMOR PRIMÁRIO;"IN SITU";;;;;;;;15/09/2015;;
1219071;RCBP ANGRA DOS REIS;MASCULINO;05/05/1947;68;BRANCO;BRASIL;RIO DE JANEIRO;RIO DE JANEIRO;SEM INFORMAÇÃO;SEM INFORMAÇÃO;0;SEM INFORMAÇÃO	;RIO DE JANEIRO;ANGRA DOS REIS;LARINGE, SOE;C329;NEOPLASIA MALIGNA;80003;LARINGE, SOE;C329;;;;;false;HISTOLOGIA DO TUMOR PRIMÁRIO;SEM INFORMAÇÃO;SEM INFORMAÇÃO;99 - SEM INFORMAÇÃO;999;MORTO;CÂNCER;04/01/2016;04/01/2016;15/06/2015;;
1219074;RCBP ANGRA DOS REIS;FEMININO;22/08/1972;42;PARDA;BRASIL;BAHIA;VALENÇA;FUNDAMENTAL II (5ª A 8ª SÉRIE);CASADO;0;SEM INFORMAÇÃO	;RIO DE JANEIRO;ANGRA DOS REIS;COLO DO UTERO, SOE;C539;ADENOCARCINOMA "IN SITU", SOE;81402;COLO DO UTERO, SOE;D069;;;;;false;HISTOLOGIA DO TUMOR PRIMÁRIO;"IN SITU";;;;;;;;15/05/2015;;
1219072;RCBP ANGRA DOS REIS;MASCULINO;12/08/1945;69;BRANCO;BRASIL;RIO DE JANEIRO;RIO DE JANEIRO;SEM INFORMAÇÃO;SEM INFORMAÇÃO;711;TRABALHADORES DA EXTRAÇÃO MINERAL 	;RIO DE JANEIRO;ANGRA DOS REIS;PROSTATA, SOE;C619;ADENOCARCINOMA, SOE;81403;PROSTATA;C61;;;;;false;HISTOLOGIA DO TUMOR PRIMÁRIO;SEM INFORMAÇÃO;SEM INFORMAÇÃO;99 - SEM INFORMAÇÃO;999;MORTO;CÂNCER;07/09/2015;07/09/2015;13/05/2015;;
1219073;RCBP ANGRA DOS REIS;FEMININO;10/04/1933;82;PARDA;BRASIL;RIO DE JANEIRO;ANGRA DOS REIS;FUNDAMENTAL I (1ª A 4ª SÉRIE);SOLTEIRO;512;TRABALHADORES DOS SERVIÇOS DOMÉSTICOS EM GERAL	;RIO DE JANEIRO;ANGRA DOS REIS;RETO, SOE;C209;NEOPLASIA MALIGNA;80003;RETO;C20;;;;;false;HISTOLOGIA DO TUMOR PRIMÁRIO;METÁSTASE;SEM INFORMAÇÃO;99 - SEM INFORMAÇÃO;999;MORTO;CÂNCER;19/07/2015;19/07/2015;18/07/2015;;
1219076;RCBP ANGRA DOS REIS;MASCULINO;07/09/1958;56;BRANCO;BRASIL;RIO DE JANEIRO;RIO DE JANEIRO;FUNDAMENTAL I (1ª A 4ª SÉRIE);SOLTEIRO;782;CONDUTORES DE VEÍCULOS E OPERADORES DE EQUIPAMENTOS DE ELEVAÇÃO E DE MOVIMENTAÇÃO DE CARGAS   	;RIO DE JANEIRO;ANGRA DOS REIS;RETO, SOE;C209;ADENOCARCINOMA, SOE;81403;RETO;C20;;;;;false;HISTOLOGIA DO TUMOR PRIMÁRIO;METÁSTASE;;;;;SEM INFORMAÇÃO;31/05/2016;;08/05/2015;;
1219075;RCBP ANGRA DOS REIS;FEMININO;13/06/1955;59;BRANCO;BRASIL;RIO DE JANEIRO;ANGRA DOS REIS;MÉDIO (ANTIGO SEGUNDO GRAU);VIÚVO;0;SEM INFORMAÇÃO	;RIO DE JANEIRO;ANGRA DOS REIS;PULMAO, SOE;C349;NEOPLASIA MALIGNA;80003;BRONQUIOS OU PULMOES, SOE;C349;;;;;false;PESQUISA;SEM INFORMAÇÃO;SEM INFORMAÇÃO;99 - SEM INFORMAÇÃO;999;MORTO;CÂNCER;05/02/2015;05/02/2015;12/01/2015;;
1219079;RCBP ANGRA DOS REIS;MASCULINO;15/10/1959;55;PARDA;BRASIL;RIO DE JANEIRO;ANGRA DOS REIS;FUNDAMENTAL II (5ª A 8ª SÉRIE);SOLTEIRO;711;TRABALHADORES DA EXTRAÇÃO MINERAL 	;RIO DE JANEIRO;ANGRA DOS REIS;LINGUA, SOE;C029;NEOPLASIA MALIGNA;80003;LINGUA, SOE;C029;;;;;false;HISTOLOGIA DO TUMOR PRIMÁRIO;SEM INFORMAÇÃO;SEM INFORMAÇÃO;99 - SEM INFORMAÇÃO;999;MORTO;CÂNCER;28/05/2015;28/05/2015;12/05/2015;;
1219077;RCBP ANGRA DOS REIS;MASCULINO;28/11/1937;77;BRANCO;BRASIL;RIO DE JANEIRO;RIO DE JANEIRO;SEM INFORMAÇÃO;UNIÃO CONSENSUAL;711;TRABALHADORES DA EXTRAÇÃO MINERAL 	;RIO DE JANEIRO;ANGRA DOS REIS;MEDULA OSSEA;C421;LEUCEMIA, SOE;98003;LEUCEMIA NAO ESPECIFICADA;C959;;;;;false;PESQUISA;NÃO SE APLICA;SEM INFORMAÇÃO;99 - SEM INFORMAÇÃO;999;MORTO;NÃO CÂNCER;17/04/2015;17/04/2015;02/04/2015;;
1219078;RCBP ANGRA DOS REIS;MASCULINO;01/04/1968;47;BRANCO;BRASIL;RIO DE JANEIRO;;MÉDIO (ANTIGO SEGUNDO GRAU);CASADO;0;SEM INFORMAÇÃO	;RIO DE JANEIRO;ANGRA DOS REIS;RETO, SOE;C209;NEOPLASIA MALIGNA;80003;RETO;C20;;;;;false;SDO;SEM INFORMAÇÃO;SEM INFORMAÇÃO;99 - SEM INFORMAÇÃO;999;MORTO;CÂNCER;08/04/2015;08/04/2015;08/04/2015;;
1219080;RCBP ANGRA DOS REIS;MASCULINO;08/01/1937;78;BRANCO;BRASIL;RIO DE JANEIRO;NÃO INFORMADO - RJ;SEM INFORMAÇÃO;SEM INFORMAÇÃO;516;TRABALHADORES NOS SERVIÇOS DE EMBELEZAMENTO E CUIDADOS PESSOAIS   	;RIO DE JANEIRO;ANGRA DOS REIS;PROSTATA, SOE;C619;ADENOCARCINOMA, SOE;81403;PROSTATA;C61;;;;;false;HISTOLOGIA DO TUMOR PRIMÁRIO;SEM INFORMAÇÃO;SEM INFORMAÇÃO;99 - SEM INFORMAÇÃO;999;MORTO;CÂNCER;16/03/2016;16/03/2016;15/06/2015;;
1219081;RCBP ANGRA DOS REIS;FEMININO;07/11/1960;54;BRANCO;BRASIL;CEARÁ;;FUNDAMENTAL II (5ª A 8ª SÉRIE);CASADO;842;OPERADORES NA PREPARAÇÃO DE FUMO E NA FABRICAÇÃO DE CHARUTOS E CIGARROS   	;RIO DE JANEIRO;ANGRA DOS REIS;ESTOMAGO, SOE;C169;NEOPLASIA MALIGNA;80003;ESTOMAGO, SOE;C169;;;;;false;HISTOLOGIA DO TUMOR PRIMÁRIO;SEM INFORMAÇÃO;SEM INFORMAÇÃO;99 - SEM INFORMAÇÃO;999;MORTO;CÂNCER;01/02/2015;01/02/2015;06/01/2015;;
1219082;RCBP ANGRA DOS REIS;MASCULINO;27/08/1927;87;AMARELA;BRASIL;RIO DE JANEIRO;ANGRA DOS REIS;SEM INFORMAÇÃO;VIÚVO;512;TRABALHADORES DOS SERVIÇOS DOMÉSTICOS EM GERAL	;RIO DE JANEIRO;ANGRA DOS REIS;PROSTATA, SOE;C619;ADENOCARCINOMA, SOE;81403;PROSTATA;C61;;;;;false;HISTOLOGIA DO TUMOR PRIMÁRIO;SEM INFORMAÇÃO;SEM INFORMAÇÃO;99 - SEM INFORMAÇÃO;999;MORTO;CÂNCER;07/10/2016;07/10/2016;15/06/2015;;
1219083;RCBP ANGRA DOS REIS;MASCULINO;19/11/1936;78;BRANCO;BRASIL;PARAÍBA;QUIXABÁ;SEM ESCOLARIDADE;CASADO;622;TRABALHADORES AGRÍCOLAS   	;RIO DE JANEIRO;ANGRA DOS REIS;PROSTATA, SOE;C619;NEOPLASIA MALIGNA;80003;PROSTATA;C61;;;;;false;HISTOLOGIA DO TUMOR PRIMÁRIO;SEM INFORMAÇÃO;;;;;CÂNCER;13/01/2015;;13/01/2015;;
1219084;RCBP ANGRA DOS REIS;FEMININO;01/09/1970;45;SEM INFORMAÇÃO;BRASIL;RIO DE JANEIRO;ANGRA DOS REIS;SEM INFORMAÇÃO;SEM INFORMAÇÃO;0;SEM INFORMAÇÃO	;RIO DE JANEIRO;ANGRA DOS REIS;COLO DO UTERO, SOE;C539;CARCINOMA ESCAMOCELULAR "IN SITU", SOE;80702;COLO DO UTERO, SOE;D069;;;;;false;HISTOLOGIA DO TUMOR PRIMÁRIO;"IN SITU";;;;;;;;13/12/2015;;
1219060;RCBP ANGRA DOS REIS;MASCULINO;29/03/1949;65;BRANCO;BRASIL;RIO DE JANEIRO;RIO DE JANEIRO;FUNDAMENTAL I (1ª A 4ª SÉRIE);CASADO;512;TRABALHADORES DOS SERVIÇOS DOMÉSTICOS EM GERAL	;RIO DE JANEIRO;ANGRA DOS REIS;TORAX, SOE;C761;NEOPLASIA MALIGNA;80003;TORAX;C761;;;;;false;SDO;SEM INFORMAÇÃO;SEM INFORMAÇÃO;99 - SEM INFORMAÇÃO;999;MORTO;CÂNCER;04/01/2015;04/01/2015;04/01/2015;;
1219061;RCBP ANGRA DOS REIS;FEMININO;07/01/1981;34;BRANCO;BRASIL;RIO DE JANEIRO;;FUNDAMENTAL I (1ª A 4ª SÉRIE);CASADO;512;TRABALHADORES DOS SERVIÇOS DOMÉSTICOS EM GERAL	;RIO DE JANEIRO;ANGRA DOS REIS;FIGADO, SOE;C220;CARCINOMA HEPATOCELULAR, SOE;81703;CARCINOMA DE CELULAS HEPATICAS;C220;;;;;false;HISTOLOGIA DO TUMOR PRIMÁRIO;SEM INFORMAÇÃO;;;;;CÂNCER;28/06/2017;;15/06/2015;;
1219092;RCBP ANGRA DOS REIS;MASCULINO;24/12/1945;69;BRANCO;BRASIL;RIO DE JANEIRO;ANGRA DOS REIS;SEM INFORMAÇÃO;CASADO;0;SEM INFORMAÇÃO	;RIO DE JANEIRO;ANGRA DOS REIS;PANCREAS, SOE;C259;NEOPLASIA MALIGNA;80003;PANCREAS, SOE;C259;;;;;false;HISTOLOGIA DO TUMOR PRIMÁRIO;SEM INFORMAÇÃO;SEM INFORMAÇÃO;99 - SEM INFORMAÇÃO;999;MORTO;CÂNCER;03/09/2015;03/09/2015;15/03/2015;;
1219093;RCBP ANGRA DOS REIS;MASCULINO;30/04/1968;47;PARDA;BRASIL;RIO DE JANEIRO;ANGRA DOS REIS;SEM INFORMAÇÃO;SOLTEIRO;0;SEM INFORMAÇÃO	;RIO DE JANEIRO;ANGRA DOS REIS;OROFARINGE, SOE;C109;CARCINOMA ESCAMOCELULAR, SOE;80703;OROFARINGE, SOE;C109;;;;;false;HISTOLOGIA DO TUMOR PRIMÁRIO;SEM INFORMAÇÃO;;;;;;;;13/11/2015;;
1219095;RCBP ANGRA DOS REIS;MASCULINO;31/08/1955;60;BRANCO;BRASIL;RIO DE JANEIRO;;FUNDAMENTAL II (5ª A 8ª SÉRIE);SOLTEIRO;519;OUTROS TRABALHADORES DE SERVIÇOS DIVERSOS 	;RIO DE JANEIRO;ANGRA DOS REIS;PULMAO, SOE;C349;NEOPLASIA MALIGNA;80003;BRONQUIOS OU PULMOES, SOE;C349;;;;;false;PESQUISA;SEM INFORMAÇÃO;SEM INFORMAÇÃO;99 - SEM INFORMAÇÃO;999;MORTO;CÂNCER;30/12/2015;30/12/2015;23/11/2015;;
1219096;RCBP ANGRA DOS REIS;MASCULINO;16/05/1953;61;PARDA;BRASIL;RIO DE JANEIRO;ANGRA DOS REIS;SEM ESCOLARIDADE;CASADO;711;TRABALHADORES DA EXTRAÇÃO MINERAL 	;RIO DE JANEIRO;ANGRA DOS REIS;PULMAO, SOE;C349;NEOPLASIA MALIGNA;80003;BRONQUIOS OU PULMOES, SOE;C349;;;;;false;CLÍNICO;SEM INFORMAÇÃO;SEM INFORMAÇÃO;99 - SEM INFORMAÇÃO;999;MORTO;CÂNCER;01/03/2015;01/03/2015;25/02/2015;;
1219094;RCBP ANGRA DOS REIS;MASCULINO;17/02/1955;60;BRANCO;BRASIL;RIO DE JANEIRO;ANGRA DOS REIS;SEM ESCOLARIDADE;CASADO;711;TRABALHADORES DA EXTRAÇÃO MINERAL 	;RIO DE JANEIRO;ANGRA DOS REIS;MEDULA OSSEA;C421;LEUCEMIA MIELOIDE CRONICA, SOE;98633;LEUCEMIA MIELOIDE CRONICA;C921;;;;;false;HISTOLOGIA DO TUMOR PRIMÁRIO;NÃO SE APLICA;;;;;CÂNCER;18/12/2015;;16/12/2015;;
1219118;RCBP ANGRA DOS REIS;MASCULINO;20/01/1940;75;BRANCO;BRASIL;BAHIA;;FUNDAMENTAL II (5ª A 8ª SÉRIE);VIÚVO;232;PROFESSORES DO ENSINO MÉDIO   	;RIO DE JANEIRO;ANGRA DOS REIS;CABECA, FACE E PESCOCO, SOE;C760;NEOPLASIA MALIGNA;80003;CABECA, FACE E PESCOCO;C760;;;;;false;HISTOLOGIA DO TUMOR PRIMÁRIO;SEM INFORMAÇÃO;SEM INFORMAÇÃO;99 - SEM INFORMAÇÃO;999;MORTO;CÂNCER;01/08/2015;01/08/2015;01/08/2015;;
1219119;RCBP ANGRA DOS REIS;FEMININO;27/01/1953;62;PARDA;Não informado;Não informado;Não Informado;FUNDAMENTAL II (5ª A 8ª SÉRIE);SOLTEIRO;524;VENDEDORES A DOMICÍLIO, AMBULANTES E EM BANCAS	;RIO DE JANEIRO;ANGRA DOS REIS;ENDOCERVIX;C530;CARCINOMA ESCAMOCELULAR, SOE;80703;ENDOCERVIX;C530;;;;;false;HISTOLOGIA DO TUMOR PRIMÁRIO;SEM INFORMAÇÃO;;;;;;;;12/08/2015;;
1219120;RCBP ANGRA DOS REIS;FEMININO;27/01/1953;62;PARDA;BRASIL;RIO DE JANEIRO;;MÉDIO (ANTIGO SEGUNDO GRAU);SOLTEIRO;514;TRABALHADORES NOS SERVIÇOS DE ADMINISTRAÇÃO, CONSERVAÇÃO E MANUTENÇÃO DE EDIFÍCIOS E LOGRADOUROS  	;RIO DE JANEIRO;ANGRA DOS REIS;ECTOCERVIX;C531;CARCINOMA ESCAMOCELULAR, SOE;80703;ECTOCERVIX;C531;;;;;false;HISTOLOGIA DO TUMOR PRIMÁRIO;SEM INFORMAÇÃO;;;;;;;;13/11/2015;;
1219056;RCBP ANGRA DOS REIS;FEMININO;23/11/1963;51;BRANCO;BRASIL;SERGIPE;;SEM INFORMAÇÃO;VIÚVO;0;SEM INFORMAÇÃO	;RIO DE JANEIRO;ANGRA DOS REIS;COLON, SOE;C189;NEOPLASIA MALIGNA;80003;COLON, SOE;C189;;;;;false;HISTOLOGIA DO TUMOR PRIMÁRIO;METÁSTASE;SEM INFORMAÇÃO;99 - SEM INFORMAÇÃO;999;MORTO;NÃO CÂNCER;06/06/2015;06/06/2015;15/05/2015;;
1219057;RCBP ANGRA DOS REIS;FEMININO;27/08/1949;66;PARDA;BRASIL;PARAÍBA;PATOS;SEM INFORMAÇÃO;SEM INFORMAÇÃO;0;SEM INFORMAÇÃO	;RIO DE JANEIRO;ANGRA DOS REIS;COLO DO UTERO, SOE;C539;ADENOCARCINOMA "IN SITU", SOE;81402;COLO DO UTERO, SOE;D069;;;;;false;HISTOLOGIA DO TUMOR PRIMÁRIO;"IN SITU";;;;;;;;15/11/2015;;
1219122;RCBP ANGRA DOS REIS;FEMININO;05/09/1968;46;BRANCO;BRASIL;RIO DE JANEIRO;;FUNDAMENTAL I (1ª A 4ª SÉRIE);CASADO;0;SEM INFORMAÇÃO	;RIO DE JANEIRO;ANGRA DOS REIS;COLON SIGMOIDE;C187;ADENOCARCINOMA EM ADENOMA TUBULOVILOSO;82633;COLON SIGMOIDE;C187;;;;;false;HISTOLOGIA DO TUMOR PRIMÁRIO;SEM INFORMAÇÃO;;;;;;;;14/07/2015;;
1163659;RCBP ANGRA DOS REIS;FEMININO;07/04/1926;89;BRANCO;Não informado;Não informado;Não Informado;FUNDAMENTAL I (1ª A 4ª SÉRIE);SOLTEIRO;514;TRABALHADORES NOS SERVIÇOS DE ADMINISTRAÇÃO, CONSERVAÇÃO E MANUTENÇÃO DE EDIFÍCIOS E LOGRADOUROS  	;RIO DE JANEIRO;ANGRA DOS REIS;PALPEBRA;C441;CARCINOMA BASOCELULAR, SOE;80903;PELE DA PALPEBRA E CANTO;C441;;;;;false;HISTOLOGIA DO TUMOR PRIMÁRIO;SEM INFORMAÇÃO;;;;;;;;04/08/2015;;
1141502;RCBP ANGRA DOS REIS;FEMININO;01/09/1958;56;SEM INFORMAÇÃO;BRASIL;RIO DE JANEIRO;ANGRA DOS REIS;SEM INFORMAÇÃO;CASADO;0;SEM INFORMAÇÃO	;RIO DE JANEIRO;ANGRA DOS REIS;COLO DO UTERO, SOE;C539;NEOPLASIA INTRA-EPITELIAL ESCAMOSA,GRAU IIII;80772;COLO DO UTERO, SOE;D069;;;;;false;HISTOLOGIA DO TUMOR PRIMÁRIO;"IN SITU";;;;;;;;13/06/2015;;
1163539;RCBP ANGRA DOS REIS;MASCULINO;18/12/1942;72;PARDA;BRASIL;RIO DE JANEIRO;ANGRA DOS REIS;SEM ESCOLARIDADE;CASADO;622;TRABALHADORES AGRÍCOLAS   	;RIO DE JANEIRO;ANGRA DOS REIS;BEXIGA, SOE;C679;NEOPLASIA MALIGNA;80003;BEXIGA, SOE;C679;;;;;false;CLÍNICO;SEM INFORMAÇÃO;;;;;CÂNCER;25/03/2015;;27/02/2015;;
1636822;RCBP ANGRA DOS REIS;FEMININO;25/10/1928;86;BRANCO;BRASIL;RIO DE JANEIRO;ANGRA DOS REIS;SEM INFORMAÇÃO;VIÚVO;0;SEM INFORMAÇÃO	;RIO DE JANEIRO;ANGRA DOS REIS;MAMA , SOE;C509;CARCINOMA DUCTAL INFILTRANTE;85003;MAMA , SOE;C509;;;;;false;HISTOLOGIA DO TUMOR PRIMÁRIO;SEM INFORMAÇÃO;;;;;CÂNCER;09/04/2017;;15/06/2015;;
1664975;RCBP ANGRA DOS REIS;MASCULINO;20/08/1961;53;PARDA;BRASIL;PERNAMBUCO;RIBEIRÃO;SEM INFORMAÇÃO;SOLTEIRO;514;TRABALHADORES NOS SERVIÇOS DE ADMINISTRAÇÃO, CONSERVAÇÃO E MANUTENÇÃO DE EDIFÍCIOS E LOGRADOUROS  	;RIO DE JANEIRO;ANGRA DOS REIS;ESOFAGO, SOE;C159;ADENOCARCINOMA, SOE;81403;ESOFAGO, SOE;C159;;;;;false;HISTOLOGIA DO TUMOR PRIMÁRIO;METÁSTASE;;;;;CÂNCER;21/07/2015;;15/03/2015;;
1665989;RCBP ANGRA DOS REIS;MASCULINO;03/05/1938;77;BRANCO;BRASIL;CEARÁ;;SUPERIOR COMPLETO;CASADO;342;TÉCNICOS EM TRANSPORTES (LOGÍSTICA)   	;RIO DE JANEIRO;ANGRA DOS REIS;PROSTATA, SOE;C619;ADENOCARCINOMA, SOE;81403;PROSTATA;C61;;;;;false;HISTOLOGIA DO TUMOR PRIMÁRIO;METÁSTASE;;;;;CÂNCER;15/01/2017;;15/06/2015;;
1666562;RCBP ANGRA DOS REIS;FEMININO;20/09/1957;57;PARDA;BRASIL;RIO DE JANEIRO;ANGRA DOS REIS;FUNDAMENTAL II (5ª A 8ª SÉRIE);SEPARADO JUDICIALMENTE;514;TRABALHADORES NOS SERVIÇOS DE ADMINISTRAÇÃO, CONSERVAÇÃO E MANUTENÇÃO DE EDIFÍCIOS E LOGRADOUROS  	;RIO DE JANEIRO;ANGRA DOS REIS;MAMA , SOE;C509;CARCINOMA DUCTAL INFILTRANTE;85003;MAMA , SOE;C509;;;;;false;HISTOLOGIA DO TUMOR PRIMÁRIO;METÁSTASE;;;;;CÂNCER;21/10/2017;;15/03/2015;;
1666565;RCBP ANGRA DOS REIS;FEMININO;02/10/1971;43;BRANCO;BRASIL;RIO DE JANEIRO;ANGRA DOS REIS;SEM INFORMAÇÃO;SEM INFORMAÇÃO;0;SEM INFORMAÇÃO	;RIO DE JANEIRO;ANGRA DOS REIS;MAMA , SOE;C509;CARCINOMA DUCTAL INFILTRANTE;85003;MAMA , SOE;C509;;;;;false;HISTOLOGIA DO TUMOR PRIMÁRIO;SEM INFORMAÇÃO;;;;;CÂNCER;03/05/2018;;03/05/2015;;
1666603;RCBP ANGRA DOS REIS;FEMININO;01/02/1970;45;BRANCO;BRASIL;RIO DE JANEIRO;ANGRA DOS REIS;FUNDAMENTAL I (1ª A 4ª SÉRIE);SEM INFORMAÇÃO;512;TRABALHADORES DOS SERVIÇOS DOMÉSTICOS EM GERAL	;RIO DE JANEIRO;ANGRA DOS REIS;MAMA , SOE;C509;CARCINOMA DUCTAL INFILTRANTE;85003;MAMA , SOE;C509;;;;;false;HISTOLOGIA DO TUMOR PRIMÁRIO;SEM INFORMAÇÃO;;;;;CÂNCER;10/01/2020;;15/06/2015;;
1666602;RCBP ANGRA DOS REIS;FEMININO;11/08/1948;66;BRANCO;BRASIL;RIO DE JANEIRO;ANGRA DOS REIS;MÉDIO (ANTIGO SEGUNDO GRAU);CASADO;0;SEM INFORMAÇÃO	;RIO DE JANEIRO;ANGRA DOS REIS;MAMA , SOE;C509;CARCINOMA DUCTAL INFILTRANTE;85003;MAMA , SOE;C509;;;;;false;HISTOLOGIA DO TUMOR PRIMÁRIO;SEM INFORMAÇÃO;;;;;CÂNCER;31/07/2017;;15/06/2015;;
1666802;RCBP ANGRA DOS REIS;FEMININO;03/08/1951;63;BRANCO;BRASIL;RIO DE JANEIRO;ANGRA DOS REIS;SEM ESCOLARIDADE;VIÚVO;0;SEM INFORMAÇÃO	;RIO DE JANEIRO;ANGRA DOS REIS;COLON SIGMOIDE;C187;ADENOCARCINOMA, SOE;81403;COLON SIGMOIDE;C187;;;;;false;HISTOLOGIA DO TUMOR PRIMÁRIO;METÁSTASE;;;;;CÂNCER;09/02/2017;;15/04/2015;;
1666805;RCBP ANGRA DOS REIS;MASCULINO;15/10/1947;67;PARDA;BRASIL;RIO DE JANEIRO;;SEM INFORMAÇÃO;CASADO;0;SEM INFORMAÇÃO	;RIO DE JANEIRO;ANGRA DOS REIS;RETO, SOE;C209;ADENOCARCINOMA, SOE;81403;RETO;C20;;;;;false;HISTOLOGIA DO TUMOR PRIMÁRIO;SEM INFORMAÇÃO;;;;;CÂNCER;20/09/2017;;25/08/2015;;
1666806;RCBP ANGRA DOS REIS;MASCULINO;07/09/1941;73;PARDA;BRASIL;RIO DE JANEIRO;ANGRA DOS REIS;SEM INFORMAÇÃO;SEM INFORMAÇÃO;622;TRABALHADORES AGRÍCOLAS   	;RIO DE JANEIRO;ANGRA DOS REIS;PROSTATA, SOE;C619;ADENOCARCINOMA, SOE;81403;PROSTATA;C61;;;;;false;HISTOLOGIA DO TUMOR PRIMÁRIO;SEM INFORMAÇÃO;;;;;CÂNCER;31/10/2017;;13/07/2015;;
1705001;RCBP ANGRA DOS REIS;MASCULINO;22/09/1977;39;PARDA;BRASIL;RIO DE JANEIRO;PARATI;SEM INFORMAÇÃO;SEM INFORMAÇÃO;0;SEM INFORMAÇÃO	;RIO DE JANEIRO;ANGRA DOS REIS;PANCREAS, SOE;C259;NEOPLASIA MALIGNA;80003;PANCREAS, SOE;C259;;;;;false;HISTOLOGIA DO TUMOR PRIMÁRIO;SEM INFORMAÇÃO;;;;;CÂNCER;02/05/2021;;27/10/2016;;
1705008;RCBP ANGRA DOS REIS;FEMININO;10/09/1974;41;BRANCO;BRASIL;RIO DE JANEIRO;ANGRA DOS REIS;SEM INFORMAÇÃO;CASADO;0;SEM INFORMAÇÃO	;RIO DE JANEIRO;ANGRA DOS REIS;MAMA , SOE;C509;CARCINOMA DUCTAL INFILTRANTE;85003;MAMA , SOE;C509;;;;;false;HISTOLOGIA DO TUMOR PRIMÁRIO;SEM INFORMAÇÃO;;;;;CÂNCER;09/01/2017;;15/06/2016;;
1514895;RCBP ANGRA DOS REIS;FEMININO;05/04/1957;59;BRANCO;BRASIL;RIO DE JANEIRO;RIO DE JANEIRO;SEM INFORMAÇÃO;SEM INFORMAÇÃO;0;SEM INFORMAÇÃO	;RIO DE JANEIRO;ANGRA DOS REIS;PELE DO MEMBRO INFERIOR E DO QUADRIL;C447;MELANOMA MALIGNO, SOE;87203;MELANOMA MALIGNO DO MEMBRO INFERIOR E QUADRIL;C437;;;;;false;HISTOLOGIA DO TUMOR PRIMÁRIO;SEM INFORMAÇÃO;;;;;CÂNCER;08/03/2021;;25/09/2016;;
1220340;RCBP ANGRA DOS REIS;FEMININO;01/03/1971;45;BRANCO;BRASIL;RIO DE JANEIRO;;FUNDAMENTAL I (1ª A 4ª SÉRIE);SOLTEIRO;514;TRABALHADORES NOS SERVIÇOS DE ADMINISTRAÇÃO, CONSERVAÇÃO E MANUTENÇÃO DE EDIFÍCIOS E LOGRADOUROS  	;RIO DE JANEIRO;ANGRA DOS REIS;ECTOCERVIX;C531;CARCINOMA ESCAMOCELULAR, SOE;80703;ECTOCERVIX;C531;;;;;false;HISTOLOGIA DO TUMOR PRIMÁRIO;SEM INFORMAÇÃO;;;;;;;;05/05/2016;;
1220495;RCBP ANGRA DOS REIS;MASCULINO;19/09/1931;84;BRANCO;BRASIL;RIO DE JANEIRO;;SEM INFORMAÇÃO;SEM INFORMAÇÃO;0;SEM INFORMAÇÃO	;RIO DE JANEIRO;ANGRA DOS REIS;PELE, SOE;C449;CARCINOMA BASOCELULAR, SOE;80903;NEOPLASIA MALIGNA DA PELE;C449;;;;;false;HISTOLOGIA DA METÁSTASE;METÁSTASE;;;;;;;;15/06/2016;;
1220455;RCBP ANGRA DOS REIS;FEMININO;10/04/2014;2;BRANCO;BRASIL;RIO DE JANEIRO;ANGRA DOS REIS;SEM INFORMAÇÃO;SEM INFORMAÇÃO;0;SEM INFORMAÇÃO	;RIO DE JANEIRO;ANGRA DOS REIS;MEDULA OSSEA;C421;LEUCEMIA LINFOBLASTICA DE CELULAS PRECURSORAS,SOE;98353;LEUCEMIA LINFOBLASTICA AGUDA;C910;Leucemias linfóides;I-A;;;false;PESQUISA;NÃO SE APLICA;;;;;;;;30/09/2016;;
1220438;RCBP ANGRA DOS REIS;FEMININO;31/12/1963;52;BRANCO;BRASIL;CEARÁ;IPU;FUNDAMENTAL I (1ª A 4ª SÉRIE);SOLTEIRO;0;SEM INFORMAÇÃO	;RIO DE JANEIRO;ANGRA DOS REIS;OVARIO, SOE;C569;CARCINOMA PAPILAR DE SUPERFICIE SEROSA;84613;OVARIO;C56;;;;;false;HISTOLOGIA DO TUMOR PRIMÁRIO;METÁSTASE;;;;;;;;17/11/2016;;
1220414;RCBP ANGRA DOS REIS;FEMININO;01/01/1961;55;PARDA;BRASIL;RIO DE JANEIRO;BARRA MANSA;SEM INFORMAÇÃO;SEM INFORMAÇÃO;0;SEM INFORMAÇÃO	;RIO DE JANEIRO;ANGRA DOS REIS;MAMA , SOE;C509;CARCINOMA DUCTAL INFILTRANTE;85003;MAMA , SOE;C509;;;;;false;HISTOLOGIA DO TUMOR PRIMÁRIO;METÁSTASE;;;;;;;;16/12/2016;;
1220403;RCBP ANGRA DOS REIS;MASCULINO;17/07/1964;51;PRETA;BRASIL;RIO DE JANEIRO;;FUNDAMENTAL I (1ª A 4ª SÉRIE);SOLTEIRO;0;SEM INFORMAÇÃO	;RIO DE JANEIRO;ANGRA DOS REIS;PELE DO MEMBRO INFERIOR E DO QUADRIL;C447;MELANOMA LENTIGINOSO MALIGNO DAS EXTREMIDADES;87443;MELANOMA MALIGNO DO MEMBRO INFERIOR E QUADRIL;C437;;;;;false;HISTOLOGIA DO TUMOR PRIMÁRIO;SEM INFORMAÇÃO;;;;;;;;05/05/2016;;
1220384;RCBP ANGRA DOS REIS;FEMININO;25/08/1954;61;PRETA;BRASIL;MINAS GERAIS;GUIDOVAL;SEM INFORMAÇÃO;SEM INFORMAÇÃO;0;SEM INFORMAÇÃO	;RIO DE JANEIRO;ANGRA DOS REIS;MAMA , SOE;C509;CARCINOMA DUCTAL INFILTRANTE;85003;MAMA , SOE;C509;;;;;false;HISTOLOGIA DO TUMOR PRIMÁRIO;SEM INFORMAÇÃO;;;;;;;;12/04/2016;;
1220493;RCBP ANGRA DOS REIS;FEMININO;08/05/1963;53;SEM INFORMAÇÃO;BRASIL;RIO DE JANEIRO;ANGRA DOS REIS;SEM INFORMAÇÃO;SEM INFORMAÇÃO;0;SEM INFORMAÇÃO	;RIO DE JANEIRO;ANGRA DOS REIS;MAMA , SOE;C509;CARCINOMA DUCTAL INFILTRANTE;85003;MAMA , SOE;C509;;;;;false;HISTOLOGIA DO TUMOR PRIMÁRIO;SEM INFORMAÇÃO;;;;;;;;15/06/2016;;
1220494;RCBP ANGRA DOS REIS;FEMININO;02/03/1953;63;PARDA;BRASIL;Não informado;;FUNDAMENTAL II (5ª A 8ª SÉRIE);CASADO;0;SEM INFORMAÇÃO	;RIO DE JANEIRO;ANGRA DOS REIS;MAMILO;C500;NEOPLASIA MALIGNA;80003;MAMILO E AREOLA;C500;;;;;false;SDO;SEM INFORMAÇÃO;SEM INFORMAÇÃO;99 - SEM INFORMAÇÃO;999;MORTO;CÂNCER;03/12/2016;03/12/2016;03/12/2016;;
1220490;RCBP ANGRA DOS REIS;MASCULINO;02/05/1971;45;SEM INFORMAÇÃO;BRASIL;RIO DE JANEIRO;ANGRA DOS REIS;SEM INFORMAÇÃO;CASADO;0;SEM INFORMAÇÃO	;RIO DE JANEIRO;ANGRA DOS REIS;ESTOMAGO, SOE;C169;ADENOCARCINOMA, SOE;81403;ESTOMAGO, SOE;C169;;;;;false;HISTOLOGIA DO TUMOR PRIMÁRIO;SEM INFORMAÇÃO;;;;;;;;01/08/2016;;
1220491;RCBP ANGRA DOS REIS;FEMININO;10/03/1970;46;BRANCO;BRASIL;BAHIA;MARAÚ;FUNDAMENTAL II (5ª A 8ª SÉRIE);SOLTEIRO;513;TRABALHADORES DOS SERVIÇOS DE HOTELARIA E ALIMENTAÇÃO 	;RIO DE JANEIRO;ANGRA DOS REIS;UTERO, SOE;C559;CARCINOMA ESCAMOCELULAR, SOE;80703;UTERO, SOE;C55;;;;;false;HISTOLOGIA DO TUMOR PRIMÁRIO;SEM INFORMAÇÃO;SEM INFORMAÇÃO;99 - SEM INFORMAÇÃO;999;MORTO;CÂNCER;12/06/2016;12/06/2016;18/03/2016;;
1220492;RCBP ANGRA DOS REIS;FEMININO;12/02/1950;66;BRANCO;BRASIL;Não informado;;FUNDAMENTAL II (5ª A 8ª SÉRIE);SOLTEIRO;515;TRABALHADORES DOS SERVIÇOS DE SAÚDE  	;RIO DE JANEIRO;ANGRA DOS REIS;PULMAO, SOE;C349;NEOPLASIA MALIGNA;80003;BRONQUIOS OU PULMOES, SOE;C349;;;;;false;HISTOLOGIA DO TUMOR PRIMÁRIO;SEM INFORMAÇÃO;SEM INFORMAÇÃO;99 - SEM INFORMAÇÃO;999;MORTO;NÃO CÂNCER;22/08/2016;22/08/2016;21/04/2016;;
1220496;RCBP ANGRA DOS REIS;MASCULINO;21/08/1940;75;PARDA;BRASIL;RIO DE JANEIRO;ANGRA DOS REIS;SEM INFORMAÇÃO;SEM INFORMAÇÃO;0;SEM INFORMAÇÃO	;RIO DE JANEIRO;ANGRA DOS REIS;FIGADO, SOE;C220;CARCINOMA HEPATOCELULAR, SOE;81703;CARCINOMA DE CELULAS HEPATICAS;C220;;;;;false;HISTOLOGIA DO TUMOR PRIMÁRIO;SEM INFORMAÇÃO;;;;;;;;22/06/2016;;
1220497;RCBP ANGRA DOS REIS;FEMININO;28/11/1954;61;BRANCO;BRASIL;RIO DE JANEIRO;NOVA IGUAÇU;MÉDIO (ANTIGO SEGUNDO GRAU);SOLTEIRO;0;SEM INFORMAÇÃO	;RIO DE JANEIRO;ANGRA DOS REIS;PULMAO, SOE;C349;ADENOCARCINOMA BRONQUIOLO-ALVEOLAR, SOE;82503;BRONQUIOS OU PULMOES, SOE;C349;;;;;false;HISTOLOGIA DO TUMOR PRIMÁRIO;SEM INFORMAÇÃO;SEM INFORMAÇÃO;99 - SEM INFORMAÇÃO;999;MORTO;CÂNCER;16/02/2016;16/02/2016;01/02/2016;;
1220468;RCBP ANGRA DOS REIS;FEMININO;27/07/1967;49;BRANCO;BRASIL;Não informado;;FUNDAMENTAL II (5ª A 8ª SÉRIE);CASADO;0;SEM INFORMAÇÃO	;RIO DE JANEIRO;ANGRA DOS REIS;ESTOMAGO, SOE;C169;NEOPLASIA MALIGNA;80003;ESTOMAGO, SOE;C169;;;;;false;SDO;SEM INFORMAÇÃO;SEM INFORMAÇÃO;99 - SEM INFORMAÇÃO;999;MORTO;CÂNCER;29/11/2016;29/11/2016;29/11/2016;;
1220469;RCBP ANGRA DOS REIS;MASCULINO;16/12/1995;20;BRANCO;BRASIL;RIO DE JANEIRO;;SEM INFORMAÇÃO;SEM INFORMAÇÃO;0;SEM INFORMAÇÃO	;RIO DE JANEIRO;ANGRA DOS REIS;MEDULA OSSEA;C421;LEUCEMIA LINFOIDE, SOE;98203;LEUCEMIA LINFOIDE, SOE;C919;;;OUTRAS INESPECÍFICAS;1.4;false;PESQUISA;NÃO SE APLICA;;;;;;;;16/05/2016;;
1220470;RCBP ANGRA DOS REIS;FEMININO;24/01/1951;65;SEM INFORMAÇÃO;BRASIL;MINAS GERAIS;BELO HORIZONTE;SEM INFORMAÇÃO;SEM INFORMAÇÃO;0;SEM INFORMAÇÃO	;RIO DE JANEIRO;ANGRA DOS REIS;ESTOMAGO, SOE;C169;CARCINOMA, TIPO DIFUSO;81453;ESTOMAGO, SOE;C169;;;;;false;HISTOLOGIA DO TUMOR PRIMÁRIO;SEM INFORMAÇÃO;;;;;;;;15/10/2016;;
1220471;RCBP ANGRA DOS REIS;FEMININO;24/01/1982;34;BRANCO;BRASIL;RIO DE JANEIRO;ANGRA DOS REIS;SEM INFORMAÇÃO;SOLTEIRO;232;PROFESSORES DO ENSINO MÉDIO   	;RIO DE JANEIRO;ANGRA DOS REIS;LOCALIZACAO PRIMARIA DESCONHECIDA, SOE;C809;NEOPLASIA MALIGNA;80003;LOCALIZACAO PRIMARIA DESCONHECIDA;C80;;;;;false;PESQUISA;METÁSTASE;SEM INFORMAÇÃO;99 - SEM INFORMAÇÃO;999;MORTO;CÂNCER;14/07/2016;14/07/2016;15/06/2016;;
1220472;RCBP ANGRA DOS REIS;FEMININO;06/01/1960;56;BRANCO;BRASIL;PARAÍBA;MATO GROSSO;SEM INFORMAÇÃO;UNIÃO CONSENSUAL;0;SEM INFORMAÇÃO	;RIO DE JANEIRO;ANGRA DOS REIS;FIGADO, SOE;C220;CARCINOMA HEPATOCELULAR, SOE;81703;CARCINOMA DE CELULAS HEPATICAS;C220;;;;;false;HISTOLOGIA DO TUMOR PRIMÁRIO;SEM INFORMAÇÃO;;;;;;;;11/02/2016;;
1220473;RCBP ANGRA DOS REIS;FEMININO;24/04/1966;50;PARDA;BRASIL;Não informado;;SEM ESCOLARIDADE;SOLTEIRO;516;TRABALHADORES NOS SERVIÇOS DE EMBELEZAMENTO E CUIDADOS PESSOAIS   	;RIO DE JANEIRO;ANGRA DOS REIS;LINFONODO, SOE;C779;LINFOMA MALIGNO, CELS. GRANDES B, DIFUSO, SOE;96803;GRANDES CELULAS (DIFUSO);C833;;;;;false;SDO;NÃO SE APLICA;SEM INFORMAÇÃO;99 - SEM INFORMAÇÃO;999;MORTO;CÂNCER;15/09/2016;15/09/2016;15/09/2016;;
1220474;RCBP ANGRA DOS REIS;FEMININO;20/02/1967;49;SEM INFORMAÇÃO;BRASIL;RIO DE JANEIRO;ANGRA DOS REIS;SEM INFORMAÇÃO;SEM INFORMAÇÃO;0;SEM INFORMAÇÃO	;RIO DE JANEIRO;ANGRA DOS REIS;TRATO INTESTINAL, SOE;C260;CARCINOMA, SOE;80103;TRATO INTESTINAL, SOE;C260;;;;;false;HISTOLOGIA DO TUMOR PRIMÁRIO;SEM INFORMAÇÃO;;;;;;;;14/10/2016;;
1220475;RCBP ANGRA DOS REIS;MASCULINO;11/12/1938;77;SEM INFORMAÇÃO;BRASIL;RIO DE JANEIRO;RIO DE JANEIRO;SEM INFORMAÇÃO;SEM INFORMAÇÃO;0;SEM INFORMAÇÃO	;RIO DE JANEIRO;ANGRA DOS REIS;PROSTATA, SOE;C619;ADENOCARCINOMA, SOE;81403;PROSTATA;C61;;;;;false;HISTOLOGIA DO TUMOR PRIMÁRIO;SEM INFORMAÇÃO;;;;;CÂNCER;10/06/2016;;15/02/2016;;
1220476;RCBP ANGRA DOS REIS;MASCULINO;05/09/1959;56;PARDA;BRASIL;Não informado;;FUNDAMENTAL II (5ª A 8ª SÉRIE);CASADO;842;OPERADORES NA PREPARAÇÃO DE FUMO E NA FABRICAÇÃO DE CHARUTOS E CIGARROS   	;RIO DE JANEIRO;ANGRA DOS REIS;RIM, SOE;C649;NEOPLASIA MALIGNA;80003;RIM;C64;;;;;false;SDO;METÁSTASE;SEM INFORMAÇÃO;99 - SEM INFORMAÇÃO;999;MORTO;CÂNCER;21/08/2016;21/08/2016;21/08/2016;;
1220477;RCBP ANGRA DOS REIS;MASCULINO;30/01/1938;78;PRETA;BRASIL;RIO DE JANEIRO;ANGRA DOS REIS;SEM ESCOLARIDADE;CASADO;0;SEM INFORMAÇÃO	;RIO DE JANEIRO;ANGRA DOS REIS;ESTOMAGO, SOE;C169;CARCINOMA, TIPO DIFUSO;81453;ESTOMAGO, SOE;C169;;;;;false;HISTOLOGIA DO TUMOR PRIMÁRIO;SEM INFORMAÇÃO;SEM INFORMAÇÃO;99 - SEM INFORMAÇÃO;999;MORTO;CÂNCER;24/06/2016;24/06/2016;03/06/2016;;
1220478;RCBP ANGRA DOS REIS;MASCULINO;30/06/1939;77;PARDA;BRASIL;RIO DE JANEIRO;;FUNDAMENTAL I (1ª A 4ª SÉRIE);VIÚVO;717;AJUDANTES DE OBRAS	;RIO DE JANEIRO;ANGRA DOS REIS;BEXIGA, SOE;C679;NEOPLASIA MALIGNA;80003;BEXIGA, SOE;C679;;;;;false;PESQUISA;SEM INFORMAÇÃO;SEM INFORMAÇÃO;99 - SEM INFORMAÇÃO;999;MORTO;CÂNCER;20/11/2016;20/11/2016;18/11/2016;;
1220479;RCBP ANGRA DOS REIS;MASCULINO;29/04/1938;78;BRANCO;BRASIL;Não informado;;FUNDAMENTAL I (1ª A 4ª SÉRIE);VIÚVO;232;PROFESSORES DO ENSINO MÉDIO   	;RIO DE JANEIRO;ANGRA DOS REIS;ESOFAGO, SOE;C159;NEOPLASIA MALIGNA;80003;ESOFAGO, SOE;C159;;;;;false;SDO;SEM INFORMAÇÃO;SEM INFORMAÇÃO;99 - SEM INFORMAÇÃO;999;MORTO;CÂNCER;26/09/2016;26/09/2016;26/09/2016;;
1220480;RCBP ANGRA DOS REIS;MASCULINO;27/10/1932;83;BRANCO;ITALIA;Não informado;Não Informado;MÉDIO (ANTIGO SEGUNDO GRAU);CASADO;0;SEM INFORMAÇÃO	;RIO DE JANEIRO;ANGRA DOS REIS;FIGADO, SOE;C220;CARCINOMA HEPATOCELULAR, SOE;81703;CARCINOMA DE CELULAS HEPATICAS;C220;;;;;false;HISTOLOGIA DO TUMOR PRIMÁRIO;SEM INFORMAÇÃO;;;;;;;;01/07/2016;;
1220481;RCBP ANGRA DOS REIS;MASCULINO;03/05/1951;65;PARDA;BRASIL;Não informado;;FUNDAMENTAL II (5ª A 8ª SÉRIE);SEPARADO JUDICIALMENTE;232;PROFESSORES DO ENSINO MÉDIO   	;RIO DE JANEIRO;ANGRA DOS REIS;LINFONODO, SOE;C779;LINFOMA DE HODGKIN, SOE;96503;DOENCA DE HODGKIN, SOE;C819;;;;;false;SDO;NÃO SE APLICA;SEM INFORMAÇÃO;99 - SEM INFORMAÇÃO;999;MORTO;CÂNCER;25/12/2016;25/12/2016;25/12/2016;;
1220482;RCBP ANGRA DOS REIS;FEMININO;10/07/1973;43;SEM INFORMAÇÃO;BRASIL;RIO DE JANEIRO;ANGRA DOS REIS;SEM INFORMAÇÃO;SEM INFORMAÇÃO;0;SEM INFORMAÇÃO	;RIO DE JANEIRO;ANGRA DOS REIS;UTERO, SOE;C559;CARCINOMA ESCAMOCELULAR, SOE;80703;UTERO, SOE;C55;;;;;false;HISTOLOGIA DO TUMOR PRIMÁRIO;SEM INFORMAÇÃO;;;;;;;;15/07/2016;;
1220483;RCBP ANGRA DOS REIS;FEMININO;20/08/1973;42;BRANCO;BRASIL;Não informado;Não Informado;SEM INFORMAÇÃO;SEM INFORMAÇÃO;0;SEM INFORMAÇÃO	;RIO DE JANEIRO;ANGRA DOS REIS;MAMA , SOE;C509;CARCINOMA DUCTAL INFILTRANTE;85003;MAMA , SOE;C509;;;;;false;HISTOLOGIA DO TUMOR PRIMÁRIO;SEM INFORMAÇÃO;;;;;;;;05/07/2016;;
1220484;RCBP ANGRA DOS REIS;FEMININO;06/03/1958;58;SEM INFORMAÇÃO;BRASIL;RIO DE JANEIRO;ANGRA DOS REIS;SEM INFORMAÇÃO;SEM INFORMAÇÃO;0;SEM INFORMAÇÃO	;RIO DE JANEIRO;ANGRA DOS REIS;COLO DO UTERO, SOE;C539;CARCINOMA ESCAMOCELULAR, SOE;80703;COLO DO UTERO, SOE;C539;;;;;false;HISTOLOGIA DO TUMOR PRIMÁRIO;SEM INFORMAÇÃO;;;;;;;;30/10/2016;;
1220485;RCBP ANGRA DOS REIS;FEMININO;06/05/1936;79;BRANCO;BRASIL;Não informado;;SUPERIOR COMPLETO;VIÚVO;333;INSTRUTORES E PROFESSORES DE ESCOLAS LIVRES   	;RIO DE JANEIRO;ANGRA DOS REIS;CABECA DO PANCREAS;C250;NEOPLASIA MALIGNA;80003;CABECA DO PANCREAS;C250;;;;;false;SDO;SEM INFORMAÇÃO;SEM INFORMAÇÃO;99 - SEM INFORMAÇÃO;999;MORTO;CÂNCER;12/04/2016;12/04/2016;12/04/2016;;
1220486;RCBP ANGRA DOS REIS;FEMININO;25/11/1948;67;AMARELA;BRASIL;MINAS GERAIS;NOVA LIMA;SEM INFORMAÇÃO;SEM INFORMAÇÃO;0;SEM INFORMAÇÃO	;RIO DE JANEIRO;ANGRA DOS REIS;UTERO, SOE;C559;CARCINOMA ESCAMOCELULAR, SOE;80703;UTERO, SOE;C55;;;;;false;HISTOLOGIA DO TUMOR PRIMÁRIO;SEM INFORMAÇÃO;;;;;;;;18/11/2016;;
1220487;RCBP ANGRA DOS REIS;FEMININO;02/06/1957;58;BRANCO;BRASIL;RIO DE JANEIRO;RIO DE JANEIRO;SEM INFORMAÇÃO;SEM INFORMAÇÃO;0;SEM INFORMAÇÃO	;RIO DE JANEIRO;ANGRA DOS REIS;COLON, SOE;C189;ADENOCARCINOMA, SOE;81403;COLON, SOE;C189;;;;;false;HISTOLOGIA DO TUMOR PRIMÁRIO;SEM INFORMAÇÃO;;;;;;;;11/03/2016;;
1220488;RCBP ANGRA DOS REIS;FEMININO;01/03/1952;64;PRETA;BRASIL;RIO DE JANEIRO;ANGRA DOS REIS;FUNDAMENTAL I (1ª A 4ª SÉRIE);VIÚVO;0;SEM INFORMAÇÃO	;RIO DE JANEIRO;ANGRA DOS REIS;CARDIA, SOE;C160;NEOPLASIA MALIGNA;80003;CARDIA;C160;;;;;false;HISTOLOGIA DO TUMOR PRIMÁRIO;SEM INFORMAÇÃO;SEM INFORMAÇÃO;99 - SEM INFORMAÇÃO;999;MORTO;CÂNCER;24/04/2016;24/04/2016;15/04/2016;;
1220489;RCBP ANGRA DOS REIS;FEMININO;23/09/1948;67;BRANCO;BRASIL;Não informado;;SEM ESCOLARIDADE;CASADO;513;TRABALHADORES DOS SERVIÇOS DE HOTELARIA E ALIMENTAÇÃO 	;RIO DE JANEIRO;ANGRA DOS REIS;OVARIO, SOE;C569;NEOPLASIA MALIGNA;80003;OVARIO;C56;;;;;false;SDO;SEM INFORMAÇÃO;;;;;NÃO CÂNCER;08/07/2016;;08/07/2016;;
1220436;RCBP ANGRA DOS REIS;FEMININO;27/03/1933;83;BRANCO;BRASIL;Não informado;;SUPERIOR COMPLETO;CASADO;0;SEM INFORMAÇÃO	;RIO DE JANEIRO;ANGRA DOS REIS;TIREOIDE, SOE;C739;ADENOCARCINOMA FOLICULAR, SOE;83303;GLANDULA TIREOIDE;C73;;;;;false;HISTOLOGIA DO TUMOR PRIMÁRIO;SEM INFORMAÇÃO;SEM INFORMAÇÃO;99 - SEM INFORMAÇÃO;999;MORTO;CÂNCER;30/06/2016;30/06/2016;15/06/2016;;
1220437;RCBP ANGRA DOS REIS;FEMININO;19/11/1964;51;PARDA;BRASIL;Não informado;;MÉDIO (ANTIGO SEGUNDO GRAU);CASADO;512;TRABALHADORES DOS SERVIÇOS DOMÉSTICOS EM GERAL	;RIO DE JANEIRO;ANGRA DOS REIS;PULMAO, SOE;C349;NEOPLASIA MALIGNA;80003;BRONQUIOS OU PULMOES, SOE;C349;;;;;false;SDO;SEM INFORMAÇÃO;SEM INFORMAÇÃO;99 - SEM INFORMAÇÃO;999;MORTO;CÂNCER;28/07/2016;28/07/2016;28/07/2016;;
1220439;RCBP ANGRA DOS REIS;FEMININO;25/08/1956;60;BRANCO;BRASIL;CEARÁ;BREJO SANTO;FUNDAMENTAL I (1ª A 4ª SÉRIE);VIÚVO;0;SEM INFORMAÇÃO	;RIO DE JANEIRO;ANGRA DOS REIS;PANCREAS, SOE;C259;NEOPLASIA MALIGNA;80003;PANCREAS, SOE;C259;;;;;false;HISTOLOGIA DO TUMOR PRIMÁRIO;SEM INFORMAÇÃO;SEM INFORMAÇÃO;99 - SEM INFORMAÇÃO;999;MORTO;CÂNCER;10/11/2016;10/11/2016;15/09/2016;;
1220440;RCBP ANGRA DOS REIS;FEMININO;17/05/1957;59;BRANCO;BRASIL;RIO DE JANEIRO;;FUNDAMENTAL I (1ª A 4ª SÉRIE);CASADO;763;TRABALHADORES DA CONFECÇÃO DE ROUPAS 	;RIO DE JANEIRO;ANGRA DOS REIS;QUADRANTE SUPERIOR EXTERNO DA MAMA;C504;CARCINOMA DUCTAL INFILTRANTE;85003;QUADRANTE SUPERIOR EXTERNO DA MAMA;C504;;;;;false;HISTOLOGIA DO TUMOR PRIMÁRIO;METÁSTASE;;;;;;;;07/12/2016;;
1220441;RCBP ANGRA DOS REIS;FEMININO;21/09/1952;63;SEM INFORMAÇÃO;BRASIL;RIO DE JANEIRO;RIO DE JANEIRO;SEM INFORMAÇÃO;SEM INFORMAÇÃO;0;SEM INFORMAÇÃO	;RIO DE JANEIRO;ANGRA DOS REIS;MAMA , SOE;C509;CARCINOMA DUCTAL INFILTRANTE;85003;MAMA , SOE;C509;;;;;false;HISTOLOGIA DO TUMOR PRIMÁRIO;SEM INFORMAÇÃO;;;;;;;;02/06/2016;;
1220442;RCBP ANGRA DOS REIS;FEMININO;30/04/1958;58;BRANCO;BRASIL;RIO DE JANEIRO;;FUNDAMENTAL I (1ª A 4ª SÉRIE);SOLTEIRO;0;SEM INFORMAÇÃO	;RIO DE JANEIRO;ANGRA DOS REIS;QUADRANTE SUPERIOR EXTERNO DA MAMA;C504;CARCINOMA DUCTAL INFILTRANTE;85003;QUADRANTE SUPERIOR EXTERNO DA MAMA;C504;;;;;false;HISTOLOGIA DO TUMOR PRIMÁRIO;SEM INFORMAÇÃO;;;;;;;;26/07/2016;;
1220443;RCBP ANGRA DOS REIS;FEMININO;23/05/1959;57;PRETA;BRASIL;RIO DE JANEIRO;ANGRA DOS REIS;SEM INFORMAÇÃO;SEM INFORMAÇÃO;0;SEM INFORMAÇÃO	;RIO DE JANEIRO;ANGRA DOS REIS;PULMAO, SOE;C349;CARCINOMA "OAT CELL";80423;BRONQUIOS OU PULMOES, SOE;C349;;;;;false;HISTOLOGIA DO TUMOR PRIMÁRIO;SEM INFORMAÇÃO;;;;;;;;11/10/2016;;
1220444;RCBP ANGRA DOS REIS;MASCULINO;19/06/1958;58;BRANCO;BRASIL;RIO DE JANEIRO;ANGRA DOS REIS;FUNDAMENTAL II (5ª A 8ª SÉRIE);SEM INFORMAÇÃO;0;SEM INFORMAÇÃO	;RIO DE JANEIRO;ANGRA DOS REIS;ASSOALHO DA BOCA, SOE;C049;CARCINOMA ESCAMOCELULAR, SOE;80703;ASSOALHO DA BOCA, SOE;C049;;;;;false;HISTOLOGIA DO TUMOR PRIMÁRIO;SEM INFORMAÇÃO;;;;;;;;14/07/2016;;
1220445;RCBP ANGRA DOS REIS;MASCULINO;13/02/1951;65;AMARELA;BRASIL;Não informado;;FUNDAMENTAL II (5ª A 8ª SÉRIE);SEPARADO JUDICIALMENTE;232;PROFESSORES DO ENSINO MÉDIO   	;RIO DE JANEIRO;ANGRA DOS REIS;PROSTATA, SOE;C619;NEOPLASIA MALIGNA;80003;PROSTATA;C61;;;;;false;SDO;SEM INFORMAÇÃO;SEM INFORMAÇÃO;99 - SEM INFORMAÇÃO;999;MORTO;CÂNCER;07/10/2016;07/10/2016;07/10/2016;;
1220446;RCBP ANGRA DOS REIS;FEMININO;28/01/1955;61;BRANCO;BRASIL;RIO DE JANEIRO;VOLTA REDONDA;SEM INFORMAÇÃO;SEM INFORMAÇÃO;0;SEM INFORMAÇÃO	;RIO DE JANEIRO;ANGRA DOS REIS;NASOFARINGE, SOE;C119;CARCINOMA, SOE;80103;NASOFARINGE, SOE;C119;;;;;false;HISTOLOGIA DO TUMOR PRIMÁRIO;SEM INFORMAÇÃO;;;;;;;;31/03/2016;;
1220447;RCBP ANGRA DOS REIS;FEMININO;22/04/1953;63;PARDA;BRASIL;Não informado;;SEM INFORMAÇÃO;CASADO;0;SEM INFORMAÇÃO	;RIO DE JANEIRO;ANGRA DOS REIS;UTERO, SOE;C559;NEOPLASIA MALIGNA;80003;UTERO, SOE;C55;;;;;false;SDO;METÁSTASE;SEM INFORMAÇÃO;99 - SEM INFORMAÇÃO;999;MORTO;CÂNCER;24/12/2016;24/12/2016;24/12/2016;;
1220448;RCBP ANGRA DOS REIS;FEMININO;06/08/1938;77;AMARELA;BRASIL;Não informado;Não Informado;SEM INFORMAÇÃO;SEM INFORMAÇÃO;0;SEM INFORMAÇÃO	;RIO DE JANEIRO;ANGRA DOS REIS;PANCREAS, SOE;C259;ADENOCARCINOMA EXOCRINO MISTO, DE CEL. DAS ILHOTAS;81543;PANCREAS, SOE;C259;;;;;false;HISTOLOGIA DO TUMOR PRIMÁRIO;SEM INFORMAÇÃO;;;;;;;;28/01/2016;;
1220449;RCBP ANGRA DOS REIS;FEMININO;03/05/1957;59;PARDA;BRASIL;MARANHÃO;SÃO LUÍS;SEM INFORMAÇÃO;SEM INFORMAÇÃO;0;SEM INFORMAÇÃO	;RIO DE JANEIRO;ANGRA DOS REIS;ESTOMAGO, SOE;C169;CARCINOMA, SOE;80103;ESTOMAGO, SOE;C169;;;;;false;HISTOLOGIA DO TUMOR PRIMÁRIO;METÁSTASE;;;;;;;;28/12/2016;;
1220450;RCBP ANGRA DOS REIS;MASCULINO;16/06/1927;89;PARDA;BRASIL;Não informado;;SEM ESCOLARIDADE;VIÚVO;842;OPERADORES NA PREPARAÇÃO DE FUMO E NA FABRICAÇÃO DE CHARUTOS E CIGARROS   	;RIO DE JANEIRO;ANGRA DOS REIS;PULMAO, SOE;C349;NEOPLASIA MALIGNA;80003;BRONQUIOS OU PULMOES, SOE;C349;;;;;false;PESQUISA;SEM INFORMAÇÃO;SEM INFORMAÇÃO;99 - SEM INFORMAÇÃO;999;MORTO;CÂNCER;17/10/2016;17/10/2016;11/10/2016;;
1220451;RCBP ANGRA DOS REIS;FEMININO;26/06/1955;61;BRANCO;BRASIL;RIO DE JANEIRO;ANGRA DOS REIS;SUPERIOR COMPLETO;SOLTEIRO;513;TRABALHADORES DOS SERVIÇOS DE HOTELARIA E ALIMENTAÇÃO 	;RIO DE JANEIRO;ANGRA DOS REIS;PELVE RENAL, SOE;C659;NEOPLASIA MALIGNA;80003;PELVE RENAL;C65;;;;;false;HISTOLOGIA DO TUMOR PRIMÁRIO;SEM INFORMAÇÃO;SEM INFORMAÇÃO;99 - SEM INFORMAÇÃO;999;MORTO;CÂNCER;23/07/2016;23/07/2016;18/07/2016;;
1220452;RCBP ANGRA DOS REIS;MASCULINO;15/10/1946;69;BRANCO;BRASIL;RIO DE JANEIRO;BARRA MANSA;FUNDAMENTAL I (1ª A 4ª SÉRIE);CASADO;842;OPERADORES NA PREPARAÇÃO DE FUMO E NA FABRICAÇÃO DE CHARUTOS E CIGARROS   	;RIO DE JANEIRO;ANGRA DOS REIS;PROSTATA, SOE;C619;ADENOCARCINOMA, SOE;81403;PROSTATA;C61;;;;;false;HISTOLOGIA DO TUMOR PRIMÁRIO;SEM INFORMAÇÃO;SEM INFORMAÇÃO;99 - SEM INFORMAÇÃO;999;MORTO;NÃO CÂNCER;16/02/2016;16/02/2016;16/02/2016;;
1220453;RCBP ANGRA DOS REIS;MASCULINO;09/01/1954;62;BRANCO;BRASIL;Não informado;;MÉDIO (ANTIGO SEGUNDO GRAU);CASADO;0;SEM INFORMAÇÃO	;RIO DE JANEIRO;ANGRA DOS REIS;JEJUNO;C171;NEOPLASIA MALIGNA;80003;JEJUNO;C171;;;;;false;SDO;SEM INFORMAÇÃO;SEM INFORMAÇÃO;99 - SEM INFORMAÇÃO;999;MORTO;CÂNCER;05/04/2016;05/04/2016;05/04/2016;;
1220454;RCBP ANGRA DOS REIS;FEMININO;06/03/1961;55;BRANCO;BRASIL;RIO DE JANEIRO;ANGRA DOS REIS;MÉDIO (ANTIGO SEGUNDO GRAU);SOLTEIRO;0;SEM INFORMAÇÃO	;RIO DE JANEIRO;ANGRA DOS REIS;CEREBRO;C710;NEOPLASIA MALIGNA;80003;CEREBRO;C710;;;;;false;PESQUISA;SEM INFORMAÇÃO;SEM INFORMAÇÃO;99 - SEM INFORMAÇÃO;999;MORTO;CÂNCER;11/11/2016;11/11/2016;26/10/2016;;
1220466;RCBP ANGRA DOS REIS;FEMININO;18/08/1940;75;BRANCO;BRASIL;RIO DE JANEIRO;;SEM ESCOLARIDADE;VIÚVO;0;SEM INFORMAÇÃO	;RIO DE JANEIRO;ANGRA DOS REIS;ESOFAGO, SOE;C159;NEOPLASIA MALIGNA;80003;ESOFAGO, SOE;C159;;;;;false;HISTOLOGIA DA METÁSTASE;METÁSTASE;SEM INFORMAÇÃO;99 - SEM INFORMAÇÃO;999;MORTO;CÂNCER;17/09/2016;17/09/2016;15/06/2016;;
1220467;RCBP ANGRA DOS REIS;FEMININO;27/03/1990;26;BRANCO;BRASIL;RIO DE JANEIRO;ANGRA DOS REIS;SEM INFORMAÇÃO;SEM INFORMAÇÃO;0;SEM INFORMAÇÃO	;RIO DE JANEIRO;ANGRA DOS REIS;MAMA , SOE;C509;CARCINOMA DUCTAL INFILTRANTE;85003;MAMA , SOE;C509;;;CARCINOMA DE MAMA;8.4;false;HISTOLOGIA DO TUMOR PRIMÁRIO;SEM INFORMAÇÃO;;;;;;;;15/11/2016;;
1220415;RCBP ANGRA DOS REIS;MASCULINO;04/12/1983;32;PRETA;BRASIL;RIO DE JANEIRO;ANGRA DOS REIS;FUNDAMENTAL II (5ª A 8ª SÉRIE);CASADO;513;TRABALHADORES DOS SERVIÇOS DE HOTELARIA E ALIMENTAÇÃO 	;RIO DE JANEIRO;ANGRA DOS REIS;MEDIASTINO, SOE;C383;NEOPLASIA MALIGNA;80003;MEDIASTINO, PORCAO NAO ESPECIFICADA;C383;;;;;false;HISTOLOGIA DO TUMOR PRIMÁRIO;SEM INFORMAÇÃO;;;;;;;;26/02/2016;;
1220416;RCBP ANGRA DOS REIS;MASCULINO;30/01/1956;60;SEM INFORMAÇÃO;BRASIL;RIO DE JANEIRO;RIO DE JANEIRO;SEM INFORMAÇÃO;SEM INFORMAÇÃO;0;SEM INFORMAÇÃO	;RIO DE JANEIRO;ANGRA DOS REIS;CABECA DO PANCREAS;C250;NEOPLASIA MALIGNA;80003;CABECA DO PANCREAS;C250;;;;;false;HISTOLOGIA DO TUMOR PRIMÁRIO;SEM INFORMAÇÃO;;;;;;;;18/05/2016;;
1220417;RCBP ANGRA DOS REIS;MASCULINO;21/01/1968;48;PARDA;BRASIL;RIO DE JANEIRO;ANGRA DOS REIS;MÉDIO (ANTIGO SEGUNDO GRAU);CASADO;423;DESPACHANTES  	;RIO DE JANEIRO;ANGRA DOS REIS;RIM, SOE;C649;CARCINOMA DE DUCTOS COLETORES;83193;RIM;C64;;;;;false;HISTOLOGIA DO TUMOR PRIMÁRIO;SEM INFORMAÇÃO;;;;;;;;31/03/2016;;
1220432;RCBP ANGRA DOS REIS;FEMININO;04/03/1948;68;BRANCO;BRASIL;RIO DE JANEIRO;RIO DE JANEIRO;SEM INFORMAÇÃO;SEM INFORMAÇÃO;;;RIO DE JANEIRO;ANGRA DOS REIS;MAMA , SOE;C509;CARCINOMA DUCTAL INFILTRANTE;85003;MAMA , SOE;C509;;;;;false;HISTOLOGIA DO TUMOR PRIMÁRIO;SEM INFORMAÇÃO;;;;;;;;30/06/2016;;
1220418;RCBP ANGRA DOS REIS;MASCULINO;11/05/1960;56;SEM INFORMAÇÃO;BRASIL;RIO DE JANEIRO;ANGRA DOS REIS;SEM INFORMAÇÃO;SEM INFORMAÇÃO;0;SEM INFORMAÇÃO	;RIO DE JANEIRO;ANGRA DOS REIS;LABIO, SOE;C009;CARCINOMA, SOE;80103;LABIO, SOE;C009;;;;;false;HISTOLOGIA DO TUMOR PRIMÁRIO;SEM INFORMAÇÃO;;;;;;;;20/07/2016;;
1220419;RCBP ANGRA DOS REIS;MASCULINO;09/12/1966;49;AMARELA;BRASIL;RIO DE JANEIRO;DUQUE DE CAXIAS;MÉDIO (ANTIGO SEGUNDO GRAU);SEM INFORMAÇÃO;0;SEM INFORMAÇÃO	;RIO DE JANEIRO;ANGRA DOS REIS;VIAS BILIARES INTRA-HEPATICAS;C221;COLANGIOCARCINOMA;81603;FIGADO E VIAS BILIARES INTRA-HEPATICAS;C22;;;;;false;HISTOLOGIA DO TUMOR PRIMÁRIO;SEM INFORMAÇÃO;;;;;;;;04/10/2016;;
1220420;RCBP ANGRA DOS REIS;FEMININO;01/12/1951;64;PRETA;BRASIL;RIO DE JANEIRO;RIO DE JANEIRO;SEM INFORMAÇÃO;SEM INFORMAÇÃO;0;SEM INFORMAÇÃO	;RIO DE JANEIRO;ANGRA DOS REIS;MAMA , SOE;C509;CARCINOMA DUCTAL INFILTRANTE;85003;MAMA , SOE;C509;;;;;false;HISTOLOGIA DO TUMOR PRIMÁRIO;SEM INFORMAÇÃO;;;;;;;;11/07/2016;;
1220421;RCBP ANGRA DOS REIS;MASCULINO;04/08/1934;81;PARDA;BRASIL;ESPIRITO SANTO;IBIRAÇU;SEM INFORMAÇÃO;CASADO;0;SEM INFORMAÇÃO	;RIO DE JANEIRO;ANGRA DOS REIS;PROSTATA, SOE;C619;ADENOCARCINOMA, SOE;81403;PROSTATA;C61;;;;;false;HISTOLOGIA DO TUMOR PRIMÁRIO;SEM INFORMAÇÃO;;;;;;;;17/02/2016;;
1220422;RCBP ANGRA DOS REIS;MASCULINO;10/10/1934;81;BRANCO;BRASIL;SÃO PAULO;NEVES PAULISTA;FUNDAMENTAL I (1ª A 4ª SÉRIE);CASADO;0;SEM INFORMAÇÃO	;RIO DE JANEIRO;ANGRA DOS REIS;PROSTATA, SOE;C619;ADENOCARCINOMA, SOE;81403;PROSTATA;C61;;;;;false;HISTOLOGIA DO TUMOR PRIMÁRIO;SEM INFORMAÇÃO;;;;;;;;18/03/2016;;
1220423;RCBP ANGRA DOS REIS;MASCULINO;06/02/1963;53;BRANCO;BRASIL;RIO DE JANEIRO;RIO DE JANEIRO;SEM INFORMAÇÃO;SEM INFORMAÇÃO;0;SEM INFORMAÇÃO	;RIO DE JANEIRO;ANGRA DOS REIS;PANCREAS, SOE;C259;ADENOCARCINOMA EXOCRINO MISTO, DE CEL. DAS ILHOTAS;81543;PANCREAS, SOE;C259;;;;;false;HISTOLOGIA DO TUMOR PRIMÁRIO;SEM INFORMAÇÃO;;;;;;;;18/06/2016;;
1220424;RCBP ANGRA DOS REIS;FEMININO;18/01/1955;61;BRANCO;BRASIL;RIO DE JANEIRO;RIO DE JANEIRO;FUNDAMENTAL II (5ª A 8ª SÉRIE);CASADO;0;SEM INFORMAÇÃO	;RIO DE JANEIRO;ANGRA DOS REIS;CABECA DO PANCREAS;C250;ADENOCARCINOMA EXOCRINO MISTO, DE CEL. DAS ILHOTAS;81543;CABECA DO PANCREAS;C250;;;;;false;HISTOLOGIA DO TUMOR PRIMÁRIO;SEM INFORMAÇÃO;;;;;;;;11/06/2016;;
1220425;RCBP ANGRA DOS REIS;FEMININO;03/02/1967;48;PARDA;BRASIL;RIO DE JANEIRO;ANGRA DOS REIS;FUNDAMENTAL II (5ª A 8ª SÉRIE);SOLTEIRO;0;SEM INFORMAÇÃO	;RIO DE JANEIRO;ANGRA DOS REIS;PANCREAS, SOE;C259;ADENOCARCINOMA HEPATOIDE;85763;PANCREAS, SOE;C259;;;;;false;HISTOLOGIA DO TUMOR PRIMÁRIO;SEM INFORMAÇÃO;SEM INFORMAÇÃO;99 - SEM INFORMAÇÃO;999;MORTO;CÂNCER;29/04/2016;29/04/2016;23/01/2016;;
1220426;RCBP ANGRA DOS REIS;FEMININO;19/10/1967;49;PARDA;BRASIL;Não informado;;FUNDAMENTAL II (5ª A 8ª SÉRIE);CASADO;111;MEMBROS SUPERIORES DO PODER LEGISLATIVO, EXECUTIVO E JUDICIÁRIO   	;RIO DE JANEIRO;ANGRA DOS REIS;MAMILO;C500;NEOPLASIA MALIGNA;80003;MAMILO E AREOLA;C500;;;;;false;SDO;METÁSTASE;SEM INFORMAÇÃO;99 - SEM INFORMAÇÃO;999;MORTO;CÂNCER;01/12/2016;01/12/2016;01/12/2016;;
1220427;RCBP ANGRA DOS REIS;FEMININO;17/02/1950;66;PARDA;BRASIL;SÃO PAULO;AREIAS;FUNDAMENTAL I (1ª A 4ª SÉRIE);CASADO;0;SEM INFORMAÇÃO	;RIO DE JANEIRO;ANGRA DOS REIS;MAMA , SOE;C509;CARCINOMA DUCTAL INFILTRANTE;85003;MAMA , SOE;C509;;;;;false;HISTOLOGIA DO TUMOR PRIMÁRIO;SEM INFORMAÇÃO;;;;;;;;11/04/2016;;
1220428;RCBP ANGRA DOS REIS;FEMININO;06/12/1935;81;BRANCO;BRASIL;Não informado;;FUNDAMENTAL I (1ª A 4ª SÉRIE);VIÚVO;512;TRABALHADORES DOS SERVIÇOS DOMÉSTICOS EM GERAL	;RIO DE JANEIRO;ANGRA DOS REIS;OVARIO, SOE;C569;NEOPLASIA MALIGNA;80003;OVARIO;C56;;;;;false;SDO;SEM INFORMAÇÃO;SEM INFORMAÇÃO;99 - SEM INFORMAÇÃO;999;MORTO;NÃO CÂNCER;30/12/2016;30/12/2016;30/12/2016;;
1220429;RCBP ANGRA DOS REIS;FEMININO;06/05/1946;69;SEM INFORMAÇÃO;BRASIL;Não informado;Não Informado;SEM INFORMAÇÃO;SEM INFORMAÇÃO;0;SEM INFORMAÇÃO	;RIO DE JANEIRO;ANGRA DOS REIS;COLO DO UTERO, SOE;C539;CARCINOMA ESCAMOSO MICRO-INVASOR;80763;COLO DO UTERO, SOE;C539;;;;;false;HISTOLOGIA DO TUMOR PRIMÁRIO;METÁSTASE;;;;;;;;20/04/2016;;
1220430;RCBP ANGRA DOS REIS;FEMININO;07/07/1926;90;BRANCO;BRASIL;RIO DE JANEIRO;PARATI;SEM INFORMAÇÃO;SEM INFORMAÇÃO;0;SEM INFORMAÇÃO	;RIO DE JANEIRO;ANGRA DOS REIS;CLITORIS;C512;NEOPLASIA MALIGNA;80003;CLITORIS;C512;;;;;false;HISTOLOGIA DO TUMOR PRIMÁRIO;METÁSTASE;;;;;;;;22/08/2016;;
1220431;RCBP ANGRA DOS REIS;FEMININO;16/08/1948;67;PARDA;BRASIL;RIO DE JANEIRO;RIO DE JANEIRO;SEM INFORMAÇÃO;SEM INFORMAÇÃO;0;SEM INFORMAÇÃO	;RIO DE JANEIRO;ANGRA DOS REIS;BEXIGA, SOE;C679;CARCINOMA PAPILAR DE CELULAS TRANSICIONAIS;81303;BEXIGA, SOE;C679;;;;;false;HISTOLOGIA DO TUMOR PRIMÁRIO;SEM INFORMAÇÃO;;;;;;;;10/01/2016;;
1220433;RCBP ANGRA DOS REIS;FEMININO;10/06/1930;85;BRANCO;BRASIL;RIO DE JANEIRO;RIO CLARO;SEM INFORMAÇÃO;SEM INFORMAÇÃO;0;SEM INFORMAÇÃO	;RIO DE JANEIRO;ANGRA DOS REIS;BEXIGA, SOE;C679;CARCINOMA PAPILAR DE CELULAS TRANSICIONAIS;81303;BEXIGA, SOE;C679;;;;;false;HISTOLOGIA DO TUMOR PRIMÁRIO;METÁSTASE;;;;;;;;08/04/2016;;
1220434;RCBP ANGRA DOS REIS;FEMININO;08/04/1952;64;BRANCO;BRASIL;RIO DE JANEIRO;;FUNDAMENTAL I (1ª A 4ª SÉRIE);CASADO;516;TRABALHADORES NOS SERVIÇOS DE EMBELEZAMENTO E CUIDADOS PESSOAIS   	;RIO DE JANEIRO;ANGRA DOS REIS;MAMA , SOE;C509;CARCINOMA DUCTAL INFILTRANTE;85003;MAMA , SOE;C509;;;;;false;HISTOLOGIA DO TUMOR PRIMÁRIO;METÁSTASE;SEM INFORMAÇÃO;99 - SEM INFORMAÇÃO;999;MORTO;CÂNCER;07/07/2016;07/07/2016;13/06/2016;;
1220413;RCBP ANGRA DOS REIS;FEMININO;29/06/1961;54;BRANCO;BRASIL;RIO DE JANEIRO;RIO DE JANEIRO;FUNDAMENTAL I (1ª A 4ª SÉRIE);SOLTEIRO;512;TRABALHADORES DOS SERVIÇOS DOMÉSTICOS EM GERAL	;RIO DE JANEIRO;ANGRA DOS REIS;MAMA , SOE;C509;CARCINOMA DUCTAL INFILTRANTE;85003;MAMA , SOE;C509;;;;;false;HISTOLOGIA DO TUMOR PRIMÁRIO;SEM INFORMAÇÃO;;;;;;;;06/06/2016;;
1220435;RCBP ANGRA DOS REIS;FEMININO;24/09/1973;42;PARDA;BRASIL;Não informado;;FUNDAMENTAL II (5ª A 8ª SÉRIE);SOLTEIRO;516;TRABALHADORES NOS SERVIÇOS DE EMBELEZAMENTO E CUIDADOS PESSOAIS   	;RIO DE JANEIRO;ANGRA DOS REIS;MAMA , SOE;C509;NEOPLASIA MALIGNA;80003;MAMA , SOE;C509;;;;;false;HISTOLOGIA DO TUMOR PRIMÁRIO;METÁSTASE;SEM INFORMAÇÃO;99 - SEM INFORMAÇÃO;999;MORTO;NÃO CÂNCER;05/02/2016;05/02/2016;01/02/2016;;
1220395;RCBP ANGRA DOS REIS;MASCULINO;24/08/1949;66;BRANCO;BRASIL;Não informado;;SUPERIOR COMPLETO;SEPARADO JUDICIALMENTE;111;MEMBROS SUPERIORES DO PODER LEGISLATIVO, EXECUTIVO E JUDICIÁRIO   	;RIO DE JANEIRO;ANGRA DOS REIS;RETROPERITONIO;C480;NEOPLASIA MALIGNA;80003;RETROPERITONIO;C480;;;;;false;HISTOLOGIA DO TUMOR PRIMÁRIO;SEM INFORMAÇÃO;SEM INFORMAÇÃO;99 - SEM INFORMAÇÃO;999;MORTO;CÂNCER;30/01/2016;30/01/2016;18/01/2016;;
1220396;RCBP ANGRA DOS REIS;MASCULINO;15/04/1965;51;PRETA;BRASIL;RIO DE JANEIRO;ANGRA DOS REIS;FUNDAMENTAL I (1ª A 4ª SÉRIE);UNIÃO CONSENSUAL;711;TRABALHADORES DA EXTRAÇÃO MINERAL 	;RIO DE JANEIRO;ANGRA DOS REIS;CABECA DO PANCREAS;C250;NEOPLASIA MALIGNA;80003;CABECA DO PANCREAS;C250;;;;;false;HISTOLOGIA DO TUMOR PRIMÁRIO;SEM INFORMAÇÃO;SEM INFORMAÇÃO;99 - SEM INFORMAÇÃO;999;MORTO;CÂNCER;18/12/2016;18/12/2016;15/06/2016;;
1220397;RCBP ANGRA DOS REIS;MASCULINO;20/08/1955;60;PARDA;BRASIL;RIO DE JANEIRO;ANGRA DOS REIS;MÉDIO (ANTIGO SEGUNDO GRAU);SOLTEIRO;0;SEM INFORMAÇÃO	;RIO DE JANEIRO;ANGRA DOS REIS;PULMAO, SOE;C349;NEOPLASIA MALIGNA;80003;BRONQUIOS OU PULMOES, SOE;C349;;;;;false;HISTOLOGIA DO TUMOR PRIMÁRIO;SEM INFORMAÇÃO;SEM INFORMAÇÃO;99 - SEM INFORMAÇÃO;999;MORTO;CÂNCER;28/03/2016;28/03/2016;15/03/2016;;
1220398;RCBP ANGRA DOS REIS;MASCULINO;18/03/1981;34;PRETA;BRASIL;RIO DE JANEIRO;ANGRA DOS REIS;FUNDAMENTAL I (1ª A 4ª SÉRIE);SOLTEIRO;512;TRABALHADORES DOS SERVIÇOS DOMÉSTICOS EM GERAL	;RIO DE JANEIRO;ANGRA DOS REIS;FIGADO, SOE;C220;CARCINOMA HEPATOCELULAR, SOE;81703;CARCINOMA DE CELULAS HEPATICAS;C220;;;;;false;HISTOLOGIA DO TUMOR PRIMÁRIO;SEM INFORMAÇÃO;SEM INFORMAÇÃO;99 - SEM INFORMAÇÃO;999;MORTO;CÂNCER;26/10/2016;26/10/2016;15/03/2016;;
1220399;RCBP ANGRA DOS REIS;MASCULINO;24/08/1945;70;BRANCO;BRASIL;RIO DE JANEIRO;ANGRA DOS REIS;MÉDIO (ANTIGO SEGUNDO GRAU);VIÚVO;214;ENGENHEIROS, ARQUITETOS E AFINS   	;RIO DE JANEIRO;ANGRA DOS REIS;PULMAO, SOE;C349;NEOPLASIA MALIGNA;80003;BRONQUIOS OU PULMOES, SOE;C349;;;;;false;CLÍNICO;SEM INFORMAÇÃO;SEM INFORMAÇÃO;99 - SEM INFORMAÇÃO;999;MORTO;CÂNCER;16/05/2016;16/05/2016;13/05/2016;;
1220400;RCBP ANGRA DOS REIS;MASCULINO;04/07/1950;65;BRANCO;BRASIL;RIO DE JANEIRO;ANGRA DOS REIS;FUNDAMENTAL I (1ª A 4ª SÉRIE);CASADO;0;SEM INFORMAÇÃO	;RIO DE JANEIRO;ANGRA DOS REIS;PROSTATA, SOE;C619;ADENOCARCINOMA, SOE;81403;PROSTATA;C61;;;;;false;HISTOLOGIA DO TUMOR PRIMÁRIO;SEM INFORMAÇÃO;SEM INFORMAÇÃO;99 - SEM INFORMAÇÃO;999;MORTO;CÂNCER;13/10/2016;13/10/2016;15/02/2016;;
1220401;RCBP ANGRA DOS REIS;MASCULINO;25/06/1927;88;PARDA;BRASIL;MINAS GERAIS;BELO VALE;FUNDAMENTAL II (5ª A 8ª SÉRIE);CASADO;711;TRABALHADORES DA EXTRAÇÃO MINERAL 	;RIO DE JANEIRO;ANGRA DOS REIS;PROSTATA, SOE;C619;ADENOCARCINOMA, SOE;81403;PROSTATA;C61;;;;;false;HISTOLOGIA DO TUMOR PRIMÁRIO;SEM INFORMAÇÃO;SEM INFORMAÇÃO;99 - SEM INFORMAÇÃO;999;MORTO;CÂNCER;02/07/2016;02/07/2016;10/06/2016;;
1220402;RCBP ANGRA DOS REIS;MASCULINO;30/09/1934;81;BRANCO;BRASIL;RIO DE JANEIRO;ANGRA DOS REIS;FUNDAMENTAL II (5ª A 8ª SÉRIE);SOLTEIRO;317;TÉCNICOS EM INFORMÁTICA   	;RIO DE JANEIRO;ANGRA DOS REIS;ESTOMAGO, SOE;C169;NEOPLASIA MALIGNA;80003;ESTOMAGO, SOE;C169;;;;;false;HISTOLOGIA DO TUMOR PRIMÁRIO;SEM INFORMAÇÃO;SEM INFORMAÇÃO;99 - SEM INFORMAÇÃO;999;MORTO;CÂNCER;09/05/2016;09/05/2016;07/01/2016;;
1220404;RCBP ANGRA DOS REIS;MASCULINO;16/05/1950;66;BRANCO;BRASIL;RIO DE JANEIRO;;FUNDAMENTAL II (5ª A 8ª SÉRIE);SOLTEIRO;0;SEM INFORMAÇÃO	;RIO DE JANEIRO;ANGRA DOS REIS;PROSTATA, SOE;C619;ADENOCARCINOMA, SOE;81403;PROSTATA;C61;;;;;false;HISTOLOGIA DO TUMOR PRIMÁRIO;SEM INFORMAÇÃO;SEM INFORMAÇÃO;99 - SEM INFORMAÇÃO;999;MORTO;CÂNCER;08/09/2016;08/09/2016;22/07/2016;;
1220405;RCBP ANGRA DOS REIS;MASCULINO;20/02/1966;50;BRANCO;BRASIL;Não informado;;FUNDAMENTAL II (5ª A 8ª SÉRIE);SEPARADO JUDICIALMENTE;711;TRABALHADORES DA EXTRAÇÃO MINERAL 	;RIO DE JANEIRO;ANGRA DOS REIS;PULMAO, SOE;C349;NEOPLASIA MALIGNA;80003;BRONQUIOS OU PULMOES, SOE;C349;;;;;false;HISTOLOGIA DO TUMOR PRIMÁRIO;SEM INFORMAÇÃO;SEM INFORMAÇÃO;99 - SEM INFORMAÇÃO;999;MORTO;CÂNCER;22/11/2016;22/11/2016;02/04/2016;;
1220406;RCBP ANGRA DOS REIS;MASCULINO;02/02/1954;62;PRETA;BRASIL;Não informado;;MÉDIO (ANTIGO SEGUNDO GRAU);SEPARADO JUDICIALMENTE;711;TRABALHADORES DA EXTRAÇÃO MINERAL 	;RIO DE JANEIRO;ANGRA DOS REIS;CEREBRO;C710;NEOPLASIA MALIGNA;80003;CEREBRO;C710;;;;;false;PESQUISA;METÁSTASE;SEM INFORMAÇÃO;99 - SEM INFORMAÇÃO;999;MORTO;CÂNCER;14/08/2016;14/08/2016;08/08/2016;;
1220410;RCBP ANGRA DOS REIS;MASCULINO;11/10/1957;58;PARDA;BRASIL;ESPIRITO SANTO;LINHARES;MÉDIO (ANTIGO SEGUNDO GRAU);CASADO;0;SEM INFORMAÇÃO	;RIO DE JANEIRO;ANGRA DOS REIS;FIGADO, SOE;C220;ADENOCARCINOMA, SOE;81403;FIGADO E VIAS BILIARES INTRA-HEPATICAS;C22;;;;;false;HISTOLOGIA DO TUMOR PRIMÁRIO;SEM INFORMAÇÃO;;;;;CÂNCER;10/11/2018;;13/04/2016;;
1220407;RCBP ANGRA DOS REIS;MASCULINO;08/01/1932;84;BRANCO;BRASIL;RIO DE JANEIRO;BARRA DO PIRAÍ;FUNDAMENTAL I (1ª A 4ª SÉRIE);VIÚVO;0;SEM INFORMAÇÃO	;RIO DE JANEIRO;ANGRA DOS REIS;PULMAO, SOE;C349;ADENOCARCINOMA ALVEOLAR;82513;BRONQUIOS OU PULMOES, SOE;C349;;;;;false;HISTOLOGIA DO TUMOR PRIMÁRIO;SEM INFORMAÇÃO;;;;;;;;18/12/2016;;
1220408;RCBP ANGRA DOS REIS;MASCULINO;27/08/1962;54;BRANCO;BRASIL;Não informado;;FUNDAMENTAL II (5ª A 8ª SÉRIE);UNIÃO CONSENSUAL;842;OPERADORES NA PREPARAÇÃO DE FUMO E NA FABRICAÇÃO DE CHARUTOS E CIGARROS   	;RIO DE JANEIRO;ANGRA DOS REIS;OROFARINGE, SOE;C109;NEOPLASIA MALIGNA;80003;OROFARINGE, SOE;C109;;;;;false;SDO;SEM INFORMAÇÃO;SEM INFORMAÇÃO;99 - SEM INFORMAÇÃO;999;MORTO;CÂNCER;14/09/2016;14/09/2016;14/09/2016;;
1220409;RCBP ANGRA DOS REIS;MASCULINO;25/06/1955;60;PARDA;BRASIL;RIO DE JANEIRO;ANGRA DOS REIS;FUNDAMENTAL I (1ª A 4ª SÉRIE);VIÚVO;512;TRABALHADORES DOS SERVIÇOS DOMÉSTICOS EM GERAL	;RIO DE JANEIRO;ANGRA DOS REIS;URETRA;C680;ADENOCARCINOMA, SOE;81403;URETRA;C680;;;;;false;HISTOLOGIA DO TUMOR PRIMÁRIO;SEM INFORMAÇÃO;SEM INFORMAÇÃO;99 - SEM INFORMAÇÃO;999;MORTO;CÂNCER;08/06/2016;08/06/2016;05/03/2016;;
1220411;RCBP ANGRA DOS REIS;MASCULINO;31/08/1945;70;BRANCO;BRASIL;RIO DE JANEIRO;ANGRA DOS REIS;FUNDAMENTAL I (1ª A 4ª SÉRIE);SEPARADO JUDICIALMENTE;716;TRABALHADORES DE ACABAMENTO DE OBRAS 	;RIO DE JANEIRO;ANGRA DOS REIS;PROSTATA, SOE;C619;ADENOCARCINOMA, SOE;81403;PROSTATA;C61;;;;;false;HISTOLOGIA DO TUMOR PRIMÁRIO;SEM INFORMAÇÃO;SEM INFORMAÇÃO;99 - SEM INFORMAÇÃO;999;MORTO;CÂNCER;14/10/2016;14/10/2016;23/03/2016;;
1220412;RCBP ANGRA DOS REIS;MASCULINO;08/10/1942;73;BRANCO;BRASIL;Não informado;;FUNDAMENTAL I (1ª A 4ª SÉRIE);SEPARADO JUDICIALMENTE;0;SEM INFORMAÇÃO	;RIO DE JANEIRO;ANGRA DOS REIS;PANCREAS, SOE;C259;NEOPLASIA MALIGNA;80003;PANCREAS, SOE;C259;;;;;false;CLÍNICO;SEM INFORMAÇÃO;SEM INFORMAÇÃO;99 - SEM INFORMAÇÃO;999;MORTO;CÂNCER;26/03/2016;26/03/2016;19/03/2016;;
1220366;RCBP ANGRA DOS REIS;FEMININO;23/06/1955;61;BRANCO;BRASIL;RIO DE JANEIRO;;FUNDAMENTAL I (1ª A 4ª SÉRIE);VIÚVO;0;SEM INFORMAÇÃO	;RIO DE JANEIRO;ANGRA DOS REIS;CABECA DO PANCREAS;C250;ADENOCARCINOMA, SOE;81403;CABECA DO PANCREAS;C250;;;;;false;HISTOLOGIA DO TUMOR PRIMÁRIO;SEM INFORMAÇÃO;;;;;CÂNCER;12/04/2017;;09/12/2016;;
1220367;RCBP ANGRA DOS REIS;FEMININO;31/07/1954;61;PARDA;BRASIL;Não informado;;FUNDAMENTAL I (1ª A 4ª SÉRIE);SOLTEIRO;512;TRABALHADORES DOS SERVIÇOS DOMÉSTICOS EM GERAL	;RIO DE JANEIRO;ANGRA DOS REIS;LINFONODO, SOE;C779;LINFOMA MALIGNO, SOE;95903;LINFOMA NAO-HODGKIN, SOE;C859;;;;;false;SDO;NÃO SE APLICA;SEM INFORMAÇÃO;99 - SEM INFORMAÇÃO;999;MORTO;CÂNCER;01/05/2016;01/05/2016;01/05/2016;;
1220368;RCBP ANGRA DOS REIS;FEMININO;24/08/1945;70;BRANCO;BRASIL;RIO DE JANEIRO;RIO DE JANEIRO;FUNDAMENTAL I (1ª A 4ª SÉRIE);VIÚVO;0;SEM INFORMAÇÃO	;RIO DE JANEIRO;ANGRA DOS REIS;UTERO, SOE;C559;CARCINOMA ESCAMOCELULAR, SOE;80703;UTERO, SOE;C55;;;;;false;HISTOLOGIA DO TUMOR PRIMÁRIO;METÁSTASE;SEM INFORMAÇÃO;99 - SEM INFORMAÇÃO;999;MORTO;CÂNCER;20/06/2016;20/06/2016;13/02/2016;;
1220371;RCBP ANGRA DOS REIS;FEMININO;27/01/1953;63;PARDA;Não informado;Não informado;Não Informado;FUNDAMENTAL II (5ª A 8ª SÉRIE);SOLTEIRO;524;VENDEDORES A DOMICÍLIO, AMBULANTES E EM BANCAS	;RIO DE JANEIRO;ANGRA DOS REIS;QUADRANTE INFERIOR INTERNO DA MAMA;C503;ADENOCARCINOMA PAPILAR INTRADUCTAL COM INVASAO;85033;QUADRANTE INFERIOR INTERNO DA MAMA;C503;;;;;false;HISTOLOGIA DO TUMOR PRIMÁRIO;SEM INFORMAÇÃO;;;;;;;;21/06/2016;;
1220372;RCBP ANGRA DOS REIS;FEMININO;27/01/1953;63;PARDA;BRASIL;RIO DE JANEIRO;;MÉDIO (ANTIGO SEGUNDO GRAU);SOLTEIRO;514;TRABALHADORES NOS SERVIÇOS DE ADMINISTRAÇÃO, CONSERVAÇÃO E MANUTENÇÃO DE EDIFÍCIOS E LOGRADOUROS  	;RIO DE JANEIRO;ANGRA DOS REIS;MAMA , SOE;C509;CARCINOMA PAPILAR, SOE;80503;MAMA , SOE;C509;;;;;false;HISTOLOGIA DO TUMOR PRIMÁRIO;SEM INFORMAÇÃO;;;;;;;;21/06/2016;;
1220373;RCBP ANGRA DOS REIS;FEMININO;24/06/1934;81;BRANCO;BRASIL;RIO DE JANEIRO;RIO DE JANEIRO;FUNDAMENTAL I (1ª A 4ª SÉRIE);VIÚVO;0;SEM INFORMAÇÃO	;RIO DE JANEIRO;ANGRA DOS REIS;PELE DO MEMBRO INFERIOR E DO QUADRIL;C447;LIPOSSARCOMA, SOE;88503;PELE DO MEMBRO INFERIOR E DO QUADRIL;C447;;;;;false;HISTOLOGIA DA METÁSTASE;METÁSTASE;;;;;CÂNCER;08/03/2016;;12/01/2016;;
1220374;RCBP ANGRA DOS REIS;FEMININO;28/06/1985;30;PARDA;BRASIL;CEARÁ;;FUNDAMENTAL II (5ª A 8ª SÉRIE);SOLTEIRO;0;SEM INFORMAÇÃO	;RIO DE JANEIRO;ANGRA DOS REIS;OSSOS LONGOS M. INFERIOR E ARTICUL. ASSOCIADAS;C402;OSTEOSSARCOMA CONDROBLASTICO;91813;OSSOS LONGOS DOS M. INFERIORES;C402;;;;;false;HISTOLOGIA DO TUMOR PRIMÁRIO;SEM INFORMAÇÃO;;;;;CÂNCER;31/07/2016;;12/02/2016;;
1220375;RCBP ANGRA DOS REIS;MASCULINO;14/02/1940;75;BRANCO;BRASIL;RIO DE JANEIRO;ANGRA DOS REIS;FUNDAMENTAL I (1ª A 4ª SÉRIE);CASADO;711;TRABALHADORES DA EXTRAÇÃO MINERAL 	;RIO DE JANEIRO;ANGRA DOS REIS;ESOFAGO, SOE;C159;NEOPLASIA MALIGNA;80003;ESOFAGO, SOE;C159;;;;;false;HISTOLOGIA DO TUMOR PRIMÁRIO;SEM INFORMAÇÃO;;;;;CÂNCER;27/02/2016;;30/01/2016;;
1220376;RCBP ANGRA DOS REIS;FEMININO;06/01/1987;29;SEM INFORMAÇÃO;BRASIL;RIO DE JANEIRO;ANGRA DOS REIS;SUPERIOR COMPLETO;CASADO;0;SEM INFORMAÇÃO	;RIO DE JANEIRO;ANGRA DOS REIS;COLO DO UTERO, SOE;C539;CARCINOMA ESCAMOCELULAR, SOE;80703;COLO DO UTERO, SOE;C539;;;CARCINOMA DE ÚTERO E CÉRVIX;8.5.4;false;HISTOLOGIA DO TUMOR PRIMÁRIO;SEM INFORMAÇÃO;;;;;;;;26/04/2016;;
1220377;RCBP ANGRA DOS REIS;MASCULINO;30/03/1952;64;PRETA;BRASIL;Não informado;;FUNDAMENTAL II (5ª A 8ª SÉRIE);SEPARADO JUDICIALMENTE;722;TRABALHADORES DE CONFORMAÇÃO DE METAIS E DE COMPÓSITOS	;RIO DE JANEIRO;ANGRA DOS REIS;COLUNA VERTEBRAL;C412;NEOPLASIA MALIGNA;80003;COLUNA VERTEBRAL;C412;;;;;false;SDO;SEM INFORMAÇÃO;SEM INFORMAÇÃO;99 - SEM INFORMAÇÃO;999;MORTO;CÂNCER;29/07/2016;29/07/2016;29/07/2016;;
1220378;RCBP ANGRA DOS REIS;FEMININO;29/06/1934;81;PARDA;BRASIL;RIO GRANDE DO NORTE;PATU;FUNDAMENTAL II (5ª A 8ª SÉRIE);VIÚVO;0;SEM INFORMAÇÃO	;RIO DE JANEIRO;ANGRA DOS REIS;OVARIO, SOE;C569;NEOPLASIA MALIGNA;80003;OVARIO;C56;;;;;false;HISTOLOGIA DO TUMOR PRIMÁRIO;METÁSTASE;SEM INFORMAÇÃO;99 - SEM INFORMAÇÃO;999;MORTO;CÂNCER;26/05/2016;26/05/2016;18/04/2016;;
1220379;RCBP ANGRA DOS REIS;MASCULINO;06/12/1956;59;BRANCO;BRASIL;Não informado;;FUNDAMENTAL I (1ª A 4ª SÉRIE);SOLTEIRO;512;TRABALHADORES DOS SERVIÇOS DOMÉSTICOS EM GERAL	;RIO DE JANEIRO;ANGRA DOS REIS;CEREBRO;C710;NEOPLASIA MALIGNA;80003;CEREBRO;C710;;;;;false;SDO;SEM INFORMAÇÃO;SEM INFORMAÇÃO;99 - SEM INFORMAÇÃO;999;MORTO;CÂNCER;03/04/2016;03/04/2016;03/04/2016;;
1220380;RCBP ANGRA DOS REIS;MASCULINO;12/10/1959;57;BRANCO;BRASIL;Não informado;;MÉDIO (ANTIGO SEGUNDO GRAU);SEPARADO JUDICIALMENTE;;;RIO DE JANEIRO;ANGRA DOS REIS;PULMAO, SOE;C349;NEOPLASIA MALIGNA;80003;BRONQUIOS OU PULMOES, SOE;C349;;;;;false;SDO;SEM INFORMAÇÃO;SEM INFORMAÇÃO;99 - SEM INFORMAÇÃO;999;MORTO;CÂNCER;16/12/2016;16/12/2016;16/12/2016;;
1220381;RCBP ANGRA DOS REIS;MASCULINO;20/05/1958;57;PARDA;BRASIL;RIO DE JANEIRO;ANGRA DOS REIS;MÉDIO (ANTIGO SEGUNDO GRAU);CASADO;141;GERENTES DE PRODUÇÃO E OPERAÇÕES  	;RIO DE JANEIRO;ANGRA DOS REIS;PROSTATA, SOE;C619;ADENOCARCINOMA, SOE;81403;PROSTATA;C61;;;;;false;HISTOLOGIA DO TUMOR PRIMÁRIO;SEM INFORMAÇÃO;SEM INFORMAÇÃO;99 - SEM INFORMAÇÃO;999;MORTO;CÂNCER;02/03/2016;02/03/2016;15/02/2016;;
1220382;RCBP ANGRA DOS REIS;MASCULINO;03/07/1952;63;BRANCO;BRASIL;RIO DE JANEIRO;ANGRA DOS REIS;SEM ESCOLARIDADE;CASADO;622;TRABALHADORES AGRÍCOLAS   	;RIO DE JANEIRO;ANGRA DOS REIS;PULMAO, SOE;C349;NEOPLASIA MALIGNA;80003;BRONQUIOS OU PULMOES, SOE;C349;;;;;false;PESQUISA;SEM INFORMAÇÃO;SEM INFORMAÇÃO;99 - SEM INFORMAÇÃO;999;MORTO;CÂNCER;22/12/2016;22/12/2016;11/02/2016;;
1220383;RCBP ANGRA DOS REIS;FEMININO;10/05/1932;83;SEM INFORMAÇÃO;BRASIL;Não informado;;FUNDAMENTAL I (1ª A 4ª SÉRIE);VIÚVO;0;SEM INFORMAÇÃO	;RIO DE JANEIRO;ANGRA DOS REIS;LOCALIZACAO PRIMARIA DESCONHECIDA, SOE;C809;NEOPLASIA MALIGNA;80003;LOCALIZACAO PRIMARIA DESCONHECIDA;C80;;;;;false;SDO;SEM INFORMAÇÃO;SEM INFORMAÇÃO;99 - SEM INFORMAÇÃO;999;MORTO;CÂNCER;13/02/2016;13/02/2016;13/02/2016;;
1220385;RCBP ANGRA DOS REIS;FEMININO;15/06/1943;73;PARDA;BRASIL;RIO DE JANEIRO;PARATI;SEM INFORMAÇÃO;SOLTEIRO;0;SEM INFORMAÇÃO	;RIO DE JANEIRO;ANGRA DOS REIS;PULMAO, SOE;C349;NEOPLASIA MALIGNA;80003;BRONQUIOS OU PULMOES, SOE;C349;;;;;false;HISTOLOGIA DO TUMOR PRIMÁRIO;SEM INFORMAÇÃO;SEM INFORMAÇÃO;99 - SEM INFORMAÇÃO;999;MORTO;CÂNCER;29/06/2016;29/06/2016;23/06/2016;;
1220386;RCBP ANGRA DOS REIS;MASCULINO;26/04/1984;31;BRANCO;BRASIL;Não informado;;MÉDIO (ANTIGO SEGUNDO GRAU);CASADO;722;TRABALHADORES DE CONFORMAÇÃO DE METAIS E DE COMPÓSITOS	;RIO DE JANEIRO;ANGRA DOS REIS;LINFONODO, SOE;C779;LINFOMA DE HODGKIN, TIPO LINFOCITICO;96513;PREDOMINANCIA LINFOCITICA;C810;;;;;false;CITOLOGIA;NÃO SE APLICA;SEM INFORMAÇÃO;99 - SEM INFORMAÇÃO;999;MORTO;CÂNCER;17/02/2016;17/02/2016;07/01/2016;;
1220387;RCBP ANGRA DOS REIS;FEMININO;17/02/1952;64;BRANCO;BRASIL;SÃO PAULO;;MÉDIO (ANTIGO SEGUNDO GRAU);SOLTEIRO;0;SEM INFORMAÇÃO	;RIO DE JANEIRO;ANGRA DOS REIS;PELE DO MEMBRO INFERIOR E DO QUADRIL;C447;MELANOMA DE PROPAGACAO SUPERFICIAL;87433;MELANOMA MALIGNO DO MEMBRO INFERIOR E QUADRIL;C437;;;;;false;HISTOLOGIA DO TUMOR PRIMÁRIO;SEM INFORMAÇÃO;;;;;;;;31/05/2016;;
1220388;RCBP ANGRA DOS REIS;FEMININO;10/05/1934;81;BRANCO;BRASIL;RIO DE JANEIRO;;SEM INFORMAÇÃO;SEM INFORMAÇÃO;0;SEM INFORMAÇÃO	;RIO DE JANEIRO;ANGRA DOS REIS;PELE DE OUTRAS PARTES DA FACE;C443;CARCINOMA BASOCELULAR, SOE;80903;PELE DE OUTRAS PARTES DA FACE;C443;;;;;false;HISTOLOGIA DO TUMOR PRIMÁRIO;SEM INFORMAÇÃO;;;;;;;;03/02/2016;;
1220394;RCBP ANGRA DOS REIS;MASCULINO;15/11/1942;73;PARDA;BRASIL;RIO DE JANEIRO;ANGRA DOS REIS;SEM ESCOLARIDADE;SOLTEIRO;;;RIO DE JANEIRO;ANGRA DOS REIS;ASSOALHO DA BOCA, SOE;C049;NEOPLASIA MALIGNA;80003;ASSOALHO DA BOCA, SOE;C049;;;;;false;HISTOLOGIA DO TUMOR PRIMÁRIO;SEM INFORMAÇÃO;SEM INFORMAÇÃO;99 - SEM INFORMAÇÃO;999;MORTO;CÂNCER;15/10/2016;15/10/2016;04/02/2016;;
1220349;RCBP ANGRA DOS REIS;MASCULINO;27/03/1952;64;SEM INFORMAÇÃO;BRASIL;RIO DE JANEIRO;PARATI;SEM INFORMAÇÃO;SEM INFORMAÇÃO;0;SEM INFORMAÇÃO	;RIO DE JANEIRO;ANGRA DOS REIS;PROSTATA, SOE;C619;ADENOCARCINOMA, SOE;81403;PROSTATA;C61;;;;;false;HISTOLOGIA DO TUMOR PRIMÁRIO;SEM INFORMAÇÃO;;;;;;;;15/06/2016;;
1220342;RCBP ANGRA DOS REIS;MASCULINO;18/11/1942;73;PARDA;BRASIL;RIO GRANDE DO NORTE;;FUNDAMENTAL I (1ª A 4ª SÉRIE);VIÚVO;111;MEMBROS SUPERIORES DO PODER LEGISLATIVO, EXECUTIVO E JUDICIÁRIO   	;RIO DE JANEIRO;ANGRA DOS REIS;RIM, SOE;C649;NEOPLASIA MALIGNA;80003;RIM;C64;;;;;false;HISTOLOGIA DO TUMOR PRIMÁRIO;SEM INFORMAÇÃO;SEM INFORMAÇÃO;99 - SEM INFORMAÇÃO;999;MORTO;CÂNCER;18/07/2016;18/07/2016;22/04/2016;;
1220343;RCBP ANGRA DOS REIS;MASCULINO;18/12/1947;68;PRETA;BRASIL;Não informado;;FUNDAMENTAL I (1ª A 4ª SÉRIE);VIÚVO;517;TRABALHADORES NOS SERVIÇOS DE PROTEÇÃO E SEGURANÇA	;RIO DE JANEIRO;ANGRA DOS REIS;TECIDOS MOLES, SOE;C499;NEOPLASIA MALIGNA;80003;NEOPLASIA MALIGNA DE TECIDOS MOLES;C499;;;;;false;SDO;SEM INFORMAÇÃO;SEM INFORMAÇÃO;99 - SEM INFORMAÇÃO;999;MORTO;CÂNCER;17/04/2016;17/04/2016;17/04/2016;;
1220344;RCBP ANGRA DOS REIS;MASCULINO;02/11/1952;63;PARDA;BRASIL;RIO DE JANEIRO;ANGRA DOS REIS;SEM ESCOLARIDADE;CASADO;842;OPERADORES NA PREPARAÇÃO DE FUMO E NA FABRICAÇÃO DE CHARUTOS E CIGARROS   	;RIO DE JANEIRO;ANGRA DOS REIS;ESOFAGO, SOE;C159;NEOPLASIA MALIGNA;80003;ESOFAGO, SOE;C159;;;;;false;HISTOLOGIA DO TUMOR PRIMÁRIO;SEM INFORMAÇÃO;SEM INFORMAÇÃO;99 - SEM INFORMAÇÃO;999;MORTO;CÂNCER;26/03/2016;26/03/2016;19/03/2016;;
1220345;RCBP ANGRA DOS REIS;MASCULINO;26/03/1927;89;BRANCO;BRASIL;RIO DE JANEIRO;SÃO GONÇALO;FUNDAMENTAL I (1ª A 4ª SÉRIE);SEPARADO JUDICIALMENTE;0;SEM INFORMAÇÃO	;RIO DE JANEIRO;ANGRA DOS REIS;PROSTATA, SOE;C619;NEOPLASIA MALIGNA;80003;PROSTATA;C61;;;;;false;HISTOLOGIA DO TUMOR PRIMÁRIO;METÁSTASE;SEM INFORMAÇÃO;99 - SEM INFORMAÇÃO;999;MORTO;CÂNCER;13/05/2016;13/05/2016;24/04/2016;;
1220346;RCBP ANGRA DOS REIS;MASCULINO;06/01/1950;65;BRANCO;BRASIL;Não informado;;FUNDAMENTAL I (1ª A 4ª SÉRIE);CASADO;622;TRABALHADORES AGRÍCOLAS   	;RIO DE JANEIRO;ANGRA DOS REIS;TRATO INTESTINAL, SOE;C260;NEOPLASIA MALIGNA;80003;TRATO INTESTINAL, SOE;C260;;;;;false;HISTOLOGIA DO TUMOR PRIMÁRIO;SEM INFORMAÇÃO;SEM INFORMAÇÃO;99 - SEM INFORMAÇÃO;999;MORTO;CÂNCER;05/04/2016;05/04/2016;05/01/2016;;
1220347;RCBP ANGRA DOS REIS;MASCULINO;06/01/1972;44;BRANCO;BRASIL;Não informado;;FUNDAMENTAL I (1ª A 4ª SÉRIE);SOLTEIRO;765;TRABALHADORES DA CONFECÇÃO DE ARTEFATOS DE TECIDOS E COUROS  	;RIO DE JANEIRO;ANGRA DOS REIS;CEREBRO;C710;NEOPLASIA MALIGNA;80003;CEREBRO;C710;;;;;false;PESQUISA;SEM INFORMAÇÃO;SEM INFORMAÇÃO;99 - SEM INFORMAÇÃO;999;MORTO;CÂNCER;16/11/2016;16/11/2016;22/06/2016;;
1220348;RCBP ANGRA DOS REIS;FEMININO;22/05/1960;55;BRANCO;BRASIL;BAHIA;SÃO SEBASTIÃO DO PASSE;FUNDAMENTAL II (5ª A 8ª SÉRIE);CASADO;0;SEM INFORMAÇÃO	;RIO DE JANEIRO;ANGRA DOS REIS;MAMA , SOE;C509;CARCINOMA DUCTAL INFILTRANTE;85003;MAMA , SOE;C509;;;;;false;HISTOLOGIA DO TUMOR PRIMÁRIO;SEM INFORMAÇÃO;;;;;;;;15/01/2016;;
1220351;RCBP ANGRA DOS REIS;FEMININO;06/08/1958;57;BRANCO;BRASIL;Não informado;;SEM INFORMAÇÃO;SEPARADO JUDICIALMENTE;0;SEM INFORMAÇÃO	;RIO DE JANEIRO;ANGRA DOS REIS;PULMAO, SOE;C349;NEOPLASIA MALIGNA;80003;BRONQUIOS OU PULMOES, SOE;C349;;;;;false;PESQUISA;SEM INFORMAÇÃO;SEM INFORMAÇÃO;99 - SEM INFORMAÇÃO;999;MORTO;CÂNCER;12/11/2016;12/11/2016;15/06/2016;;
1220352;RCBP ANGRA DOS REIS;FEMININO;21/06/1969;46;PARDA;BRASIL;RIO DE JANEIRO;ANGRA DOS REIS;SEM INFORMAÇÃO;CASADO;0;SEM INFORMAÇÃO	;RIO DE JANEIRO;ANGRA DOS REIS;MAMA , SOE;C509;CARCINOMA DUCTAL INFILTRANTE;85003;MAMA , SOE;C509;;;;;false;HISTOLOGIA DO TUMOR PRIMÁRIO;SEM INFORMAÇÃO;;;;;;;;14/01/2016;;
1220353;RCBP ANGRA DOS REIS;MASCULINO;18/09/1947;68;BRANCO;BRASIL;RIO DE JANEIRO;RIO DE JANEIRO;FUNDAMENTAL II (5ª A 8ª SÉRIE);CASADO;0;SEM INFORMAÇÃO	;RIO DE JANEIRO;ANGRA DOS REIS;ESTOMAGO, SOE;C169;NEOPLASIA MALIGNA;80003;ESTOMAGO, SOE;C169;;;;;false;HISTOLOGIA DO TUMOR PRIMÁRIO;SEM INFORMAÇÃO;SEM INFORMAÇÃO;99 - SEM INFORMAÇÃO;999;MORTO;CÂNCER;12/11/2016;12/11/2016;08/02/2016;;
1220354;RCBP ANGRA DOS REIS;MASCULINO;03/05/1955;60;BRANCO;BRASIL;PERNAMBUCO;CATENDE;FUNDAMENTAL I (1ª A 4ª SÉRIE);CASADO;0;SEM INFORMAÇÃO	;RIO DE JANEIRO;ANGRA DOS REIS;PULMAO, SOE;C349;ADENOCARCINOMA BRONQUIOLO-ALVEOLAR, SOE;82503;BRONQUIOS OU PULMOES, SOE;C349;;;;;false;HISTOLOGIA DO TUMOR PRIMÁRIO;SEM INFORMAÇÃO;SEM INFORMAÇÃO;99 - SEM INFORMAÇÃO;999;MORTO;CÂNCER;06/12/2016;06/12/2016;08/02/2016;;
1220350;RCBP ANGRA DOS REIS;MASCULINO;10/11/1978;37;BRANCO;BRASIL;Não informado;Não Informado;SEM INFORMAÇÃO;CASADO;202;PROFISSIONAIS DA ELETROMECÂNICA   	;RIO DE JANEIRO;ANGRA DOS REIS;LABIO INFERIOR, SOE;C001;CARCINOMA ESCAMOCELULAR, SOE;80703;LABIO INFERIOR EXTERNO;C001;;;;;false;HISTOLOGIA DO TUMOR PRIMÁRIO;SEM INFORMAÇÃO;;;;;;;;18/05/2016;;
1220355;RCBP ANGRA DOS REIS;MASCULINO;27/09/1941;74;BRANCO;BRASIL;RIO DE JANEIRO;PARATI;FUNDAMENTAL II (5ª A 8ª SÉRIE);VIÚVO;761;TRABALHADORES DAS INDUSTRIAS TÊXTEIS 	;RIO DE JANEIRO;ANGRA DOS REIS;PANCREAS, SOE;C259;NEOPLASIA MALIGNA;80003;PANCREAS, SOE;C259;;;;;false;HISTOLOGIA DO TUMOR PRIMÁRIO;SEM INFORMAÇÃO;SEM INFORMAÇÃO;99 - SEM INFORMAÇÃO;999;MORTO;CÂNCER;30/05/2016;30/05/2016;15/02/2016;;
1220356;RCBP ANGRA DOS REIS;FEMININO;15/07/1946;69;BRANCO;BRASIL;RIO DE JANEIRO;;SEM ESCOLARIDADE;CASADO;0;SEM INFORMAÇÃO	;RIO DE JANEIRO;ANGRA DOS REIS;TIREOIDE, SOE;C739;ADENOCARCINOMA FOLICULAR, SOE;83303;GLANDULA TIREOIDE;C73;;;;;false;HISTOLOGIA DO TUMOR PRIMÁRIO;SEM INFORMAÇÃO;SEM INFORMAÇÃO;99 - SEM INFORMAÇÃO;999;MORTO;CÂNCER;27/04/2016;27/04/2016;04/03/2016;;
1220357;RCBP ANGRA DOS REIS;FEMININO;27/04/1974;42;SEM INFORMAÇÃO;BRASIL;RIO DE JANEIRO;ANGRA DOS REIS;SEM INFORMAÇÃO;SEM INFORMAÇÃO;0;SEM INFORMAÇÃO	;RIO DE JANEIRO;ANGRA DOS REIS;COLO DO UTERO, SOE;C539;CARCINOMA ESCAMOCELULAR, SOE;80703;COLO DO UTERO, SOE;C539;;;;;false;HISTOLOGIA DO TUMOR PRIMÁRIO;SEM INFORMAÇÃO;;;;;;;;28/04/2016;;
1220358;RCBP ANGRA DOS REIS;FEMININO;19/09/1933;82;BRANCO;BRASIL;Não informado;;FUNDAMENTAL II (5ª A 8ª SÉRIE);VIÚVO;0;SEM INFORMAÇÃO	;RIO DE JANEIRO;ANGRA DOS REIS;COLON TRANSVERSO;C184;ADENOCARCINOMA, SOE;81403;COLON TRANSVERSO;C184;;;;;false;HISTOLOGIA DO TUMOR PRIMÁRIO;SEM INFORMAÇÃO;SEM INFORMAÇÃO;99 - SEM INFORMAÇÃO;999;MORTO;CÂNCER;26/06/2016;26/06/2016;07/06/2016;;
1220359;RCBP ANGRA DOS REIS;FEMININO;28/09/1967;49;BRANCO;BRASIL;RIO DE JANEIRO;ANGRA DOS REIS;SEM INFORMAÇÃO;SEM INFORMAÇÃO;0;SEM INFORMAÇÃO	;RIO DE JANEIRO;ANGRA DOS REIS;COLO DO UTERO, SOE;C539;CARCINOMA ESCAMOCELULAR, SOE;80703;COLO DO UTERO, SOE;C539;;;;;false;HISTOLOGIA DO TUMOR PRIMÁRIO;SEM INFORMAÇÃO;;;;;;;;30/11/2016;;
1220331;RCBP ANGRA DOS REIS;MASCULINO;16/12/1939;77;PRETA;BRASIL;RIO DE JANEIRO;RIO DE JANEIRO;SEM INFORMAÇÃO;VIÚVO;0;SEM INFORMAÇÃO	;RIO DE JANEIRO;ANGRA DOS REIS;ESOFAGO, SOE;C159;NEOPLASIA MALIGNA;80003;ESOFAGO, SOE;C159;;;;;false;CLÍNICO;SEM INFORMAÇÃO;SEM INFORMAÇÃO;99 - SEM INFORMAÇÃO;999;MORTO;CÂNCER;24/12/2016;24/12/2016;24/12/2016;;
1220332;RCBP ANGRA DOS REIS;MASCULINO;19/04/1940;75;BRANCO;BRASIL;RIO DE JANEIRO;RIO DE JANEIRO;FUNDAMENTAL I (1ª A 4ª SÉRIE);CASADO;232;PROFESSORES DO ENSINO MÉDIO   	;RIO DE JANEIRO;ANGRA DOS REIS;LINFONODO, SOE;C779;LINFOMA MALIGNO, SOE;95903;LINFOMA NAO-HODGKIN, SOE;C859;;;;;false;PESQUISA;NÃO SE APLICA;SEM INFORMAÇÃO;99 - SEM INFORMAÇÃO;999;MORTO;CÂNCER;23/05/2016;23/05/2016;12/04/2016;;
1220333;RCBP ANGRA DOS REIS;MASCULINO;25/07/1947;68;PRETA;BRASIL;RIO DE JANEIRO;ANGRA DOS REIS;SEM INFORMAÇÃO;SOLTEIRO;0;SEM INFORMAÇÃO	;RIO DE JANEIRO;ANGRA DOS REIS;BOCA, SOE;C069;ADENOCARCINOMA "IN SITU", SOE;81402;LABIOS,  CAVIDADE ORAL E FARINGE;D000;;;;;false;HISTOLOGIA DO TUMOR PRIMÁRIO;"IN SITU";;;;;CÂNCER;10/03/2016;;05/02/2016;;
1220334;RCBP ANGRA DOS REIS;MASCULINO;09/07/1957;58;BRANCO;BRASIL;RIO DE JANEIRO;ANGRA DOS REIS;MÉDIO (ANTIGO SEGUNDO GRAU);CASADO;215;PROFISSIONAIS EM NAVEGAÇÃO AÉREA, MARÍTIMA E FLUVIAL  	;RIO DE JANEIRO;ANGRA DOS REIS;FIGADO, SOE;C220;NEOPLASIA MALIGNA;80003;FIGADO E VIAS BILIARES INTRA-HEPATICAS;C22;;;;;false;HISTOLOGIA DO TUMOR PRIMÁRIO;SEM INFORMAÇÃO;SEM INFORMAÇÃO;99 - SEM INFORMAÇÃO;999;MORTO;CÂNCER;20/06/2016;20/06/2016;15/02/2016;;
1220335;RCBP ANGRA DOS REIS;MASCULINO;14/11/1928;87;BRANCO;BRASIL;RIO DE JANEIRO;ANGRA DOS REIS;FUNDAMENTAL I (1ª A 4ª SÉRIE);VIÚVO;0;SEM INFORMAÇÃO	;RIO DE JANEIRO;ANGRA DOS REIS;PROSTATA, SOE;C619;ADENOCARCINOMA, SOE;81403;PROSTATA;C61;;;;;false;HISTOLOGIA DO TUMOR PRIMÁRIO;SEM INFORMAÇÃO;SEM INFORMAÇÃO;99 - SEM INFORMAÇÃO;999;MORTO;CÂNCER;13/08/2016;13/08/2016;15/06/2016;;
1220336;RCBP ANGRA DOS REIS;MASCULINO;15/05/1962;53;PARDA;BRASIL;RIO DE JANEIRO;VOLTA REDONDA;FUNDAMENTAL I (1ª A 4ª SÉRIE);SOLTEIRO;0;SEM INFORMAÇÃO	;RIO DE JANEIRO;ANGRA DOS REIS;PULMAO, SOE;C349;NEOPLASIA MALIGNA;80003;BRONQUIOS OU PULMOES, SOE;C349;;;;;false;HISTOLOGIA DO TUMOR PRIMÁRIO;SEM INFORMAÇÃO;SEM INFORMAÇÃO;99 - SEM INFORMAÇÃO;999;MORTO;CÂNCER;12/03/2016;12/03/2016;15/01/2016;;
1220337;RCBP ANGRA DOS REIS;MASCULINO;18/12/1966;49;BRANCO;BRASIL;RIO DE JANEIRO;RIO DE JANEIRO;MÉDIO (ANTIGO SEGUNDO GRAU);SEPARADO JUDICIALMENTE;141;GERENTES DE PRODUÇÃO E OPERAÇÕES  	;RIO DE JANEIRO;ANGRA DOS REIS;CEREBRO;C710;NEOPLASIA MALIGNA;80003;CEREBRO;C710;;;;;false;PESQUISA;SEM INFORMAÇÃO;SEM INFORMAÇÃO;99 - SEM INFORMAÇÃO;999;MORTO;CÂNCER;13/12/2016;13/12/2016;15/06/2016;;
1220338;RCBP ANGRA DOS REIS;FEMININO;01/01/1938;78;BRANCO;BRASIL;RIO DE JANEIRO;BARRA MANSA;MÉDIO (ANTIGO SEGUNDO GRAU);CASADO;0;SEM INFORMAÇÃO	;RIO DE JANEIRO;ANGRA DOS REIS;PANCREAS, SOE;C259;NEOPLASIA MALIGNA;80003;PANCREAS, SOE;C259;;;;;false;HISTOLOGIA DO TUMOR PRIMÁRIO;SEM INFORMAÇÃO;SEM INFORMAÇÃO;99 - SEM INFORMAÇÃO;999;MORTO;CÂNCER;21/03/2016;21/03/2016;15/01/2016;;
1220339;RCBP ANGRA DOS REIS;MASCULINO;30/10/1943;72;PARDA;BRASIL;Não informado;Não Informado;FUNDAMENTAL I (1ª A 4ª SÉRIE);CASADO;762;TRABALHADORES DO TRATAMENTO DE COUROS E PELES 	;RIO DE JANEIRO;ANGRA DOS REIS;PANCREAS, SOE;C259;NEOPLASIA MALIGNA;80003;PANCREAS, SOE;C259;;;;;false;HISTOLOGIA DO TUMOR PRIMÁRIO;SEM INFORMAÇÃO;SEM INFORMAÇÃO;99 - SEM INFORMAÇÃO;999;MORTO;CÂNCER;16/01/2016;16/01/2016;05/01/2016;;
1220456;RCBP ANGRA DOS REIS;MASCULINO;04/02/1946;70;PARDA;BRASIL;Não informado;;SEM ESCOLARIDADE;SEPARADO JUDICIALMENTE;722;TRABALHADORES DE CONFORMAÇÃO DE METAIS E DE COMPÓSITOS	;RIO DE JANEIRO;ANGRA DOS REIS;PROSTATA, SOE;C619;ADENOCARCINOMA, SOE;81403;PROSTATA;C61;;;;;false;HISTOLOGIA DO TUMOR PRIMÁRIO;SEM INFORMAÇÃO;SEM INFORMAÇÃO;99 - SEM INFORMAÇÃO;999;MORTO;CÂNCER;03/07/2016;03/07/2016;15/03/2016;;
1220457;RCBP ANGRA DOS REIS;MASCULINO;12/06/1959;57;BRANCO;BRASIL;Não informado;;FUNDAMENTAL I (1ª A 4ª SÉRIE);SOLTEIRO;513;TRABALHADORES DOS SERVIÇOS DE HOTELARIA E ALIMENTAÇÃO 	;RIO DE JANEIRO;ANGRA DOS REIS;OROFARINGE, SOE;C109;NEOPLASIA MALIGNA;80003;OROFARINGE, SOE;C109;;;;;false;SDO;METÁSTASE;SEM INFORMAÇÃO;99 - SEM INFORMAÇÃO;999;MORTO;CÂNCER;01/12/2016;01/12/2016;01/12/2016;;
1220458;RCBP ANGRA DOS REIS;FEMININO;30/06/1955;61;PARDA;BRASIL;RIO DE JANEIRO;ANGRA DOS REIS;SEM INFORMAÇÃO;UNIÃO CONSENSUAL;0;SEM INFORMAÇÃO	;RIO DE JANEIRO;ANGRA DOS REIS;DUODENO;C170;ADENOCARCINOMA EM POLIPO ADENOMATOSO;82103;DUODENO;C170;;;;;false;HISTOLOGIA DO TUMOR PRIMÁRIO;SEM INFORMAÇÃO;;;;;;;;27/10/2016;;
1220459;RCBP ANGRA DOS REIS;MASCULINO;10/11/1933;82;PARDA;BRASIL;RIO DE JANEIRO;ANGRA DOS REIS;FUNDAMENTAL I (1ª A 4ª SÉRIE);CASADO;0;SEM INFORMAÇÃO	;RIO DE JANEIRO;ANGRA DOS REIS;PROSTATA, SOE;C619;ADENOCARCINOMA, SOE;81403;PROSTATA;C61;;;;;false;HISTOLOGIA DO TUMOR PRIMÁRIO;SEM INFORMAÇÃO;;;;;;;;15/06/2016;;
1220460;RCBP ANGRA DOS REIS;FEMININO;16/01/1928;88;SEM INFORMAÇÃO;BRASIL;RIO DE JANEIRO;ANGRA DOS REIS;FUNDAMENTAL II (5ª A 8ª SÉRIE);VIÚVO;0;SEM INFORMAÇÃO	;RIO DE JANEIRO;ANGRA DOS REIS;VAGINA, SOE;C529;NEOPLASIA MALIGNA;80003;VAGINA;C52;;;;;false;HISTOLOGIA DO TUMOR PRIMÁRIO;SEM INFORMAÇÃO;SEM INFORMAÇÃO;99 - SEM INFORMAÇÃO;999;MORTO;CÂNCER;13/12/2016;13/12/2016;21/07/2016;;
1220461;RCBP ANGRA DOS REIS;MASCULINO;01/09/1929;86;BRANCO;BRASIL;RIO DE JANEIRO;;SEM INFORMAÇÃO;SEM INFORMAÇÃO;;;RIO DE JANEIRO;ANGRA DOS REIS;PROSTATA, SOE;C619;ADENOCARCINOMA, SOE;81403;PROSTATA;C61;;;;;false;HISTOLOGIA DO TUMOR PRIMÁRIO;SEM INFORMAÇÃO;;;;;;;;11/06/2016;;
1220462;RCBP ANGRA DOS REIS;FEMININO;08/02/1931;84;BRANCO;BRASIL;Não informado;;FUNDAMENTAL I (1ª A 4ª SÉRIE);VIÚVO;0;SEM INFORMAÇÃO	;RIO DE JANEIRO;ANGRA DOS REIS;ESTOMAGO, SOE;C169;NEOPLASIA MALIGNA;80003;ESTOMAGO, SOE;C169;;;;;false;SDO;METÁSTASE;SEM INFORMAÇÃO;99 - SEM INFORMAÇÃO;999;MORTO;CÂNCER;02/01/2016;02/01/2016;02/01/2016;;
1220463;RCBP ANGRA DOS REIS;MASCULINO;19/06/1923;93;PARDA;BRASIL;RIO DE JANEIRO;ANGRA DOS REIS;SEM INFORMAÇÃO;SEM INFORMAÇÃO;0;SEM INFORMAÇÃO	;RIO DE JANEIRO;ANGRA DOS REIS;OSSOS LONGOS M. INFERIOR E ARTICUL. ASSOCIADAS;C402;NEOPLASIA MALIGNA;80003;OSSOS LONGOS DOS M. INFERIORES;C402;;;;;false;HISTOLOGIA DO TUMOR PRIMÁRIO;SEM INFORMAÇÃO;;;;;;;;26/12/2016;;
1220464;RCBP ANGRA DOS REIS;MASCULINO;11/11/1954;61;BRANCO;BRASIL;Não informado;;MÉDIO (ANTIGO SEGUNDO GRAU);CASADO;0;SEM INFORMAÇÃO	;RIO DE JANEIRO;ANGRA DOS REIS;ESOFAGO, SOE;C159;NEOPLASIA MALIGNA;80003;ESOFAGO, SOE;C159;;;;;false;HISTOLOGIA DO TUMOR PRIMÁRIO;SEM INFORMAÇÃO;SEM INFORMAÇÃO;99 - SEM INFORMAÇÃO;999;MORTO;CÂNCER;03/09/2016;03/09/2016;15/06/2016;;
1220465;RCBP ANGRA DOS REIS;MASCULINO;14/08/1968;48;BRANCO;BRASIL;RIO DE JANEIRO;ANGRA DOS REIS;MÉDIO (ANTIGO SEGUNDO GRAU);SOLTEIRO;842;OPERADORES NA PREPARAÇÃO DE FUMO E NA FABRICAÇÃO DE CHARUTOS E CIGARROS   	;RIO DE JANEIRO;ANGRA DOS REIS;PULMAO, SOE;C349;NEOPLASIA MALIGNA;80003;BRONQUIOS OU PULMOES, SOE;C349;;;;;false;PESQUISA;METÁSTASE;SEM INFORMAÇÃO;99 - SEM INFORMAÇÃO;999;MORTO;CÂNCER;18/12/2016;18/12/2016;29/11/2016;;
1220341;RCBP ANGRA DOS REIS;MASCULINO;10/03/1947;68;PRETA;BRASIL;PARAÍBA;SAPÉ;SEM INFORMAÇÃO;SEM INFORMAÇÃO;0;SEM INFORMAÇÃO	;RIO DE JANEIRO;ANGRA DOS REIS;MEDULA OSSEA;C421;LEUCEMIA LINFOIDE, SOE;98203;LEUCEMIA LINFOIDE, SOE;C919;;;;;false;PESQUISA;NÃO SE APLICA;;;;;;;;16/01/2016;;
1220389;RCBP ANGRA DOS REIS;FEMININO;12/08/1950;65;BRANCO;BRASIL;Não informado;;FUNDAMENTAL I (1ª A 4ª SÉRIE);VIÚVO;0;SEM INFORMAÇÃO	;RIO DE JANEIRO;ANGRA DOS REIS;ESOFAGO, SOE;C159;ADENOCARCINOMA, SOE;81403;ESOFAGO, SOE;C159;;;;;false;HISTOLOGIA DO TUMOR PRIMÁRIO;SEM INFORMAÇÃO;SEM INFORMAÇÃO;99 - SEM INFORMAÇÃO;999;MORTO;CÂNCER;29/04/2016;29/04/2016;05/02/2016;;
1220390;RCBP ANGRA DOS REIS;MASCULINO;01/11/1938;77;BRANCO;BRASIL;RIO DE JANEIRO;;FUNDAMENTAL I (1ª A 4ª SÉRIE);CASADO;517;TRABALHADORES NOS SERVIÇOS DE PROTEÇÃO E SEGURANÇA	;RIO DE JANEIRO;ANGRA DOS REIS;TRATO INTESTINAL, SOE;C260;NEOPLASIA MALIGNA;80003;TRATO INTESTINAL, SOE;C260;;;;;false;CLÍNICO;SEM INFORMAÇÃO;SEM INFORMAÇÃO;99 - SEM INFORMAÇÃO;999;MORTO;CÂNCER;15/02/2016;15/02/2016;18/01/2016;;
1220391;RCBP ANGRA DOS REIS;MASCULINO;07/09/1952;63;BRANCO;BRASIL;Não informado;;FUNDAMENTAL I (1ª A 4ª SÉRIE);SOLTEIRO;782;CONDUTORES DE VEÍCULOS E OPERADORES DE EQUIPAMENTOS DE ELEVAÇÃO E DE MOVIMENTAÇÃO DE CARGAS   	;RIO DE JANEIRO;ANGRA DOS REIS;CARTILAGEM LARINGEA;C323;NEOPLASIA MALIGNA;80003;CARTILAGENS DA LARINGE;C323;;;;;false;HISTOLOGIA DO TUMOR PRIMÁRIO;SEM INFORMAÇÃO;SEM INFORMAÇÃO;99 - SEM INFORMAÇÃO;999;MORTO;CÂNCER;06/04/2016;06/04/2016;04/03/2016;;
1220392;RCBP ANGRA DOS REIS;MASCULINO;23/06/1966;50;BRANCO;BRASIL;RIO DE JANEIRO;ANGRA DOS REIS;FUNDAMENTAL I (1ª A 4ª SÉRIE);SOLTEIRO;623;TRABALHADORES NA PECUÁRIA 	;RIO DE JANEIRO;ANGRA DOS REIS;CABECA, FACE E PESCOCO, SOE;C760;NEOPLASIA MALIGNA;80003;CABECA, FACE E PESCOCO;C760;;;;;false;CLÍNICO;SEM INFORMAÇÃO;SEM INFORMAÇÃO;99 - SEM INFORMAÇÃO;999;MORTO;CÂNCER;17/08/2016;17/08/2016;15/08/2016;;
1220360;RCBP ANGRA DOS REIS;MASCULINO;19/06/1947;69;BRANCO;BRASIL;Não informado;;FUNDAMENTAL II (5ª A 8ª SÉRIE);CASADO;722;TRABALHADORES DE CONFORMAÇÃO DE METAIS E DE COMPÓSITOS	;RIO DE JANEIRO;ANGRA DOS REIS;CECO;C180;NEOPLASIA MALIGNA;80003;CECO;C180;;;;;false;SDO;SEM INFORMAÇÃO;SEM INFORMAÇÃO;99 - SEM INFORMAÇÃO;999;MORTO;CÂNCER;29/07/2016;29/07/2016;29/07/2016;;
1220361;RCBP ANGRA DOS REIS;MASCULINO;06/07/1954;61;PARDA;BRASIL;MINAS GERAIS;ITANHOMI;FUNDAMENTAL I (1ª A 4ª SÉRIE);CASADO;622;TRABALHADORES AGRÍCOLAS   	;RIO DE JANEIRO;ANGRA DOS REIS;PROSTATA, SOE;C619;ADENOCARCINOMA, SOE;81403;PROSTATA;C61;;;;;false;HISTOLOGIA DO TUMOR PRIMÁRIO;METÁSTASE;;;;;CÂNCER;27/11/2019;;15/06/2016;;
1220362;RCBP ANGRA DOS REIS;MASCULINO;06/11/1954;61;PARDA;BRASIL;RIO DE JANEIRO;BARRA MANSA;FUNDAMENTAL I (1ª A 4ª SÉRIE);CASADO;711;TRABALHADORES DA EXTRAÇÃO MINERAL 	;RIO DE JANEIRO;ANGRA DOS REIS;CABECA DO PANCREAS;C250;NEOPLASIA MALIGNA;80003;CABECA DO PANCREAS;C250;;;;;false;HISTOLOGIA DO TUMOR PRIMÁRIO;METÁSTASE;SEM INFORMAÇÃO;99 - SEM INFORMAÇÃO;999;MORTO;CÂNCER;22/11/2016;22/11/2016;11/02/2016;;
1220363;RCBP ANGRA DOS REIS;FEMININO;07/07/1944;71;BRANCO;BRASIL;RIO DE JANEIRO;ANGRA DOS REIS;FUNDAMENTAL I (1ª A 4ª SÉRIE);CASADO;0;SEM INFORMAÇÃO	;RIO DE JANEIRO;ANGRA DOS REIS;UTERO, SOE;C559;NEOPLASIA MALIGNA;80003;UTERO, SOE;C55;;;;;false;HISTOLOGIA DO TUMOR PRIMÁRIO;SEM INFORMAÇÃO;;;;;CÂNCER;04/06/2016;;14/05/2016;;
1220365;RCBP ANGRA DOS REIS;FEMININO;11/02/1953;63;PARDA;BRASIL;RIO DE JANEIRO;RIO DE JANEIRO;FUNDAMENTAL II (5ª A 8ª SÉRIE);VIÚVO;0;SEM INFORMAÇÃO	;RIO DE JANEIRO;ANGRA DOS REIS;ESTOMAGO, SOE;C169;NEOPLASIA MALIGNA;80003;ESTOMAGO, SOE;C169;;;;;false;HISTOLOGIA DO TUMOR PRIMÁRIO;SEM INFORMAÇÃO;SEM INFORMAÇÃO;99 - SEM INFORMAÇÃO;999;MORTO;CÂNCER;10/10/2016;10/10/2016;15/06/2016;;
1220369;RCBP ANGRA DOS REIS;FEMININO;22/01/1942;74;BRANCO;BRASIL;Não informado;;SEM ESCOLARIDADE;VIÚVO;0;SEM INFORMAÇÃO	;RIO DE JANEIRO;ANGRA DOS REIS;RETO, SOE;C209;NEOPLASIA MALIGNA;80003;RETO;C20;;;;;false;SDO;SEM INFORMAÇÃO;SEM INFORMAÇÃO;99 - SEM INFORMAÇÃO;999;MORTO;CÂNCER;02/03/2016;02/03/2016;02/03/2016;;
1220370;RCBP ANGRA DOS REIS;MASCULINO;03/05/1932;83;BRANCO;BRASIL;RIO DE JANEIRO;;SEM ESCOLARIDADE;VIÚVO;512;TRABALHADORES DOS SERVIÇOS DOMÉSTICOS EM GERAL	;RIO DE JANEIRO;ANGRA DOS REIS;OROFARINGE, SOE;C109;CARCINOMA, SOE;80103;OROFARINGE, SOE;C109;;;;;false;HISTOLOGIA DO TUMOR PRIMÁRIO;SEM INFORMAÇÃO;SEM INFORMAÇÃO;99 - SEM INFORMAÇÃO;999;MORTO;CÂNCER;20/05/2016;20/05/2016;18/03/2016;;
1220364;RCBP ANGRA DOS REIS;FEMININO;21/05/1958;57;BRANCO;BRASIL;BAHIA;;MÉDIO (ANTIGO SEGUNDO GRAU);SOLTEIRO;514;TRABALHADORES NOS SERVIÇOS DE ADMINISTRAÇÃO, CONSERVAÇÃO E MANUTENÇÃO DE EDIFÍCIOS E LOGRADOUROS  	;RIO DE JANEIRO;ANGRA DOS REIS;QUADRANTE SUPERIOR EXTERNO DA MAMA;C504;CARCINOMA LOBULAR, SOE;85203;QUADRANTE SUPERIOR EXTERNO DA MAMA;C504;;;;;false;HISTOLOGIA DO TUMOR PRIMÁRIO;METÁSTASE;;;;;CÂNCER;26/05/2017;;18/02/2016;;
1636748;RCBP ANGRA DOS REIS;MASCULINO;26/07/1948;67;BRANCO;BRASIL;CEARÁ;;FUNDAMENTAL I (1ª A 4ª SÉRIE);CASADO;711;TRABALHADORES DA EXTRAÇÃO MINERAL 	;RIO DE JANEIRO;ANGRA DOS REIS;TRATO INTESTINAL, SOE;C260;ADENOCARCINOMA, SOE;81403;TRATO INTESTINAL, SOE;C260;;;;;false;HISTOLOGIA DO TUMOR PRIMÁRIO;SEM INFORMAÇÃO;;;;;CÂNCER;10/03/2017;;17/04/2016;;
1636766;RCBP ANGRA DOS REIS;FEMININO;20/11/1944;71;BRANCO;BRASIL;RIO DE JANEIRO;RIO DE JANEIRO;SEM INFORMAÇÃO;CASADO;0;SEM INFORMAÇÃO	;RIO DE JANEIRO;ANGRA DOS REIS;MAMA , SOE;C509;CARCINOMA DUCTAL INFILTRANTE;85003;MAMA , SOE;C509;;;;;false;HISTOLOGIA DO TUMOR PRIMÁRIO;METÁSTASE;;;;;CÂNCER;18/07/2018;;15/04/2016;;
1636702;RCBP ANGRA DOS REIS;MASCULINO;06/06/1953;63;PARDA;BRASIL;RIO DE JANEIRO;ANGRA DOS REIS;MÉDIO (ANTIGO SEGUNDO GRAU);CASADO;732;INSTALADORES E REPARADORES DE LINHAS E CABOS ELÉTRICOS E DE COMUNICAÇÕES  	;RIO DE JANEIRO;ANGRA DOS REIS;CABECA DO PANCREAS;C250;CARCINOMA, SOE;80103;CABECA DO PANCREAS;C250;;;;;false;HISTOLOGIA DO TUMOR PRIMÁRIO;SEM INFORMAÇÃO;;;;;CÂNCER;23/01/2017;;15/06/2016;;
1636765;RCBP ANGRA DOS REIS;MASCULINO;29/07/1950;65;BRANCO;BRASIL;MINAS GERAIS;JUIZ DE FORA;MÉDIO (ANTIGO SEGUNDO GRAU);CASADO;821;OPERADORES DE INSTALAÇÕES E EQUIPAMENTOS DE PRODUÇÃO DE METAIS E LIGAS- PRIMEIRA FUSÃO	;RIO DE JANEIRO;ANGRA DOS REIS;TRATO GASTRINTESTINAL, SOE;C269;ADENOCARCINOMA, SOE;81403;LOCALIZACAO MAL DEF. DENTRO DO APARELHO DIGESTIVO;C269;;;;;false;HISTOLOGIA DO TUMOR PRIMÁRIO;SEM INFORMAÇÃO;;;;;CÂNCER;04/03/2018;;15/06/2016;;
1636772;RCBP ANGRA DOS REIS;MASCULINO;12/06/1937;78;BRANCO;BRASIL;RIO DE JANEIRO;ANGRA DOS REIS;FUNDAMENTAL I (1ª A 4ª SÉRIE);CASADO;;;RIO DE JANEIRO;ANGRA DOS REIS;ANGULO HEPATICO DO COLON;C183;CARCINOMA, SOE;80103;FLEXURA HEPATICA DO COLON;C183;;;;;false;HISTOLOGIA DO TUMOR PRIMÁRIO;SEM INFORMAÇÃO;;;;;CÂNCER;27/03/2017;;23/02/2016;;
1636825;RCBP ANGRA DOS REIS;MASCULINO;08/05/1937;78;BRANCO;BRASIL;RIO DE JANEIRO;ANGRA DOS REIS;FUNDAMENTAL II (5ª A 8ª SÉRIE);SEPARADO JUDICIALMENTE;0;SEM INFORMAÇÃO	;RIO DE JANEIRO;ANGRA DOS REIS;PROSTATA, SOE;C619;ADENOCARCINOMA, SOE;81403;PROSTATA;C61;;;;;false;HISTOLOGIA DO TUMOR PRIMÁRIO;SEM INFORMAÇÃO;;;;;CÂNCER;15/04/2017;;08/02/2016;;
1636947;RCBP ANGRA DOS REIS;FEMININO;26/04/1980;36;BRANCO;BRASIL;SÃO PAULO;SÃO PAULO;MÉDIO (ANTIGO SEGUNDO GRAU);SOLTEIRO;0;SEM INFORMAÇÃO	;RIO DE JANEIRO;ANGRA DOS REIS;COLO DO UTERO, SOE;C539;CARCINOMA ESCAMOCELULAR, SOE;80703;COLO DO UTERO, SOE;C539;;;;;false;HISTOLOGIA DO TUMOR PRIMÁRIO;METÁSTASE;;;;;CÂNCER;04/11/2017;;18/07/2016;;
1636983;RCBP ANGRA DOS REIS;MASCULINO;31/05/1940;75;PRETA;BRASIL;RIO DE JANEIRO;ANGRA DOS REIS;MÉDIO (ANTIGO SEGUNDO GRAU);CASADO;0;SEM INFORMAÇÃO	;RIO DE JANEIRO;ANGRA DOS REIS;PROSTATA, SOE;C619;ADENOCARCINOMA, SOE;81403;PROSTATA;C61;;;;;false;HISTOLOGIA DO TUMOR PRIMÁRIO;METÁSTASE;;;;;CÂNCER;21/07/2017;;15/04/2016;;
1636995;RCBP ANGRA DOS REIS;MASCULINO;15/04/1979;36;PARDA;BRASIL;RIO DE JANEIRO;ANGRA DOS REIS;SEM INFORMAÇÃO;SEM INFORMAÇÃO;0;SEM INFORMAÇÃO	;RIO DE JANEIRO;ANGRA DOS REIS;MEDULA OSSEA;C421;LEUCEMIA LINFOBLASTICA DE CELULAS PRECURSORAS,SOE;98353;LEUCEMIA LINFOBLASTICA AGUDA;C910;;;;;false;PESQUISA;NÃO SE APLICA;;;;;CÂNCER;07/06/2017;;28/03/2016;;
1637136;RCBP ANGRA DOS REIS;MASCULINO;09/10/1960;55;PRETA;BRASIL;Não informado;Não Informado;SEM INFORMAÇÃO;SEM INFORMAÇÃO;0;SEM INFORMAÇÃO	;RIO DE JANEIRO;ANGRA DOS REIS;PULMAO, SOE;C349;CARC. BRONQ. ALVEOLAR MISTO, MUCIN. E NAO MUCINOSO;82543;BRONQUIOS OU PULMOES, SOE;C349;;;;;false;HISTOLOGIA DO TUMOR PRIMÁRIO;SEM INFORMAÇÃO;;;;;CÂNCER;13/02/2017;;04/03/2016;;
1664974;RCBP ANGRA DOS REIS;MASCULINO;25/07/1947;68;PRETA;BRASIL;RIO DE JANEIRO;ANGRA DOS REIS;SEM ESCOLARIDADE;SOLTEIRO;0;SEM INFORMAÇÃO	;RIO DE JANEIRO;ANGRA DOS REIS;ESOFAGO, SOE;C159;NEOPLASIA MALIGNA;80003;ESOFAGO, SOE;C159;;;;;false;HISTOLOGIA DA METÁSTASE;METÁSTASE;;;;;CÂNCER;10/03/2016;;18/01/2016;;
1665961;RCBP ANGRA DOS REIS;MASCULINO;23/11/1959;56;BRANCO;BRASIL;RIO DE JANEIRO;ANGRA DOS REIS;FUNDAMENTAL I (1ª A 4ª SÉRIE);CASADO;848;TRABALHADORES ARTESANAIS NA  AGROINDÚSTRIA, NA INDÚSTRIA DE ALIMENTOS E DO FUMO   	;RIO DE JANEIRO;ANGRA DOS REIS;MEDULA OSSEA;C421;LEUCEMIA AGUDA, SOE;98013;LEUCEMIA AGUDA DE TIPO CELULAR, SOE;C950;;;;;false;MARCADORES TUMORAIS;NÃO SE APLICA;;;;;CÂNCER;30/01/2016;;23/01/2016;;
1665962;RCBP ANGRA DOS REIS;FEMININO;30/11/1965;50;PRETA;BRASIL;Não informado;Não Informado;MÉDIO (ANTIGO SEGUNDO GRAU);CASADO;512;TRABALHADORES DOS SERVIÇOS DOMÉSTICOS EM GERAL	;RIO DE JANEIRO;ANGRA DOS REIS;MAMA , SOE;C509;CARCINOMA DUCTAL INFILTRANTE;85003;MAMA , SOE;C509;;;;;false;HISTOLOGIA DO TUMOR PRIMÁRIO;SEM INFORMAÇÃO;;;;;CÂNCER;25/05/2020;;17/04/2016;;
1665987;RCBP ANGRA DOS REIS;MASCULINO;18/02/1952;64;PARDA;BRASIL;RIO DE JANEIRO;ANGRA DOS REIS;MÉDIO (ANTIGO SEGUNDO GRAU);CASADO;0;SEM INFORMAÇÃO	;RIO DE JANEIRO;ANGRA DOS REIS;COLON, SOE;C189;ADENOCARCINOMA, SOE;81403;COLON, SOE;C189;;;;;false;HISTOLOGIA DO TUMOR PRIMÁRIO;SEM INFORMAÇÃO;;;;;CÂNCER;06/03/2017;;15/06/2016;;
1666004;RCBP ANGRA DOS REIS;MASCULINO;15/03/1967;49;BRANCO;BRASIL;RIO DE JANEIRO;ANGRA DOS REIS;FUNDAMENTAL II (5ª A 8ª SÉRIE);SOLTEIRO;517;TRABALHADORES NOS SERVIÇOS DE PROTEÇÃO E SEGURANÇA	;RIO DE JANEIRO;ANGRA DOS REIS;ESOFAGO, SOE;C159;CARCINOMA, SOE;80103;ESOFAGO, SOE;C159;;;;;false;HISTOLOGIA DO TUMOR PRIMÁRIO;SEM INFORMAÇÃO;;;;;CÂNCER;21/03/2017;;15/06/2016;;
1666005;RCBP ANGRA DOS REIS;MASCULINO;24/01/1954;62;BRANCO;BRASIL;MINAS GERAIS;;FUNDAMENTAL II (5ª A 8ª SÉRIE);CASADO;722;TRABALHADORES DE CONFORMAÇÃO DE METAIS E DE COMPÓSITOS	;RIO DE JANEIRO;ANGRA DOS REIS;PULMAO, SOE;C349;CARCINOMA, SOE;80103;BRONQUIOS OU PULMOES, SOE;C349;;;;;false;HISTOLOGIA DO TUMOR PRIMÁRIO;SEM INFORMAÇÃO;;;;;CÂNCER;10/01/2017;;05/05/2016;;
1666563;RCBP ANGRA DOS REIS;MASCULINO;08/04/1954;61;BRANCO;BRASIL;RIO DE JANEIRO;ANGRA DOS REIS;FUNDAMENTAL II (5ª A 8ª SÉRIE);SOLTEIRO;414;ESCRITURÁRIOS DE CONTROLE DE MATERIAIS E DE APOIO À PRODUÇÃO 	;RIO DE JANEIRO;ANGRA DOS REIS;CABECA, FACE E PESCOCO, SOE;C760;NEOPLASIA MALIGNA;80003;CABECA, FACE E PESCOCO;C760;;;;;false;HISTOLOGIA DO TUMOR PRIMÁRIO;SEM INFORMAÇÃO;;;;;CÂNCER;28/07/2016;;23/01/2016;;
1666566;RCBP ANGRA DOS REIS;FEMININO;24/06/1955;60;PARDA;BRASIL;RIO DE JANEIRO;ANGRA DOS REIS;MÉDIO (ANTIGO SEGUNDO GRAU);UNIÃO CONSENSUAL;512;TRABALHADORES DOS SERVIÇOS DOMÉSTICOS EM GERAL	;RIO DE JANEIRO;ANGRA DOS REIS;OVARIO, SOE;C569;ADENOCARCINOMA, SOE;81403;OVARIO;C56;;;;;false;HISTOLOGIA DO TUMOR PRIMÁRIO;METÁSTASE;;;;;CÂNCER;04/06/2017;;15/06/2016;;
1666577;RCBP ANGRA DOS REIS;FEMININO;03/10/1958;57;BRANCO;BRASIL;PERNAMBUCO;PETROLINA;FUNDAMENTAL I (1ª A 4ª SÉRIE);SEM INFORMAÇÃO;622;TRABALHADORES AGRÍCOLAS   	;RIO DE JANEIRO;ANGRA DOS REIS;MAMA , SOE;C509;CARCINOMA DUCTAL INFILTRANTE;85003;MAMA , SOE;C509;;;;;false;HISTOLOGIA DO TUMOR PRIMÁRIO;SEM INFORMAÇÃO;;;;;CÂNCER;04/01/2018;;15/02/2016;;
1666579;RCBP ANGRA DOS REIS;FEMININO;14/09/1948;67;BRANCO;BRASIL;SANTA CATARINA;FLORIANÓPOLIS;SEM INFORMAÇÃO;VIÚVO;0;SEM INFORMAÇÃO	;RIO DE JANEIRO;ANGRA DOS REIS;MAMA , SOE;C509;CARCINOMA DUCTAL INFILTRANTE;85003;MAMA , SOE;C509;;;;;false;HISTOLOGIA DO TUMOR PRIMÁRIO;SEM INFORMAÇÃO;;;;;CÂNCER;02/12/2018;;15/05/2016;;
1666580;RCBP ANGRA DOS REIS;FEMININO;25/05/1936;79;PARDA;BRASIL;RIO GRANDE DO NORTE;;FUNDAMENTAL I (1ª A 4ª SÉRIE);VIÚVO;0;SEM INFORMAÇÃO	;RIO DE JANEIRO;ANGRA DOS REIS;BEXIGA, SOE;C679;ADENOCARCINOMA, SOE;81403;BEXIGA, SOE;C679;;;;;false;HISTOLOGIA DO TUMOR PRIMÁRIO;METÁSTASE;;;;;CÂNCER;13/05/2017;;15/02/2016;;
1666581;RCBP ANGRA DOS REIS;MASCULINO;26/01/1972;44;PRETA;BRASIL;RIO DE JANEIRO;ANGRA DOS REIS;FUNDAMENTAL II (5ª A 8ª SÉRIE);CASADO;711;TRABALHADORES DA EXTRAÇÃO MINERAL 	;RIO DE JANEIRO;ANGRA DOS REIS;FIGADO, SOE;C220;ADENOCARCINOMA, SOE;81403;FIGADO E VIAS BILIARES INTRA-HEPATICAS;C22;;;;;false;HISTOLOGIA DO TUMOR PRIMÁRIO;METÁSTASE;;;;;CÂNCER;05/01/2017;;15/05/2016;;
1666591;RCBP ANGRA DOS REIS;MASCULINO;12/11/1950;65;BRANCO;BRASIL;RIO DE JANEIRO;;SEM INFORMAÇÃO;SEM INFORMAÇÃO;0;SEM INFORMAÇÃO	;RIO DE JANEIRO;ANGRA DOS REIS;COLON SIGMOIDE;C187;ADENOCARCINOMA, SOE;81403;COLON SIGMOIDE;C187;;;;;false;HISTOLOGIA DO TUMOR PRIMÁRIO;SEM INFORMAÇÃO;;;;;CÂNCER;11/10/2017;;13/02/2016;;
1666599;RCBP ANGRA DOS REIS;FEMININO;17/01/1979;37;PRETA;BRASIL;RIO DE JANEIRO;BARRA DO PIRAÍ;SEM INFORMAÇÃO;CASADO;0;SEM INFORMAÇÃO	;RIO DE JANEIRO;ANGRA DOS REIS;COLO DO UTERO, SOE;C539;CARCINOMA ESCAMOCELULAR, SOE;80703;COLO DO UTERO, SOE;C539;;;;;false;HISTOLOGIA DO TUMOR PRIMÁRIO;SEM INFORMAÇÃO;;;;;CÂNCER;02/01/2018;;15/06/2016;;
1666601;RCBP ANGRA DOS REIS;FEMININO;23/10/1950;65;PARDA;BRASIL;RIO DE JANEIRO;RIO DE JANEIRO;SEM INFORMAÇÃO;SEM INFORMAÇÃO;0;SEM INFORMAÇÃO	;RIO DE JANEIRO;ANGRA DOS REIS;COLON, SOE;C189;ADENOCARCINOMA, SOE;81403;COLON, SOE;C189;;;;;false;HISTOLOGIA DO TUMOR PRIMÁRIO;SEM INFORMAÇÃO;;;;;CÂNCER;16/10/2020;;07/04/2016;;
1666596;RCBP ANGRA DOS REIS;FEMININO;03/12/1944;71;BRANCO;BRASIL;RIO DE JANEIRO;ANGRA DOS REIS;SUPERIOR COMPLETO;CASADO;0;SEM INFORMAÇÃO	;RIO DE JANEIRO;ANGRA DOS REIS;MAMA , SOE;C509;CARCINOMA DUCTAL INFILTRANTE;85003;MAMA , SOE;C509;;;;;false;HISTOLOGIA DO TUMOR PRIMÁRIO;SEM INFORMAÇÃO;;;;;CÂNCER;18/05/2017;;15/06/2016;;
1666585;RCBP ANGRA DOS REIS;MASCULINO;07/07/1954;61;PARDA;BRASIL;SÃO PAULO;;SEM ESCOLARIDADE;SOLTEIRO;711;TRABALHADORES DA EXTRAÇÃO MINERAL 	;RIO DE JANEIRO;ANGRA DOS REIS;PANCREAS, SOE;C259;ADENOCARCINOMA, SOE;81403;PANCREAS, SOE;C259;;;;;false;HISTOLOGIA DO TUMOR PRIMÁRIO;SEM INFORMAÇÃO;;;;;CÂNCER;19/01/2017;;23/03/2016;;
1666658;RCBP ANGRA DOS REIS;FEMININO;10/01/1942;74;PARDA;BRASIL;RIO GRANDE DO SUL;;FUNDAMENTAL I (1ª A 4ª SÉRIE);VIÚVO;0;SEM INFORMAÇÃO	;RIO DE JANEIRO;ANGRA DOS REIS;VESICULA BILIAR, SOE;C239;ADENOCARCINOMA, SOE;81403;VESICULA BILIAR;C23;;;;;false;HISTOLOGIA DO TUMOR PRIMÁRIO;SEM INFORMAÇÃO;;;;;CÂNCER;21/08/2018;;15/06/2016;;
1666670;RCBP ANGRA DOS REIS;MASCULINO;24/07/1967;48;BRANCO;BRASIL;RIO DE JANEIRO;ANGRA DOS REIS;SEM INFORMAÇÃO;SEM INFORMAÇÃO;0;SEM INFORMAÇÃO	;RIO DE JANEIRO;ANGRA DOS REIS;FARINGE, SOE;C140;NEOPLASIA MALIGNA;80003;FARINGE, SOE;C140;;;;;false;HISTOLOGIA DO TUMOR PRIMÁRIO;METÁSTASE;;;;;CÂNCER;27/01/2017;;15/07/2016;;
1666666;RCBP ANGRA DOS REIS;FEMININO;11/08/1951;64;BRANCO;BRASIL;RIO DE JANEIRO;ANGRA DOS REIS;SEM INFORMAÇÃO;SEM INFORMAÇÃO;512;TRABALHADORES DOS SERVIÇOS DOMÉSTICOS EM GERAL	;RIO DE JANEIRO;ANGRA DOS REIS;OVARIO, SOE;C569;CISTADENOCARCINOMA PAPILAR SEROSO;84603;OVARIO;C56;;;;;false;HISTOLOGIA DO TUMOR PRIMÁRIO;SEM INFORMAÇÃO;;;;;CÂNCER;25/09/2020;;15/06/2016;;
1666680;RCBP ANGRA DOS REIS;FEMININO;22/02/1956;60;BRANCO;BRASIL;RIO DE JANEIRO;ANGRA DOS REIS;SEM INFORMAÇÃO;SEM INFORMAÇÃO;0;SEM INFORMAÇÃO	;RIO DE JANEIRO;ANGRA DOS REIS;MAMA , SOE;C509;CARCINOMA DUCTAL INFILTRANTE;85003;MAMA , SOE;C509;;;;;false;HISTOLOGIA DO TUMOR PRIMÁRIO;SEM INFORMAÇÃO;;;;;CÂNCER;01/05/2017;;28/03/2016;;
1666675;RCBP ANGRA DOS REIS;MASCULINO;01/01/1934;82;PARDA;BRASIL;RIO DE JANEIRO;ANGRA DOS REIS;MÉDIO (ANTIGO SEGUNDO GRAU);CASADO;622;TRABALHADORES AGRÍCOLAS   	;RIO DE JANEIRO;ANGRA DOS REIS;PROSTATA, SOE;C619;ADENOCARCINOMA, SOE;81403;PROSTATA;C61;;;;;false;HISTOLOGIA DO TUMOR PRIMÁRIO;SEM INFORMAÇÃO;;;;;CÂNCER;13/06/2017;;15/06/2016;;
1666676;RCBP ANGRA DOS REIS;FEMININO;15/04/1945;70;BRANCO;BRASIL;RIO DE JANEIRO;ANGRA DOS REIS;SEM INFORMAÇÃO;SEM INFORMAÇÃO;0;SEM INFORMAÇÃO	;RIO DE JANEIRO;ANGRA DOS REIS;COLO DO UTERO, SOE;C539;CARCINOMA ESCAMOCELULAR, SOE;80703;COLO DO UTERO, SOE;C539;;;;;false;HISTOLOGIA DO TUMOR PRIMÁRIO;SEM INFORMAÇÃO;;;;;CÂNCER;19/08/2017;;15/03/2016;;
1666781;RCBP ANGRA DOS REIS;MASCULINO;21/10/1945;70;PARDA;BRASIL;RIO DE JANEIRO;ANGRA DOS REIS;FUNDAMENTAL II (5ª A 8ª SÉRIE);CASADO;0;SEM INFORMAÇÃO	;RIO DE JANEIRO;ANGRA DOS REIS;PROSTATA, SOE;C619;ADENOCARCINOMA, SOE;81403;PROSTATA;C61;;;;;false;HISTOLOGIA DO TUMOR PRIMÁRIO;SEM INFORMAÇÃO;;;;;NÃO CÂNCER;18/04/2019;;27/06/2016;;
1702721;RCBP ANGRA DOS REIS;FEMININO;26/09/1948;68;PARDA;BRASIL;RIO DE JANEIRO;;MÉDIO (ANTIGO SEGUNDO GRAU);SOLTEIRO;;;RIO DE JANEIRO;ANGRA DOS REIS;PELE DO MEMBRO INFERIOR E DO QUADRIL;C447;MELANOMA   "IN SITU";87202;DOS MEMBROS INFERIORES, INCLUINDO QUADRIL;D037;;;;;false;HISTOLOGIA DO TUMOR PRIMÁRIO;"IN SITU";;;;;;;;07/03/2017;;
1514705;RCBP ANGRA DOS REIS;MASCULINO;23/02/1960;57;BRANCO;BRASIL;RIO DE JANEIRO;ANGRA DOS REIS;FUNDAMENTAL II (5ª A 8ª SÉRIE);CASADO;0;SEM INFORMAÇÃO	;RIO DE JANEIRO;ANGRA DOS REIS;ESOFAGO CERVICAL;C150;ADENOCARCINOMA, SOE;81403;PORCAO CERVICAL DO ESOFAGO;C150;;;;;false;HISTOLOGIA DO TUMOR PRIMÁRIO;SEM INFORMAÇÃO;;;;;CÂNCER;24/06/2018;;15/06/2017;;
1514705;RCBP ANGRA DOS REIS;MASCULINO;23/02/1960;57;BRANCO;BRASIL;RIO DE JANEIRO;ANGRA DOS REIS;FUNDAMENTAL II (5ª A 8ª SÉRIE);CASADO;0;SEM INFORMAÇÃO	;RIO DE JANEIRO;ANGRA DOS REIS;GLOTE;C320;CARCINOMA ESCAMOCELULAR, SOE;80703;GLOTE;C320;;;;;false;HISTOLOGIA DO TUMOR PRIMÁRIO;SEM INFORMAÇÃO;;;;;CÂNCER;24/06/2018;;24/07/2017;;
1514708;RCBP ANGRA DOS REIS;FEMININO;14/10/1972;44;BRANCO;BRASIL;RIO DE JANEIRO;ANGRA DOS REIS;SUPERIOR COMPLETO;SEPARADO JUDICIALMENTE;331;PROFESSORES DE NÍVEL MÉDIO NA EDUCAÇÃO INFANTIL, NO ENSINO FUNDAMENTAL E NO PROFISSIONALIZANTE	;RIO DE JANEIRO;ANGRA DOS REIS;COLO DO UTERO, SOE;C539;CARCINOMA ESCAMOCELULAR, SOE;80703;COLO DO UTERO, SOE;C539;;;;;false;HISTOLOGIA DO TUMOR PRIMÁRIO;SEM INFORMAÇÃO;;;;;CÂNCER;19/12/2019;;14/02/2017;;
1514724;RCBP ANGRA DOS REIS;FEMININO;31/10/1983;33;BRANCO;BRASIL;RIO DE JANEIRO;RIO DE JANEIRO;MÉDIO (ANTIGO SEGUNDO GRAU);SOLTEIRO;0;SEM INFORMAÇÃO	;RIO DE JANEIRO;ANGRA DOS REIS;MAMA , SOE;C509;CARCINOMA DUCTAL INFILTRANTE;85003;MAMA , SOE;C509;;;;;false;HISTOLOGIA DO TUMOR PRIMÁRIO;SEM INFORMAÇÃO;;;;;CÂNCER;15/11/2018;;15/01/2017;;
1163537;RCBP ANGRA DOS REIS;FEMININO;15/01/1942;74;PRETA;BRASIL;RIO DE JANEIRO;;FUNDAMENTAL I (1ª A 4ª SÉRIE);CASADO;514;TRABALHADORES NOS SERVIÇOS DE ADMINISTRAÇÃO, CONSERVAÇÃO E MANUTENÇÃO DE EDIFÍCIOS E LOGRADOUROS  	;RIO DE JANEIRO;ANGRA DOS REIS;CORPO DO UTERO, SOE;C549;CARCINOMA ESCAMOCELULAR, SOE;80703;CORPO DO UTERO, SOE;C549;;;;;false;HISTOLOGIA DO TUMOR PRIMÁRIO;METÁSTASE;;;;;CÂNCER;26/03/2017;;08/01/2017;;
1514642;RCBP ANGRA DOS REIS;FEMININO;15/07/1953;63;PRETA;BRASIL;BAHIA;ITABUNA;SEM INFORMAÇÃO;SEM INFORMAÇÃO;0;SEM INFORMAÇÃO	;RIO DE JANEIRO;ANGRA DOS REIS;ANTRO GASTRICO;C163;CARCINOMA, TIPO DIFUSO;81453;ANTRO PILORICO;C163;;;;;false;HISTOLOGIA DO TUMOR PRIMÁRIO;SEM INFORMAÇÃO;;;;;CÂNCER;29/12/2017;;15/04/2017;;
1514642;RCBP ANGRA DOS REIS;FEMININO;15/07/1953;63;PRETA;BRASIL;BAHIA;ITABUNA;SEM INFORMAÇÃO;SEM INFORMAÇÃO;0;SEM INFORMAÇÃO	;RIO DE JANEIRO;ANGRA DOS REIS;RETO, SOE;C209;NEOPLASIA MALIGNA;80003;RETO;C20;;;;;false;HISTOLOGIA DO TUMOR PRIMÁRIO;SEM INFORMAÇÃO;;;;;CÂNCER;29/12/2017;;08/03/2017;;
1514882;RCBP ANGRA DOS REIS;FEMININO;02/05/1971;46;PARDA;BRASIL;RIO DE JANEIRO;ANGRA DOS REIS;MÉDIO (ANTIGO SEGUNDO GRAU);SEPARADO JUDICIALMENTE;0;SEM INFORMAÇÃO	;RIO DE JANEIRO;ANGRA DOS REIS;MAMA , SOE;C509;CARCINOMA DUCTAL INFILTRANTE E LOBULAR;85223;MAMA , SOE;C509;;;;;false;HISTOLOGIA DO TUMOR PRIMÁRIO;SEM INFORMAÇÃO;;;;;CÂNCER;18/10/2019;;15/06/2017;;
1514885;RCBP ANGRA DOS REIS;FEMININO;30/04/1951;66;BRANCO;BRASIL;RIO DE JANEIRO;RIO DE JANEIRO;MÉDIO (ANTIGO SEGUNDO GRAU);CASADO;0;SEM INFORMAÇÃO	;RIO DE JANEIRO;ANGRA DOS REIS;MAMA , SOE;C509;CARCINOMA DUCTAL INFILTRANTE;85003;MAMA , SOE;C509;;;;;false;HISTOLOGIA DO TUMOR PRIMÁRIO;SEM INFORMAÇÃO;;;;;CÂNCER;30/01/2022;;15/06/2017;;
1666801;RCBP ANGRA DOS REIS;MASCULINO;15/01/1939;78;PARDA;BRASIL;MINAS GERAIS;ESPINOSA;SEM ESCOLARIDADE;CASADO;0;SEM INFORMAÇÃO	;RIO DE JANEIRO;ANGRA DOS REIS;LOBO SUPERIOR DO PULMAO;C341;CARCINOMA DE CELULAS PEQUENAS E DE CELULAS GRANDES;80453;LOBO SUPERIOR, BRONQUIO OU PULMAO;C341;;;;;false;HISTOLOGIA DO TUMOR PRIMÁRIO;METÁSTASE;;;;;CÂNCER;13/01/2018;;31/10/2017;;
1514789;RCBP ANGRA DOS REIS;MASCULINO;13/04/1949;67;BRANCO;BRASIL;RIO DE JANEIRO;ANGRA DOS REIS;SEM INFORMAÇÃO;SEM INFORMAÇÃO;0;SEM INFORMAÇÃO	;RIO DE JANEIRO;ANGRA DOS REIS;PALPEBRA;C441;CARCINOMA BASOCELULAR, SOE;80903;PELE DA PALPEBRA E CANTO;C441;;;;;false;HISTOLOGIA DO TUMOR PRIMÁRIO;SEM INFORMAÇÃO;;;;;;;;18/02/2017;;
1514790;RCBP ANGRA DOS REIS;FEMININO;15/02/1956;61;BRANCO;BRASIL;RIO DE JANEIRO;RIO DE JANEIRO;MÉDIO (ANTIGO SEGUNDO GRAU);SOLTEIRO;0;SEM INFORMAÇÃO	;RIO DE JANEIRO;ANGRA DOS REIS;MAMA , SOE;C509;CARCINOMA DUCTAL INFILTRANTE;85003;MAMA , SOE;C509;;;;;false;HISTOLOGIA DO TUMOR PRIMÁRIO;SEM INFORMAÇÃO;;;;;CÂNCER;02/09/2019;;15/06/2017;;
1625517;RCBP ANGRA DOS REIS;MASCULINO;04/04/1961;56;BRANCO;BRASIL;RIO DE JANEIRO;ANGRA DOS REIS;SUPERIOR COMPLETO;CASADO;232;PROFESSORES DO ENSINO MÉDIO   	;RIO DE JANEIRO;ANGRA DOS REIS;PROSTATA, SOE;C619;ADENOCARCINOMA, SOE;81403;PROSTATA;C61;;;;;false;HISTOLOGIA DO TUMOR PRIMÁRIO;SEM INFORMAÇÃO;;;;;CÂNCER;19/07/2021;;05/11/2017;;
1514829;RCBP ANGRA DOS REIS;MASCULINO;24/04/1946;70;PARDA;BRASIL;RIO DE JANEIRO;ANGRA DOS REIS;FUNDAMENTAL I (1ª A 4ª SÉRIE);CASADO;0;SEM INFORMAÇÃO	;RIO DE JANEIRO;ANGRA DOS REIS;PROSTATA, SOE;C619;ADENOCARCINOMA, SOE;81403;PROSTATA;C61;;;;;false;HISTOLOGIA DO TUMOR PRIMÁRIO;SEM INFORMAÇÃO;;;;;CÂNCER;06/11/2020;;13/02/2017;;
1585048;RCBP ANGRA DOS REIS;FEMININO;28/05/1959;58;BRANCO;BRASIL;PERNAMBUCO;RECIFE;SEM INFORMAÇÃO;VIÚVO;0;SEM INFORMAÇÃO	;RIO DE JANEIRO;ANGRA DOS REIS;MAMA , SOE;C509;CARCINOMA DUCTAL INFILTRANTE;85003;MAMA , SOE;C509;;;;;false;HISTOLOGIA DO TUMOR PRIMÁRIO;SEM INFORMAÇÃO;;;;;CÂNCER;07/01/2020;;15/06/2017;;
1514893;RCBP ANGRA DOS REIS;FEMININO;21/10/1949;67;SEM INFORMAÇÃO;BRASIL;PARAÍBA;JOÃO PESSOA;SEM INFORMAÇÃO;SEM INFORMAÇÃO;0;SEM INFORMAÇÃO	;RIO DE JANEIRO;ANGRA DOS REIS;MAMA , SOE;C509;CARCINOMA DUCTAL INFILTRANTE;85003;MAMA , SOE;C509;;;;;false;HISTOLOGIA DO TUMOR PRIMÁRIO;SEM INFORMAÇÃO;;;;;;;;31/07/2017;;
1002833;RCBP ANGRA DOS REIS;MASCULINO;05/03/1939;77;BRANCO;BRASIL;RIO DE JANEIRO;RIO DE JANEIRO;FUNDAMENTAL I (1ª A 4ª SÉRIE);CASADO;783;TRABALHADORES DE MANOBRAS SOBRE TRILHOS E MOVIMENTAÇÃO E CARGAS   	;RIO DE JANEIRO;ANGRA DOS REIS;LARINGE, SOE;C329;NEOPLASIA MALIGNA;80003;LARINGE, SOE;C329;;;;;false;HISTOLOGIA DA METÁSTASE;METÁSTASE;;;;;CÂNCER;05/01/2017;;03/01/2017;;
747444;RCBP ANGRA DOS REIS;MASCULINO;30/09/1944;72;BRANCO;BRASIL;RIO DE JANEIRO;;FUNDAMENTAL II (5ª A 8ª SÉRIE);SOLTEIRO;;;RIO DE JANEIRO;ANGRA DOS REIS;ESOFAGO, SOE;C159;CARCINOMA, SOE;80103;ESOFAGO, SOE;C159;;;;;false;HISTOLOGIA DO TUMOR PRIMÁRIO;SEM INFORMAÇÃO;;;;;CÂNCER;01/10/2017;;03/04/2017;;
1141664;RCBP ANGRA DOS REIS;MASCULINO;11/07/1931;85;PARDA;BRASIL;RIO DE JANEIRO;VARRE-SAI;FUNDAMENTAL II (5ª A 8ª SÉRIE);VIÚVO;0;SEM INFORMAÇÃO	;RIO DE JANEIRO;ANGRA DOS REIS;RETO, SOE;C209;ADENOCARCINOMA VILOSO;82623;RETO;C20;;;;;false;HISTOLOGIA DO TUMOR PRIMÁRIO;SEM INFORMAÇÃO;;;;;;;;15/03/2017;;
1514633;RCBP ANGRA DOS REIS;MASCULINO;29/04/1953;63;BRANCO;BRASIL;MINAS GERAIS;EUGENÓPOLIS;FUNDAMENTAL II (5ª A 8ª SÉRIE);CASADO;848;TRABALHADORES ARTESANAIS NA  AGROINDÚSTRIA, NA INDÚSTRIA DE ALIMENTOS E DO FUMO   	;RIO DE JANEIRO;ANGRA DOS REIS;MEDULA OSSEA;C421;MIELOMA MULTIPLO;97323;MIELOMA MULTIPLO;C900;;;;;false;PESQUISA;NÃO SE APLICA;SEM INFORMAÇÃO;99 - SEM INFORMAÇÃO;999;MORTO;CÂNCER;05/05/2017;05/05/2017;13/02/2017;;
1514634;RCBP ANGRA DOS REIS;MASCULINO;26/09/1945;71;PRETA;BRASIL;BAHIA;ABAÍRA;FUNDAMENTAL II (5ª A 8ª SÉRIE);SOLTEIRO;0;SEM INFORMAÇÃO	;RIO DE JANEIRO;ANGRA DOS REIS;PROSTATA, SOE;C619;ADENOCARCINOMA, SOE;81403;PROSTATA;C61;;;;;false;HISTOLOGIA DO TUMOR PRIMÁRIO;METÁSTASE;;;;;CÂNCER;09/02/2017;;26/01/2017;;
1514635;RCBP ANGRA DOS REIS;FEMININO;03/10/1986;30;BRANCO;BRASIL;RIO DE JANEIRO;ANGRA DOS REIS;FUNDAMENTAL II (5ª A 8ª SÉRIE);SOLTEIRO;512;TRABALHADORES DOS SERVIÇOS DOMÉSTICOS EM GERAL	;RIO DE JANEIRO;ANGRA DOS REIS;LINFONODO, SOE;C779;LINFOMA DE HODGKIN, SOE;96503;DOENCA DE HODGKIN, SOE;C819;;;;;false;PESQUISA;NÃO SE APLICA;SEM INFORMAÇÃO;99 - SEM INFORMAÇÃO;999;MORTO;CÂNCER;03/03/2017;03/03/2017;15/01/2017;;
1514636;RCBP ANGRA DOS REIS;FEMININO;10/12/1924;92;BRANCO;BRASIL;RIO DE JANEIRO;;MÉDIO (ANTIGO SEGUNDO GRAU);VIÚVO;333;INSTRUTORES E PROFESSORES DE ESCOLAS LIVRES   	;RIO DE JANEIRO;ANGRA DOS REIS;TIREOIDE, SOE;C739;CARCINOMA FOLICULAR POUCO INVASIVO;83353;GLANDULA TIREOIDE;C73;;;;;false;CLÍNICO;SEM INFORMAÇÃO;SEM INFORMAÇÃO;99 - SEM INFORMAÇÃO;999;MORTO;CÂNCER;04/08/2017;04/08/2017;23/07/2017;;
1514637;RCBP ANGRA DOS REIS;MASCULINO;24/08/1955;61;SEM INFORMAÇÃO;BRASIL;PERNAMBUCO;PASSIRA;SEM INFORMAÇÃO;SEM INFORMAÇÃO;0;SEM INFORMAÇÃO	;RIO DE JANEIRO;ANGRA DOS REIS;PROSTATA, SOE;C619;ADENOCARCINOMA, SOE;81403;PROSTATA;C61;;;;;false;HISTOLOGIA DO TUMOR PRIMÁRIO;SEM INFORMAÇÃO;;;;;CÂNCER;26/02/2020;;20/02/2017;;
1514638;RCBP ANGRA DOS REIS;FEMININO;19/03/1956;60;SEM INFORMAÇÃO;BRASIL;RIO DE JANEIRO;ANGRA DOS REIS;SEM INFORMAÇÃO;SEM INFORMAÇÃO;0;SEM INFORMAÇÃO	;RIO DE JANEIRO;ANGRA DOS REIS;MAMA , SOE;C509;CARCINOMA DUCTAL INFILTRANTE;85003;MAMA , SOE;C509;;;;;false;HISTOLOGIA DO TUMOR PRIMÁRIO;SEM INFORMAÇÃO;;;;;;;;19/02/2017;;
1514639;RCBP ANGRA DOS REIS;FEMININO;20/07/1972;44;SEM INFORMAÇÃO;BRASIL;RIO DE JANEIRO;ANGRA DOS REIS;SEM INFORMAÇÃO;SEM INFORMAÇÃO;0;SEM INFORMAÇÃO	;RIO DE JANEIRO;ANGRA DOS REIS;MAMA , SOE;C509;ADENOCARCINOMA, SOE;81403;MAMA , SOE;C509;;;;;false;HISTOLOGIA DO TUMOR PRIMÁRIO;METÁSTASE;;;;;;;;19/02/2017;;
1514640;RCBP ANGRA DOS REIS;MASCULINO;07/11/1941;75;PARDA;BRASIL;RIO DE JANEIRO;ANGRA DOS REIS;FUNDAMENTAL I (1ª A 4ª SÉRIE);SEPARADO JUDICIALMENTE;0;SEM INFORMAÇÃO	;RIO DE JANEIRO;ANGRA DOS REIS;ESTOMAGO, SOE;C169;NEOPLASIA MALIGNA;80003;ESTOMAGO, SOE;C169;;;;;false;HISTOLOGIA DO TUMOR PRIMÁRIO;METÁSTASE;SEM INFORMAÇÃO;99 - SEM INFORMAÇÃO;999;MORTO;CÂNCER;24/06/2017;24/06/2017;24/06/2017;;
1514643;RCBP ANGRA DOS REIS;MASCULINO;29/09/1945;71;BRANCO;BRASIL;RIO DE JANEIRO;ANGRA DOS REIS;MÉDIO (ANTIGO SEGUNDO GRAU);CASADO;720;SUPERVISORES DA TRANSFORMAÇÃO DE METAIS E DE COMPÓSITOS   	;RIO DE JANEIRO;ANGRA DOS REIS;PROSTATA, SOE;C619;ADENOCARCINOMA, SOE;81403;PROSTATA;C61;;;;;false;HISTOLOGIA DO TUMOR PRIMÁRIO;METÁSTASE;;;;;CÂNCER;22/08/2019;;17/08/2017;;
1514644;RCBP ANGRA DOS REIS;FEMININO;08/03/1939;77;SEM INFORMAÇÃO;BRASIL;SÃO PAULO;SÃO PAULO;SEM ESCOLARIDADE;VIÚVO;0;SEM INFORMAÇÃO	;RIO DE JANEIRO;ANGRA DOS REIS;COLON SIGMOIDE;C187;ADENOCARCINOMA TUBULAR;82113;COLON SIGMOIDE;C187;;;;;false;HISTOLOGIA DO TUMOR PRIMÁRIO;SEM INFORMAÇÃO;;;;;;;;19/02/2017;;
1514645;RCBP ANGRA DOS REIS;FEMININO;25/08/1944;73;AMARELA;BRASIL;BAHIA;CORRENTINA;SEM INFORMAÇÃO;SEM INFORMAÇÃO;0;SEM INFORMAÇÃO	;RIO DE JANEIRO;ANGRA DOS REIS;LESAO SOBREPOSTA DAS VIAS BILIARES;C248;ADENOCARCINOMA HEPATOIDE;85763;LESAO INVASIVA DAS VIAS BILIARES;C248;;;;;false;HISTOLOGIA DO TUMOR PRIMÁRIO;SEM INFORMAÇÃO;;;;;;;;01/11/2017;;
1514646;RCBP ANGRA DOS REIS;FEMININO;12/01/1939;78;SEM INFORMAÇÃO;BRASIL;PERNAMBUCO;GAMELEIRA;SEM INFORMAÇÃO;SEM INFORMAÇÃO;0;SEM INFORMAÇÃO	;RIO DE JANEIRO;ANGRA DOS REIS;MAMA , SOE;C509;CARCINOMA DUCTAL INFILTRANTE;85003;MAMA , SOE;C509;;;;;false;HISTOLOGIA DO TUMOR PRIMÁRIO;SEM INFORMAÇÃO;;;;;;;;15/06/2017;;
1514647;RCBP ANGRA DOS REIS;FEMININO;28/07/1963;53;SEM INFORMAÇÃO;BRASIL;RIO DE JANEIRO;ANGRA DOS REIS;SEM INFORMAÇÃO;SEM INFORMAÇÃO;;;RIO DE JANEIRO;ANGRA DOS REIS;MAMA , SOE;C509;CARCINOMA DUCTAL INFILTRANTE;85003;MAMA , SOE;C509;;;;;false;HISTOLOGIA DO TUMOR PRIMÁRIO;SEM INFORMAÇÃO;;;;;;;;18/02/2017;;
1514648;RCBP ANGRA DOS REIS;FEMININO;19/11/1972;44;PARDA;BRASIL;RIO DE JANEIRO;ANGRA DOS REIS;SEM INFORMAÇÃO;SEM INFORMAÇÃO;;;RIO DE JANEIRO;ANGRA DOS REIS;PELE DO COURO CABELUDO E DO PESCOCO;C444;TUMOR MISTO MALIGNO, SOE;89403;PELE DO COURO CABELUDO E DO PESCOCO;C444;;;;;false;HISTOLOGIA DO TUMOR PRIMÁRIO;SEM INFORMAÇÃO;;;;;;;;18/02/2017;;
1514649;RCBP ANGRA DOS REIS;FEMININO;12/01/1939;78;PARDA;BRASIL;PERNAMBUCO;GAMELEIRA;SEM INFORMAÇÃO;SEM INFORMAÇÃO;0;SEM INFORMAÇÃO	;RIO DE JANEIRO;ANGRA DOS REIS;MAMA , SOE;C509;CARCINOMA DUCTAL INFILTRANTE;85003;MAMA , SOE;C509;;;;;false;HISTOLOGIA DO TUMOR PRIMÁRIO;SEM INFORMAÇÃO;;;;;;;;18/01/2017;;
1514650;RCBP ANGRA DOS REIS;FEMININO;12/05/1969;47;BRANCO;BRASIL;RIO DE JANEIRO;ANGRA DOS REIS;FUNDAMENTAL II (5ª A 8ª SÉRIE);SOLTEIRO;0;SEM INFORMAÇÃO	;RIO DE JANEIRO;ANGRA DOS REIS;COLON, SOE;C189;ADENOCARCINOMA, SOE;81403;COLON, SOE;C189;;;;;false;HISTOLOGIA DO TUMOR PRIMÁRIO;SEM INFORMAÇÃO;SEM INFORMAÇÃO;99 - SEM INFORMAÇÃO;999;MORTO;CÂNCER;01/09/2017;01/09/2017;30/04/2017;;
1514651;RCBP ANGRA DOS REIS;FEMININO;06/08/1959;57;SEM INFORMAÇÃO;BRASIL;Não informado;Não Informado;SEM INFORMAÇÃO;SEM INFORMAÇÃO;;;RIO DE JANEIRO;ANGRA DOS REIS;COLON, SOE;C189;ADENOCARCINOMA, SOE;81403;COLON, SOE;C189;;;;;false;HISTOLOGIA DO TUMOR PRIMÁRIO;SEM INFORMAÇÃO;;;;;;;;07/02/2017;;
1514652;RCBP ANGRA DOS REIS;MASCULINO;04/09/1963;53;SEM INFORMAÇÃO;BRASIL;RIO DE JANEIRO;NITERÓI;SEM INFORMAÇÃO;SEM INFORMAÇÃO;0;SEM INFORMAÇÃO	;RIO DE JANEIRO;ANGRA DOS REIS;PELE DO MEMBRO SUPERIOR E DO OMBRO;C446;CARCINOMA BASOCELULAR, TIPO MORFEIA;80923;PELE DO MEMBRO SUPERIOR E DO OMBRO;C446;;;;;false;HISTOLOGIA DO TUMOR PRIMÁRIO;SEM INFORMAÇÃO;;;;;;;;25/01/2017;;
1514653;RCBP ANGRA DOS REIS;MASCULINO;13/06/1934;83;SEM INFORMAÇÃO;BRASIL;RIO DE JANEIRO;ANGRA DOS REIS;SEM INFORMAÇÃO;SEM INFORMAÇÃO;0;SEM INFORMAÇÃO	;RIO DE JANEIRO;ANGRA DOS REIS;PROSTATA, SOE;C619;ADENOCARCINOMA, SOE;81403;PROSTATA;C61;;;;;false;HISTOLOGIA DO TUMOR PRIMÁRIO;SEM INFORMAÇÃO;;;;;;;;15/06/2017;;
1514654;RCBP ANGRA DOS REIS;MASCULINO;14/02/1949;68;SEM INFORMAÇÃO;BRASIL;MINAS GERAIS;LIMA DUARTE;SEM INFORMAÇÃO;CASADO;0;SEM INFORMAÇÃO	;RIO DE JANEIRO;ANGRA DOS REIS;PROSTATA, SOE;C619;ADENOCARCINOMA, SOE;81403;PROSTATA;C61;;;;;false;HISTOLOGIA DO TUMOR PRIMÁRIO;SEM INFORMAÇÃO;;;;;;;;18/02/2017;;
1514655;RCBP ANGRA DOS REIS;MASCULINO;09/01/1943;74;PARDA;BRASIL;RIO DE JANEIRO;;SEM INFORMAÇÃO;CASADO;0;SEM INFORMAÇÃO	;RIO DE JANEIRO;ANGRA DOS REIS;RETO, SOE;C209;ADENOCARCINOMA, SOE;81403;RETO;C20;;;;;false;HISTOLOGIA DO TUMOR PRIMÁRIO;METÁSTASE;SEM INFORMAÇÃO;99 - SEM INFORMAÇÃO;999;MORTO;CÂNCER;01/03/2017;01/03/2017;15/01/2017;;
1514656;RCBP ANGRA DOS REIS;FEMININO;19/07/1962;54;PARDA;BRASIL;RIO DE JANEIRO;ANGRA DOS REIS;SEM INFORMAÇÃO;SEM INFORMAÇÃO;0;SEM INFORMAÇÃO	;RIO DE JANEIRO;ANGRA DOS REIS;LOBO PARIETAL;C713;NEOPLASIA MALIGNA;80003;LOBO PARIETAL;C713;;;;;false;PESQUISA;SEM INFORMAÇÃO;;;;;;;;15/06/2017;;
1163603;RCBP ANGRA DOS REIS;FEMININO;08/10/1941;75;PARDA;BRASIL;RIO DE JANEIRO;;SEM ESCOLARIDADE;CASADO;0;SEM INFORMAÇÃO	;RIO DE JANEIRO;ANGRA DOS REIS;COLO DO UTERO, SOE;C539;NEOPLASIA MALIGNA;80003;COLO DO UTERO, SOE;C539;;;;;false;HISTOLOGIA DO TUMOR PRIMÁRIO;METÁSTASE;;;;;CÂNCER;28/05/2017;;02/03/2017;;
1514762;RCBP ANGRA DOS REIS;MASCULINO;23/11/1967;49;BRANCO;BRASIL;CEARÁ;;FUNDAMENTAL II (5ª A 8ª SÉRIE);SOLTEIRO;0;SEM INFORMAÇÃO	;RIO DE JANEIRO;ANGRA DOS REIS;LOCALIZACAO PRIMARIA DESCONHECIDA, SOE;C809;NEOPLASIA MALIGNA;80003;LOCALIZACAO PRIMARIA DESCONHECIDA;C80;;;;;false;PESQUISA;SEM INFORMAÇÃO;SEM INFORMAÇÃO;99 - SEM INFORMAÇÃO;999;MORTO;CÂNCER;24/04/2017;24/04/2017;15/03/2017;;
1514699;RCBP ANGRA DOS REIS;FEMININO;19/12/1978;38;SEM INFORMAÇÃO;BRASIL;RIO DE JANEIRO;RIO DE JANEIRO;SUPERIOR COMPLETO;CASADO;0;SEM INFORMAÇÃO	;RIO DE JANEIRO;ANGRA DOS REIS;MUCOSA DA BOCHECHA;C060;CARCINOMA ESCAMOCELULAR, SOE;80703;MUCOSA ORAL;C060;;;;;false;HISTOLOGIA DO TUMOR PRIMÁRIO;SEM INFORMAÇÃO;;;;;;;;17/05/2017;;
1514700;RCBP ANGRA DOS REIS;FEMININO;06/04/1920;97;PARDA;BRASIL;RIO DE JANEIRO;;FUNDAMENTAL I (1ª A 4ª SÉRIE);VIÚVO;0;SEM INFORMAÇÃO	;RIO DE JANEIRO;ANGRA DOS REIS;OVARIO, SOE;C569;NEOPLASIA MALIGNA;80003;OVARIO;C56;;;;;false;SDO;SEM INFORMAÇÃO;SEM INFORMAÇÃO;99 - SEM INFORMAÇÃO;999;MORTO;CÂNCER;09/07/2017;09/07/2017;09/07/2017;;
1514701;RCBP ANGRA DOS REIS;FEMININO;15/11/1953;63;BRANCO;BRASIL;RIO DE JANEIRO;ANGRA DOS REIS;SEM ESCOLARIDADE;CASADO;512;TRABALHADORES DOS SERVIÇOS DOMÉSTICOS EM GERAL	;RIO DE JANEIRO;ANGRA DOS REIS;MAMA , SOE;C509;CARCINOMA LOBULAR, SOE;85203;MAMA , SOE;C509;;;;;false;HISTOLOGIA DO TUMOR PRIMÁRIO;SEM INFORMAÇÃO;;;;;;;;15/07/2017;;
1514702;RCBP ANGRA DOS REIS;FEMININO;04/03/1947;70;SEM INFORMAÇÃO;BRASIL;RIO DE JANEIRO;ANGRA DOS REIS;SEM INFORMAÇÃO;SEM INFORMAÇÃO;0;SEM INFORMAÇÃO	;RIO DE JANEIRO;ANGRA DOS REIS;PELE DE OUTRAS PARTES DA FACE;C443;CARCINOMA BASOCELULAR, SOE;80903;PELE DE OUTRAS PARTES DA FACE;C443;;;;;false;HISTOLOGIA DO TUMOR PRIMÁRIO;SEM INFORMAÇÃO;;;;;;;;30/07/2017;;
1514703;RCBP ANGRA DOS REIS;MASCULINO;15/12/1942;74;PARDA;BRASIL;MINAS GERAIS;BELO HORIZONTE;FUNDAMENTAL I (1ª A 4ª SÉRIE);SOLTEIRO;621;TRABALHADORES NA EXPLORAÇÃO AGROPECUÁRIA EM GERAL	;RIO DE JANEIRO;ANGRA DOS REIS;TERCO MEDIO DO ESOFAGO;C154;CARCINOMA ESCAMOCELULAR, SOE;80703;TERCO MEDIO DO ESOFAGO;C154;;;;;false;HISTOLOGIA DO TUMOR PRIMÁRIO;SEM INFORMAÇÃO;;;;;CÂNCER;13/05/2022;;17/11/2017;;
1514710;RCBP ANGRA DOS REIS;FEMININO;27/11/1984;32;PARDA;BRASIL;RIO DE JANEIRO;ANGRA DOS REIS;MÉDIO (ANTIGO SEGUNDO GRAU);SOLTEIRO;0;SEM INFORMAÇÃO	;RIO DE JANEIRO;ANGRA DOS REIS;RETO, SOE;C209;ADENOCARCINOMA EM POLIPO ADENOMATOSO;82103;RETO;C20;;;;;false;HISTOLOGIA DO TUMOR PRIMÁRIO;SEM INFORMAÇÃO;;;;;CÂNCER;04/10/2017;;15/06/2017;;
1514711;RCBP ANGRA DOS REIS;FEMININO;21/02/1945;72;SEM INFORMAÇÃO;BRASIL;RIO DE JANEIRO;ANGRA DOS REIS;SEM INFORMAÇÃO;SEM INFORMAÇÃO;0;SEM INFORMAÇÃO	;RIO DE JANEIRO;ANGRA DOS REIS;MAMA , SOE;C509;DOENCA DE PAGET E CARCINOMA DUCTAL INFILT. DA MAMA;85413;MAMA , SOE;C509;;;;;false;HISTOLOGIA DO TUMOR PRIMÁRIO;SEM INFORMAÇÃO;;;;;;;;25/09/2017;;
1514712;RCBP ANGRA DOS REIS;FEMININO;31/08/1953;63;BRANCO;BRASIL;MINAS GERAIS;ITAMARANDIBA;FUNDAMENTAL I (1ª A 4ª SÉRIE);CASADO;0;SEM INFORMAÇÃO	;RIO DE JANEIRO;ANGRA DOS REIS;RIM, SOE;C649;ADENOCARCINOMA DE CELULAS CLARAS, SOE;83103;RIM;C64;;;;;false;HISTOLOGIA DO TUMOR PRIMÁRIO;METÁSTASE;SEM INFORMAÇÃO;99 - SEM INFORMAÇÃO;999;MORTO;CÂNCER;11/10/2017;11/10/2017;15/01/2017;;
1514713;RCBP ANGRA DOS REIS;MASCULINO;14/10/1950;66;SEM INFORMAÇÃO;BRASIL;MATO GROSSO ;RONDONÓPOLIS;SEM INFORMAÇÃO;SEM INFORMAÇÃO;0;SEM INFORMAÇÃO	;RIO DE JANEIRO;ANGRA DOS REIS;RIM, SOE;C649;CARCINOMA DE CELULAS RENAIS, SOE;83123;RIM;C64;;;;;false;HISTOLOGIA DO TUMOR PRIMÁRIO;SEM INFORMAÇÃO;;;;;;;;16/01/2017;;
1514714;RCBP ANGRA DOS REIS;FEMININO;14/11/1939;77;BRANCO;BRASIL;RIO DE JANEIRO;ANGRA DOS REIS;SEM INFORMAÇÃO;SEM INFORMAÇÃO;0;SEM INFORMAÇÃO	;RIO DE JANEIRO;ANGRA DOS REIS;MAMA , SOE;C509;CARCINOMA DUCTAL INFILTRANTE;85003;MAMA , SOE;C509;;;;;false;HISTOLOGIA DO TUMOR PRIMÁRIO;SEM INFORMAÇÃO;;;;;;;;25/09/2017;;
1514715;RCBP ANGRA DOS REIS;MASCULINO;02/05/1963;54;BRANCO;BRASIL;RIO DE JANEIRO;RIO CLARO;SEM INFORMAÇÃO;SEM INFORMAÇÃO;0;SEM INFORMAÇÃO	;RIO DE JANEIRO;ANGRA DOS REIS;RIM, SOE;C649;ADENOCARCINOMA PAPILAR, SOE;82603;RIM;C64;;;;;false;HISTOLOGIA DO TUMOR PRIMÁRIO;SEM INFORMAÇÃO;;;;;;;;05/12/2017;;
1514704;RCBP ANGRA DOS REIS;MASCULINO;05/10/1932;84;BRANCO;BRASIL;RIO DE JANEIRO;PARATI;SEM ESCOLARIDADE;CASADO;622;TRABALHADORES AGRÍCOLAS   	;RIO DE JANEIRO;ANGRA DOS REIS;PROSTATA, SOE;C619;ADENOCARCINOMA, SOE;81403;PROSTATA;C61;;;;;false;HISTOLOGIA DO TUMOR PRIMÁRIO;SEM INFORMAÇÃO;SEM INFORMAÇÃO;99 - SEM INFORMAÇÃO;999;MORTO;CÂNCER;09/08/2017;09/08/2017;05/08/2017;;
1514707;RCBP ANGRA DOS REIS;FEMININO;06/07/1965;51;PRETA;BRASIL;RIO DE JANEIRO;ANGRA DOS REIS;SUPERIOR COMPLETO;CASADO;;;RIO DE JANEIRO;ANGRA DOS REIS;LOCALIZACAO PRIMARIA DESCONHECIDA, SOE;C809;NEOPLASIA MALIGNA;80003;LOCALIZACAO PRIMARIA DESCONHECIDA;C80;;;;;false;HISTOLOGIA DA METÁSTASE;METÁSTASE;SEM INFORMAÇÃO;99 - SEM INFORMAÇÃO;999;MORTO;CÂNCER;30/08/2017;30/08/2017;15/06/2017;;
1514709;RCBP ANGRA DOS REIS;MASCULINO;23/07/1950;66;PARDA;BRASIL;RIO DE JANEIRO;;MÉDIO (ANTIGO SEGUNDO GRAU);CASADO;513;TRABALHADORES DOS SERVIÇOS DE HOTELARIA E ALIMENTAÇÃO 	;RIO DE JANEIRO;ANGRA DOS REIS;PANCREAS, SOE;C259;ADENOCARCINOMA, SOE;81403;PANCREAS, SOE;C259;;;;;false;HISTOLOGIA DO TUMOR PRIMÁRIO;SEM INFORMAÇÃO;SEM INFORMAÇÃO;99 - SEM INFORMAÇÃO;999;MORTO;CÂNCER;05/07/2017;05/07/2017;15/01/2017;;
1514706;RCBP ANGRA DOS REIS;FEMININO;12/07/1945;71;BRANCO;BRASIL;RIO DE JANEIRO;ANGRA DOS REIS;FUNDAMENTAL I (1ª A 4ª SÉRIE);CASADO;342;TÉCNICOS EM TRANSPORTES (LOGÍSTICA)   	;RIO DE JANEIRO;ANGRA DOS REIS;CEREBELO, SOE;C716;CARCINOMA, SOE;80103;CEREBELO;C716;;;;;false;PESQUISA;SEM INFORMAÇÃO;;;;;CÂNCER;18/08/2018;;15/06/2017;;
1514791;RCBP ANGRA DOS REIS;MASCULINO;05/12/1946;70;PRETA;BRASIL;RIO DE JANEIRO;ANGRA DOS REIS;MÉDIO (ANTIGO SEGUNDO GRAU);CASADO;783;TRABALHADORES DE MANOBRAS SOBRE TRILHOS E MOVIMENTAÇÃO E CARGAS   	;RIO DE JANEIRO;ANGRA DOS REIS;TRATO INTESTINAL, SOE;C260;NEOPLASIA MALIGNA;80003;TRATO INTESTINAL, SOE;C260;;;;;false;HISTOLOGIA DO TUMOR PRIMÁRIO;METÁSTASE;SEM INFORMAÇÃO;99 - SEM INFORMAÇÃO;999;MORTO;CÂNCER;01/03/2017;01/03/2017;13/02/2017;;
1514792;RCBP ANGRA DOS REIS;MASCULINO;15/01/1935;82;BRANCO;BRASIL;Não informado;;MÉDIO (ANTIGO SEGUNDO GRAU);SEPARADO JUDICIALMENTE;0;SEM INFORMAÇÃO	;RIO DE JANEIRO;ANGRA DOS REIS;LINFONODO, SOE;C779;LINFOMA DE ZONA MARGINAL TIPO CELULAS B, SOE;96993;GRANDES CELULAS (DIFUSO);C833;;;;;false;PESQUISA;NÃO SE APLICA;SEM INFORMAÇÃO;99 - SEM INFORMAÇÃO;999;MORTO;CÂNCER;19/07/2017;19/07/2017;21/01/2017;;
1514793;RCBP ANGRA DOS REIS;MASCULINO;22/03/1962;54;SEM INFORMAÇÃO;BRASIL;RIO DE JANEIRO;;SEM ESCOLARIDADE;SEM INFORMAÇÃO;621;TRABALHADORES NA EXPLORAÇÃO AGROPECUÁRIA EM GERAL	;RIO DE JANEIRO;ANGRA DOS REIS;MEDIASTINO, SOE;C383;NEOPLASIA MALIGNA;80003;MEDIASTINO, PORCAO NAO ESPECIFICADA;C383;;;;;false;HISTOLOGIA DO TUMOR PRIMÁRIO;METÁSTASE;SEM INFORMAÇÃO;99 - SEM INFORMAÇÃO;999;MORTO;CÂNCER;17/05/2017;17/05/2017;05/03/2017;;
1514794;RCBP ANGRA DOS REIS;MASCULINO;12/03/1975;42;PARDA;BRASIL;MARANHÃO;;FUNDAMENTAL I (1ª A 4ª SÉRIE);SOLTEIRO;711;TRABALHADORES DA EXTRAÇÃO MINERAL 	;RIO DE JANEIRO;ANGRA DOS REIS;CEREBRO;C710;NEOPLASIA MALIGNA;80003;CEREBRO;C710;;;;;false;SDO;SEM INFORMAÇÃO;SEM INFORMAÇÃO;99 - SEM INFORMAÇÃO;999;MORTO;CÂNCER;17/06/2017;17/06/2017;17/06/2017;;
1514795;RCBP ANGRA DOS REIS;FEMININO;01/10/1936;80;PARDA;BRASIL;RIO DE JANEIRO;ANGRA DOS REIS;FUNDAMENTAL I (1ª A 4ª SÉRIE);VIÚVO;0;SEM INFORMAÇÃO	;RIO DE JANEIRO;ANGRA DOS REIS;MAMA , SOE;C509;CARCINOMA DUCTAL INFILTRANTE;85003;MAMA , SOE;C509;;;;;false;HISTOLOGIA DO TUMOR PRIMÁRIO;METÁSTASE;SEM INFORMAÇÃO;99 - SEM INFORMAÇÃO;999;MORTO;CÂNCER;13/01/2017;13/01/2017;04/01/2017;;
1514796;RCBP ANGRA DOS REIS;MASCULINO;23/10/1944;72;BRANCO;BRASIL;RIO DE JANEIRO;ANGRA DOS REIS;FUNDAMENTAL II (5ª A 8ª SÉRIE);CASADO;842;OPERADORES NA PREPARAÇÃO DE FUMO E NA FABRICAÇÃO DE CHARUTOS E CIGARROS   	;RIO DE JANEIRO;ANGRA DOS REIS;BEXIGA, SOE;C679;ADENOCARCINOMA, SOE;81403;BEXIGA, SOE;C679;;;;;false;HISTOLOGIA DO TUMOR PRIMÁRIO;METÁSTASE;SEM INFORMAÇÃO;99 - SEM INFORMAÇÃO;999;MORTO;CÂNCER;10/09/2017;10/09/2017;15/03/2017;;
1514873;RCBP ANGRA DOS REIS;MASCULINO;24/12/1942;74;SEM INFORMAÇÃO;BRASIL;ESPIRITO SANTO;VITÓRIA;SEM INFORMAÇÃO;SEM INFORMAÇÃO;0;SEM INFORMAÇÃO	;RIO DE JANEIRO;ANGRA DOS REIS;PROSTATA, SOE;C619;ADENOCARCINOMA, SOE;81403;PROSTATA;C61;;;;;false;HISTOLOGIA DO TUMOR PRIMÁRIO;LOCALIZADO;;;;;;;;30/06/2017;;
1514865;RCBP ANGRA DOS REIS;FEMININO;01/12/1957;59;BRANCO;BRASIL;MINAS GERAIS;MANHUMIRIM;SEM INFORMAÇÃO;SEM INFORMAÇÃO;0;SEM INFORMAÇÃO	;RIO DE JANEIRO;ANGRA DOS REIS;MANDIBULA;C411;TUMOR ODONTOGENICO MALIGNO;92703;MANDIBULA;C411;;;;;false;HISTOLOGIA DO TUMOR PRIMÁRIO;SEM INFORMAÇÃO;;;;;;;;23/03/2017;;
1514866;RCBP ANGRA DOS REIS;MASCULINO;21/05/1942;74;SEM INFORMAÇÃO;BRASIL;MINAS GERAIS;SÃO JOÃO NEPOMUCENO;SEM INFORMAÇÃO;SEM INFORMAÇÃO;0;SEM INFORMAÇÃO	;RIO DE JANEIRO;ANGRA DOS REIS;CECO;C180;ADENOCARCINOMA, SOE;81403;CECO;C180;;;;;false;HISTOLOGIA DO TUMOR PRIMÁRIO;SEM INFORMAÇÃO;;;;;;;;18/02/2017;;
1514867;RCBP ANGRA DOS REIS;FEMININO;28/09/1933;83;BRANCO;BRASIL;SÃO PAULO;;FUNDAMENTAL I (1ª A 4ª SÉRIE);VIÚVO;0;SEM INFORMAÇÃO	;RIO DE JANEIRO;ANGRA DOS REIS;UTERO, SOE;C559;CARCINOMA ENDOMETRIOIDE, SOE;83803;UTERO, SOE;C55;;;;;false;HISTOLOGIA DO TUMOR PRIMÁRIO;METÁSTASE;SEM INFORMAÇÃO;99 - SEM INFORMAÇÃO;999;MORTO;CÂNCER;30/06/2017;30/06/2017;15/02/2017;;
1514868;RCBP ANGRA DOS REIS;FEMININO;26/06/1961;56;PARDA;BRASIL;RIO DE JANEIRO;;FUNDAMENTAL I (1ª A 4ª SÉRIE);VIÚVO;513;TRABALHADORES DOS SERVIÇOS DE HOTELARIA E ALIMENTAÇÃO 	;RIO DE JANEIRO;ANGRA DOS REIS;MAMA , SOE;C509;CARCINOMA DUCTAL INFILTRANTE;85003;MAMA , SOE;C509;;;;;false;SDO;METÁSTASE;SEM INFORMAÇÃO;99 - SEM INFORMAÇÃO;999;MORTO;CÂNCER;07/12/2017;07/12/2017;07/12/2017;;
1514869;RCBP ANGRA DOS REIS;FEMININO;01/06/1947;69;BRANCO;BRASIL;Não informado;;MÉDIO (ANTIGO SEGUNDO GRAU);SEPARADO JUDICIALMENTE;411;ESCRITURÁRIOS EM GERAL, AGENTES, ASSISTENTES E AUXILIARES ADMINISTRATIVOS 	;RIO DE JANEIRO;ANGRA DOS REIS;PULMAO, SOE;C349;CARCINOMA, SOE;80103;BRONQUIOS OU PULMOES, SOE;C349;;;;;false;HISTOLOGIA DO TUMOR PRIMÁRIO;METÁSTASE;SEM INFORMAÇÃO;99 - SEM INFORMAÇÃO;999;MORTO;CÂNCER;20/06/2017;20/06/2017;17/04/2017;;
1514870;RCBP ANGRA DOS REIS;FEMININO;25/11/1954;62;SEM INFORMAÇÃO;BRASIL;RIO DE JANEIRO;RIO DE JANEIRO;SEM INFORMAÇÃO;SEM INFORMAÇÃO;0;SEM INFORMAÇÃO	;RIO DE JANEIRO;ANGRA DOS REIS;MAMA , SOE;C509;CARCINOMA DUCTAL INFILTRANTE;85003;MAMA , SOE;C509;;;;;false;HISTOLOGIA DO TUMOR PRIMÁRIO;SEM INFORMAÇÃO;;;;;;;;20/08/2017;;
1514871;RCBP ANGRA DOS REIS;FEMININO;10/10/1973;43;BRANCO;BRASIL;RIO DE JANEIRO;RIO DE JANEIRO;SEM INFORMAÇÃO;SEM INFORMAÇÃO;0;SEM INFORMAÇÃO	;RIO DE JANEIRO;ANGRA DOS REIS;INTESTINO DELGADO, SOE;C179;ADENOCARCINOMA TUBULAR;82113;INTESTINO DELGADO, SOE;C179;;;;;false;HISTOLOGIA DO TUMOR PRIMÁRIO;SEM INFORMAÇÃO;;;;;;;;10/01/2017;;
1514872;RCBP ANGRA DOS REIS;FEMININO;29/04/1980;37;PARDA;BRASIL;RIO DE JANEIRO;ANGRA DOS REIS;MÉDIO (ANTIGO SEGUNDO GRAU);CASADO;0;SEM INFORMAÇÃO	;RIO DE JANEIRO;ANGRA DOS REIS;CEREBELO, SOE;C716;NEOPLASIA MALIGNA;80003;CEREBELO;C716;;;;;false;MARCADORES TUMORAIS;SEM INFORMAÇÃO;SEM INFORMAÇÃO;99 - SEM INFORMAÇÃO;999;MORTO;CÂNCER;14/11/2017;14/11/2017;14/11/2017;;
1514874;RCBP ANGRA DOS REIS;MASCULINO;12/04/1962;55;PARDA;BRASIL;RIO DE JANEIRO;ANGRA DOS REIS;SEM ESCOLARIDADE;SOLTEIRO;0;SEM INFORMAÇÃO	;RIO DE JANEIRO;ANGRA DOS REIS;ESTOMAGO, SOE;C169;CARCINOMA, TIPO DIFUSO;81453;ESTOMAGO, SOE;C169;;;;;false;HISTOLOGIA DO TUMOR PRIMÁRIO;SEM INFORMAÇÃO;SEM INFORMAÇÃO;99 - SEM INFORMAÇÃO;999;MORTO;CÂNCER;09/08/2017;09/08/2017;15/06/2017;;
1514875;RCBP ANGRA DOS REIS;MASCULINO;19/05/1979;38;PARDA;BRASIL;RIO DE JANEIRO;;MÉDIO (ANTIGO SEGUNDO GRAU);SOLTEIRO;950;SUPERVISORES DE MANUTENÇÃO ELETROELETRÔNICA E ELETROMECÂNICA 	;RIO DE JANEIRO;ANGRA DOS REIS;PANCREAS, SOE;C259;NEOPLASIA MALIGNA;80003;PANCREAS, SOE;C259;;;;;false;SDO;SEM INFORMAÇÃO;SEM INFORMAÇÃO;99 - SEM INFORMAÇÃO;999;MORTO;CÂNCER;08/06/2017;08/06/2017;08/06/2017;;
1514716;RCBP ANGRA DOS REIS;MASCULINO;22/07/1947;69;PARDA;BRASIL;RIO DE JANEIRO;ANGRA DOS REIS;SEM INFORMAÇÃO;CASADO;722;TRABALHADORES DE CONFORMAÇÃO DE METAIS E DE COMPÓSITOS	;RIO DE JANEIRO;ANGRA DOS REIS;COLON, SOE;C189;NEOPLASIA MALIGNA;80003;COLON, SOE;C189;;;;;false;HISTOLOGIA DO TUMOR PRIMÁRIO;METÁSTASE;SEM INFORMAÇÃO;99 - SEM INFORMAÇÃO;999;MORTO;CÂNCER;14/05/2017;14/05/2017;15/02/2017;;
1514717;RCBP ANGRA DOS REIS;MASCULINO;29/07/1930;86;PARDA;BRASIL;RIO DE JANEIRO;;FUNDAMENTAL I (1ª A 4ª SÉRIE);CASADO;0;SEM INFORMAÇÃO	;RIO DE JANEIRO;ANGRA DOS REIS;CABECA DO PANCREAS;C250;NEOPLASIA MALIGNA;80003;CABECA DO PANCREAS;C250;;;;;false;SDO;SEM INFORMAÇÃO;SEM INFORMAÇÃO;99 - SEM INFORMAÇÃO;999;MORTO;CÂNCER;23/03/2017;23/03/2017;23/03/2017;;
1514718;RCBP ANGRA DOS REIS;MASCULINO;;48;SEM INFORMAÇÃO;BRASIL;Não informado;Não Informado;SEM INFORMAÇÃO;SEM INFORMAÇÃO;;;RIO DE JANEIRO;ANGRA DOS REIS;OSSO, SOE;C419;CONDROSSARCOMA JUSTACORTICAL;92213;OSSO E CARTILAGENS ARTICULARES;C419;;;;;false;HISTOLOGIA DO TUMOR PRIMÁRIO;SEM INFORMAÇÃO;;;;;;;;24/11/2017;;
1514720;RCBP ANGRA DOS REIS;MASCULINO;08/07/1954;62;PRETA;BRASIL;RIO DE JANEIRO;;FUNDAMENTAL I (1ª A 4ª SÉRIE);SEPARADO JUDICIALMENTE;822;OPERADORES DE INSTALAÇÕES E EQUIPAMENTOS DE PRODUÇÃO DE METAIS E LIGAS- SEGUNDA FUSÃO 	;RIO DE JANEIRO;ANGRA DOS REIS;FARINGE, SOE;C140;NEOPLASIA MALIGNA;80003;FARINGE, SOE;C140;;;;;false;HISTOLOGIA DO TUMOR PRIMÁRIO;METÁSTASE;SEM INFORMAÇÃO;99 - SEM INFORMAÇÃO;999;MORTO;CÂNCER;05/10/2017;05/10/2017;10/02/2017;;
1514721;RCBP ANGRA DOS REIS;MASCULINO;15/05/1966;50;BRANCO;BRASIL;PARÁ;;SEM ESCOLARIDADE;SOLTEIRO;342;TÉCNICOS EM TRANSPORTES (LOGÍSTICA)   	;RIO DE JANEIRO;ANGRA DOS REIS;COLUNA VERTEBRAL;C412;NEOPLASIA MALIGNA;80003;COLUNA VERTEBRAL;C412;;;;;false;HISTOLOGIA DO TUMOR PRIMÁRIO;SEM INFORMAÇÃO;SEM INFORMAÇÃO;99 - SEM INFORMAÇÃO;999;MORTO;CÂNCER;12/11/2017;12/11/2017;15/02/2017;;
1514722;RCBP ANGRA DOS REIS;FEMININO;13/02/1956;60;PRETA;BRASIL;RIO DE JANEIRO;;FUNDAMENTAL II (5ª A 8ª SÉRIE);SOLTEIRO;513;TRABALHADORES DOS SERVIÇOS DE HOTELARIA E ALIMENTAÇÃO 	;RIO DE JANEIRO;ANGRA DOS REIS;PULMAO, SOE;C349;NEOPLASIA MALIGNA;80003;BRONQUIOS OU PULMOES, SOE;C349;;;;;false;SDO;SEM INFORMAÇÃO;SEM INFORMAÇÃO;99 - SEM INFORMAÇÃO;999;MORTO;CÂNCER;03/02/2017;03/02/2017;03/02/2017;;
1514723;RCBP ANGRA DOS REIS;MASCULINO;31/03/1977;39;BRANCO;BRASIL;RIO DE JANEIRO;ANGRA DOS REIS;MÉDIO (ANTIGO SEGUNDO GRAU);SOLTEIRO;517;TRABALHADORES NOS SERVIÇOS DE PROTEÇÃO E SEGURANÇA	;RIO DE JANEIRO;ANGRA DOS REIS;CEREBRO;C710;NEOPLASIA MALIGNA;80003;CEREBRO;C710;;;;;false;PESQUISA;SEM INFORMAÇÃO;SEM INFORMAÇÃO;99 - SEM INFORMAÇÃO;999;MORTO;CÂNCER;25/10/2017;25/10/2017;25/01/2017;;
1514725;RCBP ANGRA DOS REIS;FEMININO;15/03/1966;51;SEM INFORMAÇÃO;BRASIL;RIO DE JANEIRO;ANGRA DOS REIS;SEM INFORMAÇÃO;SEM INFORMAÇÃO;0;SEM INFORMAÇÃO	;RIO DE JANEIRO;ANGRA DOS REIS;SUPERFICIE DORSAL DA LINGUA, SOE;C020;TUMOR DE CELULAS GRANULARES, MALIGNO;95803;FACE DORSAL DA LINGUA;C020;;;;;false;HISTOLOGIA DO TUMOR PRIMÁRIO;SEM INFORMAÇÃO;;;;;;;;25/07/2017;;
1514756;RCBP ANGRA DOS REIS;FEMININO;30/07/1983;33;BRANCO;BRASIL;RIO DE JANEIRO;RIO DE JANEIRO;SEM INFORMAÇÃO;SEM INFORMAÇÃO;0;SEM INFORMAÇÃO	;RIO DE JANEIRO;ANGRA DOS REIS;MAMA , SOE;C509;CARCINOMA DUCTAL INFILTRANTE;85003;MAMA , SOE;C509;;;;;false;HISTOLOGIA DO TUMOR PRIMÁRIO;SEM INFORMAÇÃO;;;;;;;;21/04/2017;;
1514757;RCBP ANGRA DOS REIS;MASCULINO;21/04/1936;80;SEM INFORMAÇÃO;BRASIL;PERNAMBUCO;;SEM ESCOLARIDADE;CASADO;517;TRABALHADORES NOS SERVIÇOS DE PROTEÇÃO E SEGURANÇA	;RIO DE JANEIRO;ANGRA DOS REIS;PROSTATA, SOE;C619;ADENOCARCINOMA, SOE;81403;PROSTATA;C61;;;;;false;HISTOLOGIA DO TUMOR PRIMÁRIO;METÁSTASE;SEM INFORMAÇÃO;99 - SEM INFORMAÇÃO;999;MORTO;CÂNCER;09/05/2017;09/05/2017;15/01/2017;;
1514758;RCBP ANGRA DOS REIS;MASCULINO;27/03/1960;57;BRANCO;BRASIL;RIO DE JANEIRO;ANGRA DOS REIS;SEM INFORMAÇÃO;SEM INFORMAÇÃO;0;SEM INFORMAÇÃO	;RIO DE JANEIRO;ANGRA DOS REIS;ESOFAGO, SOE;C159;CARCINOMA, SOE;80103;ESOFAGO, SOE;C159;;;;;false;HISTOLOGIA DO TUMOR PRIMÁRIO;SEM INFORMAÇÃO;;;;;;;;15/06/2017;;
1514759;RCBP ANGRA DOS REIS;MASCULINO;06/08/1961;55;BRANCO;BRASIL;RIO DE JANEIRO;ANGRA DOS REIS;FUNDAMENTAL II (5ª A 8ª SÉRIE);CASADO;;;RIO DE JANEIRO;ANGRA DOS REIS;PROSTATA, SOE;C619;ADENOCARCINOMA, SOE;81403;PROSTATA;C61;;;;;false;HISTOLOGIA DO TUMOR PRIMÁRIO;SEM INFORMAÇÃO;SEM INFORMAÇÃO;99 - SEM INFORMAÇÃO;999;MORTO;CÂNCER;28/11/2017;28/11/2017;03/02/2017;;
1514760;RCBP ANGRA DOS REIS;MASCULINO;14/02/1955;61;BRANCO;BRASIL;PARAÍBA;;FUNDAMENTAL I (1ª A 4ª SÉRIE);CASADO;711;TRABALHADORES DA EXTRAÇÃO MINERAL 	;RIO DE JANEIRO;ANGRA DOS REIS;ESOFAGO, SOE;C159;CARCINOMA, SOE;80103;ESOFAGO, SOE;C159;;;;;false;HISTOLOGIA DO TUMOR PRIMÁRIO;SEM INFORMAÇÃO;SEM INFORMAÇÃO;99 - SEM INFORMAÇÃO;999;MORTO;CÂNCER;13/09/2017;13/09/2017;15/01/2017;;
1514761;RCBP ANGRA DOS REIS;MASCULINO;25/05/1939;77;BRANCO;BRASIL;RIO GRANDE DO NORTE;;FUNDAMENTAL I (1ª A 4ª SÉRIE);SEM INFORMAÇÃO;914;MECÂNICOS DE MANUTENÇÃO VEICULAR  	;RIO DE JANEIRO;ANGRA DOS REIS;ABDOME, SOE;C762;NEOPLASIA MALIGNA;80003;ABDOME;C762;;;;;false;HISTOLOGIA DO TUMOR PRIMÁRIO;SEM INFORMAÇÃO;SEM INFORMAÇÃO;99 - SEM INFORMAÇÃO;999;MORTO;NÃO CÂNCER;18/12/2017;18/12/2017;15/02/2017;;
1514824;RCBP ANGRA DOS REIS;MASCULINO;12/11/1946;70;SEM INFORMAÇÃO;BRASIL;RIO DE JANEIRO;BARRA MANSA;SEM INFORMAÇÃO;SEM INFORMAÇÃO;0;SEM INFORMAÇÃO	;RIO DE JANEIRO;ANGRA DOS REIS;ABDOME, SOE;C762;MELANOMA MALIGNO, SOE;87203;MELANOMA MALIGNO DO TRONCO;C435;;;;;false;HISTOLOGIA DO TUMOR PRIMÁRIO;SEM INFORMAÇÃO;;;;;;;;24/05/2017;;
1514825;RCBP ANGRA DOS REIS;MASCULINO;09/05/1968;48;PARDA;BRASIL;RIO GRANDE DO NORTE;;MÉDIO (ANTIGO SEGUNDO GRAU);SOLTEIRO;711;TRABALHADORES DA EXTRAÇÃO MINERAL 	;RIO DE JANEIRO;ANGRA DOS REIS;RETO, SOE;C209;ADENOCARCINOMA, SOE;81403;RETO;C20;;;;;false;HISTOLOGIA DO TUMOR PRIMÁRIO;METÁSTASE;SEM INFORMAÇÃO;99 - SEM INFORMAÇÃO;999;MORTO;CÂNCER;20/08/2017;20/08/2017;22/04/2017;;
1514826;RCBP ANGRA DOS REIS;MASCULINO;27/07/1947;70;BRANCO;BRASIL;PERNAMBUCO;;FUNDAMENTAL II (5ª A 8ª SÉRIE);SOLTEIRO;;;RIO DE JANEIRO;ANGRA DOS REIS;PULMAO, SOE;C349;NEOPLASIA MALIGNA;80003;BRONQUIOS OU PULMOES, SOE;C349;;;;;false;SDO;SEM INFORMAÇÃO;SEM INFORMAÇÃO;99 - SEM INFORMAÇÃO;999;MORTO;CÂNCER;14/10/2017;14/10/2017;14/10/2017;;
1514787;RCBP ANGRA DOS REIS;MASCULINO;28/12/1938;78;BRANCO;BRASIL;RIO DE JANEIRO;ANGRA DOS REIS;SUPERIOR COMPLETO;CASADO;0;SEM INFORMAÇÃO	;RIO DE JANEIRO;ANGRA DOS REIS;PULMAO, SOE;C349;CARCINOMA, SOE;80103;BRONQUIOS OU PULMOES, SOE;C349;;;;;false;HISTOLOGIA DO TUMOR PRIMÁRIO;SEM INFORMAÇÃO;SEM INFORMAÇÃO;99 - SEM INFORMAÇÃO;999;MORTO;CÂNCER;09/07/2017;09/07/2017;15/02/2017;;
1514788;RCBP ANGRA DOS REIS;MASCULINO;19/04/1940;77;BRANCO;BRASIL;SÃO PAULO;SUMARÉ;FUNDAMENTAL I (1ª A 4ª SÉRIE);SEPARADO JUDICIALMENTE;717;AJUDANTES DE OBRAS	;RIO DE JANEIRO;ANGRA DOS REIS;LINGUA, SOE;C029;CARCINOMA PAPILAR, SOE;80503;LINGUA, SOE;C029;;;;;false;HISTOLOGIA DO TUMOR PRIMÁRIO;SEM INFORMAÇÃO;;;;;CÂNCER;06/06/2018;;15/06/2017;;
1514811;RCBP ANGRA DOS REIS;FEMININO;26/07/1946;70;BRANCO;BRASIL;RIO DE JANEIRO;;SEM INFORMAÇÃO;SOLTEIRO;0;SEM INFORMAÇÃO	;RIO DE JANEIRO;ANGRA DOS REIS;UTERO, SOE;C559;CARCINOMA ESCAMOCELULAR, SOE;80703;UTERO, SOE;C55;;;;;false;HISTOLOGIA DO TUMOR PRIMÁRIO;METÁSTASE;SEM INFORMAÇÃO;99 - SEM INFORMAÇÃO;999;MORTO;CÂNCER;01/10/2017;01/10/2017;18/03/2017;;
1514812;RCBP ANGRA DOS REIS;MASCULINO;06/03/1960;57;SEM INFORMAÇÃO;BRASIL;RIO DE JANEIRO;ANGRA DOS REIS;SEM INFORMAÇÃO;CASADO;0;SEM INFORMAÇÃO	;RIO DE JANEIRO;ANGRA DOS REIS;PROSTATA, SOE;C619;ADENOCARCINOMA, SOE;81403;PROSTATA;C61;;;;;false;HISTOLOGIA DO TUMOR PRIMÁRIO;SEM INFORMAÇÃO;;;;;;;;17/07/2017;;
1514813;RCBP ANGRA DOS REIS;FEMININO;24/03/1948;69;AMARELA;BRASIL;SÃO PAULO;BANANAL;SEM INFORMAÇÃO;SEM INFORMAÇÃO;0;SEM INFORMAÇÃO	;RIO DE JANEIRO;ANGRA DOS REIS;MAMA , SOE;C509;CARCINOMA DUCTAL INFILTRANTE;85003;MAMA , SOE;C509;;;;;false;HISTOLOGIA DO TUMOR PRIMÁRIO;SEM INFORMAÇÃO;;;;;;;;18/05/2017;;
1514814;RCBP ANGRA DOS REIS;FEMININO;22/10/1925;91;BRANCO;BRASIL;RIO DE JANEIRO;ANGRA DOS REIS;FUNDAMENTAL II (5ª A 8ª SÉRIE);VIÚVO;0;SEM INFORMAÇÃO	;RIO DE JANEIRO;ANGRA DOS REIS;PELE DE OUTRAS PARTES DA FACE;C443;CARCINOMA, SOE;80103;PELE DE OUTRAS PARTES DA FACE;C443;;;;;false;HISTOLOGIA DO TUMOR PRIMÁRIO;METÁSTASE;SEM INFORMAÇÃO;99 - SEM INFORMAÇÃO;999;MORTO;NÃO CÂNCER;13/08/2017;13/08/2017;15/02/2017;;
1514815;RCBP ANGRA DOS REIS;MASCULINO;28/06/1940;76;BRANCO;BRASIL;RIO DE JANEIRO;;SEM ESCOLARIDADE;CASADO;0;SEM INFORMAÇÃO	;RIO DE JANEIRO;ANGRA DOS REIS;PROSTATA, SOE;C619;ADENOCARCINOMA, SOE;81403;PROSTATA;C61;;;;;false;HISTOLOGIA DO TUMOR PRIMÁRIO;METÁSTASE;SEM INFORMAÇÃO;99 - SEM INFORMAÇÃO;999;MORTO;CÂNCER;01/11/2017;01/11/2017;15/01/2017;;
1514816;RCBP ANGRA DOS REIS;FEMININO;28/05/1944;72;BRANCO;BRASIL;PARAÍBA;;FUNDAMENTAL I (1ª A 4ª SÉRIE);VIÚVO;0;SEM INFORMAÇÃO	;RIO DE JANEIRO;ANGRA DOS REIS;PANCREAS, SOE;C259;NEOPLASIA MALIGNA;80003;PANCREAS, SOE;C259;;;;;false;HISTOLOGIA DO TUMOR PRIMÁRIO;SEM INFORMAÇÃO;SEM INFORMAÇÃO;99 - SEM INFORMAÇÃO;999;MORTO;CÂNCER;26/03/2017;26/03/2017;01/02/2017;;
1514818;RCBP ANGRA DOS REIS;MASCULINO;19/02/1947;70;BRANCO;BRASIL;RIO DE JANEIRO;ANGRA DOS REIS;SEM INFORMAÇÃO;SEM INFORMAÇÃO;0;SEM INFORMAÇÃO	;RIO DE JANEIRO;ANGRA DOS REIS;MEDULA OSSEA;C421;MIELOMA MULTIPLO;97323;MIELOMA MULTIPLO;C900;;;;;false;HISTOLOGIA DO TUMOR PRIMÁRIO;NÃO SE APLICA;;;;;;;;15/06/2017;;
1514819;RCBP ANGRA DOS REIS;FEMININO;13/10/1953;63;PRETA;BRASIL;RIO DE JANEIRO;ANGRA DOS REIS;FUNDAMENTAL I (1ª A 4ª SÉRIE);CASADO;0;SEM INFORMAÇÃO	;RIO DE JANEIRO;ANGRA DOS REIS;VULVA, SOE;C519;CARCINOMA, SOE;80103;VULVA, SOE;C519;;;;;false;HISTOLOGIA DO TUMOR PRIMÁRIO;METÁSTASE;SEM INFORMAÇÃO;99 - SEM INFORMAÇÃO;999;MORTO;CÂNCER;15/07/2017;15/07/2017;15/03/2017;;
1514820;RCBP ANGRA DOS REIS;FEMININO;26/11/1975;41;SEM INFORMAÇÃO;BRASIL;RIO DE JANEIRO;ANGRA DOS REIS;SEM INFORMAÇÃO;SEM INFORMAÇÃO;0;SEM INFORMAÇÃO	;RIO DE JANEIRO;ANGRA DOS REIS;COLO DO UTERO, SOE;C539;CARCINOMA ESCAMOCELULAR, SOE;80703;COLO DO UTERO, SOE;C539;;;;;false;HISTOLOGIA DO TUMOR PRIMÁRIO;SEM INFORMAÇÃO;;;;;;;;11/05/2017;;
1514821;RCBP ANGRA DOS REIS;FEMININO;14/04/1976;41;SEM INFORMAÇÃO;BRASIL;PERNAMBUCO;RECIFE;SEM INFORMAÇÃO;SEM INFORMAÇÃO;0;SEM INFORMAÇÃO	;RIO DE JANEIRO;ANGRA DOS REIS;COLO DO UTERO, SOE;C539;CARCINOMA ESCAMOCELULAR, SOE;80703;COLO DO UTERO, SOE;C539;;;;;false;HISTOLOGIA DO TUMOR PRIMÁRIO;SEM INFORMAÇÃO;;;;;;;;15/06/2017;;
1514817;RCBP ANGRA DOS REIS;MASCULINO;07/05/1942;75;SEM INFORMAÇÃO;BRASIL;RIO DE JANEIRO;RIO DE JANEIRO;SEM INFORMAÇÃO;SEM INFORMAÇÃO;0;SEM INFORMAÇÃO	;RIO DE JANEIRO;ANGRA DOS REIS;CUPULA DA BEXIGA;C671;CARCINOMA DE CELULAS TRANSICIONAIS, SOE;81203;CUPULA DA BEXIGA;C671;;;;;false;HISTOLOGIA DO TUMOR PRIMÁRIO;SEM INFORMAÇÃO;;;;;;;;15/06/2017;;
1514823;RCBP ANGRA DOS REIS;MASCULINO;28/09/1942;75;BRANCO;PORTUGAL;Não informado;Não Informado;SEM INFORMAÇÃO;SEM INFORMAÇÃO;262;PROFISSIONAIS DE ESPETÁCULOS E DAS ARTES  	;RIO DE JANEIRO;ANGRA DOS REIS;PULMAO, SOE;C349;NEOPLASIA MALIGNA;80003;BRONQUIOS OU PULMOES, SOE;C349;;;;;false;SDO;SEM INFORMAÇÃO;SEM INFORMAÇÃO;99 - SEM INFORMAÇÃO;999;MORTO;CÂNCER;30/09/2017;30/09/2017;30/09/2017;;
1514827;RCBP ANGRA DOS REIS;MASCULINO;10/03/1932;84;BRANCO;BRASIL;RIO DE JANEIRO;;FUNDAMENTAL I (1ª A 4ª SÉRIE);CASADO;0;SEM INFORMAÇÃO	;RIO DE JANEIRO;ANGRA DOS REIS;PANCREAS, SOE;C259;NEOPLASIA MALIGNA;80003;PANCREAS, SOE;C259;;;;;false;HISTOLOGIA DO TUMOR PRIMÁRIO;SEM INFORMAÇÃO;SEM INFORMAÇÃO;99 - SEM INFORMAÇÃO;999;MORTO;CÂNCER;31/05/2017;31/05/2017;15/01/2017;;
1514828;RCBP ANGRA DOS REIS;MASCULINO;01/07/1950;66;BRANCO;BRASIL;RIO GRANDE DO SUL;;MÉDIO (ANTIGO SEGUNDO GRAU);SEPARADO JUDICIALMENTE;513;TRABALHADORES DOS SERVIÇOS DE HOTELARIA E ALIMENTAÇÃO 	;RIO DE JANEIRO;ANGRA DOS REIS;GLOTE;C320;CARCINOMA ESCAMOCELULAR, SOE;80703;GLOTE;C320;;;;;false;HISTOLOGIA DO TUMOR PRIMÁRIO;METÁSTASE;SEM INFORMAÇÃO;99 - SEM INFORMAÇÃO;999;MORTO;CÂNCER;09/10/2017;09/10/2017;10/04/2017;;
1514830;RCBP ANGRA DOS REIS;MASCULINO;14/08/1936;80;BRANCO;BRASIL;RIO DE JANEIRO;;FUNDAMENTAL I (1ª A 4ª SÉRIE);CASADO;0;SEM INFORMAÇÃO	;RIO DE JANEIRO;ANGRA DOS REIS;PROSTATA, SOE;C619;ADENOCARCINOMA, SOE;81403;PROSTATA;C61;;;;;false;HISTOLOGIA DO TUMOR PRIMÁRIO;SEM INFORMAÇÃO;SEM INFORMAÇÃO;99 - SEM INFORMAÇÃO;999;MORTO;NÃO CÂNCER;24/11/2017;24/11/2017;15/06/2017;;
1514831;RCBP ANGRA DOS REIS;MASCULINO;23/04/1944;72;AMARELA;BRASIL;RIO DE JANEIRO;ANGRA DOS REIS;SEM INFORMAÇÃO;SEM INFORMAÇÃO;0;SEM INFORMAÇÃO	;RIO DE JANEIRO;ANGRA DOS REIS;OUVIDO EXTERNO;C442;CARCINOMA BASOCELULAR, TIPO MORFEIA;80923;PELE DA ORELHA E CONDUTO AUDITIVO EXTERNO;C442;;;;;false;HISTOLOGIA DO TUMOR PRIMÁRIO;SEM INFORMAÇÃO;;;;;;;;26/01/2017;;
1514832;RCBP ANGRA DOS REIS;FEMININO;06/08/1953;63;BRANCO;BRASIL;RIO DE JANEIRO;RIO DE JANEIRO;SUPERIOR COMPLETO;SOLTEIRO;411;ESCRITURÁRIOS EM GERAL, AGENTES, ASSISTENTES E AUXILIARES ADMINISTRATIVOS 	;RIO DE JANEIRO;ANGRA DOS REIS;MAMA , SOE;C509;CARCINOMA DUCTAL INFILTRANTE;85003;MAMA , SOE;C509;;;;;false;HISTOLOGIA DO TUMOR PRIMÁRIO;METÁSTASE;SEM INFORMAÇÃO;99 - SEM INFORMAÇÃO;999;MORTO;CÂNCER;26/10/2017;26/10/2017;15/05/2017;;
1514833;RCBP ANGRA DOS REIS;MASCULINO;28/05/1941;75;PARDA;BRASIL;RIO DE JANEIRO;;SEM ESCOLARIDADE;CASADO;0;SEM INFORMAÇÃO	;RIO DE JANEIRO;ANGRA DOS REIS;PULMAO, SOE;C349;CARC. BRONQ. ALVEOLAR MISTO, MUCIN. E NAO MUCINOSO;82543;BRONQUIOS OU PULMOES, SOE;C349;;;;;false;HISTOLOGIA DO TUMOR PRIMÁRIO;METÁSTASE;SEM INFORMAÇÃO;99 - SEM INFORMAÇÃO;999;MORTO;CÂNCER;27/03/2017;27/03/2017;15/01/2017;;
1514834;RCBP ANGRA DOS REIS;MASCULINO;14/01/1959;58;PARDA;BRASIL;SÃO PAULO;;MÉDIO (ANTIGO SEGUNDO GRAU);CASADO;717;AJUDANTES DE OBRAS	;RIO DE JANEIRO;ANGRA DOS REIS;VIAS BILIARES INTRA-HEPATICAS;C221;COLANGIOCARCINOMA;81603;FIGADO E VIAS BILIARES INTRA-HEPATICAS;C22;;;;;false;HISTOLOGIA DO TUMOR PRIMÁRIO;METÁSTASE;SEM INFORMAÇÃO;99 - SEM INFORMAÇÃO;999;MORTO;CÂNCER;24/05/2017;24/05/2017;13/04/2017;;
1514835;RCBP ANGRA DOS REIS;MASCULINO;12/06/1941;75;PARDA;BRASIL;RIO DE JANEIRO;ANGRA DOS REIS;SEM ESCOLARIDADE;SOLTEIRO;621;TRABALHADORES NA EXPLORAÇÃO AGROPECUÁRIA EM GERAL	;RIO DE JANEIRO;ANGRA DOS REIS;PROSTATA, SOE;C619;ADENOCARCINOMA, SOE;81403;PROSTATA;C61;;;;;false;HISTOLOGIA DO TUMOR PRIMÁRIO;SEM INFORMAÇÃO;SEM INFORMAÇÃO;99 - SEM INFORMAÇÃO;999;MORTO;CÂNCER;11/02/2017;11/02/2017;08/01/2017;;
1514836;RCBP ANGRA DOS REIS;MASCULINO;07/02/1960;57;PARDA;BRASIL;PARÁ;;FUNDAMENTAL II (5ª A 8ª SÉRIE);CASADO;517;TRABALHADORES NOS SERVIÇOS DE PROTEÇÃO E SEGURANÇA	;RIO DE JANEIRO;ANGRA DOS REIS;ESTOMAGO, SOE;C169;CARCINOMA, TIPO DIFUSO;81453;ESTOMAGO, SOE;C169;;;;;false;HISTOLOGIA DO TUMOR PRIMÁRIO;SEM INFORMAÇÃO;SEM INFORMAÇÃO;99 - SEM INFORMAÇÃO;999;MORTO;CÂNCER;04/08/2017;04/08/2017;15/02/2017;;
1514837;RCBP ANGRA DOS REIS;MASCULINO;09/12/1961;55;SEM INFORMAÇÃO;BRASIL;RIO DE JANEIRO;ANGRA DOS REIS;SEM INFORMAÇÃO;SEM INFORMAÇÃO;0;SEM INFORMAÇÃO	;RIO DE JANEIRO;ANGRA DOS REIS;PELE DO MEMBRO INFERIOR E DO QUADRIL;C447;CARCINOMA BASOCELULAR, SOE;80903;PELE DO MEMBRO INFERIOR E DO QUADRIL;C447;;;;;false;HISTOLOGIA DO TUMOR PRIMÁRIO;METÁSTASE;;;;;;;;05/06/2017;;
1514838;RCBP ANGRA DOS REIS;MASCULINO;22/04/1975;41;BRANCO;BRASIL;RIO DE JANEIRO;ANGRA DOS REIS;FUNDAMENTAL I (1ª A 4ª SÉRIE);SOLTEIRO;711;TRABALHADORES DA EXTRAÇÃO MINERAL 	;RIO DE JANEIRO;ANGRA DOS REIS;RETO, SOE;C209;NEOPLASIA MALIGNA;80003;RETO;C20;;;;;false;HISTOLOGIA DO TUMOR PRIMÁRIO;METÁSTASE;SEM INFORMAÇÃO;99 - SEM INFORMAÇÃO;999;MORTO;CÂNCER;15/05/2017;15/05/2017;08/01/2017;;
1514839;RCBP ANGRA DOS REIS;MASCULINO;28/02/1953;63;PARDA;BRASIL;RIO DE JANEIRO;ANGRA DOS REIS;FUNDAMENTAL I (1ª A 4ª SÉRIE);VIÚVO;517;TRABALHADORES NOS SERVIÇOS DE PROTEÇÃO E SEGURANÇA	;RIO DE JANEIRO;ANGRA DOS REIS;PROSTATA, SOE;C619;ADENOCARCINOMA, SOE;81403;PROSTATA;C61;;;;;false;HISTOLOGIA DO TUMOR PRIMÁRIO;SEM INFORMAÇÃO;SEM INFORMAÇÃO;99 - SEM INFORMAÇÃO;999;MORTO;CÂNCER;01/10/2017;01/10/2017;15/02/2017;;
1514840;RCBP ANGRA DOS REIS;MASCULINO;27/02/1939;78;PARDA;BRASIL;MINAS GERAIS;;FUNDAMENTAL I (1ª A 4ª SÉRIE);UNIÃO CONSENSUAL;232;PROFESSORES DO ENSINO MÉDIO   	;RIO DE JANEIRO;ANGRA DOS REIS;COLON SIGMOIDE;C187;NEOPLASIA MALIGNA;80003;COLON SIGMOIDE;C187;;;;;false;SDO;METÁSTASE;SEM INFORMAÇÃO;99 - SEM INFORMAÇÃO;999;MORTO;CÂNCER;09/04/2017;09/04/2017;09/04/2017;;
1514841;RCBP ANGRA DOS REIS;MASCULINO;04/04/1953;64;SEM INFORMAÇÃO;BRASIL;RIO DE JANEIRO;NITERÓI;SEM INFORMAÇÃO;SEM INFORMAÇÃO;0;SEM INFORMAÇÃO	;RIO DE JANEIRO;ANGRA DOS REIS;PROSTATA, SOE;C619;ADENOCARCINOMA, SOE;81403;PROSTATA;C61;;;;;false;HISTOLOGIA DO TUMOR PRIMÁRIO;SEM INFORMAÇÃO;;;;;;;;18/04/2017;;
1514822;RCBP ANGRA DOS REIS;FEMININO;04/09/1978;38;SEM INFORMAÇÃO;BRASIL;RIO DE JANEIRO;RIO DE JANEIRO;SEM INFORMAÇÃO;SEM INFORMAÇÃO;0;SEM INFORMAÇÃO	;RIO DE JANEIRO;ANGRA DOS REIS;MAMA , SOE;C509;CARCINOMA DUCTAL INFILTRANTE E LOBULAR;85223;MAMA , SOE;C509;;;;;false;HISTOLOGIA DO TUMOR PRIMÁRIO;SEM INFORMAÇÃO;;;;;;;;05/04/2017;;
1514849;RCBP ANGRA DOS REIS;FEMININO;16/05/1958;59;PARDA;BRASIL;RIO DE JANEIRO;ANGRA DOS REIS;FUNDAMENTAL I (1ª A 4ª SÉRIE);SOLTEIRO;0;SEM INFORMAÇÃO	;RIO DE JANEIRO;ANGRA DOS REIS;LOCALIZACAO PRIMARIA DESCONHECIDA, SOE;C809;NEOPLASIA MALIGNA;80003;LOCALIZACAO PRIMARIA DESCONHECIDA;C80;;;;;false;HISTOLOGIA DA METÁSTASE;METÁSTASE;;;;;CÂNCER;13/11/2017;;06/11/2017;;
1514842;RCBP ANGRA DOS REIS;MASCULINO;23/04/1945;71;PRETA;BRASIL;MINAS GERAIS;;FUNDAMENTAL II (5ª A 8ª SÉRIE);CASADO;722;TRABALHADORES DE CONFORMAÇÃO DE METAIS E DE COMPÓSITOS	;RIO DE JANEIRO;ANGRA DOS REIS;PROSTATA, SOE;C619;ADENOCARCINOMA, SOE;81403;PROSTATA;C61;;;;;false;HISTOLOGIA DO TUMOR PRIMÁRIO;SEM INFORMAÇÃO;SEM INFORMAÇÃO;99 - SEM INFORMAÇÃO;999;MORTO;CÂNCER;13/06/2017;13/06/2017;15/01/2017;;
1514843;RCBP ANGRA DOS REIS;MASCULINO;04/08/1957;59;BRANCO;BRASIL;RIO DE JANEIRO;;SEM ESCOLARIDADE;CASADO;342;TÉCNICOS EM TRANSPORTES (LOGÍSTICA)   	;RIO DE JANEIRO;ANGRA DOS REIS;CEREBRO;C710;NEOPLASIA MALIGNA;80003;CEREBRO;C710;;;;;false;PESQUISA;SEM INFORMAÇÃO;SEM INFORMAÇÃO;99 - SEM INFORMAÇÃO;999;MORTO;CÂNCER;15/10/2017;15/10/2017;18/03/2017;;
1514844;RCBP ANGRA DOS REIS;MASCULINO;04/02/1941;76;BRANCO;BRASIL;RIO GRANDE DO NORTE;RODOLFO FERNANDES;SEM INFORMAÇÃO;SEM INFORMAÇÃO;0;SEM INFORMAÇÃO	;RIO DE JANEIRO;ANGRA DOS REIS;BEXIGA, SOE;C679;CARCINOMA DE CELULAS TRANSICIONAIS, SOE;81203;BEXIGA, SOE;C679;;;;;false;HISTOLOGIA DO TUMOR PRIMÁRIO;SEM INFORMAÇÃO;;;;;;;;15/03/2017;;
1514845;RCBP ANGRA DOS REIS;MASCULINO;10/07/1951;65;SEM INFORMAÇÃO;BRASIL;RIO DE JANEIRO;ANGRA DOS REIS;SEM INFORMAÇÃO;SEM INFORMAÇÃO;0;SEM INFORMAÇÃO	;RIO DE JANEIRO;ANGRA DOS REIS;RETO, SOE;C209;ADENOCARCINOMA, SOE;81403;RETO;C20;;;;;false;HISTOLOGIA DO TUMOR PRIMÁRIO;SEM INFORMAÇÃO;;;;;;;;23/04/2017;;
1514846;RCBP ANGRA DOS REIS;MASCULINO;11/01/1959;58;BRANCO;BRASIL;RIO DE JANEIRO;ANGRA DOS REIS;SEM INFORMAÇÃO;SEM INFORMAÇÃO;0;SEM INFORMAÇÃO	;RIO DE JANEIRO;ANGRA DOS REIS;PELE DE OUTRAS PARTES DA FACE;C443;CARCINOMA BASOCELULAR NODULAR;80973;PELE DE OUTRAS PARTES DA FACE;C443;;;;;false;HISTOLOGIA DO TUMOR PRIMÁRIO;SEM INFORMAÇÃO;;;;;;;;15/02/2017;;
1514847;RCBP ANGRA DOS REIS;FEMININO;09/11/1952;64;BRANCO;BRASIL;RIO DE JANEIRO;ANGRA DOS REIS;FUNDAMENTAL I (1ª A 4ª SÉRIE);CASADO;0;SEM INFORMAÇÃO	;RIO DE JANEIRO;ANGRA DOS REIS;ENCEFALO, SOE;C719;NEOPLASIA MALIGNA;80003;ENCEFALO, SOE;C719;;;;;false;PESQUISA;SEM INFORMAÇÃO;SEM INFORMAÇÃO;99 - SEM INFORMAÇÃO;999;MORTO;CÂNCER;25/05/2017;25/05/2017;15/02/2017;;
1514848;RCBP ANGRA DOS REIS;MASCULINO;11/06/1960;57;BRANCO;BRASIL;RIO DE JANEIRO;;FUNDAMENTAL II (5ª A 8ª SÉRIE);UNIÃO CONSENSUAL;;;RIO DE JANEIRO;ANGRA DOS REIS;ESOFAGO, SOE;C159;NEOPLASIA MALIGNA;80003;ESOFAGO, SOE;C159;;;;;false;SDO;METÁSTASE;SEM INFORMAÇÃO;99 - SEM INFORMAÇÃO;999;MORTO;CÂNCER;26/06/2017;26/06/2017;26/06/2017;;
1514888;RCBP ANGRA DOS REIS;FEMININO;10/12/1945;71;BRANCO;BRASIL;RIO DE JANEIRO;ANGRA DOS REIS;SEM INFORMAÇÃO;SEM INFORMAÇÃO;0;SEM INFORMAÇÃO	;RIO DE JANEIRO;ANGRA DOS REIS;PELE DE OUTRAS PARTES DA FACE;C443;CARCINOMA BASOCELULAR, TIPO MORFEIA;80923;PELE DE OUTRAS PARTES DA FACE;C443;;;;;false;HISTOLOGIA DO TUMOR PRIMÁRIO;SEM INFORMAÇÃO;;;;;;;;25/08/2017;;
1514876;RCBP ANGRA DOS REIS;MASCULINO;08/08/1949;67;PARDA;BRASIL;CEARÁ;;FUNDAMENTAL I (1ª A 4ª SÉRIE);CASADO;783;TRABALHADORES DE MANOBRAS SOBRE TRILHOS E MOVIMENTAÇÃO E CARGAS   	;RIO DE JANEIRO;ANGRA DOS REIS;LINFONODO, SOE;C779;LINFOMA DE HODGKIN, SOE;96503;DOENCA DE HODGKIN, SOE;C819;;;;;false;SDO;NÃO SE APLICA;SEM INFORMAÇÃO;99 - SEM INFORMAÇÃO;999;MORTO;CÂNCER;18/02/2017;18/02/2017;18/02/2017;;
1514877;RCBP ANGRA DOS REIS;FEMININO;12/12/1946;70;SEM INFORMAÇÃO;BRASIL;RIO DE JANEIRO;NOVA IGUAÇU;SEM INFORMAÇÃO;SEM INFORMAÇÃO;0;SEM INFORMAÇÃO	;RIO DE JANEIRO;ANGRA DOS REIS;MAMA , SOE;C509;CARCINOMA DUCTAL INFILTRANTE;85003;MAMA , SOE;C509;;;;;false;HISTOLOGIA DO TUMOR PRIMÁRIO;SEM INFORMAÇÃO;;;;;;;;15/04/2017;;
1514878;RCBP ANGRA DOS REIS;FEMININO;25/05/1966;50;BRANCO;BRASIL;ESPIRITO SANTO;;MÉDIO (ANTIGO SEGUNDO GRAU);SEPARADO JUDICIALMENTE;513;TRABALHADORES DOS SERVIÇOS DE HOTELARIA E ALIMENTAÇÃO 	;RIO DE JANEIRO;ANGRA DOS REIS;OVARIO, SOE;C569;NEOPLASIA MALIGNA;80003;OVARIO;C56;;;;;false;SDO;SEM INFORMAÇÃO;SEM INFORMAÇÃO;99 - SEM INFORMAÇÃO;999;MORTO;CÂNCER;29/03/2017;29/03/2017;29/03/2017;;
1514879;RCBP ANGRA DOS REIS;FEMININO;25/05/1956;60;BRANCO;BRASIL;RIO DE JANEIRO;;FUNDAMENTAL II (5ª A 8ª SÉRIE);CASADO;0;SEM INFORMAÇÃO	;RIO DE JANEIRO;ANGRA DOS REIS;COLON, SOE;C189;CARCINOIDE DE CELULAS CALICIFORMES;82433;COLON, SOE;C189;;;;;false;HISTOLOGIA DO TUMOR PRIMÁRIO;METÁSTASE;SEM INFORMAÇÃO;99 - SEM INFORMAÇÃO;999;MORTO;CÂNCER;06/04/2017;06/04/2017;15/03/2017;;
1514880;RCBP ANGRA DOS REIS;MASCULINO;29/10/1943;73;BRANCO;BRASIL;RIO DE JANEIRO;;FUNDAMENTAL II (5ª A 8ª SÉRIE);CASADO;0;SEM INFORMAÇÃO	;RIO DE JANEIRO;ANGRA DOS REIS;ABDOME, SOE;C762;NEOPLASIA MALIGNA;80003;ABDOME;C762;;;;;false;CLÍNICO;SEM INFORMAÇÃO;SEM INFORMAÇÃO;99 - SEM INFORMAÇÃO;999;MORTO;CÂNCER;12/11/2017;12/11/2017;23/08/2017;;
1514881;RCBP ANGRA DOS REIS;FEMININO;27/04/1984;33;PRETA;BRASIL;RIO DE JANEIRO;ANGRA DOS REIS;MÉDIO (ANTIGO SEGUNDO GRAU);CASADO;512;TRABALHADORES DOS SERVIÇOS DOMÉSTICOS EM GERAL	;RIO DE JANEIRO;ANGRA DOS REIS;COLO DO UTERO, SOE;C539;ADENOCARCINOMA "IN SITU", SOE;81402;COLO DO UTERO, SOE;D069;;;;;false;HISTOLOGIA DO TUMOR PRIMÁRIO;"IN SITU";;;;;;;;10/09/2017;;
1514883;RCBP ANGRA DOS REIS;MASCULINO;21/05/1974;42;PARDA;BRASIL;RIO DE JANEIRO;ANGRA DOS REIS;MÉDIO (ANTIGO SEGUNDO GRAU);SOLTEIRO;0;SEM INFORMAÇÃO	;RIO DE JANEIRO;ANGRA DOS REIS;CANAL ANAL;C211;ADENOCARCINOMA, SOE;81403;CANAL ANAL;C211;;;;;false;HISTOLOGIA DO TUMOR PRIMÁRIO;METÁSTASE;SEM INFORMAÇÃO;99 - SEM INFORMAÇÃO;999;MORTO;CÂNCER;18/07/2017;18/07/2017;15/04/2017;;
1514884;RCBP ANGRA DOS REIS;MASCULINO;08/01/1988;29;BRANCO;BRASIL;RIO DE JANEIRO;ANGRA DOS REIS;SEM INFORMAÇÃO;SEM INFORMAÇÃO;0;SEM INFORMAÇÃO	;RIO DE JANEIRO;ANGRA DOS REIS;GENGIVA SUPERIOR;C030;CARCINOMA ESCAMOCELULAR, SOE;80703;GENGIVA SUPERIOR;C030;;;OUTROS SÍTIOS NO LÁBIO, CAVIDADE ORAL E FARINGE;8.2.2;false;HISTOLOGIA DO TUMOR PRIMÁRIO;SEM INFORMAÇÃO;;;;;;;;07/08/2017;;
1514886;RCBP ANGRA DOS REIS;FEMININO;02/08/1964;52;INDÍGENA;BRASIL;RIO DE JANEIRO;ANGRA DOS REIS;SEM INFORMAÇÃO;SEM INFORMAÇÃO;0;SEM INFORMAÇÃO	;RIO DE JANEIRO;ANGRA DOS REIS;MAMA , SOE;C509;CARCINOMA DUCTAL INFILTRANTE;85003;MAMA , SOE;C509;;;;;false;HISTOLOGIA DO TUMOR PRIMÁRIO;SEM INFORMAÇÃO;;;;;;;;13/04/2017;;
1514887;RCBP ANGRA DOS REIS;FEMININO;17/02/1943;74;PRETA;BRASIL;MINAS GERAIS;BARBACENA;SEM INFORMAÇÃO;SEM INFORMAÇÃO;0;SEM INFORMAÇÃO	;RIO DE JANEIRO;ANGRA DOS REIS;JUNCAO RETOSSIGMOIDIANA, SOE;C199;ADENOCARCINOMA, SOE;81403;JUNCAO RETOSSIGMOIDE;C19;;;;;false;HISTOLOGIA DO TUMOR PRIMÁRIO;SEM INFORMAÇÃO;;;;;;;;15/06/2017;;
1514889;RCBP ANGRA DOS REIS;FEMININO;15/08/1945;71;SEM INFORMAÇÃO;BRASIL;RIO DE JANEIRO;ANGRA DOS REIS;SEM INFORMAÇÃO;SEM INFORMAÇÃO;0;SEM INFORMAÇÃO	;RIO DE JANEIRO;ANGRA DOS REIS;ESTOMAGO, SOE;C169;CARCINOMA, TIPO DIFUSO;81453;ESTOMAGO, SOE;C169;;;;;false;HISTOLOGIA DO TUMOR PRIMÁRIO;SEM INFORMAÇÃO;;;;;;;;15/02/2017;;
1514890;RCBP ANGRA DOS REIS;FEMININO;10/02/1957;60;SEM INFORMAÇÃO;BRASIL;RIO DE JANEIRO;RIO DE JANEIRO;SEM INFORMAÇÃO;SEM INFORMAÇÃO;0;SEM INFORMAÇÃO	;RIO DE JANEIRO;ANGRA DOS REIS;MAMA , SOE;C509;CARCINOMA LOBULAR, SOE;85203;MAMA , SOE;C509;;;;;false;HISTOLOGIA DO TUMOR PRIMÁRIO;SEM INFORMAÇÃO;;;;;;;;15/06/2017;;
1514891;RCBP ANGRA DOS REIS;FEMININO;02/09/1948;68;PARDA;BRASIL;MINAS GERAIS;BOM DESPACHO;SEM INFORMAÇÃO;SEM INFORMAÇÃO;0;SEM INFORMAÇÃO	;RIO DE JANEIRO;ANGRA DOS REIS;PELE DO MEMBRO INFERIOR E DO QUADRIL;C447;CARCINOMA, SOE;80103;PELE DO MEMBRO INFERIOR E DO QUADRIL;C447;;;;;false;HISTOLOGIA DO TUMOR PRIMÁRIO;LOCALIZADO;;;;;;;;02/08/2017;;
1514892;RCBP ANGRA DOS REIS;FEMININO;01/09/1958;58;BRANCO;BRASIL;SÃO PAULO;SÃO PAULO;SEM INFORMAÇÃO;SEM INFORMAÇÃO;0;SEM INFORMAÇÃO	;RIO DE JANEIRO;ANGRA DOS REIS;ENDOMETRIO;C541;CARCINOMA ENDOMETRIOIDE, SOE;83803;ENDOMETRIO;C541;;;;;false;HISTOLOGIA DO TUMOR PRIMÁRIO;SEM INFORMAÇÃO;;;;;;;;21/05/2017;;
1514894;RCBP ANGRA DOS REIS;FEMININO;04/02/1946;71;PARDA;BRASIL;RIO DE JANEIRO;ANGRA DOS REIS;SEM ESCOLARIDADE;SEPARADO JUDICIALMENTE;0;SEM INFORMAÇÃO	;RIO DE JANEIRO;ANGRA DOS REIS;ESTOMAGO, SOE;C169;NEOPLASIA MALIGNA;80003;ESTOMAGO, SOE;C169;;;;;false;HISTOLOGIA DO TUMOR PRIMÁRIO;SEM INFORMAÇÃO;SEM INFORMAÇÃO;99 - SEM INFORMAÇÃO;999;MORTO;CÂNCER;03/06/2017;03/06/2017;22/03/2017;;
1514896;RCBP ANGRA DOS REIS;FEMININO;12/01/1960;57;BRANCO;BRASIL;RIO DE JANEIRO;ANGRA DOS REIS;FUNDAMENTAL I (1ª A 4ª SÉRIE);CASADO;0;SEM INFORMAÇÃO	;RIO DE JANEIRO;ANGRA DOS REIS;ESOFAGO, SOE;C159;CARCINOMA, SOE;80103;ESOFAGO, SOE;C159;;;;;false;HISTOLOGIA DO TUMOR PRIMÁRIO;METÁSTASE;SEM INFORMAÇÃO;99 - SEM INFORMAÇÃO;999;MORTO;CÂNCER;20/11/2017;20/11/2017;09/11/2017;;
1514897;RCBP ANGRA DOS REIS;FEMININO;09/10/1965;51;SEM INFORMAÇÃO;BRASIL;RIO DE JANEIRO;ANGRA DOS REIS;SEM INFORMAÇÃO;SEM INFORMAÇÃO;0;SEM INFORMAÇÃO	;RIO DE JANEIRO;ANGRA DOS REIS;COLO DO UTERO, SOE;C539;CARCINOMA ESCAMOCELULAR, SOE;80703;COLO DO UTERO, SOE;C539;;;;;false;HISTOLOGIA DO TUMOR PRIMÁRIO;SEM INFORMAÇÃO;;;;;;;;22/05/2017;;
1514898;RCBP ANGRA DOS REIS;FEMININO;23/10/1956;60;BRANCO;BRASIL;RIO DE JANEIRO;;SEM ESCOLARIDADE;CASADO;0;SEM INFORMAÇÃO	;RIO DE JANEIRO;ANGRA DOS REIS;VULVA, SOE;C519;NEOPLASIA MALIGNA;80003;VULVA, SOE;C519;;;;;false;HISTOLOGIA DO TUMOR PRIMÁRIO;METÁSTASE;SEM INFORMAÇÃO;99 - SEM INFORMAÇÃO;999;MORTO;CÂNCER;03/09/2017;03/09/2017;08/03/2017;;
1514899;RCBP ANGRA DOS REIS;FEMININO;11/08/1958;58;BRANCO;BRASIL;RIO DE JANEIRO;ANGRA DOS REIS;FUNDAMENTAL I (1ª A 4ª SÉRIE);CASADO;0;SEM INFORMAÇÃO	;RIO DE JANEIRO;ANGRA DOS REIS;FIGADO, SOE;C220;NEOPLASIA MALIGNA;80003;FIGADO E VIAS BILIARES INTRA-HEPATICAS;C22;;;;;false;HISTOLOGIA DO TUMOR PRIMÁRIO;METÁSTASE;SEM INFORMAÇÃO;99 - SEM INFORMAÇÃO;999;MORTO;CÂNCER;12/03/2017;12/03/2017;21/02/2017;;
1514900;RCBP ANGRA DOS REIS;FEMININO;03/05/1959;57;BRANCO;BRASIL;RIO DE JANEIRO;ANGRA DOS REIS;FUNDAMENTAL I (1ª A 4ª SÉRIE);CASADO;512;TRABALHADORES DOS SERVIÇOS DOMÉSTICOS EM GERAL	;RIO DE JANEIRO;ANGRA DOS REIS;PULMAO, SOE;C349;ADENOCARCINOMA BRONQUIOLO-ALVEOLAR, SOE;82503;BRONQUIOS OU PULMOES, SOE;C349;;;;;false;HISTOLOGIA DO TUMOR PRIMÁRIO;SEM INFORMAÇÃO;SEM INFORMAÇÃO;99 - SEM INFORMAÇÃO;999;MORTO;CÂNCER;12/06/2017;12/06/2017;03/02/2017;;
1514901;RCBP ANGRA DOS REIS;FEMININO;17/11/1963;53;PARDA;BRASIL;PARAÍBA;SAPÉ;FUNDAMENTAL I (1ª A 4ª SÉRIE);SOLTEIRO;516;TRABALHADORES NOS SERVIÇOS DE EMBELEZAMENTO E CUIDADOS PESSOAIS   	;RIO DE JANEIRO;ANGRA DOS REIS;COLO DO UTERO, SOE;C539;CARCINOMA ESCAMOCELULAR, SOE;80703;COLO DO UTERO, SOE;C539;;;;;false;HISTOLOGIA DO TUMOR PRIMÁRIO;SEM INFORMAÇÃO;SEM INFORMAÇÃO;99 - SEM INFORMAÇÃO;999;MORTO;CÂNCER;05/02/2017;05/02/2017;15/01/2017;;
1514902;RCBP ANGRA DOS REIS;FEMININO;16/05/1937;80;SEM INFORMAÇÃO;BRASIL;RIO DE JANEIRO;RIO DE JANEIRO;SEM INFORMAÇÃO;SEM INFORMAÇÃO;;;RIO DE JANEIRO;ANGRA DOS REIS;PELE DE OUTRAS PARTES DA FACE;C443;CARCINOMA BASOCELULAR, TIPO MORFEIA;80923;PELE DE OUTRAS PARTES DA FACE;C443;;;;;false;HISTOLOGIA DO TUMOR PRIMÁRIO;SEM INFORMAÇÃO;;;;;;;;15/06/2017;;
1514903;RCBP ANGRA DOS REIS;FEMININO;25/02/1937;80;BRANCO;BRASIL;MINAS GERAIS;BELO HORIZONTE;FUNDAMENTAL I (1ª A 4ª SÉRIE);VIÚVO;763;TRABALHADORES DA CONFECÇÃO DE ROUPAS 	;RIO DE JANEIRO;ANGRA DOS REIS;PULMAO, SOE;C349;TUMOR CARCINOIDE, SOE;82403;BRONQUIOS OU PULMOES, SOE;C349;;;;;false;HISTOLOGIA DA METÁSTASE;METÁSTASE;SEM INFORMAÇÃO;99 - SEM INFORMAÇÃO;999;MORTO;CÂNCER;19/11/2017;19/11/2017;15/06/2017;;
1514904;RCBP ANGRA DOS REIS;FEMININO;01/04/1970;46;PARDA;BRASIL;RIO DE JANEIRO;ANGRA DOS REIS;FUNDAMENTAL I (1ª A 4ª SÉRIE);SOLTEIRO;0;SEM INFORMAÇÃO	;RIO DE JANEIRO;ANGRA DOS REIS;LOBO SUPERIOR DO PULMAO;C341;ADENOCARCINOMA, SOE;81403;LOBO SUPERIOR, BRONQUIO OU PULMAO;C341;;;;;false;HISTOLOGIA DO TUMOR PRIMÁRIO;METÁSTASE;;;;;CÂNCER;10/04/2017;;15/01/2017;;
1514905;RCBP ANGRA DOS REIS;FEMININO;28/09/1974;43;BRANCO;BRASIL;RIO DE JANEIRO;ANGRA DOS REIS;SEM INFORMAÇÃO;SEM INFORMAÇÃO;0;SEM INFORMAÇÃO	;RIO DE JANEIRO;ANGRA DOS REIS;MAMA , SOE;C509;CARCINOMA DUCTAL INFILTRANTE;85003;MAMA , SOE;C509;;;;;false;HISTOLOGIA DO TUMOR PRIMÁRIO;SEM INFORMAÇÃO;;;;;;;;17/12/2017;;
1514906;RCBP ANGRA DOS REIS;MASCULINO;19/01/1983;34;AMARELA;BRASIL;SÃO PAULO;CRUZEIRO;FUNDAMENTAL II (5ª A 8ª SÉRIE);CASADO;722;TRABALHADORES DE CONFORMAÇÃO DE METAIS E DE COMPÓSITOS	;RIO DE JANEIRO;ANGRA DOS REIS;HIPOFISE;C751;CARCINOMA CROMOFOBO;82703;GLANDULA HIPOFISE;C751;;;;;false;PESQUISA;LOCALIZADO;;;;;CÂNCER;07/04/2018;;15/06/2017;;
1514895;RCBP ANGRA DOS REIS;FEMININO;05/04/1957;59;BRANCO;BRASIL;RIO DE JANEIRO;RIO DE JANEIRO;SEM INFORMAÇÃO;SEM INFORMAÇÃO;0;SEM INFORMAÇÃO	;RIO DE JANEIRO;ANGRA DOS REIS;MAMA , SOE;C509;CARCINOMA LOBULAR, SOE;85203;MAMA , SOE;C509;;;;;false;HISTOLOGIA DO TUMOR PRIMÁRIO;SEM INFORMAÇÃO;;;;;CÂNCER;08/03/2021;;15/02/2017;;
1514907;RCBP ANGRA DOS REIS;FEMININO;22/08/1958;59;SEM INFORMAÇÃO;BRASIL;RIO DE JANEIRO;ANGRA DOS REIS;SEM INFORMAÇÃO;SEM INFORMAÇÃO;0;SEM INFORMAÇÃO	;RIO DE JANEIRO;ANGRA DOS REIS;MAMA , SOE;C509;CARCINOMA DUCTAL INFILTRANTE;85003;MAMA , SOE;C509;;;;;false;HISTOLOGIA DO TUMOR PRIMÁRIO;SEM INFORMAÇÃO;;;;;;;;25/11/2017;;
1514908;RCBP ANGRA DOS REIS;FEMININO;17/07/1956;60;PARDA;BRASIL;RIO DE JANEIRO;;FUNDAMENTAL I (1ª A 4ª SÉRIE);CASADO;0;SEM INFORMAÇÃO	;RIO DE JANEIRO;ANGRA DOS REIS;PULMAO, SOE;C349;ADENOCARCINOMA DE CELULAS CLARAS, SOE;83103;BRONQUIOS OU PULMOES, SOE;C349;;;;;false;HISTOLOGIA DO TUMOR PRIMÁRIO;SEM INFORMAÇÃO;SEM INFORMAÇÃO;99 - SEM INFORMAÇÃO;999;MORTO;CÂNCER;13/11/2017;13/11/2017;05/02/2017;;
1514909;RCBP ANGRA DOS REIS;FEMININO;27/09/1948;68;BRANCO;BRASIL;SÃO PAULO;;MÉDIO (ANTIGO SEGUNDO GRAU);SOLTEIRO;354;TÉCNICOS DE NIVEL MÉDIO EM OPERAÇÕES COMERCIAIS   	;RIO DE JANEIRO;ANGRA DOS REIS;VESICULA BILIAR, SOE;C239;CARCINOMA, SOE;80103;VESICULA BILIAR;C23;;;;;false;SDO;SEM INFORMAÇÃO;SEM INFORMAÇÃO;99 - SEM INFORMAÇÃO;999;MORTO;CÂNCER;12/02/2017;12/02/2017;12/02/2017;;
1514910;RCBP ANGRA DOS REIS;MASCULINO;26/07/1941;75;BRANCO;BRASIL;RIO DE JANEIRO;;FUNDAMENTAL I (1ª A 4ª SÉRIE);CASADO;0;SEM INFORMAÇÃO	;RIO DE JANEIRO;ANGRA DOS REIS;BEXIGA, SOE;C679;CARCINOMA, SOE;80103;BEXIGA, SOE;C679;;;;;false;HISTOLOGIA DO TUMOR PRIMÁRIO;SEM INFORMAÇÃO;;;;;;;;27/01/2017;;
1514911;RCBP ANGRA DOS REIS;MASCULINO;13/02/1948;69;BRANCO;BRASIL;RIO DE JANEIRO;;MÉDIO (ANTIGO SEGUNDO GRAU);CASADO;232;PROFESSORES DO ENSINO MÉDIO   	;RIO DE JANEIRO;ANGRA DOS REIS;ESTOMAGO, SOE;C169;ADENOCARCINOMA, SOE;81403;ESTOMAGO, SOE;C169;;;;;false;HISTOLOGIA DO TUMOR PRIMÁRIO;SEM INFORMAÇÃO;SEM INFORMAÇÃO;99 - SEM INFORMAÇÃO;999;MORTO;CÂNCER;17/12/2017;17/12/2017;15/02/2017;;
1514912;RCBP ANGRA DOS REIS;FEMININO;18/07/1960;56;BRANCO;BRASIL;Não informado;;FUNDAMENTAL II (5ª A 8ª SÉRIE);SOLTEIRO;0;SEM INFORMAÇÃO	;RIO DE JANEIRO;ANGRA DOS REIS;MEDULA OSSEA;C421;LEUCEMIA MIELOIDE AGUDA, SOE;98613;LEUCEMIA MIELOIDE AGUDA;C920;;;;;false;HISTOLOGIA DO TUMOR PRIMÁRIO;NÃO SE APLICA;SEM INFORMAÇÃO;99 - SEM INFORMAÇÃO;999;MORTO;CÂNCER;22/09/2017;22/09/2017;15/03/2017;;
1514913;RCBP ANGRA DOS REIS;FEMININO;10/11/1981;35;BRANCO;BRASIL;RIO DE JANEIRO;ANGRA DOS REIS;FUNDAMENTAL I (1ª A 4ª SÉRIE);CASADO;512;TRABALHADORES DOS SERVIÇOS DOMÉSTICOS EM GERAL	;RIO DE JANEIRO;ANGRA DOS REIS;CABECA, FACE E PESCOCO, SOE;C760;CARCINOMA, SOE;80103;CABECA, FACE E PESCOCO;C760;;;;;false;HISTOLOGIA DO TUMOR PRIMÁRIO;METÁSTASE;SEM INFORMAÇÃO;99 - SEM INFORMAÇÃO;999;MORTO;CÂNCER;17/12/2017;17/12/2017;15/02/2017;;
1514915;RCBP ANGRA DOS REIS;FEMININO;12/03/1983;34;BRANCO;BRASIL;RIO DE JANEIRO;RIO DE JANEIRO;SUPERIOR COMPLETO;CASADO;0;SEM INFORMAÇÃO	;RIO DE JANEIRO;ANGRA DOS REIS;GENGIVA SUPERIOR;C030;CARCINOMA ESCAMOCELULAR PAPILAR;80523;GENGIVA SUPERIOR;C030;;;;;false;HISTOLOGIA DO TUMOR PRIMÁRIO;SEM INFORMAÇÃO;;;;;;;;17/05/2017;;
1514916;RCBP ANGRA DOS REIS;FEMININO;16/12/1963;53;SEM INFORMAÇÃO;BRASIL;RIO DE JANEIRO;RIO CLARO;SEM INFORMAÇÃO;SEM INFORMAÇÃO;0;SEM INFORMAÇÃO	;RIO DE JANEIRO;ANGRA DOS REIS;ENDOMETRIO;C541;SARCOMA DO ESTROMA ENDOMETRIAL, BAIXO GRAU;89313;ENDOMETRIO;C541;;;;;false;HISTOLOGIA DO TUMOR PRIMÁRIO;SEM INFORMAÇÃO;;;;;;;;23/05/2017;;
1514917;RCBP ANGRA DOS REIS;FEMININO;16/12/1963;53;SEM INFORMAÇÃO;BRASIL;RIO DE JANEIRO;RIO CLARO;SEM INFORMAÇÃO;SEM INFORMAÇÃO;0;SEM INFORMAÇÃO	;RIO DE JANEIRO;ANGRA DOS REIS;MAMA , SOE;C509;CARCINOMA DUCTAL INFILTRANTE;85003;MAMA , SOE;C509;;;;;false;HISTOLOGIA DO TUMOR PRIMÁRIO;SEM INFORMAÇÃO;;;;;;;;15/06/2017;;
1514920;RCBP ANGRA DOS REIS;MASCULINO;27/08/1949;68;BRANCO;BRASIL;RIO DE JANEIRO;RIO DE JANEIRO;FUNDAMENTAL I (1ª A 4ª SÉRIE);CASADO;513;TRABALHADORES DOS SERVIÇOS DE HOTELARIA E ALIMENTAÇÃO 	;RIO DE JANEIRO;ANGRA DOS REIS;PROSTATA, SOE;C619;ADENOCARCINOMA, SOE;81403;PROSTATA;C61;;;;;false;HISTOLOGIA DO TUMOR PRIMÁRIO;METÁSTASE;;;;;CÂNCER;24/02/2018;;11/12/2017;;
1514921;RCBP ANGRA DOS REIS;MASCULINO;16/07/1946;70;SEM INFORMAÇÃO;BRASIL;PERNAMBUCO;TEREZINHA;SEM INFORMAÇÃO;SEM INFORMAÇÃO;0;SEM INFORMAÇÃO	;RIO DE JANEIRO;ANGRA DOS REIS;PROSTATA, SOE;C619;ADENOCARCINOMA, SOE;81403;PROSTATA;C61;;;;;false;HISTOLOGIA DO TUMOR PRIMÁRIO;SEM INFORMAÇÃO;;;;;;;;15/02/2017;;
1514922;RCBP ANGRA DOS REIS;MASCULINO;07/11/1957;59;BRANCO;BRASIL;Não informado;Não Informado;FUNDAMENTAL I (1ª A 4ª SÉRIE);CASADO;711;TRABALHADORES DA EXTRAÇÃO MINERAL 	;RIO DE JANEIRO;ANGRA DOS REIS;TIMO, SOE;C379;LINFOMA MEDIASTINAL PRIMARIO DE GRANDES CELULAS B;96793;GRANDES CELULAS (DIFUSO);C833;;;;;false;HISTOLOGIA DO TUMOR PRIMÁRIO;SEM INFORMAÇÃO;SEM INFORMAÇÃO;99 - SEM INFORMAÇÃO;999;MORTO;CÂNCER;05/05/2017;05/05/2017;15/01/2017;;
1514923;RCBP ANGRA DOS REIS;MASCULINO;26/04/1939;77;PARDA;BRASIL;MINAS GERAIS;;MÉDIO (ANTIGO SEGUNDO GRAU);CASADO;0;SEM INFORMAÇÃO	;RIO DE JANEIRO;ANGRA DOS REIS;ESTOMAGO, SOE;C169;ADENOCARCINOMA, SOE;81403;ESTOMAGO, SOE;C169;;;;;false;HISTOLOGIA DO TUMOR PRIMÁRIO;SEM INFORMAÇÃO;SEM INFORMAÇÃO;99 - SEM INFORMAÇÃO;999;MORTO;CÂNCER;13/08/2017;13/08/2017;09/01/2017;;
1514924;RCBP ANGRA DOS REIS;MASCULINO;06/10/1944;72;BRANCO;BRASIL;RIO DE JANEIRO;ANGRA DOS REIS;MÉDIO (ANTIGO SEGUNDO GRAU);CASADO;0;SEM INFORMAÇÃO	;RIO DE JANEIRO;ANGRA DOS REIS;PROSTATA, SOE;C619;ADENOCARCINOMA, SOE;81403;PROSTATA;C61;;;;;false;HISTOLOGIA DO TUMOR PRIMÁRIO;METÁSTASE;SEM INFORMAÇÃO;99 - SEM INFORMAÇÃO;999;MORTO;CÂNCER;21/04/2017;21/04/2017;03/02/2017;;
1514925;RCBP ANGRA DOS REIS;FEMININO;28/10/1970;46;BRANCO;BRASIL;RIO DE JANEIRO;ANGRA DOS REIS;SEM INFORMAÇÃO;CASADO;0;SEM INFORMAÇÃO	;RIO DE JANEIRO;ANGRA DOS REIS;COLUNA VERTEBRAL;C412;TUMOR MALIGNO DE CELULAS GIGANTES DO OSSO;92503;COLUNA VERTEBRAL;C412;;;;;false;HISTOLOGIA DO TUMOR PRIMÁRIO;LOCALIZADO;;;;;;;;15/06/2017;;
1514926;RCBP ANGRA DOS REIS;MASCULINO;13/11/1952;64;BRANCO;BRASIL;RIO DE JANEIRO;;FUNDAMENTAL II (5ª A 8ª SÉRIE);CASADO;841;OPERADORES DE EQUIPAMENTOS NA PREPARAÇÃO DE ALIMENTOS E BEBIDAS   	;RIO DE JANEIRO;ANGRA DOS REIS;PULMAO, SOE;C349;ADENOCARCINOMA, SOE;81403;BRONQUIOS OU PULMOES, SOE;C349;;;;;false;HISTOLOGIA DO TUMOR PRIMÁRIO;SEM INFORMAÇÃO;SEM INFORMAÇÃO;99 - SEM INFORMAÇÃO;999;MORTO;CÂNCER;29/03/2017;29/03/2017;15/03/2017;;
1514927;RCBP ANGRA DOS REIS;FEMININO;27/04/1971;45;BRANCO;BRASIL;Não informado;Não Informado;SUPERIOR COMPLETO;CASADO;251;CIENTISTAS SOCIAIS, PSICÓLOGOS E AFINS	;RIO DE JANEIRO;ANGRA DOS REIS;MAMA , SOE;C509;CARCINOMA DUCTAL INFILTRANTE;85213;MAMA , SOE;C509;;;;;false;HISTOLOGIA DO TUMOR PRIMÁRIO;SEM INFORMAÇÃO;;;;;CÂNCER;07/10/2018;;13/02/2017;;
1514928;RCBP ANGRA DOS REIS;FEMININO;08/09/1944;72;BRANCO;BRASIL;RIO DE JANEIRO;;MÉDIO (ANTIGO SEGUNDO GRAU);SOLTEIRO;783;TRABALHADORES DE MANOBRAS SOBRE TRILHOS E MOVIMENTAÇÃO E CARGAS   	;RIO DE JANEIRO;ANGRA DOS REIS;PULMAO, SOE;C349;CARCINOMA "OAT CELL";80423;BRONQUIOS OU PULMOES, SOE;C349;;;;;false;HISTOLOGIA DO TUMOR PRIMÁRIO;SEM INFORMAÇÃO;SEM INFORMAÇÃO;99 - SEM INFORMAÇÃO;999;MORTO;CÂNCER;25/09/2017;25/09/2017;15/01/2017;;
1514929;RCBP ANGRA DOS REIS;MASCULINO;29/03/1956;61;PARDA;BRASIL;RIO DE JANEIRO;;FUNDAMENTAL I (1ª A 4ª SÉRIE);SOLTEIRO;622;TRABALHADORES AGRÍCOLAS   	;RIO DE JANEIRO;ANGRA DOS REIS;ESOFAGO, SOE;C159;NEOPLASIA MALIGNA;80003;ESOFAGO, SOE;C159;;;;;false;CLÍNICO;SEM INFORMAÇÃO;SEM INFORMAÇÃO;99 - SEM INFORMAÇÃO;999;MORTO;CÂNCER;25/12/2017;25/12/2017;15/06/2017;;
1514930;RCBP ANGRA DOS REIS;MASCULINO;24/10/1944;72;BRANCO;BRASIL;MINAS GERAIS;;FUNDAMENTAL II (5ª A 8ª SÉRIE);VIÚVO;811;OPERADORES DE INSTALAÇÕES EM INDÚSTRIAS QUÍMICAS, PETROQUÍMICAS E AFINS   	;RIO DE JANEIRO;ANGRA DOS REIS;PALATO MOLE, SOE;C051;NEOPLASIA MALIGNA;80003;PALATO MOLE;C051;;;;;false;SDO;METÁSTASE;;;;;CÂNCER;27/06/2017;;15/01/2017;;
1514931;RCBP ANGRA DOS REIS;FEMININO;02/03/1956;60;BRANCO;BRASIL;RIO GRANDE DO SUL;PORTO ALEGRE;SEM INFORMAÇÃO;SEM INFORMAÇÃO;0;SEM INFORMAÇÃO	;RIO DE JANEIRO;ANGRA DOS REIS;ENCEFALO, SOE;C719;NEURILEMOMA MALIGNO;95603;ENCEFALO, SOE;C719;;;;;false;HISTOLOGIA DO TUMOR PRIMÁRIO;SEM INFORMAÇÃO;;;;;;;;15/02/2017;;
1514932;RCBP ANGRA DOS REIS;FEMININO;14/06/1979;37;SEM INFORMAÇÃO;BRASIL;RIO DE JANEIRO;ANGRA DOS REIS;MÉDIO (ANTIGO SEGUNDO GRAU);SEM INFORMAÇÃO;0;SEM INFORMAÇÃO	;RIO DE JANEIRO;ANGRA DOS REIS;COLO DO UTERO, SOE;C539;CARCINOMA ESCAMOCELULAR "IN SITU", SOE;80702;COLO DO UTERO, SOE;D069;;;;;false;HISTOLOGIA DO TUMOR PRIMÁRIO;"IN SITU";;;;;SEM INFORMAÇÃO;10/02/2019;;15/03/2017;;
1514933;RCBP ANGRA DOS REIS;MASCULINO;12/04/1945;71;BRANCO;BRASIL;RIO DE JANEIRO;;FUNDAMENTAL II (5ª A 8ª SÉRIE);CASADO;0;SEM INFORMAÇÃO	;RIO DE JANEIRO;ANGRA DOS REIS;PULMAO, SOE;C349;CARCINOMA, SOE;80103;BRONQUIOS OU PULMOES, SOE;C349;;;;;false;PESQUISA;SEM INFORMAÇÃO;SEM INFORMAÇÃO;99 - SEM INFORMAÇÃO;999;MORTO;CÂNCER;22/05/2017;22/05/2017;18/03/2017;;
1514934;RCBP ANGRA DOS REIS;FEMININO;30/12/1955;61;SEM INFORMAÇÃO;BRASIL;ESPIRITO SANTO;VITÓRIA;SEM INFORMAÇÃO;SEM INFORMAÇÃO;0;SEM INFORMAÇÃO	;RIO DE JANEIRO;ANGRA DOS REIS;MAMA , SOE;C509;CARCINOMA DUCTAL INFILTRANTE;85003;MAMA , SOE;C509;;;;;false;HISTOLOGIA DO TUMOR PRIMÁRIO;SEM INFORMAÇÃO;;;;;;;;18/07/2017;;
1514935;RCBP ANGRA DOS REIS;FEMININO;10/12/1960;56;SEM INFORMAÇÃO;BRASIL;Não informado;Não Informado;SEM INFORMAÇÃO;SEM INFORMAÇÃO;0;SEM INFORMAÇÃO	;RIO DE JANEIRO;ANGRA DOS REIS;ESTOMAGO, SOE;C169;NEOPLASIA MALIGNA;80003;ESTOMAGO, SOE;C169;;;;;false;HISTOLOGIA DO TUMOR PRIMÁRIO;SEM INFORMAÇÃO;;;;;;;;16/03/2017;;
1514937;RCBP ANGRA DOS REIS;FEMININO;07/05/1953;64;BRANCO;BRASIL;RIO DE JANEIRO;ANGRA DOS REIS;SEM INFORMAÇÃO;SEM INFORMAÇÃO;0;SEM INFORMAÇÃO	;RIO DE JANEIRO;ANGRA DOS REIS;ENDOMETRIO;C541;CARCINOMA ENDOMETRIOIDE, SOE;83803;ENDOMETRIO;C541;;;;;false;HISTOLOGIA DO TUMOR PRIMÁRIO;SEM INFORMAÇÃO;;;;;;;;15/06/2017;;
1514939;RCBP ANGRA DOS REIS;MASCULINO;08/04/1935;81;BRANCO;BRASIL;Não informado;;FUNDAMENTAL II (5ª A 8ª SÉRIE);VIÚVO;0;SEM INFORMAÇÃO	;RIO DE JANEIRO;ANGRA DOS REIS;DUODENO;C170;ADENOCARCINOMA, SOE;81403;DUODENO;C170;;;;;false;HISTOLOGIA DO TUMOR PRIMÁRIO;METÁSTASE;SEM INFORMAÇÃO;99 - SEM INFORMAÇÃO;999;MORTO;CÂNCER;23/10/2017;23/10/2017;15/02/2017;;
1514940;RCBP ANGRA DOS REIS;MASCULINO;17/06/1958;59;BRANCO;BRASIL;RIO DE JANEIRO;ANGRA DOS REIS;FUNDAMENTAL I (1ª A 4ª SÉRIE);SOLTEIRO;262;PROFISSIONAIS DE ESPETÁCULOS E DAS ARTES  	;RIO DE JANEIRO;ANGRA DOS REIS;CABECA DO PANCREAS;C250;NEOPLASIA MALIGNA;80003;CABECA DO PANCREAS;C250;;;;;false;HISTOLOGIA DO TUMOR PRIMÁRIO;SEM INFORMAÇÃO;SEM INFORMAÇÃO;99 - SEM INFORMAÇÃO;999;MORTO;CÂNCER;26/10/2017;26/10/2017;23/10/2017;;
1514941;RCBP ANGRA DOS REIS;FEMININO;25/01/1963;54;SEM INFORMAÇÃO;BRASIL;Não informado;Não Informado;SEM INFORMAÇÃO;SEM INFORMAÇÃO;0;SEM INFORMAÇÃO	;RIO DE JANEIRO;ANGRA DOS REIS;MAMA , SOE;C509;CARCINOMA LOBULAR, SOE;85203;MAMA , SOE;C509;;;;;false;HISTOLOGIA DO TUMOR PRIMÁRIO;SEM INFORMAÇÃO;;;;;;;;15/04/2017;;
1514942;RCBP ANGRA DOS REIS;FEMININO;03/03/1943;74;AMARELA;BRASIL;RIO DE JANEIRO;ANGRA DOS REIS;SEM INFORMAÇÃO;SEM INFORMAÇÃO;0;SEM INFORMAÇÃO	;RIO DE JANEIRO;ANGRA DOS REIS;BASE DA LINGUA, SOE;C019;CARCINOMA ESCAMOCELULAR PAPILAR;80523;BASE DA LINGUA;C01;;;;;false;HISTOLOGIA DO TUMOR PRIMÁRIO;SEM INFORMAÇÃO;;;;;;;;05/07/2017;;
1514943;RCBP ANGRA DOS REIS;MASCULINO;06/02/1971;46;PRETA;BRASIL;RIO DE JANEIRO;ANGRA DOS REIS;FUNDAMENTAL I (1ª A 4ª SÉRIE);SOLTEIRO;514;TRABALHADORES NOS SERVIÇOS DE ADMINISTRAÇÃO, CONSERVAÇÃO E MANUTENÇÃO DE EDIFÍCIOS E LOGRADOUROS  	;RIO DE JANEIRO;ANGRA DOS REIS;PULMAO, SOE;C349;CARCINOMA, SOE;80103;BRONQUIOS OU PULMOES, SOE;C349;;;;;false;HISTOLOGIA DO TUMOR PRIMÁRIO;METÁSTASE;SEM INFORMAÇÃO;99 - SEM INFORMAÇÃO;999;MORTO;CÂNCER;29/08/2017;29/08/2017;10/03/2017;;
1514945;RCBP ANGRA DOS REIS;FEMININO;07/12/1968;48;PARDA;BRASIL;RIO DE JANEIRO;ANGRA DOS REIS;FUNDAMENTAL II (5ª A 8ª SÉRIE);SOLTEIRO;513;TRABALHADORES DOS SERVIÇOS DE HOTELARIA E ALIMENTAÇÃO 	;RIO DE JANEIRO;ANGRA DOS REIS;COLON, SOE;C189;NEOPLASIA MALIGNA;80003;COLON, SOE;C189;;;;;false;HISTOLOGIA DO TUMOR PRIMÁRIO;SEM INFORMAÇÃO;;;;;CÂNCER;30/03/2018;;15/06/2017;;
1514946;RCBP ANGRA DOS REIS;FEMININO;21/01/1958;59;SEM INFORMAÇÃO;BRASIL;RIO DE JANEIRO;;SEM INFORMAÇÃO;SEM INFORMAÇÃO;;;RIO DE JANEIRO;ANGRA DOS REIS;MAMA , SOE;C509;ADENOCARCINOMA PAPILAR INTR., NAO INFILTRANTE;85032;CARCINOMA "IN SITU" DA MAMA, SOE;D059;;;;;false;HISTOLOGIA DO TUMOR PRIMÁRIO;"IN SITU";;;;;;;;18/03/2017;;
1514947;RCBP ANGRA DOS REIS;FEMININO;26/03/1972;44;SEM INFORMAÇÃO;BRASIL;RIO DE JANEIRO;ANGRA DOS REIS;SEM INFORMAÇÃO;SEM INFORMAÇÃO;0;SEM INFORMAÇÃO	;RIO DE JANEIRO;ANGRA DOS REIS;MAMA , SOE;C509;CARCINOMA DUCTAL INFILTRANTE;85003;MAMA , SOE;C509;;;;;false;HISTOLOGIA DO TUMOR PRIMÁRIO;SEM INFORMAÇÃO;;;;;;;;15/03/2017;;
1514948;RCBP ANGRA DOS REIS;FEMININO;05/05/1959;58;BRANCO;BRASIL;RIO DE JANEIRO;RIO DE JANEIRO;FUNDAMENTAL II (5ª A 8ª SÉRIE);SEPARADO JUDICIALMENTE;;;RIO DE JANEIRO;ANGRA DOS REIS;LOBO SUPERIOR DO PULMAO;C341;TUMOR CARCINOIDE, SOE;82403;LOBO SUPERIOR, BRONQUIO OU PULMAO;C341;;;;;false;HISTOLOGIA DO TUMOR PRIMÁRIO;SEM INFORMAÇÃO;;;;;CÂNCER;31/08/2017;;15/06/2017;;
1514949;RCBP ANGRA DOS REIS;FEMININO;29/12/1949;67;BRANCO;BRASIL;BAHIA;;MÉDIO (ANTIGO SEGUNDO GRAU);CASADO;512;TRABALHADORES DOS SERVIÇOS DOMÉSTICOS EM GERAL	;RIO DE JANEIRO;ANGRA DOS REIS;VIAS BILIARES EXTRA-HEPATICAS;C240;NEOPLASIA MALIGNA;80003;VIAS BILIARES EXTRA-HEPATICAS;C240;;;;;false;HISTOLOGIA DO TUMOR PRIMÁRIO;SEM INFORMAÇÃO;SEM INFORMAÇÃO;99 - SEM INFORMAÇÃO;999;MORTO;CÂNCER;13/02/2017;13/02/2017;06/02/2017;;
1514950;RCBP ANGRA DOS REIS;FEMININO;05/03/1958;59;PARDA;BRASIL;RIO DE JANEIRO;ANGRA DOS REIS;FUNDAMENTAL II (5ª A 8ª SÉRIE);VIÚVO;513;TRABALHADORES DOS SERVIÇOS DE HOTELARIA E ALIMENTAÇÃO 	;RIO DE JANEIRO;ANGRA DOS REIS;PULMAO, SOE;C349;CARCINOMA, SOE;80103;BRONQUIOS OU PULMOES, SOE;C349;;;;;false;HISTOLOGIA DO TUMOR PRIMÁRIO;SEM INFORMAÇÃO;SEM INFORMAÇÃO;99 - SEM INFORMAÇÃO;999;MORTO;CÂNCER;02/11/2017;02/11/2017;31/10/2017;;
1514951;RCBP ANGRA DOS REIS;MASCULINO;19/02/1957;60;PRETA;BRASIL;RIO DE JANEIRO;;FUNDAMENTAL I (1ª A 4ª SÉRIE);CASADO;842;OPERADORES NA PREPARAÇÃO DE FUMO E NA FABRICAÇÃO DE CHARUTOS E CIGARROS   	;RIO DE JANEIRO;ANGRA DOS REIS;PULMAO, SOE;C349;NEOPLASIA MALIGNA;80003;BRONQUIOS OU PULMOES, SOE;C349;;;;;false;HISTOLOGIA DO TUMOR PRIMÁRIO;METÁSTASE;SEM INFORMAÇÃO;99 - SEM INFORMAÇÃO;999;MORTO;CÂNCER;05/08/2017;05/08/2017;21/04/2017;;
1514952;RCBP ANGRA DOS REIS;MASCULINO;21/06/1951;65;PARDA;BRASIL;RIO DE JANEIRO;ANGRA DOS REIS;FUNDAMENTAL II (5ª A 8ª SÉRIE);UNIÃO CONSENSUAL;842;OPERADORES NA PREPARAÇÃO DE FUMO E NA FABRICAÇÃO DE CHARUTOS E CIGARROS   	;RIO DE JANEIRO;ANGRA DOS REIS;ORIFICIO URETERAL;C676;CARCINOMA PAPILAR DE CELULAS TRANSICIONAIS;81303;BEXIGA;C67;;;;;false;HISTOLOGIA DO TUMOR PRIMÁRIO;SEM INFORMAÇÃO;SEM INFORMAÇÃO;99 - SEM INFORMAÇÃO;999;MORTO;CÂNCER;15/05/2017;15/05/2017;15/03/2017;;
1514953;RCBP ANGRA DOS REIS;FEMININO;15/09/1976;40;SEM INFORMAÇÃO;BRASIL;RIO DE JANEIRO;ANGRA DOS REIS;MÉDIO (ANTIGO SEGUNDO GRAU);SEM INFORMAÇÃO;0;SEM INFORMAÇÃO	;RIO DE JANEIRO;ANGRA DOS REIS;MAMA , SOE;C509;CARCINOMA DUCTAL INFILTRANTE;85213;MAMA , SOE;C509;;;;;false;HISTOLOGIA DO TUMOR PRIMÁRIO;SEM INFORMAÇÃO;;;;;;;;15/06/2017;;
1514954;RCBP ANGRA DOS REIS;FEMININO;22/02/1998;18;BRANCO;BRASIL;RIO DE JANEIRO;;MÉDIO (ANTIGO SEGUNDO GRAU);SOLTEIRO;0;SEM INFORMAÇÃO	;RIO DE JANEIRO;ANGRA DOS REIS;OVARIO, SOE;C569;ADENOCARCINOMA, SOE;81403;OVARIO;C56;Carcinomas gonadais;X-D;CARCINOMA DAS GÔNADAS;8.5.3;false;HISTOLOGIA DO TUMOR PRIMÁRIO;SEM INFORMAÇÃO;SEM INFORMAÇÃO;99 - SEM INFORMAÇÃO;999;MORTO;CÂNCER;10/11/2017;10/11/2017;15/01/2017;;
1514955;RCBP ANGRA DOS REIS;MASCULINO;22/01/1965;52;BRANCO;BRASIL;RIO DE JANEIRO;;MÉDIO (ANTIGO SEGUNDO GRAU);SOLTEIRO;842;OPERADORES NA PREPARAÇÃO DE FUMO E NA FABRICAÇÃO DE CHARUTOS E CIGARROS   	;RIO DE JANEIRO;ANGRA DOS REIS;COLON SIGMOIDE;C187;ADENOCARCINOMA, SOE;81403;COLON SIGMOIDE;C187;;;;;false;HISTOLOGIA DO TUMOR PRIMÁRIO;METÁSTASE;SEM INFORMAÇÃO;99 - SEM INFORMAÇÃO;999;MORTO;CÂNCER;26/02/2017;26/02/2017;02/02/2017;;
1514957;RCBP ANGRA DOS REIS;FEMININO;19/08/1952;64;SEM INFORMAÇÃO;BRASIL;Não informado;Não Informado;SEM INFORMAÇÃO;SEM INFORMAÇÃO;0;SEM INFORMAÇÃO	;RIO DE JANEIRO;ANGRA DOS REIS;ENDOMETRIO;C541;CARCINOMA ENDOMETRIOIDE, SOE;83803;ENDOMETRIO;C541;;;;;false;HISTOLOGIA DO TUMOR PRIMÁRIO;SEM INFORMAÇÃO;;;;;;;;15/02/2017;;
1514958;RCBP ANGRA DOS REIS;MASCULINO;17/01/1938;79;AMARELA;BRASIL;Não informado;Não Informado;MÉDIO (ANTIGO SEGUNDO GRAU);CASADO;;;RIO DE JANEIRO;ANGRA DOS REIS;NASOFARINGE, SOE;C119;CARCINOMA, SOE;80103;NASOFARINGE, SOE;C119;;;;;false;HISTOLOGIA DO TUMOR PRIMÁRIO;SEM INFORMAÇÃO;;;;;CÂNCER;29/10/2018;;15/06/2017;;
1514959;RCBP ANGRA DOS REIS;MASCULINO;05/02/1946;71;BRANCO;BRASIL;RIO DE JANEIRO;ANGRA DOS REIS;FUNDAMENTAL I (1ª A 4ª SÉRIE);CASADO;622;TRABALHADORES AGRÍCOLAS   	;RIO DE JANEIRO;ANGRA DOS REIS;CORPO DO ESTOMAGO;C162;CARCINOMA, TIPO DIFUSO;81453;CORPO DO ESTOMAGO;C162;;;;;false;HISTOLOGIA DO TUMOR PRIMÁRIO;SEM INFORMAÇÃO;;;;;CÂNCER;08/11/2017;;05/10/2017;;
1514960;RCBP ANGRA DOS REIS;FEMININO;30/04/1955;61;SEM INFORMAÇÃO;BRASIL;Não informado;Não Informado;SEM INFORMAÇÃO;SEM INFORMAÇÃO;0;SEM INFORMAÇÃO	;RIO DE JANEIRO;ANGRA DOS REIS;LOBO SUPERIOR DO PULMAO;C341;ADENOCARCINOMA BRONQUIOLO-ALVEOLAR, SOE;82503;LOBO SUPERIOR, BRONQUIO OU PULMAO;C341;;;;;false;HISTOLOGIA DO TUMOR PRIMÁRIO;SEM INFORMAÇÃO;;;;;;;;15/02/2017;;
1514961;RCBP ANGRA DOS REIS;FEMININO;06/03/1929;88;BRANCO;BRASIL;RIO DE JANEIRO;ANGRA DOS REIS;FUNDAMENTAL II (5ª A 8ª SÉRIE);SEPARADO JUDICIALMENTE;763;TRABALHADORES DA CONFECÇÃO DE ROUPAS 	;RIO DE JANEIRO;ANGRA DOS REIS;VIA BILIAR, SOE;C249;NEOPLASIA MALIGNA;80003;VIA BILIAR, SOE;C249;;;;;false;HISTOLOGIA DO TUMOR PRIMÁRIO;SEM INFORMAÇÃO;SEM INFORMAÇÃO;99 - SEM INFORMAÇÃO;999;MORTO;CÂNCER;31/10/2017;31/10/2017;15/06/2017;;
1515298;RCBP ANGRA DOS REIS;MASCULINO;09/02/1946;71;PARDA;BRASIL;BAHIA;;SEM ESCOLARIDADE;SOLTEIRO;711;TRABALHADORES DA EXTRAÇÃO MINERAL 	;RIO DE JANEIRO;ANGRA DOS REIS;PROSTATA, SOE;C619;ADENOCARCINOMA, SOE;81403;PROSTATA;C61;;;;;false;HISTOLOGIA DO TUMOR PRIMÁRIO;METÁSTASE;;;;;CÂNCER;22/07/2017;;18/04/2017;;
1514919;RCBP ANGRA DOS REIS;FEMININO;25/02/2015;2;BRANCO;BRASIL;AMAZONAS;;SEM INFORMAÇÃO;SEM INFORMAÇÃO;0;SEM INFORMAÇÃO	;RIO DE JANEIRO;ANGRA DOS REIS;CEREBRO;C710;NEOPLASIA MALIGNA;80003;CEREBRO;C710;Neoplasias intracranianas e intra-espinhais não especificadas;III-F;;;false;PESQUISA;SEM INFORMAÇÃO;SEM INFORMAÇÃO;99 - SEM INFORMAÇÃO;999;MORTO;CÂNCER;17/08/2017;17/08/2017;15/03/2017;;
1514809;RCBP ANGRA DOS REIS;MASCULINO;12/11/1947;69;PARDA;BRASIL;RIO DE JANEIRO;ANGRA DOS REIS;FUNDAMENTAL I (1ª A 4ª SÉRIE);SOLTEIRO;914;MECÂNICOS DE MANUTENÇÃO VEICULAR  	;RIO DE JANEIRO;ANGRA DOS REIS;OROFARINGE, SOE;C109;NEOPLASIA MALIGNA;80003;OROFARINGE, SOE;C109;;;;;false;HISTOLOGIA DO TUMOR PRIMÁRIO;SEM INFORMAÇÃO;SEM INFORMAÇÃO;99 - SEM INFORMAÇÃO;999;MORTO;CÂNCER;31/08/2017;31/08/2017;01/08/2017;;
1514810;RCBP ANGRA DOS REIS;FEMININO;09/05/1946;70;BRANCO;BRASIL;PARAÍBA;;MÉDIO (ANTIGO SEGUNDO GRAU);CASADO;0;SEM INFORMAÇÃO	;RIO DE JANEIRO;ANGRA DOS REIS;PULMAO, SOE;C349;CARC. BRONQ. ALVEOLAR MISTO, MUCIN. E NAO MUCINOSO;82543;BRONQUIOS OU PULMOES, SOE;C349;;;;;false;HISTOLOGIA DO TUMOR PRIMÁRIO;SEM INFORMAÇÃO;SEM INFORMAÇÃO;99 - SEM INFORMAÇÃO;999;MORTO;CÂNCER;26/11/2017;26/11/2017;12/02/2017;;
1514914;RCBP ANGRA DOS REIS;MASCULINO;15/08/1927;89;PARDA;BRASIL;RIO DE JANEIRO;ANGRA DOS REIS;MÉDIO (ANTIGO SEGUNDO GRAU);VIÚVO;0;SEM INFORMAÇÃO	;RIO DE JANEIRO;ANGRA DOS REIS;PELVE, SOE;C763;NEOPLASIA MALIGNA;80003;PELVE;C763;;;;;false;PESQUISA;METÁSTASE;SEM INFORMAÇÃO;99 - SEM INFORMAÇÃO;999;MORTO;CÂNCER;14/02/2017;14/02/2017;23/01/2017;;
1514918;RCBP ANGRA DOS REIS;MASCULINO;25/09/1961;55;BRANCO;BRASIL;ESPIRITO SANTO;;SEM INFORMAÇÃO;SEPARADO JUDICIALMENTE;;;RIO DE JANEIRO;ANGRA DOS REIS;RETO, SOE;C209;ADENOCARCINOMA, SOE;81403;RETO;C20;;;;;false;HISTOLOGIA DO TUMOR PRIMÁRIO;SEM INFORMAÇÃO;SEM INFORMAÇÃO;99 - SEM INFORMAÇÃO;999;MORTO;CÂNCER;21/09/2017;21/09/2017;30/01/2017;;
1514938;RCBP ANGRA DOS REIS;MASCULINO;11/11/1940;76;PRETA;BRASIL;ESPIRITO SANTO;VILA VELHA;FUNDAMENTAL I (1ª A 4ª SÉRIE);CASADO;0;SEM INFORMAÇÃO	;RIO DE JANEIRO;ANGRA DOS REIS;LOBO INFERIOR DO PULMAO;C343;CARCINOMA DE CELULAS PEQUENAS E DE CELULAS GRANDES;80453;LOBO INFERIOR, BRONQUIO OU PULMAO;C343;;;;;false;HISTOLOGIA DO TUMOR PRIMÁRIO;METÁSTASE;SEM INFORMAÇÃO;99 - SEM INFORMAÇÃO;999;MORTO;CÂNCER;12/11/2017;12/11/2017;15/06/2017;;
1514944;RCBP ANGRA DOS REIS;FEMININO;18/07/1953;63;BRANCO;BRASIL;MINAS GERAIS;;FUNDAMENTAL II (5ª A 8ª SÉRIE);SOLTEIRO;0;SEM INFORMAÇÃO	;RIO DE JANEIRO;ANGRA DOS REIS;PULMAO, SOE;C349;CARCINOMA, SOE;80103;BRONQUIOS OU PULMOES, SOE;C349;;;;;false;HISTOLOGIA DO TUMOR PRIMÁRIO;SEM INFORMAÇÃO;SEM INFORMAÇÃO;99 - SEM INFORMAÇÃO;999;MORTO;CÂNCER;06/05/2017;06/05/2017;27/04/2017;;
1514956;RCBP ANGRA DOS REIS;MASCULINO;03/02/1958;59;PARDA;BRASIL;RIO DE JANEIRO;ANGRA DOS REIS;FUNDAMENTAL II (5ª A 8ª SÉRIE);SOLTEIRO;;;RIO DE JANEIRO;ANGRA DOS REIS;ABDOME, SOE;C762;CARCINOMA, SOE;80103;ABDOME;C762;;;;;false;HISTOLOGIA DO TUMOR PRIMÁRIO;SEM INFORMAÇÃO;SEM INFORMAÇÃO;99 - SEM INFORMAÇÃO;999;MORTO;CÂNCER;18/08/2017;18/08/2017;03/07/2017;;
1568226;RCBP ANGRA DOS REIS;MASCULINO;07/05/1942;75;BRANCO;BRASIL;RIO DE JANEIRO;RIO DE JANEIRO;SEM INFORMAÇÃO;SEM INFORMAÇÃO;0;SEM INFORMAÇÃO	;RIO DE JANEIRO;ANGRA DOS REIS;BEXIGA, SOE;C679;CARCINOMA, SOE;80103;BEXIGA, SOE;C679;;;;;false;HISTOLOGIA DO TUMOR PRIMÁRIO;SEM INFORMAÇÃO;;;;;CÂNCER;15/07/2019;;17/08/2017;;
1568220;RCBP ANGRA DOS REIS;FEMININO;23/02/2009;8;SEM INFORMAÇÃO;BRASIL;RIO DE JANEIRO;ANGRA DOS REIS;FUNDAMENTAL I (1ª A 4ª SÉRIE);SOLTEIRO;0;SEM INFORMAÇÃO	;RIO DE JANEIRO;ANGRA DOS REIS;MEDULA OSSEA;C421;LEUCEMIA LINFOBLASTICA DE CELULAS PRECURSORAS,SOE;98353;LEUCEMIA LINFOBLASTICA AGUDA;C910;Leucemias linfóides;I-A;;;false;HISTOLOGIA DO TUMOR PRIMÁRIO;NÃO SE APLICA;;;;;CÂNCER;20/01/2019;;14/11/2017;;
1568223;RCBP ANGRA DOS REIS;MASCULINO;21/10/1945;71;PARDA;BRASIL;RIO DE JANEIRO;ANGRA DOS REIS;SEM INFORMAÇÃO;SEM INFORMAÇÃO;717;AJUDANTES DE OBRAS	;RIO DE JANEIRO;ANGRA DOS REIS;PROSTATA, SOE;C619;ADENOCARCINOMA, SOE;81403;PROSTATA;C61;;;;;false;HISTOLOGIA DO TUMOR PRIMÁRIO;SEM INFORMAÇÃO;;;;;CÂNCER;18/04/2019;;02/03/2017;;
1568230;RCBP ANGRA DOS REIS;FEMININO;14/08/1974;42;BRANCO;BRASIL;SÃO PAULO;FRANCA;SUPERIOR COMPLETO;CASADO;122;DIRETORES DE PRODUÇÃO E OPERAÇÕES 	;RIO DE JANEIRO;ANGRA DOS REIS;MAMA , SOE;C509;CARCINOMA DUCTAL INFILTRANTE;85003;MAMA , SOE;C509;;;;;false;HISTOLOGIA DO TUMOR PRIMÁRIO;METÁSTASE;;;;;CÂNCER;02/01/2019;;15/06/2017;;
1568227;RCBP ANGRA DOS REIS;MASCULINO;20/05/1944;73;BRANCO;BRASIL;RIO DE JANEIRO;ANGRA DOS REIS;FUNDAMENTAL II (5ª A 8ª SÉRIE);SOLTEIRO;0;SEM INFORMAÇÃO	;RIO DE JANEIRO;ANGRA DOS REIS;FIGADO, SOE;C220;CARCINOMA HEPATOCELULAR, SOE;81703;CARCINOMA DE CELULAS HEPATICAS;C220;;;;;false;HISTOLOGIA DO TUMOR PRIMÁRIO;SEM INFORMAÇÃO;;;;;CÂNCER;23/06/2019;;03/10/2017;;
1608716;RCBP ANGRA DOS REIS;FEMININO;28/10/1969;47;BRANCO;BRASIL;RIO DE JANEIRO;RIO DE JANEIRO;SEM INFORMAÇÃO;SEM INFORMAÇÃO;0;SEM INFORMAÇÃO	;RIO DE JANEIRO;ANGRA DOS REIS;MAMA , SOE;C509;CARCINOMA DUCTAL INFILTRANTE;85003;MAMA , SOE;C509;;;;;false;HISTOLOGIA DO TUMOR PRIMÁRIO;SEM INFORMAÇÃO;;;;;NÃO CÂNCER;25/10/2020;;27/06/2017;;
1628719;RCBP ANGRA DOS REIS;FEMININO;14/03/1936;81;BRANCO;GRECIA;Não informado;Não Informado;FUNDAMENTAL I (1ª A 4ª SÉRIE);VIÚVO;141;GERENTES DE PRODUÇÃO E OPERAÇÕES  	;RIO DE JANEIRO;ANGRA DOS REIS;COLO DO UTERO, SOE;C539;CARCINOMA ESCAMOCELULAR, SOE;80703;COLO DO UTERO, SOE;C539;;;;;false;HISTOLOGIA DO TUMOR PRIMÁRIO;SEM INFORMAÇÃO;;;;;NÃO CÂNCER;01/01/2019;;15/06/2017;;
1633515;RCBP ANGRA DOS REIS;FEMININO;26/12/1942;74;PARDA;BRASIL;RIO DE JANEIRO;ANGRA DOS REIS;SEM INFORMAÇÃO;CASADO;0;SEM INFORMAÇÃO	;RIO DE JANEIRO;ANGRA DOS REIS;RETO, SOE;C209;ADENOCARCINOMA, SOE;81403;RETO;C20;;;;;false;HISTOLOGIA DO TUMOR PRIMÁRIO;METÁSTASE;;;;;CÂNCER;22/02/2018;;15/06/2017;;
1636729;RCBP ANGRA DOS REIS;MASCULINO;18/09/1957;59;BRANCO;BRASIL;PARAÍBA;JOÃO PESSOA;FUNDAMENTAL I (1ª A 4ª SÉRIE);CASADO;720;SUPERVISORES DA TRANSFORMAÇÃO DE METAIS E DE COMPÓSITOS   	;RIO DE JANEIRO;ANGRA DOS REIS;PROSTATA, SOE;C619;ADENOCARCINOMA, SOE;81403;PROSTATA;C61;;;;;false;HISTOLOGIA DO TUMOR PRIMÁRIO;METÁSTASE;;;;;CÂNCER;23/05/2018;;18/02/2017;;
1636773;RCBP ANGRA DOS REIS;MASCULINO;10/06/2003;14;PARDA;BRASIL;RIO DE JANEIRO;ANGRA DOS REIS;SEM INFORMAÇÃO;SEM INFORMAÇÃO;0;SEM INFORMAÇÃO	;RIO DE JANEIRO;ANGRA DOS REIS;MEDULA OSSEA;C421;LEUCEMIA MIELOIDE AGUDA, SOE;98613;LEUCEMIA MIELOIDE AGUDA;C920;Leucemias mielóides agudas;I-B;;;false;HISTOLOGIA DO TUMOR PRIMÁRIO;NÃO SE APLICA;;;;;CÂNCER;07/03/2018;;15/06/2017;;
1636946;RCBP ANGRA DOS REIS;FEMININO;10/03/1972;45;BRANCO;BRASIL;RIO DE JANEIRO;ANGRA DOS REIS;SEM INFORMAÇÃO;SEM INFORMAÇÃO;0;SEM INFORMAÇÃO	;RIO DE JANEIRO;ANGRA DOS REIS;JUNCAO RETOSSIGMOIDIANA, SOE;C199;ADENOCARCINOMA, SOE;81403;JUNCAO RETOSSIGMOIDE;C19;;;;;false;HISTOLOGIA DO TUMOR PRIMÁRIO;METÁSTASE;;;;;CÂNCER;25/01/2018;;15/06/2017;;
1636969;RCBP ANGRA DOS REIS;MASCULINO;27/08/1947;69;PARDA;BRASIL;SÃO PAULO;BANANAL;FUNDAMENTAL I (1ª A 4ª SÉRIE);CASADO;711;TRABALHADORES DA EXTRAÇÃO MINERAL 	;RIO DE JANEIRO;ANGRA DOS REIS;PROSTATA, SOE;C619;ADENOCARCINOMA, SOE;81403;PROSTATA;C61;;;;;false;HISTOLOGIA DO TUMOR PRIMÁRIO;SEM INFORMAÇÃO;;;;;CÂNCER;14/10/2020;;15/07/2017;;
1665993;RCBP ANGRA DOS REIS;MASCULINO;08/07/1956;61;PARDA;BRASIL;PARAÍBA;CAMPINA GRANDE;FUNDAMENTAL I (1ª A 4ª SÉRIE);CASADO;0;SEM INFORMAÇÃO	;RIO DE JANEIRO;ANGRA DOS REIS;VESICULA BILIAR, SOE;C239;ADENOCARCINOMA, SOE;81403;VESICULA BILIAR;C23;;;;;false;HISTOLOGIA DO TUMOR PRIMÁRIO;SEM INFORMAÇÃO;;;;;CÂNCER;08/06/2018;;05/09/2017;;
1665995;RCBP ANGRA DOS REIS;MASCULINO;11/08/1952;64;BRANCO;BRASIL;PARAÍBA;SALGADINHO;SEM ESCOLARIDADE;CASADO;0;SEM INFORMAÇÃO	;RIO DE JANEIRO;ANGRA DOS REIS;LARINGE, SOE;C329;ADENOCARCINOMA, SOE;81403;LARINGE, SOE;C329;;;;;false;HISTOLOGIA DO TUMOR PRIMÁRIO;SEM INFORMAÇÃO;;;;;CÂNCER;15/09/2018;;15/03/2017;;
1665999;RCBP ANGRA DOS REIS;MASCULINO;17/12/1952;64;BRANCO;BRASIL;RIO DE JANEIRO;RIO DE JANEIRO;SEM INFORMAÇÃO;SEM INFORMAÇÃO;514;TRABALHADORES NOS SERVIÇOS DE ADMINISTRAÇÃO, CONSERVAÇÃO E MANUTENÇÃO DE EDIFÍCIOS E LOGRADOUROS  	;RIO DE JANEIRO;ANGRA DOS REIS;ESOFAGO, SOE;C159;ADENOCARCINOMA, SOE;81403;ESOFAGO, SOE;C159;;;;;false;HISTOLOGIA DO TUMOR PRIMÁRIO;METÁSTASE;;;;;CÂNCER;04/01/2018;;15/05/2017;;
1666000;RCBP ANGRA DOS REIS;MASCULINO;12/07/1940;76;PARDA;BRASIL;RIO DE JANEIRO;ANGRA DOS REIS;SEM INFORMAÇÃO;SEM INFORMAÇÃO;0;SEM INFORMAÇÃO	;RIO DE JANEIRO;ANGRA DOS REIS;ESOFAGO, SOE;C159;ADENOCARCINOMA, SOE;81403;ESOFAGO, SOE;C159;;;;;false;HISTOLOGIA DO TUMOR PRIMÁRIO;METÁSTASE;;;;;CÂNCER;19/04/2018;;15/06/2017;;
1666007;RCBP ANGRA DOS REIS;FEMININO;09/10/1962;54;PRETA;BRASIL;RIO DE JANEIRO;ANGRA DOS REIS;SEM INFORMAÇÃO;SEM INFORMAÇÃO;0;SEM INFORMAÇÃO	;RIO DE JANEIRO;ANGRA DOS REIS;MEDULA OSSEA;C421;LEUCEMIA AGUDA, SOE;98013;LEUCEMIA AGUDA DE TIPO CELULAR, SOE;C950;;;;;false;HISTOLOGIA DO TUMOR PRIMÁRIO;NÃO SE APLICA;;;;;CÂNCER;04/05/2020;;15/03/2017;;
1666594;RCBP ANGRA DOS REIS;MASCULINO;15/04/1956;61;BRANCO;BRASIL;RIO DE JANEIRO;PARACAMBI;FUNDAMENTAL I (1ª A 4ª SÉRIE);SOLTEIRO;0;SEM INFORMAÇÃO	;RIO DE JANEIRO;ANGRA DOS REIS;BEXIGA, SOE;C679;ADENOCARCINOMA, SOE;81403;BEXIGA, SOE;C679;;;;;false;HISTOLOGIA DO TUMOR PRIMÁRIO;METÁSTASE;;;;;CÂNCER;25/01/2018;;08/11/2017;;
1666590;RCBP ANGRA DOS REIS;FEMININO;15/12/1963;54;PARDA;BRASIL;RIO DE JANEIRO;RIO DE JANEIRO;MÉDIO (ANTIGO SEGUNDO GRAU);SOLTEIRO;515;TRABALHADORES DOS SERVIÇOS DE SAÚDE  	;RIO DE JANEIRO;ANGRA DOS REIS;COLO DO UTERO, SOE;C539;CARCINOMA ESCAMOCELULAR "IN SITU", SOE;80702;COLO DO UTERO, SOE;D069;;;;;false;HISTOLOGIA DO TUMOR PRIMÁRIO;"IN SITU";;;;;CÂNCER;15/05/2019;;21/12/2017;;
1666593;RCBP ANGRA DOS REIS;FEMININO;08/02/1959;58;BRANCO;BRASIL;Não informado;Não Informado;SEM INFORMAÇÃO;VIÚVO;0;SEM INFORMAÇÃO	;RIO DE JANEIRO;ANGRA DOS REIS;MAMA , SOE;C509;CARCINOMA DUCTAL INFILTRANTE;85003;MAMA , SOE;C509;;;;;false;HISTOLOGIA DO TUMOR PRIMÁRIO;SEM INFORMAÇÃO;;;;;CÂNCER;16/10/2020;;15/06/2017;;
1666586;RCBP ANGRA DOS REIS;FEMININO;03/05/1938;79;PARDA;BRASIL;RIO DE JANEIRO;ANGRA DOS REIS;FUNDAMENTAL I (1ª A 4ª SÉRIE);SOLTEIRO;0;SEM INFORMAÇÃO	;RIO DE JANEIRO;ANGRA DOS REIS;PULMAO, SOE;C349;ADENOCARCINOMA BRONQUIOLO-ALVEOLAR, SOE;82503;BRONQUIOS OU PULMOES, SOE;C349;;;;;false;HISTOLOGIA DO TUMOR PRIMÁRIO;METÁSTASE;;;;;CÂNCER;13/01/2018;;19/12/2017;;
1666587;RCBP ANGRA DOS REIS;MASCULINO;14/04/1946;71;PRETA;BRASIL;RIO DE JANEIRO;ANGRA DOS REIS;FUNDAMENTAL I (1ª A 4ª SÉRIE);CASADO;0;SEM INFORMAÇÃO	;RIO DE JANEIRO;ANGRA DOS REIS;PROSTATA, SOE;C619;ADENOCARCINOMA, SOE;81403;PROSTATA;C61;;;;;false;HISTOLOGIA DO TUMOR PRIMÁRIO;METÁSTASE;;;;;CÂNCER;17/07/2018;;15/06/2017;;
1666589;RCBP ANGRA DOS REIS;FEMININO;08/09/1973;43;PARDA;BRASIL;RIO DE JANEIRO;RIO DE JANEIRO;FUNDAMENTAL II (5ª A 8ª SÉRIE);SEPARADO JUDICIALMENTE;0;SEM INFORMAÇÃO	;RIO DE JANEIRO;ANGRA DOS REIS;COLO DO UTERO, SOE;C539;CARCINOMA ESCAMOCELULAR, SOE;80703;COLO DO UTERO, SOE;C539;;;;;false;HISTOLOGIA DO TUMOR PRIMÁRIO;SEM INFORMAÇÃO;;;;;CÂNCER;04/04/2020;;13/05/2017;;
1666635;RCBP ANGRA DOS REIS;FEMININO;06/07/1951;65;BRANCO;BRASIL;RIO DE JANEIRO;ANGRA DOS REIS;SEM INFORMAÇÃO;SEM INFORMAÇÃO;0;SEM INFORMAÇÃO	;RIO DE JANEIRO;ANGRA DOS REIS;ESTOMAGO, SOE;C169;ADENOCARCINOMA, SOE;81403;ESTOMAGO, SOE;C169;;;;;false;HISTOLOGIA DO TUMOR PRIMÁRIO;METÁSTASE;;;;;CÂNCER;05/03/2018;;10/06/2017;;
1666663;RCBP ANGRA DOS REIS;FEMININO;28/04/1957;60;PARDA;BRASIL;MINAS GERAIS;GUIDOVAL;SEM ESCOLARIDADE;UNIÃO CONSENSUAL;0;SEM INFORMAÇÃO	;RIO DE JANEIRO;ANGRA DOS REIS;TIREOIDE, SOE;C739;CARCINOMA DE CELULAS GIGANTES E FUSOCELULAR;80303;GLANDULA TIREOIDE;C73;;;;;false;HISTOLOGIA DO TUMOR PRIMÁRIO;SEM INFORMAÇÃO;;;;;CÂNCER;14/03/2020;;25/10/2017;;
1666664;RCBP ANGRA DOS REIS;FEMININO;22/08/1962;54;PARDA;BRASIL;BAHIA;CAMAMU;SEM INFORMAÇÃO;SEM INFORMAÇÃO;0;SEM INFORMAÇÃO	;RIO DE JANEIRO;ANGRA DOS REIS;COLO DO UTERO, SOE;C539;CARCINOMA ESCAMOCELULAR, SOE;80703;COLO DO UTERO, SOE;C539;;;;;false;HISTOLOGIA DO TUMOR PRIMÁRIO;SEM INFORMAÇÃO;;;;;CÂNCER;06/07/2020;;15/06/2017;;
1666654;RCBP ANGRA DOS REIS;FEMININO;01/01/1940;77;PRETA;BRASIL;PARAÍBA;ITABAIANA;SEM INFORMAÇÃO;VIÚVO;0;SEM INFORMAÇÃO	;RIO DE JANEIRO;ANGRA DOS REIS;TRATO INTESTINAL, SOE;C260;ADENOCARCINOMA, SOE;81403;TRATO INTESTINAL, SOE;C260;;;;;false;HISTOLOGIA DO TUMOR PRIMÁRIO;METÁSTASE;;;;;CÂNCER;17/03/2018;;15/08/2017;;
1666661;RCBP ANGRA DOS REIS;FEMININO;05/04/1965;52;PRETA;BRASIL;RIO DE JANEIRO;CARMO;SEM INFORMAÇÃO;SEM INFORMAÇÃO;0;SEM INFORMAÇÃO	;RIO DE JANEIRO;ANGRA DOS REIS;TRATO INTESTINAL, SOE;C260;ADENOCARCINOMA, SOE;81403;TRATO INTESTINAL, SOE;C260;;;;;false;HISTOLOGIA DO TUMOR PRIMÁRIO;SEM INFORMAÇÃO;;;;;CÂNCER;13/02/2018;;15/06/2017;;
1666678;RCBP ANGRA DOS REIS;FEMININO;01/12/1952;64;BRANCO;BRASIL;RIO DE JANEIRO;ANGRA DOS REIS;SEM INFORMAÇÃO;SEM INFORMAÇÃO;0;SEM INFORMAÇÃO	;RIO DE JANEIRO;ANGRA DOS REIS;ESTOMAGO, SOE;C169;CARCINOMA DE CELULAS PARIETAIS;82143;ESTOMAGO, SOE;C169;;;;;false;HISTOLOGIA DO TUMOR PRIMÁRIO;METÁSTASE;;;;;CÂNCER;11/01/2018;;16/06/2017;;
1666804;RCBP ANGRA DOS REIS;FEMININO;21/12/1929;87;BRANCO;BRASIL;RIO DE JANEIRO;ANGRA DOS REIS;SEM INFORMAÇÃO;SEM INFORMAÇÃO;0;SEM INFORMAÇÃO	;RIO DE JANEIRO;ANGRA DOS REIS;BASE DA LINGUA, SOE;C019;ADENOCARCINOMA, SOE;81403;BASE DA LINGUA;C01;;;;;false;HISTOLOGIA DO TUMOR PRIMÁRIO;SEM INFORMAÇÃO;;;;;CÂNCER;06/07/2018;;15/06/2017;;
1666893;RCBP ANGRA DOS REIS;FEMININO;11/11/1938;78;BRANCO;BRASIL;ESPIRITO SANTO;APIACÁ;FUNDAMENTAL I (1ª A 4ª SÉRIE);VIÚVO;0;SEM INFORMAÇÃO	;RIO DE JANEIRO;ANGRA DOS REIS;COLON, SOE;C189;ADENOCARCINOMA, SOE;81403;COLON, SOE;C189;;;;;false;HISTOLOGIA DO TUMOR PRIMÁRIO;METÁSTASE;;;;;CÂNCER;05/01/2018;;15/06/2017;;
1673777;RCBP ANGRA DOS REIS;MASCULINO;22/07/1953;63;PARDA;BRASIL;RIO DE JANEIRO;ANGRA DOS REIS;MÉDIO (ANTIGO SEGUNDO GRAU);SOLTEIRO;0;SEM INFORMAÇÃO	;RIO DE JANEIRO;ANGRA DOS REIS;FACE ANTERIOR DA EPIGLOTE;C101;CARCINOMA ESCAMOCELULAR, SOE;80703;FACE ANTERIO DA EPIGLOTE;C101;;;;;false;HISTOLOGIA DO TUMOR PRIMÁRIO;SEM INFORMAÇÃO;;;;;CÂNCER;08/05/2021;;15/06/2017;;
